index,well_id,easting,northing,depth_tvd_m,porosity_pct,bulk_density_gcc,formation_thickness_m,distance_to_usp_km,temp_harrison,temp_res_c,permeability_md,k_log
1510,BLT-01,141577.55,456881.76,1862.5399447507964,13.83141,2.702533,122.37544947053402,2.032828276,77.19363046906028,79.66670862465342,82.0,4.406719247264253
1511,BLT-01,141577.55,456881.76,1862.6127767949952,13.71863,2.68838,122.37544947053402,2.032828276,77.19658622229815,79.66670862465342,82.0,4.406719247264253
1512,BLT-01,141577.55,456881.76,1862.685608839194,13.45625,2.670899,122.37544947053402,2.032828276,77.19954195071092,79.66670862465342,82.0,4.406719247264253
1513,BLT-01,141577.55,456881.76,1862.758440883393,12.86815,2.647428,122.37544947053402,2.032828276,77.20249765429863,79.66670862465342,82.0,4.406719247264253
1514,BLT-01,141577.55,456881.76,1862.831272927592,11.68353,2.614073,122.37544947053402,2.032828276,77.20545333306123,79.66670862465342,82.0,4.406719247264253
1515,BLT-01,141577.55,456881.76,1862.9041049717896,10.5867,2.586111,122.37544947053402,2.032828276,77.20840898699869,79.66670862465342,82.0,4.406719247264253
1516,BLT-01,141577.55,456881.76,1862.9769370159888,10.0902,2.568097,122.37544947053402,2.032828276,77.21136461611113,79.66670862465342,82.0,4.406719247264253
1517,BLT-01,141577.55,456881.76,1863.049769060188,10.01367,2.557141,122.37544947053402,2.032828276,77.21432022039846,79.66670862465342,82.0,4.406719247264253
1518,BLT-01,141577.55,456881.76,1863.1226011043864,10.15614,2.550294,122.37544947053402,2.032828276,77.21727579986067,79.66670862465342,82.0,4.406719247264253
1519,BLT-01,141577.55,456881.76,1863.1954331485847,10.28571,2.548272,122.37544947053402,2.032828276,77.2202313544978,79.66670862465342,82.0,4.406719247264253
1520,BLT-01,141577.55,456881.76,1863.268265192784,10.35583,2.548422,122.37544947053402,2.032828276,77.22318688430987,79.66670862465342,82.0,4.406719247264253
1521,BLT-01,141577.55,456881.76,1863.3410972369832,10.40714,2.549732,122.37544947053402,2.032828276,77.22614238929683,79.66670862465342,82.0,4.406719247264253
1522,BLT-01,141577.55,456881.76,1863.4139292811824,10.46692,2.551428,122.37544947053402,2.032828276,77.22909786945871,79.66670862465342,82.0,4.406719247264253
1523,BLT-01,141577.55,456881.76,1863.486761325381,10.56034,2.552187,122.37544947053402,2.032828276,77.23205332479549,79.66670862465342,82.0,4.406719247264253
1524,BLT-01,141577.55,456881.76,1863.55959336958,10.59998,2.551473,122.37544947053402,2.032828276,77.23500875530718,79.66670862465342,82.0,4.406719247264253
1525,BLT-01,141577.55,456881.76,1863.6324254137787,10.63572,2.549664,122.37544947053402,2.032828276,77.23796416099377,79.66670862465342,82.0,4.406719247264253
1526,BLT-01,141577.55,456881.76,1863.7052574579773,10.68473,2.547012,122.37544947053402,2.032828276,77.24091954185525,79.66670862465342,82.0,4.406719247264253
1527,BLT-01,141577.55,456881.76,1863.7780895021765,10.74487,2.543976,122.37544947053402,2.032828276,77.24387489789169,79.66670862465342,82.0,4.406719247264253
1528,BLT-01,141577.55,456881.76,1863.8509215463755,10.73316,2.540415,122.37544947053402,2.032828276,77.24683022910301,79.66670862465342,82.0,4.406719247264253
1529,BLT-01,141577.55,456881.76,1863.9237535905745,10.65194,2.536213,122.37544947053402,2.032828276,77.24978553548925,79.66670862465342,82.0,4.406719247264253
1530,BLT-01,141577.55,456881.76,1863.9965856347733,10.53229,2.531571,122.37544947053402,2.032828276,77.25274081705038,79.66670862465342,82.0,4.406719247264253
1531,BLT-01,141577.55,456881.76,1864.069417678972,10.44549,2.527014,122.37544947053402,2.032828276,77.25569607378644,79.66670862465342,82.0,4.406719247264253
1532,BLT-01,141577.55,456881.76,1864.142249723171,10.39048,2.523778,122.37544947053402,2.032828276,77.2586513056974,79.66670862465342,82.0,4.406719247264253
1533,BLT-01,141577.55,456881.76,1864.2150817673696,10.34193,2.522053,122.37544947053402,2.032828276,77.26160651278325,79.66670862465342,82.0,4.406719247264253
1534,BLT-01,141577.55,456881.76,1864.2879138115688,10.28206,2.523014,122.37544947053402,2.032828276,77.26456169504404,79.66670862465342,82.0,4.406719247264253
1535,BLT-01,141577.55,456881.76,1864.360745855768,10.18929,2.52826,122.37544947053402,2.032828276,77.26751685247973,79.66670862465342,82.0,4.406719247264253
1536,BLT-01,141577.55,456881.76,1864.4335778999664,10.07351,2.538863,122.37544947053402,2.032828276,77.27047198509031,79.66670862465342,82.0,4.406719247264253
1537,BLT-01,141577.55,456881.76,1864.5064099441656,9.892738,2.550182,122.37544947053402,2.032828276,77.27342709287582,79.66670862465342,82.0,4.406719247264253
1538,BLT-01,141577.55,456881.76,1864.5792419883644,9.638505,2.562034,122.37544947053402,2.032828276,77.27638217583623,79.66670862465342,82.0,4.406719247264253
1539,BLT-01,141577.55,456881.76,1864.6520740325632,9.319262,2.573992,122.37544947053402,2.032828276,77.27933723397155,79.66670862465342,82.0,4.406719247264253
1540,BLT-01,141577.55,456881.76,1864.7249060767624,9.213309,2.579243,122.37544947053402,2.032828276,77.28229226728179,79.66670862465342,82.0,4.406719247264253
1541,BLT-01,141577.55,456881.76,1864.797738120961,9.292732,2.579856,122.37544947053402,2.032828276,77.28524727576692,79.66670862465342,82.0,4.406719247264253
1542,BLT-01,141577.55,456881.76,1864.87057016516,9.437265,2.57866,122.37544947053402,2.032828276,77.28820225942697,79.66670862465342,82.0,4.406719247264253
1543,BLT-01,141577.55,456881.76,1864.9434022093587,9.564254,2.577205,122.37544947053402,2.032828276,77.29115721826192,79.66670862465342,82.0,4.406719247264253
1544,BLT-01,141577.55,456881.76,1865.0162342535573,9.577204,2.574852,122.37544947053402,2.032828276,77.29411215227177,79.66670862465342,82.0,4.406719247264253
1545,BLT-01,141577.55,456881.76,1865.0890662977567,9.484056,2.571239,122.37544947053402,2.032828276,77.29706706145654,79.66670862465342,82.0,4.406719247264253
1546,BLT-01,141577.55,456881.76,1865.1618983419555,9.341783,2.56685,122.37544947053402,2.032828276,77.30002194581625,79.66670862465342,82.0,4.406719247264253
1547,BLT-01,141577.55,456881.76,1865.2347303861543,9.190156,2.561993,122.37544947053402,2.032828276,77.30297680535082,79.66670862465342,82.0,4.406719247264253
1548,BLT-01,141577.55,456881.76,1865.3075624303533,9.106611,2.557211,122.37544947053402,2.032828276,77.30593164006032,79.66670862465342,82.0,4.406719247264253
1549,BLT-01,141577.55,456881.76,1865.380394474552,9.018534,2.554202,122.37544947053402,2.032828276,77.30888644994474,79.66670862465342,82.0,4.406719247264253
1550,BLT-01,141577.55,456881.76,1865.453226518751,8.965296,2.5532,122.37544947053402,2.032828276,77.31184123500405,79.66670862465342,82.0,4.406719247264253
1551,BLT-01,141577.55,456881.76,1865.526058562949,8.946323,2.554072,122.37544947053402,2.032828276,77.31479599523826,79.66670862465342,82.0,4.406719247264253
1552,BLT-01,141577.55,456881.76,1865.598890607148,8.94256,2.556417,122.37544947053402,2.032828276,77.31775073064739,79.66670862465342,82.0,4.406719247264253
1553,BLT-01,141577.55,456881.76,1865.6717226513467,8.922872,2.558198,122.37544947053402,2.032828276,77.32070544123142,79.66670862465342,82.0,4.406719247264253
1554,BLT-01,141577.55,456881.76,1865.7445546955464,8.988526,2.559081,122.37544947053402,2.032828276,77.3236601269904,79.66670862465342,82.0,4.406719247264253
1555,BLT-01,141577.55,456881.76,1865.8173867397456,9.161521,2.558547,122.37544947053402,2.032828276,77.32661478792429,79.66670862465342,82.0,4.406719247264253
1556,BLT-01,141577.55,456881.76,1865.8902187839444,9.457024,2.555948,122.37544947053402,2.032828276,77.32956942403305,79.66670862465342,82.0,4.406719247264253
1557,BLT-01,141577.55,456881.76,1865.9630508281437,9.609403,2.553365,122.37544947053402,2.032828276,77.33252403531674,79.66670862465342,82.0,4.406719247264253
1558,BLT-01,141577.55,456881.76,1866.0358828723424,9.63553,2.551964,122.37544947053402,2.032828276,77.33547862177531,79.66670862465342,82.0,4.406719247264253
1559,BLT-01,141577.55,456881.76,1866.1087149165403,9.596552,2.551702,122.37544947053402,2.032828276,77.33843318340878,79.66670862465342,82.0,4.406719247264253
1560,BLT-01,141577.55,456881.76,1866.181546960739,9.548544,2.552451,122.37544947053402,2.032828276,77.34138772021717,79.66670862465342,82.0,4.406719247264253
1561,BLT-01,141577.55,456881.76,1866.2543790049376,9.480533,2.553389,122.37544947053402,2.032828276,77.34434223220047,79.66670862465342,82.0,4.406719247264253
1562,BLT-01,141577.55,456881.76,1866.3272110491368,9.466358,2.553001,122.37544947053402,2.032828276,77.34729671935871,79.66670862465342,82.0,4.406719247264253
1563,BLT-01,141577.55,456881.76,1866.400043093336,9.561452,2.551456,122.37544947053402,2.032828276,77.35025118169186,79.66670862465342,82.0,4.406719247264253
1564,BLT-01,141577.55,456881.76,1866.4728751375349,9.771316,2.549126,122.37544947053402,2.032828276,77.3532056191999,79.66670862465342,82.0,4.406719247264253
1565,BLT-01,141577.55,456881.76,1866.5457071817336,9.915368,2.547943,122.37544947053402,2.032828276,77.35616003188285,79.66670862465342,82.0,4.406719247264253
1566,BLT-01,141577.55,456881.76,1866.6185392259324,9.965529,2.548522,122.37544947053402,2.032828276,77.35911441974069,79.66670862465342,82.0,4.406719247264253
1567,BLT-01,141577.55,456881.76,1866.6913712701316,10.03784,2.54976,122.37544947053402,2.032828276,77.36206878277348,79.66670862465342,82.0,4.406719247264253
1568,BLT-01,141577.55,456881.76,1866.7642033143304,10.14522,2.551114,122.37544947053402,2.032828276,77.36502312098115,79.66670862465342,82.0,4.406719247264253
1569,BLT-01,141577.55,456881.76,1866.8370353585287,10.18696,2.551958,122.37544947053402,2.032828276,77.36797743436371,79.66670862465342,82.0,4.406719247264253
1570,BLT-01,141577.55,456881.76,1866.909867402728,10.26776,2.552371,122.37544947053402,2.032828276,77.37093172292121,79.66670862465342,82.0,4.406719247264253
1571,BLT-01,141577.55,456881.76,1866.9826994469267,10.4023,2.553041,122.37544947053402,2.032828276,77.37388598665362,79.66670862465342,82.0,4.406719247264253
1572,BLT-01,141577.55,456881.76,1867.055531491126,10.53994,2.55396,122.37544947053402,2.032828276,77.37684022556094,79.66670862465342,82.0,4.406719247264253
1573,BLT-01,141577.55,456881.76,1867.128240287876,10.56097,2.554807,122.37544947053402,2.032828276,77.3797894404999,79.66670862465342,82.0,4.406719247264253
1574,BLT-01,141577.55,456881.76,1867.200886730184,10.58948,2.553518,122.37544947053402,2.032828276,77.38273610150806,79.66670862465342,82.0,4.406719247264253
1575,BLT-01,141577.55,456881.76,1867.273533172492,10.7177,2.550922,122.37544947053402,2.032828276,77.38568273781749,79.66670862465342,82.0,4.406719247264253
1576,BLT-01,141577.55,456881.76,1867.3461796147992,10.92731,2.547078,122.37544947053402,2.032828276,77.38862934942814,79.66670862465342,82.0,4.406719247264253
1577,BLT-01,141577.55,456881.76,1867.4188260571068,11.17998,2.541987,122.37544947053402,2.032828276,77.39157593634012,79.66670862465342,82.0,4.406719247264253
1578,BLT-01,141577.55,456881.76,1867.4914724994144,11.29187,2.538635,122.37544947053402,2.032828276,77.39452249855333,79.66670862465342,82.0,4.406719247264253
1579,BLT-01,141577.55,456881.76,1867.5641189417224,11.37906,2.535207,122.37544947053402,2.032828276,77.39746903606786,79.66670862465342,82.0,4.406719247264253
1580,BLT-01,141577.55,456881.76,1867.63676538403,11.46115,2.531483,122.37544947053402,2.032828276,77.40041554888364,79.66670862465342,82.0,4.406719247264253
1581,BLT-01,141577.55,456881.76,1867.7094118263376,11.55472,2.527324,122.37544947053402,2.032828276,77.40336203700068,79.66670862465342,82.0,4.406719247264253
1582,BLT-01,141577.55,456881.76,1867.7820582686452,11.66802,2.523263,122.37544947053402,2.032828276,77.406308500419,79.66670862465342,82.0,4.406719247264253
1583,BLT-01,141577.55,456881.76,1867.854704710953,11.73738,2.520635,122.37544947053402,2.032828276,77.4092549391386,79.66670862465342,82.0,4.406719247264253
1584,BLT-01,141577.55,456881.76,1867.9273511532608,11.74172,2.519471,122.37544947053402,2.032828276,77.41220135315949,79.66670862465342,82.0,4.406719247264253
1585,BLT-01,141577.55,456881.76,1867.9999975955684,11.69009,2.51983,122.37544947053402,2.032828276,77.41514774248165,79.66670862465342,82.0,4.406719247264253
1586,BLT-01,141577.55,456881.76,1868.072644037876,11.72393,2.521992,122.37544947053402,2.032828276,77.41809410710506,79.66670862465342,82.0,4.406719247264253
1587,BLT-01,141577.55,456881.76,1868.145290480184,11.81019,2.524777,122.37544947053402,2.032828276,77.42104044702977,79.66670862465342,82.0,4.406719247264253
1588,BLT-01,141577.55,456881.76,1868.217936922492,11.87343,2.528041,122.37544947053402,2.032828276,77.42398676225577,79.66670862465342,82.0,4.406719247264253
1589,BLT-01,141577.55,456881.76,1868.2905833647992,11.90165,2.531136,122.37544947053402,2.032828276,77.42693305278299,79.66670862465342,82.0,4.406719247264253
1590,BLT-01,141577.55,456881.76,1868.363229807107,11.94344,2.531836,122.37544947053402,2.032828276,77.42987931861151,79.66670862465342,82.0,4.406719247264253
1591,BLT-01,141577.55,456881.76,1868.4358762494144,12.02824,2.528146,122.37544947053402,2.032828276,77.43282555974129,79.66670862465342,82.0,4.406719247264253
1592,BLT-01,141577.55,456881.76,1868.5085226917224,12.03597,2.524459,122.37544947053402,2.032828276,77.43577177617237,79.66670862465342,82.0,4.406719247264253
1593,BLT-01,141577.55,456881.76,1868.58116913403,11.97598,2.522132,122.37544947053402,2.032828276,77.43871796790471,79.66670862465342,82.0,4.406719247264253
1594,BLT-01,141577.55,456881.76,1868.653815576337,11.91812,2.522329,122.37544947053402,2.032828276,77.44166413493828,79.66670862465342,82.0,4.406719247264253
1595,BLT-01,141577.55,456881.76,1868.7264620186445,12.15021,2.521647,122.37544947053402,2.032828276,77.44461027727317,79.66670862465342,82.0,4.406719247264253
1596,BLT-01,141577.55,456881.76,1868.799108460952,12.3679,2.518789,122.37544947053402,2.032828276,77.44755639490933,79.66670862465342,82.0,4.406719247264253
1597,BLT-01,141577.55,456881.76,1868.87175490326,12.49693,2.512894,122.37544947053402,2.032828276,77.45050248784678,79.66670862465342,82.0,4.406719247264253
1598,BLT-01,141577.55,456881.76,1868.9444013455677,12.47522,2.503036,122.37544947053402,2.032828276,77.45344855608549,79.66670862465342,82.0,4.406719247264253
1599,BLT-01,141577.55,456881.76,1869.0170477878755,12.56051,2.495783,122.37544947053402,2.032828276,77.45639459962547,79.66670862465342,82.0,4.406719247264253
1600,BLT-01,141577.55,456881.76,1869.0896942301829,12.72569,2.493568,122.37544947053402,2.032828276,77.45934061846671,79.66670862465342,82.0,4.406719247264253
1601,BLT-01,141577.55,456881.76,1869.1623406724907,12.89176,2.494196,122.37544947053402,2.032828276,77.46228661260925,79.66670862465342,82.0,4.406719247264253
1602,BLT-01,141577.55,456881.76,1869.2349871147983,12.99098,2.495571,122.37544947053402,2.032828276,77.46523258205306,79.66670862465342,82.0,4.406719247264253
1603,BLT-01,141577.55,456881.76,1869.3076335571056,13.03842,2.496289,122.37544947053402,2.032828276,77.46817852679813,79.66670862465342,82.0,4.406719247264253
1604,BLT-01,141577.55,456881.76,1869.3802799994137,13.17564,2.497338,122.37544947053402,2.032828276,77.47112444684448,79.66670862465342,82.0,4.406719247264253
1605,BLT-01,141577.55,456881.76,1869.4529264417213,13.33628,2.499114,122.37544947053402,2.032828276,77.47407034219212,79.66670862465342,82.0,4.406719247264253
1606,BLT-01,141577.55,456881.76,1869.525572884029,13.45182,2.501922,122.37544947053402,2.032828276,77.47701621284101,79.66670862465342,82.0,4.406719247264253
1607,BLT-01,141577.55,456881.76,1869.598219326337,13.30473,2.506384,122.37544947053402,2.032828276,77.4799620587912,79.66670862465342,82.0,4.406719247264253
1608,BLT-01,141577.55,456881.76,1869.6708657686445,13.19133,2.509815,122.37544947053402,2.032828276,77.48290788004263,79.66670862465342,82.0,4.406719247264253
1609,BLT-01,141577.55,456881.76,1869.7435122109523,13.16089,2.511038,122.37544947053402,2.032828276,77.48585367659537,79.66670862465342,82.0,4.406719247264253
1610,BLT-01,141577.55,456881.76,1869.81615865326,13.21853,2.50965,122.37544947053402,2.032828276,77.48879944844937,79.66670862465342,82.0,4.406719247264253
1611,BLT-01,141577.55,456881.76,1869.8888050955677,13.32454,2.505587,122.37544947053402,2.032828276,77.49174519560464,79.66670862465342,82.0,4.406719247264253
1612,BLT-01,141577.55,456881.76,1869.9614515378755,13.54788,2.500762,122.37544947053402,2.032828276,77.4946909180612,79.66670862465342,82.0,4.406719247264253
1613,BLT-01,141577.55,456881.76,1870.0340979801829,13.93627,2.494016,122.37544947053402,2.032828276,77.49763661581899,79.66670862465342,82.0,4.406719247264253
1614,BLT-01,141577.55,456881.76,1870.1067444224905,14.42319,2.486289,122.37544947053402,2.032828276,77.50058228887809,79.66670862465342,82.0,4.406719247264253
1615,BLT-01,141577.55,456881.76,1870.1793908647985,14.84742,2.480052,122.37544947053402,2.032828276,77.50352793723847,79.66670862465342,82.0,4.406719247264253
1616,BLT-01,141577.55,456881.76,1870.252037307106,15.09578,2.476059,122.37544947053402,2.032828276,77.5064735609001,79.66670862465342,82.0,4.406719247264253
1617,BLT-01,141577.55,456881.76,1870.3246837494137,15.18771,2.471993,122.37544947053402,2.032828276,77.50941915986301,79.66670862465342,82.0,4.406719247264253
1618,BLT-01,141577.55,456881.76,1870.3973301917213,15.18304,2.466799,122.37544947053402,2.032828276,77.51236473412719,79.66670862465342,82.0,4.406719247264253
1619,BLT-01,141577.55,456881.76,1870.469976634029,15.1608,2.45937,122.37544947053402,2.032828276,77.51531028369266,79.66670862465342,82.0,4.406719247264253
1620,BLT-01,141577.55,456881.76,1870.542623076337,15.38866,2.450989,122.37544947053402,2.032828276,77.5182558085594,79.66670862465342,82.0,4.406719247264253
1621,BLT-01,141577.55,456881.76,1870.6152695186445,15.75477,2.445022,122.37544947053402,2.032828276,77.5212013087274,79.66670862465342,82.0,4.406719247264253
1622,BLT-01,141577.55,456881.76,1870.687915960952,16.13961,2.441005,122.37544947053402,2.032828276,77.52414678419669,79.66670862465342,82.0,4.406719247264253
1623,BLT-01,141577.55,456881.76,1870.76056240326,16.41649,2.438636,122.37544947053402,2.032828276,77.52709223496726,79.66670862465342,82.0,4.406719247264253
1624,BLT-01,141577.55,456881.76,1870.833208845568,16.18397,2.440727,122.37544947053402,2.032828276,77.53003766103909,79.66670862465342,82.0,4.406719247264253
1625,BLT-01,141577.55,456881.76,1870.9058552878755,15.48866,2.450354,122.37544947053402,2.032828276,77.5329830624122,79.66670862465342,82.0,4.406719247264253
1626,BLT-01,141577.55,456881.76,1870.9785017301829,14.70496,2.462759,122.37544947053402,2.032828276,77.53592843908656,79.66670862465342,82.0,4.406719247264253
1627,BLT-01,141577.55,456881.76,1871.051148172491,14.04518,2.475163,122.37544947053402,2.032828276,77.53887379106223,79.66670862465342,82.0,4.406719247264253
1628,BLT-01,141577.55,456881.76,1871.1237946147985,13.59755,2.485935,122.37544947053402,2.032828276,77.54181911833915,79.66670862465342,82.0,4.406719247264253
1629,BLT-01,141577.55,456881.76,1871.1964410571056,13.40033,2.493249,122.37544947053402,2.032828276,77.54476442091733,79.66670862465342,82.0,4.406719247264253
1630,BLT-01,141577.55,456881.76,1871.2690874994137,13.39209,2.497421,122.37544947053402,2.032828276,77.54770969879681,79.66670862465342,82.0,4.406719247264253
1631,BLT-01,141577.55,456881.76,1871.3417339417213,13.55569,2.498194,122.37544947053402,2.032828276,77.55065495197756,79.66670862465342,82.0,4.406719247264253
1632,BLT-01,141577.55,456881.76,1871.414380384029,13.89939,2.494307,122.37544947053402,2.032828276,77.55360018045958,79.66670862465342,82.0,4.406719247264253
1633,BLT-01,141577.55,456881.76,1871.487026826337,14.28076,2.485459,122.37544947053402,2.032828276,77.55654538424288,79.66670862465342,82.0,4.406719247264253
1634,BLT-01,141577.55,456881.76,1871.5596732686445,14.94052,2.467442,122.37544947053402,2.032828276,77.55949056332746,79.66670862465342,82.0,4.406719247264253
1635,BLT-01,141577.55,456881.76,1871.632319710952,15.83281,2.442293,122.37544947053402,2.032828276,77.56243571771329,79.66670862465342,82.0,4.406719247264253
1636,BLT-01,141577.55,456881.76,1871.70496615326,16.77121,2.415867,122.37544947053402,2.032828276,77.56538084740042,79.66670862465342,82.0,4.406719247264253
1637,BLT-01,141577.55,456881.76,1871.7776125955663,17.36688,2.397303,122.37544947053402,2.032828276,77.56832595238876,79.66670862465342,82.0,4.406719247264253
1638,BLT-01,141577.55,456881.76,1871.8502590378744,18.09434,2.379594,122.37544947053402,2.032828276,77.57127103267844,79.66670862465342,82.0,4.406719247264253
1639,BLT-01,141577.55,456881.76,1871.922905480182,18.85411,2.364069,122.37544947053402,2.032828276,77.57421608826938,79.66670862465342,82.0,4.406719247264253
1640,BLT-01,141577.55,456881.76,1871.9955519224893,19.46854,2.353097,122.37544947053402,2.032828276,77.57716111916157,79.66670862465342,82.0,4.406719247264253
1641,BLT-01,141577.55,456881.76,1872.0681983647971,19.73679,2.347836,122.37544947053402,2.032828276,77.58010612535507,79.66670862465342,82.0,4.406719247264253
1642,BLT-01,141577.55,456881.76,1872.140844807105,20.08812,2.341743,122.37544947053402,2.032828276,77.58305110684982,79.66670862465342,82.0,4.406719247264253
1643,BLT-01,141577.55,456881.76,1872.2134912494128,20.42888,2.336351,122.37544947053402,2.032828276,77.58599606364587,79.66670862465342,82.0,4.406719247264253
1644,BLT-01,141577.55,456881.76,1872.2861376917208,20.67904,2.333116,122.37544947053402,2.032828276,77.5889409957432,79.66670862465342,82.0,4.406719247264253
1645,BLT-01,141577.55,456881.76,1872.358784134028,20.84678,2.334329,122.37544947053402,2.032828276,77.59188590314176,79.66670862465342,82.0,4.406719247264253
1646,BLT-01,141577.55,456881.76,1872.431430576336,21.05733,2.337666,122.37544947053402,2.032828276,77.59483078584162,79.66670862465342,82.0,4.406719247264253
1647,BLT-01,141577.55,456881.76,1872.504077018644,21.12356,2.341455,122.37544947053402,2.032828276,77.59777564384277,79.66670862465342,82.0,4.406719247264253
1648,BLT-01,141577.55,456881.76,1872.5767234609511,20.96469,2.344605,122.37544947053402,2.032828276,77.60072047714516,79.66670862465342,82.0,4.406719247264253
1649,BLT-01,141577.55,456881.76,1872.6493699032587,20.68369,2.345719,122.37544947053402,2.032828276,77.60366528574883,79.66670862465342,82.0,4.406719247264253
1650,BLT-01,141577.55,456881.76,1872.7220163455663,20.32898,2.34797,122.37544947053402,2.032828276,77.60661006965377,79.66670862465342,82.0,4.406719247264253
1651,BLT-01,141577.55,456881.76,1872.7946627878744,20.02371,2.351089,122.37544947053402,2.032828276,77.60955482886001,79.66670862465342,82.0,4.406719247264253
1652,BLT-01,141577.55,456881.76,1872.867309230182,19.7909,2.354877,122.37544947053402,2.032828276,77.61249956336752,79.66670862465342,82.0,4.406719247264253
1653,BLT-01,141577.55,456881.76,1872.9399556724895,19.57748,2.358948,122.37544947053402,2.032828276,77.61544427317628,79.66670862465342,82.0,4.406719247264253
1654,BLT-01,141577.55,456881.76,1873.0126021147971,19.18582,2.363257,122.37544947053402,2.032828276,77.61838895828632,79.66670862465342,82.0,4.406719247264253
1655,BLT-01,141577.55,456881.76,1873.085248557105,18.91813,2.365921,122.37544947053402,2.032828276,77.62133361869765,79.66670862465342,82.0,4.406719247264253
1656,BLT-01,141577.55,456881.76,1873.1578949994127,18.77358,2.366535,122.37544947053402,2.032828276,77.62427825441026,79.66670862465342,82.0,4.406719247264253
1657,BLT-01,141577.55,456881.76,1873.2305414417203,18.64244,2.364929,122.37544947053402,2.032828276,77.62722286542412,79.66670862465342,82.0,4.406719247264253
1658,BLT-01,141577.55,456881.76,1873.303187884028,18.47631,2.361582,122.37544947053402,2.032828276,77.63016745173927,79.66670862465342,82.0,4.406719247264253
1659,BLT-01,141577.55,456881.76,1873.375834326336,18.43858,2.358591,122.37544947053402,2.032828276,77.6331120133557,79.66670862465342,82.0,4.406719247264253
1660,BLT-01,141577.55,456881.76,1873.4484807686435,18.53229,2.356445,122.37544947053402,2.032828276,77.63605655027337,79.66670862465342,82.0,4.406719247264253
1661,BLT-01,141577.55,456881.76,1873.5211272109516,18.74163,2.355537,122.37544947053402,2.032828276,77.63900106249235,79.66670862465342,82.0,4.406719247264253
1662,BLT-01,141577.55,456881.76,1873.593773653259,18.92069,2.355472,122.37544947053402,2.032828276,77.64194555001258,79.66670862465342,82.0,4.406719247264253
1663,BLT-01,141577.55,456881.76,1873.6664200955663,19.12958,2.355829,122.37544947053402,2.032828276,77.64489001283408,79.66670862465342,82.0,4.406719247264253
1664,BLT-01,141577.55,456881.76,1873.7390665378744,19.37701,2.356317,122.37544947053402,2.032828276,77.64783445095689,79.66670862465342,82.0,4.406719247264253
1665,BLT-01,141577.55,456881.76,1873.811712980182,19.64332,2.356565,122.37544947053402,2.032828276,77.65077886438094,79.66670862465342,82.0,4.406719247264253
1666,BLT-01,141577.55,456881.76,1873.8843594224893,19.55196,2.354701,122.37544947053402,2.032828276,77.65372325310625,79.66670862465342,82.0,4.406719247264253
1667,BLT-01,141577.55,456881.76,1873.9570058647976,19.23993,2.352575,122.37544947053402,2.032828276,77.65666761713288,79.66670862465342,82.0,4.406719247264253
1668,BLT-01,141577.55,456881.76,1874.0296523071047,18.95683,2.351126,122.37544947053402,2.032828276,77.65961195646075,79.66670862465342,82.0,4.406719247264253
1669,BLT-01,141577.55,456881.76,1874.1022987494127,18.86204,2.351216,122.37544947053402,2.032828276,77.66255627108991,79.66670862465342,82.0,4.406719247264253
1670,BLT-01,141577.55,456881.76,1874.1749451917208,19.1538,2.355183,122.37544947053402,2.032828276,77.66550056102037,79.66670862465342,82.0,4.406719247264253
1671,BLT-01,141577.55,456881.76,1874.247591634028,19.40615,2.359469,122.37544947053402,2.032828276,77.66844482625204,79.66670862465342,82.0,4.406719247264253
1672,BLT-01,141577.55,456881.76,1874.320238076336,19.58208,2.362407,122.37544947053402,2.032828276,77.67138906678504,79.66670862465342,82.0,4.406719247264253
1673,BLT-01,141577.55,456881.76,1874.3928845186435,19.68596,2.363382,122.37544947053402,2.032828276,77.67433328261929,79.66670862465342,82.0,4.406719247264253
1674,BLT-01,141577.55,456881.76,1874.4655309609511,19.77065,2.362034,122.37544947053402,2.032828276,77.67727747375481,79.66670862465342,82.0,4.406719247264253
1675,BLT-01,141577.55,456881.76,1874.538177403259,19.70919,2.359986,122.37544947053402,2.032828276,77.6802216401916,79.66670862465342,82.0,4.406719247264253
1676,BLT-01,141577.55,456881.76,1874.6108238455668,19.59636,2.358212,122.37544947053402,2.032828276,77.68316578192969,79.66670862465342,82.0,4.406719247264253
1677,BLT-01,141577.55,456881.76,1874.6834702878743,19.42194,2.357074,122.37544947053402,2.032828276,77.68610989896904,79.66670862465342,82.0,4.406719247264253
1678,BLT-01,141577.55,456881.76,1874.756116730182,19.13302,2.356971,122.37544947053402,2.032828276,77.68905399130965,79.66670862465342,82.0,4.406719247264253
1679,BLT-01,141577.55,456881.76,1874.8287631724895,18.92744,2.358069,122.37544947053402,2.032828276,77.69199805895153,79.66670862465342,82.0,4.406719247264253
1680,BLT-01,141577.55,456881.76,1874.9014096147964,18.88845,2.359643,122.37544947053402,2.032828276,77.69494210189468,79.66670862465342,82.0,4.406719247264253
1681,BLT-01,141577.55,456881.76,1874.974056057104,18.92361,2.361151,122.37544947053402,2.032828276,77.69788612013912,79.66670862465342,82.0,4.406719247264253
1682,BLT-01,141577.55,456881.76,1875.046702499412,18.90872,2.361989,122.37544947053402,2.032828276,77.70083011368484,79.66670862465342,82.0,4.406719247264253
1683,BLT-01,141577.55,456881.76,1875.1193489417196,19.0133,2.361593,122.37544947053402,2.032828276,77.70377408253184,79.66670862465342,82.0,4.406719247264253
1684,BLT-01,141577.55,456881.76,1875.1919953840272,19.10932,2.360604,122.37544947053402,2.032828276,77.7067180266801,79.66670862465342,82.0,4.406719247264253
1685,BLT-01,141577.55,456881.76,1875.2646418263348,19.22388,2.357749,122.37544947053402,2.032828276,77.70966194612963,79.66670862465342,82.0,4.406719247264253
1686,BLT-01,141577.55,456881.76,1875.3372882686424,19.38706,2.352113,122.37544947053402,2.032828276,77.71260584088043,79.66670862465342,82.0,4.406719247264253
1687,BLT-01,141577.55,456881.76,1875.4099347109504,19.71799,2.344655,122.37544947053402,2.032828276,77.71554971093254,79.66670862465342,82.0,4.406719247264253
1688,BLT-01,141577.55,456881.76,1875.482581153258,19.9149,2.337859,122.37544947053402,2.032828276,77.71849355628589,79.66670862465342,82.0,4.406719247264253
1689,BLT-01,141577.55,456881.76,1875.5552275955656,20.01202,2.332214,122.37544947053402,2.032828276,77.72143737694051,79.66670862465342,82.0,4.406719247264253
1690,BLT-01,141577.55,456881.76,1875.6278740378732,20.06214,2.328202,122.37544947053402,2.032828276,77.72438117289643,79.66670862465342,82.0,4.406719247264253
1691,BLT-01,141577.55,456881.76,1875.700520480181,20.27792,2.327254,122.37544947053402,2.032828276,77.72732494415361,79.66670862465342,82.0,4.406719247264253
1692,BLT-01,141577.55,456881.76,1875.7731669224888,20.37823,2.328173,122.37544947053402,2.032828276,77.73026869071205,79.66670862465342,82.0,4.406719247264253
1693,BLT-01,141577.55,456881.76,1875.8458133647964,20.20051,2.330685,122.37544947053402,2.032828276,77.7332124125718,79.66670862465342,82.0,4.406719247264253
1694,BLT-01,141577.55,456881.76,1875.918459807104,19.78911,2.33516,122.37544947053402,2.032828276,77.73615610973279,79.66670862465342,82.0,4.406719247264253
1695,BLT-01,141577.55,456881.76,1875.991106249412,19.45019,2.34309,122.37544947053402,2.032828276,77.73909978219507,79.66670862465342,82.0,4.406719247264253
1696,BLT-01,141577.55,456881.76,1876.06375269172,19.15762,2.354881,122.37544947053402,2.032828276,77.74204342995864,79.66670862465342,82.0,4.406719247264253
1697,BLT-01,141577.55,456881.76,1876.1363991340272,18.73074,2.37252,122.37544947053402,2.032828276,77.74498705302345,79.66670862465342,82.0,4.406719247264253
1698,BLT-01,141577.55,456881.76,1876.2090455763348,18.24994,2.392058,122.37544947053402,2.032828276,77.74793065138955,79.66670862465342,82.0,4.406719247264253
1699,BLT-01,141577.55,456881.76,1876.2816920186424,17.93258,2.405045,122.37544947053402,2.032828276,77.7508742250569,79.66670862465342,82.0,4.406719247264253
1700,BLT-01,141577.55,456881.76,1876.3543384609504,17.89677,2.402521,122.37544947053402,2.032828276,77.75381777402558,79.66670862465342,82.0,4.406719247264253
1701,BLT-01,141577.55,456881.76,1876.4269849032576,17.99112,2.391112,122.37544947053402,2.032828276,77.75676129829547,79.66670862465342,82.0,4.406719247264253
1702,BLT-01,141577.55,456881.76,1876.4996313455656,18.19238,2.376543,122.37544947053402,2.032828276,77.75970479786668,79.66670862465342,82.0,4.406719247264253
1703,BLT-01,141577.55,456881.76,1876.5722777878732,18.48135,2.365335,122.37544947053402,2.032828276,77.76264827273914,79.66670862465342,82.0,4.406719247264253
1704,BLT-01,141577.55,456881.76,1876.644924230181,18.74212,2.366609,122.37544947053402,2.032828276,77.76559172291289,79.66670862465342,82.0,4.406719247264253
1705,BLT-01,141577.55,456881.76,1876.7175706724888,18.583,2.373525,122.37544947053402,2.032828276,77.76853514838791,79.66670862465342,82.0,4.406719247264253
1706,BLT-01,141577.55,456881.76,1876.7902171147964,18.14256,2.382892,122.37544947053402,2.032828276,77.7714785491642,79.66670862465342,82.0,4.406719247264253
1707,BLT-01,141577.55,456881.76,1876.862863557104,17.55805,2.391957,122.37544947053402,2.032828276,77.77442192524177,79.66670862465342,82.0,4.406719247264253
1708,BLT-01,141577.55,456881.76,1876.935509999412,17.09694,2.398729,122.37544947053402,2.032828276,77.77736527662061,79.66670862465342,82.0,4.406719247264253
1709,BLT-01,141577.55,456881.76,1877.0081564417196,16.82299,2.411029,122.37544947053402,2.032828276,77.78030860330072,79.66670862465342,82.0,4.406719247264253
1710,BLT-01,141577.55,456881.76,1877.0808028840277,16.65787,2.423129,122.37544947053402,2.032828276,77.78325190528213,79.66670862465342,82.0,4.406719247264253
1711,BLT-01,141577.55,456881.76,1877.153449326335,16.56324,2.431166,122.37544947053402,2.032828276,77.78619518256477,79.66670862465342,82.0,4.406719247264253
1712,BLT-01,141577.55,456881.76,1877.2260957686424,16.53849,2.428977,122.37544947053402,2.032828276,77.78913843514869,79.66670862465342,82.0,4.406719247264253
1713,BLT-01,141577.55,456881.76,1877.2987422109504,16.88444,2.414713,122.37544947053402,2.032828276,77.79208166303391,79.66670862465342,82.0,4.406719247264253
1714,BLT-01,141577.55,456881.76,1877.371388653258,17.33961,2.397954,122.37544947053402,2.032828276,77.79502486622037,79.66670862465342,82.0,4.406719247264253
1715,BLT-01,141577.55,456881.76,1877.4440350955656,17.79549,2.383125,122.37544947053402,2.032828276,77.79796804470814,79.66670862465342,82.0,4.406719247264253
1716,BLT-01,141577.55,456881.76,1877.5166815378725,18.14764,2.375508,122.37544947053402,2.032828276,77.80091119849712,79.66670862465342,82.0,4.406719247264253
1717,BLT-01,141577.55,456881.76,1877.58932798018,18.59187,2.370759,122.37544947053402,2.032828276,77.80385432758743,79.66670862465342,82.0,4.406719247264253
1718,BLT-01,141577.55,456881.76,1877.661974422488,18.74671,2.369207,122.37544947053402,2.032828276,77.806797431979,79.66670862465342,82.0,4.406719247264253
1719,BLT-01,141577.55,456881.76,1877.7346208647969,18.61686,2.370809,122.37544947053402,2.032828276,77.80974051167192,79.66670862465342,82.0,4.406719247264253
1720,BLT-01,141577.55,456881.76,1877.807267307104,18.32964,2.375373,122.37544947053402,2.032828276,77.81268356666602,79.66670862465342,82.0,4.406719247264253
1721,BLT-01,141577.55,456881.76,1877.879913749412,17.73287,2.384912,122.37544947053402,2.032828276,77.81562659696144,79.66670862465342,82.0,4.406719247264253
1722,BLT-01,141577.55,456881.76,1877.95256019172,17.02128,2.392832,122.37544947053402,2.032828276,77.81856960255811,79.66670862465342,82.0,4.406719247264253
1723,BLT-01,141577.55,456881.76,1878.0252066340272,16.41945,2.398127,122.37544947053402,2.032828276,77.82151258345604,79.66670862465342,82.0,4.406719247264253
1724,BLT-01,141577.55,456881.76,1878.097853076334,16.179,2.400197,122.37544947053402,2.032828276,77.82445553965523,79.66670862465342,82.0,4.406719247264253
1725,BLT-01,141577.55,456881.76,1878.1704995186417,16.74442,2.400116,122.37544947053402,2.032828276,77.82739847115572,79.66670862465342,82.0,4.406719247264253
1726,BLT-01,141577.55,456881.76,1878.2431459609493,17.43502,2.397652,122.37544947053402,2.032828276,77.83034137795748,79.66670862465342,82.0,4.406719247264253
1727,BLT-01,141577.55,456881.76,1878.315792403257,18.04077,2.392518,122.37544947053402,2.032828276,77.83328426006052,79.66670862465342,82.0,4.406719247264253
1728,BLT-01,141577.55,456881.76,1878.388438845565,18.41443,2.384108,122.37544947053402,2.032828276,77.83622711746484,79.66670862465342,82.0,4.406719247264253
1729,BLT-01,141577.55,456881.76,1878.4610852878725,18.74347,2.366816,122.37544947053402,2.032828276,77.83916995017042,79.66670862465342,82.0,4.406719247264253
1730,BLT-01,141577.55,456881.76,1878.5337317301803,19.17711,2.35174,122.37544947053402,2.032828276,77.8421127581773,79.66670862465342,82.0,4.406719247264253
1731,BLT-01,141577.55,456881.76,1878.606378172488,19.57249,2.341019,122.37544947053402,2.032828276,77.84505554148542,79.66670862465342,82.0,4.406719247264253
1732,BLT-01,141577.55,456881.76,1878.6790246147957,19.82021,2.335165,122.37544947053402,2.032828276,77.84799830009484,79.66670862465342,82.0,4.406719247264253
1733,BLT-01,141577.55,456881.76,1878.7516710571035,19.68866,2.331292,122.37544947053402,2.032828276,77.85094103400553,79.66670862465342,82.0,4.406719247264253
1734,BLT-01,141577.55,456881.76,1878.8243174994109,19.56619,2.329575,122.37544947053402,2.032828276,77.85388374321748,79.66670862465342,82.0,4.406719247264253
1735,BLT-01,141577.55,456881.76,1878.8969639417185,19.51657,2.329421,122.37544947053402,2.032828276,77.85682642773072,79.66670862465342,82.0,4.406719247264253
1736,BLT-01,141577.55,456881.76,1878.9696103840265,19.52975,2.330894,122.37544947053402,2.032828276,77.85976908754523,79.66670862465342,82.0,4.406719247264253
1737,BLT-01,141577.55,456881.76,1879.042256826334,19.51676,2.334727,122.37544947053402,2.032828276,77.862711722661,79.66670862465342,82.0,4.406719247264253
1738,BLT-01,141577.55,456881.76,1879.1149032686417,19.4271,2.339278,122.37544947053402,2.032828276,77.86565433307807,79.66670862465342,82.0,4.406719247264253
1739,BLT-01,141577.55,456881.76,1879.1875497109493,19.30822,2.342793,122.37544947053402,2.032828276,77.86859691879637,79.66670862465342,82.0,4.406719247264253
1740,BLT-01,141577.55,456881.76,1879.260196153257,19.2244,2.34398,122.37544947053402,2.032828276,77.871539479816,79.66670862465342,82.0,4.406719247264253
1741,BLT-01,141577.55,456881.76,1879.332842595565,19.28343,2.340911,122.37544947053402,2.032828276,77.87448201613687,79.66670862465342,82.0,4.406719247264253
1742,BLT-01,141577.55,456881.76,1879.4054890378725,19.60397,2.333117,122.37544947053402,2.032828276,77.87742452775902,79.66670862465342,82.0,4.406719247264253
1743,BLT-01,141577.55,456881.76,1879.47813548018,19.92815,2.324716,122.37544947053402,2.032828276,77.88036701468243,79.66670862465342,82.0,4.406719247264253
1744,BLT-01,141577.55,456881.76,1879.550781922488,20.29894,2.316098,122.37544947053402,2.032828276,77.88330947690714,79.66670862465342,82.0,4.406719247264253
1745,BLT-01,141577.55,456881.76,1879.623428364796,20.78353,2.307463,122.37544947053402,2.032828276,77.88625191443312,79.66670862465342,82.0,4.406719247264253
1746,BLT-01,141577.55,456881.76,1879.6960748071035,21.29928,2.303639,122.37544947053402,2.032828276,77.88919432726037,79.66670862465342,82.0,4.406719247264253
1747,BLT-01,141577.55,456881.76,1879.7687212494109,21.65545,2.303331,122.37544947053402,2.032828276,77.89213671538887,79.66670862465342,82.0,4.406719247264253
1748,BLT-01,141577.55,456881.76,1879.8413676917187,21.78558,2.305808,122.37544947053402,2.032828276,77.89507907881867,79.66670862465342,82.0,4.406719247264253
1749,BLT-01,141577.55,456881.76,1879.9140141340265,21.64756,2.310304,122.37544947053402,2.032828276,77.89802141754974,79.66670862465342,82.0,4.406719247264253
1750,BLT-01,141577.55,456881.76,1879.9866605763336,21.29088,2.315014,122.37544947053402,2.032828276,77.90096373158205,79.66670862465342,82.0,4.406719247264253
1751,BLT-01,141577.55,456881.76,1880.0593070186417,21.00557,2.318117,122.37544947053402,2.032828276,77.90390602091567,79.66670862465342,82.0,4.406719247264253
1752,BLT-01,141577.55,456881.76,1880.1319534609493,20.79086,2.319996,122.37544947053402,2.032828276,77.90684828555058,79.66670862465342,82.0,4.406719247264253
1753,BLT-01,141577.55,456881.76,1880.204599903257,20.63954,2.320724,122.37544947053402,2.032828276,77.90979052548674,79.66670862465342,82.0,4.406719247264253
1754,BLT-01,141577.55,456881.76,1880.277246345565,20.51381,2.319717,122.37544947053402,2.032828276,77.91273274072417,79.66670862465342,82.0,4.406719247264253
1755,BLT-01,141577.55,456881.76,1880.3498927878725,20.29948,2.317914,122.37544947053402,2.032828276,77.91567493126288,79.66670862465342,82.0,4.406719247264253
1756,BLT-01,141577.55,456881.76,1880.42253923018,20.05194,2.316319,122.37544947053402,2.032828276,77.91861709710285,79.66670862465342,82.0,4.406719247264253
1757,BLT-01,141577.55,456881.76,1880.495185672488,19.87663,2.315646,122.37544947053402,2.032828276,77.92155923824413,79.66670862465342,82.0,4.406719247264253
1758,BLT-01,141577.55,456881.76,1880.5678321147957,20.05156,2.317232,122.37544947053402,2.032828276,77.92450135468667,79.66670862465342,82.0,4.406719247264253
1759,BLT-01,141577.55,456881.76,1880.6404785571024,20.28326,2.321582,122.37544947053402,2.032828276,77.92744344643043,79.66670862465342,82.0,4.406719247264253
1760,BLT-01,141577.55,456881.76,1880.71312499941,20.17117,2.329536,122.37544947053402,2.032828276,77.93038551347551,79.66670862465342,82.0,4.406719247264253
1761,BLT-01,141577.55,456881.76,1880.785771441717,19.75905,2.340045,122.37544947053402,2.032828276,77.93332755582185,79.66670862465342,82.0,4.406719247264253
1762,BLT-01,141577.55,456881.76,1880.8584178840251,19.24122,2.350917,122.37544947053402,2.032828276,77.93626957346949,79.66670862465342,82.0,4.406719247264253
1763,BLT-01,141577.55,456881.76,1880.931064326333,18.89972,2.35894,122.37544947053402,2.032828276,77.93921156641836,79.66670862465342,82.0,4.406719247264253
1764,BLT-01,141577.55,456881.76,1881.0037107686408,18.5963,2.367346,122.37544947053402,2.032828276,77.94215353466856,79.66670862465342,82.0,4.406719247264253
1765,BLT-01,141577.55,456881.76,1881.0763572109488,18.36932,2.374345,122.37544947053402,2.032828276,77.94509547822003,79.66670862465342,82.0,4.406719247264253
1766,BLT-01,141577.55,456881.76,1881.149003653256,18.26981,2.377674,122.37544947053402,2.032828276,77.94803739707272,79.66670862465342,82.0,4.406719247264253
1767,BLT-01,141577.55,456881.76,1881.221650095564,18.27169,2.374721,122.37544947053402,2.032828276,77.95097929122673,79.66670862465342,82.0,4.406719247264253
1768,BLT-01,141577.55,456881.76,1881.294296537872,18.21458,2.369479,122.37544947053402,2.032828276,77.95392116068203,79.66670862465342,82.0,4.406719247264253
1769,BLT-01,141577.55,456881.76,1881.3669429801791,18.21916,2.364209,122.37544947053402,2.032828276,77.95686300543855,79.66670862465342,82.0,4.406719247264253
1770,BLT-01,141577.55,456881.76,1881.4395894224867,18.36272,2.360776,122.37544947053402,2.032828276,77.95980482549636,79.66670862465342,82.0,4.406719247264253
1771,BLT-01,141577.55,456881.76,1881.5122358647943,18.5055,2.361167,122.37544947053402,2.032828276,77.96274662085546,79.66670862465342,82.0,4.406719247264253
1772,BLT-01,141577.55,456881.76,1881.5848823071024,18.38182,2.361635,122.37544947053402,2.032828276,77.96568839151584,79.66670862465342,82.0,4.406719247264253
1773,BLT-01,141577.55,456881.76,1881.6575287494104,18.16104,2.361322,122.37544947053402,2.032828276,77.96863013747749,79.66670862465342,82.0,4.406719247264253
1774,BLT-01,141577.55,456881.76,1881.7301751917175,17.95861,2.359911,122.37544947053402,2.032828276,77.97157185874038,79.66670862465342,82.0,4.406719247264253
1775,BLT-01,141577.55,456881.76,1881.8028216340251,17.97655,2.35781,122.37544947053402,2.032828276,77.97451355530454,79.66670862465342,82.0,4.406719247264253
1776,BLT-01,141577.55,456881.76,1881.8754680763327,18.19448,2.356793,122.37544947053402,2.032828276,77.97745522717003,79.66670862465342,82.0,4.406719247264253
1777,BLT-01,141577.55,456881.76,1881.9481145186408,18.41403,2.357223,122.37544947053402,2.032828276,77.98039687433678,79.66670862465342,82.0,4.406719247264253
1778,BLT-01,141577.55,456881.76,1882.0207609609483,18.53935,2.358946,122.37544947053402,2.032828276,77.98333849680476,79.66670862465342,82.0,4.406719247264253
1779,BLT-01,141577.55,456881.76,1882.093407403256,18.4437,2.361203,122.37544947053402,2.032828276,77.98628009457406,79.66670862465342,82.0,4.406719247264253
1780,BLT-01,141577.55,456881.76,1882.166053845564,18.31977,2.363017,122.37544947053402,2.032828276,77.98922166764463,79.66670862465342,82.0,4.406719247264253
1781,BLT-01,141577.55,456881.76,1882.238700287872,18.27933,2.364148,122.37544947053402,2.032828276,77.99216321601648,79.66670862465342,82.0,4.406719247264253
1782,BLT-01,141577.55,456881.76,1882.3113467301796,18.24066,2.364605,122.37544947053402,2.032828276,77.99510473968957,79.66670862465342,82.0,4.406719247264253
1783,BLT-01,141577.55,456881.76,1882.383993172487,18.02539,2.36447,122.37544947053402,2.032828276,77.99804623866393,79.66670862465342,82.0,4.406719247264253
1784,BLT-01,141577.55,456881.76,1882.4566396147943,17.80703,2.365221,122.37544947053402,2.032828276,78.00098771293958,79.66670862465342,82.0,4.406719247264253
1785,BLT-01,141577.55,456881.76,1882.5292860571024,17.81392,2.366316,122.37544947053402,2.032828276,78.00392916251653,79.66670862465342,82.0,4.406719247264253
1786,BLT-01,141577.55,456881.76,1882.60193249941,17.95285,2.367828,122.37544947053402,2.032828276,78.0068705873947,79.66670862465342,82.0,4.406719247264253
1787,BLT-01,141577.55,456881.76,1882.6745789417173,18.09867,2.369888,122.37544947053402,2.032828276,78.00981198757415,79.66670862465342,82.0,4.406719247264253
1788,BLT-01,141577.55,456881.76,1882.7472253840256,18.15892,2.374737,122.37544947053402,2.032828276,78.01275336305494,79.66670862465342,82.0,4.406719247264253
1789,BLT-01,141577.55,456881.76,1882.8198718263327,18.12062,2.379754,122.37544947053402,2.032828276,78.01569471383694,79.66670862465342,82.0,4.406719247264253
1790,BLT-01,141577.55,456881.76,1882.8925182686407,17.98399,2.384378,122.37544947053402,2.032828276,78.01863603992025,79.66670862465342,82.0,4.406719247264253
1791,BLT-01,141577.55,456881.76,1882.9651647109488,17.76446,2.388486,122.37544947053402,2.032828276,78.02157734130483,79.66670862465342,82.0,4.406719247264253
1792,BLT-01,141577.55,456881.76,1883.037811153256,17.61396,2.395234,122.37544947053402,2.032828276,78.02451861799065,79.66670862465342,82.0,4.406719247264253
1793,BLT-01,141577.55,456881.76,1883.110457595564,17.4855,2.401178,122.37544947053402,2.032828276,78.02745986997779,79.66670862465342,82.0,4.406719247264253
1794,BLT-01,141577.55,456881.76,1883.1831040378715,17.45346,2.40511,122.37544947053402,2.032828276,78.03040109726618,79.66670862465342,82.0,4.406719247264253
1795,BLT-01,141577.55,456881.76,1883.2557504801791,17.53915,2.40608,122.37544947053402,2.032828276,78.03334229985585,79.66670862465342,82.0,4.406719247264253
1796,BLT-01,141577.55,456881.76,1883.328396922487,17.6789,2.401968,122.37544947053402,2.032828276,78.03628347774678,79.66670862465342,82.0,4.406719247264253
1797,BLT-01,141577.55,456881.76,1883.4010433647948,17.6556,2.394855,122.37544947053402,2.032828276,78.039224630939,79.66670862465342,82.0,4.406719247264253
1798,BLT-01,141577.55,456881.76,1883.4736898071023,17.69605,2.387453,122.37544947053402,2.032828276,78.04216575943249,79.66670862465342,82.0,4.406719247264253
1799,BLT-01,141577.55,456881.76,1883.54633624941,17.81838,2.380823,122.37544947053402,2.032828276,78.04510686322725,79.66670862465342,82.0,4.406719247264253
1800,BLT-01,141577.55,456881.76,1883.6189826917175,17.89818,2.375964,122.37544947053402,2.032828276,78.04804794232327,79.66670862465342,82.0,4.406719247264253
1801,BLT-01,141577.55,456881.76,1883.691629134025,17.54797,2.377565,122.37544947053402,2.032828276,78.05098899672059,79.66670862465342,82.0,4.406719247264253
1802,BLT-01,141577.55,456881.76,1883.764275576332,17.2557,2.383628,122.37544947053402,2.032828276,78.05393002641914,79.66670862465342,82.0,4.406719247264253
1803,BLT-01,141577.55,456881.76,1883.83692201864,17.04807,2.39371,122.37544947053402,2.032828276,78.056871031419,79.66670862465342,82.0,4.406719247264253
1804,BLT-01,141577.55,456881.76,1883.9095684609476,16.84884,2.407506,122.37544947053402,2.032828276,78.05981201172013,79.66670862465342,82.0,4.406719247264253
1805,BLT-01,141577.55,456881.76,1883.9822149032552,16.50297,2.415704,122.37544947053402,2.032828276,78.06275296732254,79.66670862465342,82.0,4.406719247264253
1806,BLT-01,141577.55,456881.76,1884.0548613455628,16.30675,2.41797,122.37544947053402,2.032828276,78.0656938982262,79.66670862465342,82.0,4.406719247264253
1807,BLT-01,141577.55,456881.76,1884.1275077878704,16.24604,2.415788,122.37544947053402,2.032828276,78.06863480443116,79.66670862465342,82.0,4.406719247264253
1808,BLT-01,141577.55,456881.76,1884.2001542301784,16.28351,2.411013,122.37544947053402,2.032828276,78.07157568593739,79.66670862465342,82.0,4.406719247264253
1809,BLT-01,141577.55,456881.76,1884.272800672486,16.40096,2.407103,122.37544947053402,2.032828276,78.07451654274489,79.66670862465342,82.0,4.406719247264253
1810,BLT-01,141577.55,456881.76,1884.3454471147936,16.58109,2.402502,122.37544947053402,2.032828276,78.07745737485367,79.66670862465342,82.0,4.406719247264253
1811,BLT-01,141577.55,456881.76,1884.4180935571012,16.77675,2.397051,122.37544947053402,2.032828276,78.0803981822637,79.66670862465342,82.0,4.406719247264253
1812,BLT-01,141577.55,456881.76,1884.490739999409,16.95138,2.390858,122.37544947053402,2.032828276,78.08333896497503,79.66670862465342,82.0,4.406719247264253
1813,BLT-01,141577.55,456881.76,1884.5633864417168,17.07931,2.386159,122.37544947053402,2.032828276,78.08627972298763,79.66670862465342,82.0,4.406719247264253
1814,BLT-01,141577.55,456881.76,1884.6360328840244,17.1574,2.385903,122.37544947053402,2.032828276,78.0892204563015,79.66670862465342,82.0,4.406719247264253
1815,BLT-01,141577.55,456881.76,1884.708679326332,17.17821,2.389937,122.37544947053402,2.032828276,78.09216116491662,79.66670862465342,82.0,4.406719247264253
1816,BLT-01,141577.55,456881.76,1884.78132576864,17.13374,2.397512,122.37544947053402,2.032828276,78.09510184883305,79.66670862465342,82.0,4.406719247264253
1817,BLT-01,141577.55,456881.76,1884.853972210948,17.00034,2.405137,122.37544947053402,2.032828276,78.09804250805077,79.66670862465342,82.0,4.406719247264253
1818,BLT-01,141577.55,456881.76,1884.9266186532552,16.9187,2.407117,122.37544947053402,2.032828276,78.1009831425697,79.66670862465342,82.0,4.406719247264253
1819,BLT-01,141577.55,456881.76,1884.9992650955628,16.99143,2.403869,122.37544947053402,2.032828276,78.10392375238996,79.66670862465342,82.0,4.406719247264253
1820,BLT-01,141577.55,456881.76,1885.0719115378704,17.24211,2.396439,122.37544947053402,2.032828276,78.10686433751145,79.66670862465342,82.0,4.406719247264253
1821,BLT-01,141577.55,456881.76,1885.1445579801784,17.66226,2.387526,122.37544947053402,2.032828276,78.10980489793425,79.66670862465342,82.0,4.406719247264253
1822,BLT-01,141577.55,456881.76,1885.217204422486,18.0701,2.379974,122.37544947053402,2.032828276,78.11274543365833,79.66670862465342,82.0,4.406719247264253
1823,BLT-01,141577.55,456881.76,1885.2898508647936,18.39638,2.375331,122.37544947053402,2.032828276,78.11568594468365,79.66670862465342,82.0,4.406719247264253
1824,BLT-01,141577.55,456881.76,1885.3624973071012,18.62878,2.373559,122.37544947053402,2.032828276,78.11862643101024,79.66670862465342,82.0,4.406719247264253
1825,BLT-01,141577.55,456881.76,1885.4351437494088,18.76304,2.374203,122.37544947053402,2.032828276,78.12156689263813,79.66670862465342,82.0,4.406719247264253
1826,BLT-01,141577.55,456881.76,1885.5077901917168,18.88363,2.372981,122.37544947053402,2.032828276,78.1245073295673,79.66670862465342,82.0,4.406719247264253
1827,BLT-01,141577.55,456881.76,1885.5804366340244,19.01786,2.370402,122.37544947053402,2.032828276,78.12744774179772,79.66670862465342,82.0,4.406719247264253
1828,BLT-01,141577.55,456881.76,1885.653083076332,19.18403,2.367125,122.37544947053402,2.032828276,78.13038812932942,79.66670862465342,82.0,4.406719247264253
1829,BLT-01,141577.55,456881.76,1885.72572951864,19.40086,2.36385,122.37544947053402,2.032828276,78.13332849216242,79.66670862465342,82.0,4.406719247264253
1830,BLT-01,141577.55,456881.76,1885.7983759609476,19.72952,2.359637,122.37544947053402,2.032828276,78.13626883029666,79.66670862465342,82.0,4.406719247264253
1831,BLT-01,141577.55,456881.76,1885.8710224032552,19.92417,2.356666,122.37544947053402,2.032828276,78.13920914373219,79.66670862465342,82.0,4.406719247264253
1832,BLT-01,141577.55,456881.76,1885.943668845563,20.0188,2.354845,122.37544947053402,2.032828276,78.142149432469,79.66670862465342,82.0,4.406719247264253
1833,BLT-01,141577.55,456881.76,1886.0163152878704,20.03777,2.354006,122.37544947053402,2.032828276,78.14508969650706,79.66670862465342,82.0,4.406719247264253
1834,BLT-01,141577.55,456881.76,1886.0889617301784,19.97049,2.353261,122.37544947053402,2.032828276,78.14802993584641,79.66670862465342,82.0,4.406719247264253
1835,BLT-01,141577.55,456881.76,1886.161608172486,19.77648,2.352309,122.37544947053402,2.032828276,78.15097015048701,79.66670862465342,82.0,4.406719247264253
1836,BLT-01,141577.55,456881.76,1886.2342546147936,19.64166,2.351324,122.37544947053402,2.032828276,78.15391034042892,79.66670862465342,82.0,4.406719247264253
1837,BLT-01,141577.55,456881.76,1886.3069010571012,19.62085,2.350387,122.37544947053402,2.032828276,78.15685050567207,79.66670862465342,82.0,4.406719247264253
1838,BLT-01,141577.55,456881.76,1886.379547499409,19.58862,2.349515,122.37544947053402,2.032828276,78.15979064621654,79.66670862465342,82.0,4.406719247264253
1839,BLT-01,141577.55,456881.76,1886.4521939417168,19.39055,2.34932,122.37544947053402,2.032828276,78.16273076206227,79.66670862465342,82.0,4.406719247264253
1840,BLT-01,141577.55,456881.76,1886.5248403840249,19.21623,2.349098,122.37544947053402,2.032828276,78.16567085320926,79.66670862465342,82.0,4.406719247264253
1841,BLT-01,141577.55,456881.76,1886.597486826332,19.14038,2.348186,122.37544947053402,2.032828276,78.16861091965751,79.66670862465342,82.0,4.406719247264253
1842,BLT-01,141577.55,456881.76,1886.67013326864,19.23849,2.345207,122.37544947053402,2.032828276,78.17155096140706,79.66670862465342,82.0,4.406719247264253
1843,BLT-01,141577.55,456881.76,1886.742779710948,19.3173,2.342423,122.37544947053402,2.032828276,78.17449097845788,79.66670862465342,82.0,4.406719247264253
1844,BLT-01,141577.55,456881.76,1886.8154261532552,19.28268,2.341431,122.37544947053402,2.032828276,78.17743097080995,79.66670862465342,82.0,4.406719247264253
1845,BLT-01,141577.55,456881.76,1886.888072595562,19.25004,2.342675,122.37544947053402,2.032828276,78.18037093846327,79.66670862465342,82.0,4.406719247264253
1846,BLT-01,141577.55,456881.76,1886.9606556515828,19.43827,2.346535,122.37544947053402,2.032828276,78.18330831623673,79.66670862465342,82.0,4.406719247264253
1847,BLT-01,141577.55,456881.76,1887.0332113037568,19.62717,2.349932,122.37544947053402,2.032828276,78.18624456035693,79.66670862465342,82.0,4.406719247264253
1848,BLT-01,141577.55,456881.76,1887.105766955931,19.48951,2.351206,122.37544947053402,2.032828276,78.1891807798401,79.66670862465342,82.0,4.406719247264253
1849,BLT-01,141577.55,456881.76,1887.1783226081045,19.21356,2.351024,122.37544947053402,2.032828276,78.19211697468621,79.66670862465342,82.0,4.406719247264253
1850,BLT-01,141577.55,456881.76,1887.2508782602783,19.02909,2.350253,122.37544947053402,2.032828276,78.19505314489531,79.66670862465342,82.0,4.406719247264253
1851,BLT-01,141577.55,456881.76,1887.3234339124524,19.26924,2.350124,122.37544947053402,2.032828276,78.19798929046739,79.66670862465342,82.0,4.406719247264253
1852,BLT-01,141577.55,456881.76,1887.3959895646265,19.39904,2.350636,122.37544947053402,2.032828276,78.20092541140244,79.66670862465342,82.0,4.406719247264253
1853,BLT-01,141577.55,456881.76,1887.4685452168003,19.45027,2.351285,122.37544947053402,2.032828276,78.20386150770044,79.66670862465342,82.0,4.406719247264253
1854,BLT-01,141577.55,456881.76,1887.541100868974,19.45382,2.351776,122.37544947053402,2.032828276,78.20679757936142,79.66670862465342,82.0,4.406719247264253
1855,BLT-01,141577.55,456881.76,1887.613656521148,19.48865,2.352704,122.37544947053402,2.032828276,78.20973362638537,79.66670862465342,82.0,4.406719247264253
1856,BLT-01,141577.55,456881.76,1887.6862121733216,19.3882,2.354452,122.37544947053402,2.032828276,78.21266964877228,79.66670862465342,82.0,4.406719247264253
1857,BLT-01,141577.55,456881.76,1887.758767825496,19.234,2.356862,122.37544947053402,2.032828276,78.21560564652219,79.66670862465342,82.0,4.406719247264253
1858,BLT-01,141577.55,456881.76,1887.8313234776697,19.08617,2.359379,122.37544947053402,2.032828276,78.21854161963503,79.66670862465342,82.0,4.406719247264253
1859,BLT-01,141577.55,456881.76,1887.903879129844,19.06902,2.359651,122.37544947053402,2.032828276,78.22147756811088,79.66670862465342,82.0,4.406719247264253
1860,BLT-01,141577.55,456881.76,1887.9764347820176,19.24386,2.357552,122.37544947053402,2.032828276,78.22441349194968,79.66670862465342,82.0,4.406719247264253
1861,BLT-01,141577.55,456881.76,1888.0489904341916,19.47711,2.353975,122.37544947053402,2.032828276,78.22734939115145,79.66670862465342,82.0,4.406719247264253
1862,BLT-01,141577.55,456881.76,1888.1215460863652,19.70304,2.349827,122.37544947053402,2.032828276,78.23028526571619,79.66670862465342,82.0,4.406719247264253
1863,BLT-01,141577.55,456881.76,1888.1941017385395,19.83131,2.347,122.37544947053402,2.032828276,78.2332211156439,79.66670862465342,82.0,4.406719247264253
1864,BLT-01,141577.55,456881.76,1888.266657390713,19.98243,2.346638,122.37544947053402,2.032828276,78.23615694093456,79.66670862465342,82.0,4.406719247264253
1865,BLT-01,141577.55,456881.76,1888.339213042887,20.08873,2.348684,122.37544947053402,2.032828276,78.23909274158822,79.66670862465342,82.0,4.406719247264253
1866,BLT-01,141577.55,456881.76,1888.411768695061,20.09706,2.352202,122.37544947053402,2.032828276,78.24202851760487,79.66670862465342,82.0,4.406719247264253
1867,BLT-01,141577.55,456881.76,1888.484324347235,19.93378,2.355621,122.37544947053402,2.032828276,78.24496426898445,79.66670862465342,82.0,4.406719247264253
1868,BLT-01,141577.55,456881.76,1888.556879999409,19.79086,2.356008,122.37544947053402,2.032828276,78.247899995727,79.66670862465342,82.0,4.406719247264253
1869,BLT-01,141577.55,456881.76,1888.6294356515828,19.81554,2.352912,122.37544947053402,2.032828276,78.25083569783253,79.66670862465342,82.0,4.406719247264253
1870,BLT-01,141577.55,456881.76,1888.7019913037568,19.93245,2.348407,122.37544947053402,2.032828276,78.25377137530104,79.66670862465342,82.0,4.406719247264253
1871,BLT-01,141577.55,456881.76,1888.7745469559304,20.04961,2.344838,122.37544947053402,2.032828276,78.2567070281325,79.66670862465342,82.0,4.406719247264253
1872,BLT-01,141577.55,456881.76,1888.8471026081045,20.04134,2.346069,122.37544947053402,2.032828276,78.25964265632693,79.66670862465342,82.0,4.406719247264253
1873,BLT-01,141577.55,456881.76,1888.9196582602783,19.93115,2.348826,122.37544947053402,2.032828276,78.26257825988435,79.66670862465342,82.0,4.406719247264253
1874,BLT-01,141577.55,456881.76,1888.992213912452,19.79678,2.3533,122.37544947053402,2.032828276,78.26551383880471,79.66670862465342,82.0,4.406719247264253
1875,BLT-01,141577.55,456881.76,1889.0647695646264,19.69831,2.359232,122.37544947053402,2.032828276,78.26844939308808,79.66670862465342,82.0,4.406719247264253
1876,BLT-01,141577.55,456881.76,1889.1373252168005,19.70431,2.363098,122.37544947053402,2.032828276,78.27138492273443,79.66670862465342,82.0,4.406719247264253
1877,BLT-01,141577.55,456881.76,1889.209880868974,19.78952,2.364424,122.37544947053402,2.032828276,78.2743204277437,79.66670862465342,82.0,4.406719247264253
1878,BLT-01,141577.55,456881.76,1889.282436521148,19.88964,2.363796,122.37544947053402,2.032828276,78.27725590811595,79.66670862465342,82.0,4.406719247264253
1879,BLT-01,141577.55,456881.76,1889.354992173322,19.95485,2.36153,122.37544947053402,2.032828276,78.28019136385119,79.66670862465342,82.0,4.406719247264253
1880,BLT-01,141577.55,456881.76,1889.427547825496,19.87585,2.358004,122.37544947053402,2.032828276,78.2831267949494,79.66670862465342,82.0,4.406719247264253
1881,BLT-01,141577.55,456881.76,1889.5001034776687,19.8538,2.3546,122.37544947053402,2.032828276,78.28606220141052,79.66670862465342,82.0,4.406719247264253
1882,BLT-01,141577.55,456881.76,1889.5726591298424,19.90258,2.351219,122.37544947053402,2.032828276,78.28899758323465,79.66670862465342,82.0,4.406719247264253
1883,BLT-01,141577.55,456881.76,1889.6452147820169,19.97901,2.348264,122.37544947053402,2.032828276,78.29193294042177,79.66670862465342,82.0,4.406719247264253
1884,BLT-01,141577.55,456881.76,1889.7177704341905,19.95717,2.346887,122.37544947053402,2.032828276,78.29486827297183,79.66670862465342,82.0,4.406719247264253
1885,BLT-01,141577.55,456881.76,1889.7903260863652,19.7395,2.346467,122.37544947053402,2.032828276,78.29780358088492,79.66670862465342,82.0,4.406719247264253
1886,BLT-01,141577.55,456881.76,1889.8628817385395,19.46518,2.345457,122.37544947053402,2.032828276,78.30073886416095,79.66670862465342,82.0,4.406719247264253
1887,BLT-01,141577.55,456881.76,1889.935437390713,19.1846,2.343848,122.37544947053402,2.032828276,78.30367412279993,79.66670862465342,82.0,4.406719247264253
1888,BLT-01,141577.55,456881.76,1890.0079930428872,18.95201,2.341947,122.37544947053402,2.032828276,78.3066093568019,79.66670862465342,82.0,4.406719247264253
1889,BLT-01,141577.55,456881.76,1890.08054869506,18.88314,2.340377,122.37544947053402,2.032828276,78.30954456616678,79.66670862465342,82.0,4.406719247264253
1890,BLT-01,141577.55,456881.76,1890.153104347234,19.05307,2.339646,122.37544947053402,2.032828276,78.31247975089467,79.66670862465342,82.0,4.406719247264253
1891,BLT-01,141577.55,456881.76,1890.225659999408,19.49002,2.339708,122.37544947053402,2.032828276,78.31541491098557,79.66670862465342,82.0,4.406719247264253
1892,BLT-01,141577.55,456881.76,1890.2982156515816,20.19362,2.340482,122.37544947053402,2.032828276,78.31835004643939,79.66670862465342,82.0,4.406719247264253
1893,BLT-01,141577.55,456881.76,1890.370771303756,20.46661,2.342325,122.37544947053402,2.032828276,78.32128515725621,79.66670862465342,82.0,4.406719247264253
1894,BLT-01,141577.55,456881.76,1890.4433269559297,20.35689,2.343585,122.37544947053402,2.032828276,78.32422024343597,79.66670862465342,82.0,4.406719247264253
1895,BLT-01,141577.55,456881.76,1890.5158826081035,20.06857,2.343933,122.37544947053402,2.032828276,78.32715530497873,79.66670862465342,82.0,4.406719247264253
1896,BLT-01,141577.55,456881.76,1890.5884382602776,19.77176,2.343122,122.37544947053402,2.032828276,78.33009034188444,79.66670862465342,82.0,4.406719247264253
1897,BLT-01,141577.55,456881.76,1890.6609939124517,19.7702,2.340823,122.37544947053402,2.032828276,78.33302535415314,79.66670862465342,82.0,4.406719247264253
1898,BLT-01,141577.55,456881.76,1890.7335495646253,19.97767,2.337915,122.37544947053402,2.032828276,78.33596034178478,79.66670862465342,82.0,4.406719247264253
1899,BLT-01,141577.55,456881.76,1890.806105216799,20.11327,2.335841,122.37544947053402,2.032828276,78.33889530477941,79.66670862465342,82.0,4.406719247264253
1900,BLT-01,141577.55,456881.76,1890.8786608689727,20.06081,2.335496,122.37544947053402,2.032828276,78.34183024313701,79.66670862465342,82.0,4.406719247264253
1901,BLT-01,141577.55,456881.76,1890.951216521147,19.80883,2.338308,122.37544947053402,2.032828276,78.34476515685758,79.66670862465342,82.0,4.406719247264253
1902,BLT-01,141577.55,456881.76,1891.023772173321,19.50077,2.345466,122.37544947053402,2.032828276,78.34770004594114,79.66670862465342,82.0,4.406719247264253
1903,BLT-01,141577.55,456881.76,1891.0963278254949,19.01815,2.358893,122.37544947053402,2.032828276,78.35063491038764,79.66670862465342,82.0,4.406719247264253
1904,BLT-01,141577.55,456881.76,1891.1688834776687,18.4009,2.376775,122.37544947053402,2.032828276,78.3535697501971,79.66670862465342,82.0,4.406719247264253
1905,BLT-01,141577.55,456881.76,1891.2414391298428,17.82865,2.393107,122.37544947053402,2.032828276,78.35650456536955,79.66670862465342,82.0,4.406719247264253
1906,BLT-01,141577.55,456881.76,1891.3139947820168,17.3752,2.400403,122.37544947053402,2.032828276,78.35943935590498,79.66670862465342,82.0,4.406719247264253
1907,BLT-01,141577.55,456881.76,1891.3865504341904,17.04569,2.402996,122.37544947053402,2.032828276,78.36237412180336,79.66670862465342,82.0,4.406719247264253
1908,BLT-01,141577.55,456881.76,1891.4591060863645,16.88323,2.402712,122.37544947053402,2.032828276,78.36530886306473,79.66670862465342,82.0,4.406719247264253
1909,BLT-01,141577.55,456881.76,1891.5316617385383,16.95445,2.401675,122.37544947053402,2.032828276,78.36824357968905,79.66670862465342,82.0,4.406719247264253
1910,BLT-01,141577.55,456881.76,1891.6042173907124,16.86856,2.403179,122.37544947053402,2.032828276,78.37117827167634,79.66670862465342,82.0,4.406719247264253
1911,BLT-01,141577.55,456881.76,1891.6767730428865,16.55463,2.406032,122.37544947053402,2.032828276,78.37411293902663,79.66670862465342,82.0,4.406719247264253
1912,BLT-01,141577.55,456881.76,1891.74932869506,16.1382,2.409619,122.37544947053402,2.032828276,78.37704758173986,79.66670862465342,82.0,4.406719247264253
1913,BLT-01,141577.55,456881.76,1891.821884347234,15.76303,2.413287,122.37544947053402,2.032828276,78.37998219981606,79.66670862465342,82.0,4.406719247264253
1914,BLT-01,141577.55,456881.76,1891.894439999408,15.76493,2.41535,122.37544947053402,2.032828276,78.38291679325523,79.66670862465342,82.0,4.406719247264253
1915,BLT-01,141577.55,456881.76,1891.9669956515816,15.78446,2.417442,122.37544947053402,2.032828276,78.38585136205737,79.66670862465342,82.0,4.406719247264253
1916,BLT-01,141577.55,456881.76,1892.039551303756,15.72446,2.421519,122.37544947053402,2.032828276,78.38878590622252,79.66670862465342,82.0,4.406719247264253
1917,BLT-01,141577.55,456881.76,1892.1121069559292,15.54062,2.428435,122.37544947053402,2.032828276,78.39172042575058,79.66670862465342,82.0,4.406719247264253
1918,BLT-01,141577.55,456881.76,1892.184662608104,15.39514,2.4346,122.37544947053402,2.032828276,78.39465492064166,79.66670862465342,82.0,4.406719247264253
1919,BLT-01,141577.55,456881.76,1892.2572182602776,15.31732,2.435925,122.37544947053402,2.032828276,78.39758939089567,79.66670862465342,82.0,4.406719247264253
1920,BLT-01,141577.55,456881.76,1892.3297739124516,15.40514,2.431076,122.37544947053402,2.032828276,78.40052383651268,79.66670862465342,82.0,4.406719247264253
1921,BLT-01,141577.55,456881.76,1892.4023295646248,15.6949,2.420678,122.37544947053402,2.032828276,78.40345825749262,79.66670862465342,82.0,4.406719247264253
1922,BLT-01,141577.55,456881.76,1892.474885216799,16.17447,2.409928,122.37544947053402,2.032828276,78.40639265383557,79.66670862465342,82.0,4.406719247264253
1923,BLT-01,141577.55,456881.76,1892.547440868973,16.62659,2.405065,122.37544947053402,2.032828276,78.40932702554146,79.66670862465342,82.0,4.406719247264253
1924,BLT-01,141577.55,456881.76,1892.619996521146,17.15909,2.404881,122.37544947053402,2.032828276,78.41226137261033,79.66670862465342,82.0,4.406719247264253
1925,BLT-01,141577.55,456881.76,1892.69255217332,17.72923,2.407892,122.37544947053402,2.032828276,78.41519569504217,79.66670862465342,82.0,4.406719247264253
1926,BLT-01,141577.55,456881.76,1892.765107825494,18.16176,2.410984,122.37544947053402,2.032828276,78.41812999283698,79.66670862465342,82.0,4.406719247264253
1927,BLT-01,141577.55,456881.76,1892.837663477668,18.23079,2.410487,122.37544947053402,2.032828276,78.42106426599479,79.66670862465342,82.0,4.406719247264253
1928,BLT-01,141577.55,456881.76,1892.9102191298416,18.14106,2.408601,122.37544947053402,2.032828276,78.42399851451553,79.66670862465342,82.0,4.406719247264253
1929,BLT-01,141577.55,456881.76,1892.982774782016,17.88486,2.406214,122.37544947053402,2.032828276,78.42693273839926,79.66670862465342,82.0,4.406719247264253
1930,BLT-01,141577.55,456881.76,1893.0553304341895,17.41427,2.404325,122.37544947053402,2.032828276,78.42986693764594,79.66670862465342,82.0,4.406719247264253
1931,BLT-01,141577.55,456881.76,1893.127886086364,16.89807,2.406868,122.37544947053402,2.032828276,78.43280111225563,79.66670862465342,82.0,4.406719247264253
1932,BLT-01,141577.55,456881.76,1893.2004417385372,16.4085,2.412209,122.37544947053402,2.032828276,78.43573526222825,79.66670862465342,82.0,4.406719247264253
1933,BLT-01,141577.55,456881.76,1893.2729973907112,15.87647,2.421029,122.37544947053402,2.032828276,78.43866938756385,79.66670862465342,82.0,4.406719247264253
1934,BLT-01,141577.55,456881.76,1893.345553042885,15.24204,2.433709,122.37544947053402,2.032828276,78.44160348826243,79.66670862465342,82.0,4.406719247264253
1935,BLT-01,141577.55,456881.76,1893.4181086950591,14.82346,2.442268,122.37544947053402,2.032828276,78.44453756432398,79.66670862465342,82.0,4.406719247264253
1936,BLT-01,141577.55,456881.76,1893.490664347233,14.67475,2.444898,122.37544947053402,2.032828276,78.4474716157485,79.66670862465342,82.0,4.406719247264253
1937,BLT-01,141577.55,456881.76,1893.563219999407,14.77033,2.443155,122.37544947053402,2.032828276,78.45040564253598,79.66670862465342,82.0,4.406719247264253
1938,BLT-01,141577.55,456881.76,1893.6357756515808,15.06585,2.438547,122.37544947053402,2.032828276,78.45333964468645,79.66670862465342,82.0,4.406719247264253
1939,BLT-01,141577.55,456881.76,1893.708331303755,15.33582,2.435231,122.37544947053402,2.032828276,78.45627362219986,79.66670862465342,82.0,4.406719247264253
1940,BLT-01,141577.55,456881.76,1893.7808869559287,15.5044,2.434674,122.37544947053402,2.032828276,78.45920757507625,79.66670862465342,82.0,4.406719247264253
1941,BLT-01,141577.55,456881.76,1893.8534426081023,15.68424,2.433617,122.37544947053402,2.032828276,78.4621415033156,79.66670862465342,82.0,4.406719247264253
1942,BLT-01,141577.55,456881.76,1893.9259982602764,15.90346,2.430606,122.37544947053402,2.032828276,78.46507540691798,79.66670862465342,82.0,4.406719247264253
1943,BLT-01,141577.55,456881.76,1893.9985539124505,16.09413,2.42481,122.37544947053402,2.032828276,78.46800928588327,79.66670862465342,82.0,4.406719247264253
1944,BLT-01,141577.55,456881.76,1894.0711095646243,16.16163,2.418229,122.37544947053402,2.032828276,78.47094314021153,79.66670862465342,82.0,4.406719247264253
1945,BLT-01,141577.55,456881.76,1894.1436652167984,16.25448,2.411498,122.37544947053402,2.032828276,78.4738769699028,79.66670862465342,82.0,4.406719247264253
1946,BLT-01,141577.55,456881.76,1894.216220868972,16.40134,2.405527,122.37544947053402,2.032828276,78.476810774957,79.66670862465342,82.0,4.406719247264253
1947,BLT-01,141577.55,456881.76,1894.288776521146,16.59038,2.402268,122.37544947053402,2.032828276,78.47974455537418,79.66670862465342,82.0,4.406719247264253
1948,BLT-01,141577.55,456881.76,1894.36133217332,16.66209,2.401642,122.37544947053402,2.032828276,78.48267831115434,79.66670862465342,82.0,4.406719247264253
1949,BLT-01,141577.55,456881.76,1894.433887825494,16.63583,2.401393,122.37544947053402,2.032828276,78.48561204229748,79.66670862465342,82.0,4.406719247264253
1950,BLT-01,141577.55,456881.76,1894.506443477668,16.50325,2.401594,122.37544947053402,2.032828276,78.48854574880357,79.66670862465342,82.0,4.406719247264253
1951,BLT-01,141577.55,456881.76,1894.5789991298416,16.2495,2.402737,122.37544947053402,2.032828276,78.49147943067263,79.66670862465342,82.0,4.406719247264253
1952,BLT-01,141577.55,456881.76,1894.651554782016,16.12819,2.405472,122.37544947053402,2.032828276,78.49441308790468,79.66670862465342,82.0,4.406719247264253
1953,BLT-01,141577.55,456881.76,1894.7241104341897,16.01055,2.408934,122.37544947053402,2.032828276,78.49734672049968,79.66670862465342,82.0,4.406719247264253
1954,BLT-01,141577.55,456881.76,1894.7966660863635,15.88277,2.41301,122.37544947053402,2.032828276,78.50028032845765,79.66670862465342,82.0,4.406719247264253
1955,BLT-01,141577.55,456881.76,1894.8692217385371,15.73798,2.417473,122.37544947053402,2.032828276,78.50321391177857,79.66670862465342,82.0,4.406719247264253
1956,BLT-01,141577.55,456881.76,1894.9417773907112,15.6469,2.418776,122.37544947053402,2.032828276,78.50614747046251,79.66670862465342,82.0,4.406719247264253
1957,BLT-01,141577.55,456881.76,1895.0143330428853,15.69422,2.416977,122.37544947053402,2.032828276,78.5090810045094,79.66670862465342,82.0,4.406719247264253
1958,BLT-01,141577.55,456881.76,1895.086888695059,15.95246,2.412706,122.37544947053402,2.032828276,78.51201451391924,79.66670862465342,82.0,4.406719247264253
1959,BLT-01,141577.55,456881.76,1895.159444347233,16.44588,2.406783,122.37544947053402,2.032828276,78.51494799869207,79.66670862465342,82.0,4.406719247264253
1960,BLT-01,141577.55,456881.76,1895.2319999994068,17.01156,2.402647,122.37544947053402,2.032828276,78.51788145882787,79.66670862465342,82.0,4.406719247264253
1961,BLT-01,141577.55,456881.76,1895.304555651581,17.39156,2.401248,122.37544947053402,2.032828276,78.52081489432662,79.66670862465342,82.0,4.406719247264253
1962,BLT-01,141577.55,456881.76,1895.3771113037549,17.67234,2.400282,122.37544947053402,2.032828276,78.52374830518836,79.66670862465342,82.0,4.406719247264253
1963,BLT-01,141577.55,456881.76,1895.4496669559287,17.87805,2.39887,122.37544947053402,2.032828276,78.52668169141307,79.66670862465342,82.0,4.406719247264253
1964,BLT-01,141577.55,456881.76,1895.5222226081023,17.9724,2.397008,122.37544947053402,2.032828276,78.52961505300074,79.66670862465342,82.0,4.406719247264253
1965,BLT-01,141577.55,456881.76,1895.5947782602764,17.80886,2.395396,122.37544947053402,2.032828276,78.53254838995139,79.66670862465342,82.0,4.406719247264253
1966,BLT-01,141577.55,456881.76,1895.6673339124504,17.49807,2.39475,122.37544947053402,2.032828276,78.535481702265,79.66670862465342,82.0,4.406719247264253
1967,BLT-01,141577.55,456881.76,1895.7398895646236,17.15825,2.395024,122.37544947053402,2.032828276,78.53841498994156,79.66670862465342,82.0,4.406719247264253
1968,BLT-01,141577.55,456881.76,1895.8124452167967,17.02273,2.395716,122.37544947053402,2.032828276,78.54134825298108,79.66670862465342,82.0,4.406719247264253
1969,BLT-01,141577.55,456881.76,1895.8850008689712,17.03089,2.396614,122.37544947053402,2.032828276,78.54428149138361,79.66670862465342,82.0,4.406719247264253
1970,BLT-01,141577.55,456881.76,1895.957556521145,16.8783,2.398024,122.37544947053402,2.032828276,78.54721470514912,79.66670862465342,82.0,4.406719247264253
1971,BLT-01,141577.55,456881.76,1896.030112173319,16.62967,2.399805,122.37544947053402,2.032828276,78.55014789427759,79.66670862465342,82.0,4.406719247264253
1972,BLT-01,141577.55,456881.76,1896.1026678254927,16.43472,2.401687,122.37544947053402,2.032828276,78.55308105876901,79.66670862465342,82.0,4.406719247264253
1973,BLT-01,141577.55,456881.76,1896.1752234776668,16.2846,2.402149,122.37544947053402,2.032828276,78.55601419862342,79.66670862465342,82.0,4.406719247264253
1974,BLT-01,141577.55,456881.76,1896.2477791298409,16.24685,2.399937,122.37544947053402,2.032828276,78.5589473138408,79.66670862465342,82.0,4.406719247264253
1975,BLT-01,141577.55,456881.76,1896.3203347820147,16.28653,2.396145,122.37544947053402,2.032828276,78.56188040442115,79.66670862465342,82.0,4.406719247264253
1976,BLT-01,141577.55,456881.76,1896.3928904341883,16.35525,2.392011,122.37544947053402,2.032828276,78.56481347036444,79.66670862465342,82.0,4.406719247264253
1977,BLT-01,141577.55,456881.76,1896.4654460863624,16.18229,2.390188,122.37544947053402,2.032828276,78.56774651167073,79.66670862465342,82.0,4.406719247264253
1978,BLT-01,141577.55,456881.76,1896.5380017385364,16.18165,2.39181,122.37544947053402,2.032828276,78.57067952834,79.66670862465342,82.0,4.406719247264253
1979,BLT-01,141577.55,456881.76,1896.6105573907105,16.30814,2.395125,122.37544947053402,2.032828276,78.57361252037221,79.66670862465342,82.0,4.406719247264253
1980,BLT-01,141577.55,456881.76,1896.683113042884,16.50632,2.398805,122.37544947053402,2.032828276,78.57654548776739,79.66670862465342,82.0,4.406719247264253
1981,BLT-01,141577.55,456881.76,1896.755668695058,16.55828,2.400853,122.37544947053402,2.032828276,78.57947843052557,79.66670862465342,82.0,4.406719247264253
1982,BLT-01,141577.55,456881.76,1896.828224347232,16.54429,2.402249,122.37544947053402,2.032828276,78.5824113486467,79.66670862465342,82.0,4.406719247264253
1983,BLT-01,141577.55,456881.76,1896.900779999406,16.52812,2.403444,122.37544947053402,2.032828276,78.5853442421308,79.66670862465342,82.0,4.406719247264253
1984,BLT-01,141577.55,456881.76,1896.97333565158,16.54575,2.404493,122.37544947053402,2.032828276,78.5882771109779,79.66670862465342,82.0,4.406719247264253
1985,BLT-01,141577.55,456881.76,1897.0458913037537,16.64825,2.404935,122.37544947053402,2.032828276,78.59120995518792,79.66670862465342,82.0,4.406719247264253
1986,BLT-01,141577.55,456881.76,1897.1184469559275,16.86598,2.401013,122.37544947053402,2.032828276,78.59414277476094,79.66670862465342,82.0,4.406719247264253
1987,BLT-01,141577.55,456881.76,1897.1910026081016,17.07193,2.395468,122.37544947053402,2.032828276,78.59707556969691,79.66670862465342,82.0,4.406719247264253
1988,BLT-01,141577.55,456881.76,1897.2635582602757,17.20917,2.38991,122.37544947053402,2.032828276,78.60000833999588,79.66670862465342,82.0,4.406719247264253
1989,BLT-01,141577.55,456881.76,1897.3361139124493,17.20513,2.386824,122.37544947053402,2.032828276,78.60294108565779,79.66670862465342,82.0,4.406719247264253
1990,BLT-01,141577.55,456881.76,1897.4086695646236,16.7967,2.391463,122.37544947053402,2.032828276,78.6058738066827,79.66670862465342,82.0,4.406719247264253
1991,BLT-01,141577.55,456881.76,1897.4812252167972,16.39428,2.398999,122.37544947053402,2.032828276,78.60880650307054,79.66670862465342,82.0,4.406719247264253
1992,BLT-01,141577.55,456881.76,1897.5537808689712,16.07748,2.407231,122.37544947053402,2.032828276,78.6117391748214,79.66670862465342,82.0,4.406719247264253
1993,BLT-01,141577.55,456881.76,1897.626336521145,15.89894,2.413636,122.37544947053402,2.032828276,78.61467182193519,79.66670862465342,82.0,4.406719247264253
1994,BLT-01,141577.55,456881.76,1897.6988921733189,15.68668,2.415972,122.37544947053402,2.032828276,78.61760444441195,79.66670862465342,82.0,4.406719247264253
1995,BLT-01,141577.55,456881.76,1897.771447825493,15.58321,2.415116,122.37544947053402,2.032828276,78.6205370422517,79.66670862465342,82.0,4.406719247264253
1996,BLT-01,141577.55,456881.76,1897.8440034776668,15.56788,2.411837,122.37544947053402,2.032828276,78.62346961545441,79.66670862465342,82.0,4.406719247264253
1997,BLT-01,141577.55,456881.76,1897.9165591298408,15.62936,2.406763,122.37544947053402,2.032828276,78.62640216402009,79.66670862465342,82.0,4.406719247264253
1998,BLT-01,141577.55,456881.76,1897.989114782015,16.09952,2.396533,122.37544947053402,2.032828276,78.62933468794877,79.66670862465342,82.0,4.406719247264253
1999,BLT-01,141577.55,456881.76,1898.0616704341885,16.59441,2.386458,122.37544947053402,2.032828276,78.63226718724036,79.66670862465342,82.0,4.406719247264253
2000,BLT-01,141577.55,456881.76,1898.1342260863623,16.90401,2.378106,122.37544947053402,2.032828276,78.63519966189496,79.66670862465342,82.0,4.406719247264253
2001,BLT-01,141577.55,456881.76,1898.2067817385364,16.92951,2.372457,122.37544947053402,2.032828276,78.63813211191251,79.66670862465342,82.0,4.406719247264253
2002,BLT-01,141577.55,456881.76,1898.2793373907105,16.87518,2.369881,122.37544947053402,2.032828276,78.64106453729308,79.66670862465342,82.0,4.406719247264253
2003,BLT-01,141577.55,456881.76,1898.351893042884,16.93042,2.370687,122.37544947053402,2.032828276,78.64399693803657,79.66670862465342,82.0,4.406719247264253
2004,BLT-01,141577.55,456881.76,1898.424448695058,17.05693,2.373156,122.37544947053402,2.032828276,78.64692931414302,79.66670862465342,82.0,4.406719247264253
2005,BLT-01,141577.55,456881.76,1898.497004347232,17.19332,2.376691,122.37544947053402,2.032828276,78.64986166561246,79.66670862465342,82.0,4.406719247264253
2006,BLT-01,141577.55,456881.76,1898.569559999406,17.14651,2.381383,122.37544947053402,2.032828276,78.6527939924449,79.66670862465342,82.0,4.406719247264253
2007,BLT-01,141577.55,456881.76,1898.64211565158,16.86023,2.386018,122.37544947053402,2.032828276,78.65572629464027,79.66670862465342,82.0,4.406719247264253
2008,BLT-01,141577.55,456881.76,1898.7146713037537,16.5704,2.390424,122.37544947053402,2.032828276,78.6586585721986,79.66670862465342,82.0,4.406719247264253
2009,BLT-01,141577.55,456881.76,1898.787226955928,16.35284,2.395129,122.37544947053402,2.032828276,78.66159082511996,79.66670862465342,82.0,4.406719247264253
2010,BLT-01,141577.55,456881.76,1898.8597826081009,16.27108,2.401477,122.37544947053402,2.032828276,78.6645230534042,79.66670862465342,82.0,4.406719247264253
2011,BLT-01,141577.55,456881.76,1898.9323382602745,16.15492,2.405573,122.37544947053402,2.032828276,78.66745525705146,79.66670862465342,82.0,4.406719247264253
2012,BLT-01,141577.55,456881.76,1899.0048939124488,15.97679,2.407819,122.37544947053402,2.032828276,78.6703874360617,79.66670862465342,82.0,4.406719247264253
2013,BLT-01,141577.55,456881.76,1899.0774495646224,15.70051,2.409249,122.37544947053402,2.032828276,78.67331959043489,79.66670862465342,82.0,4.406719247264253
2014,BLT-01,141577.55,456881.76,1899.150005216796,15.27927,2.411326,122.37544947053402,2.032828276,78.67625172017105,79.66670862465342,82.0,4.406719247264253
2015,BLT-01,141577.55,456881.76,1899.22256086897,14.93047,2.415326,122.37544947053402,2.032828276,78.6791838252702,79.66670862465342,82.0,4.406719247264253
2016,BLT-01,141577.55,456881.76,1899.295116521144,14.67739,2.420855,122.37544947053402,2.032828276,78.6821159057323,79.66670862465342,82.0,4.406719247264253
2017,BLT-01,141577.55,456881.76,1899.3676721733184,14.34991,2.429584,122.37544947053402,2.032828276,78.6850479615574,79.66670862465342,82.0,4.406719247264253
2018,BLT-01,141577.55,456881.76,1899.440227825492,13.80062,2.44271,122.37544947053402,2.032828276,78.68797999274544,79.66670862465342,82.0,4.406719247264253
2019,BLT-01,141577.55,456881.76,1899.5127834776656,13.25233,2.453884,122.37544947053402,2.032828276,78.69091199929646,79.66670862465342,82.0,4.406719247264253
2020,BLT-01,141577.55,456881.76,1899.58533912984,13.10862,2.459178,122.37544947053402,2.032828276,78.69384398121048,79.66670862465342,82.0,4.406719247264253
2021,BLT-01,141577.55,456881.76,1899.6578947820135,13.19643,2.461048,122.37544947053402,2.032828276,78.6967759384874,79.66670862465342,82.0,4.406719247264253
2022,BLT-01,141577.55,456881.76,1899.730450434188,13.36616,2.461128,122.37544947053402,2.032828276,78.69970787112736,79.66670862465342,82.0,4.406719247264253
2023,BLT-01,141577.55,456881.76,1899.8030060863612,13.26349,2.46073,122.37544947053402,2.032828276,78.70263977913024,79.66670862465342,82.0,4.406719247264253
2024,BLT-01,141577.55,456881.76,1899.8755617385357,13.135,2.461277,122.37544947053402,2.032828276,78.70557166249613,79.66670862465342,82.0,4.406719247264253
2025,BLT-01,141577.55,456881.76,1899.9481173907093,13.26644,2.458553,122.37544947053402,2.032828276,78.70850352122496,79.66670862465342,82.0,4.406719247264253
2026,BLT-01,141577.55,456881.76,1900.0206730428836,13.72189,2.450968,122.37544947053402,2.032828276,78.71143535531678,79.66670862465342,82.0,4.406719247264253
2027,BLT-01,141577.55,456881.76,1900.0932286950567,14.35159,2.438184,122.37544947053402,2.032828276,78.71436716477153,79.66670862465342,82.0,4.406719247264253
2028,BLT-01,141577.55,456881.76,1900.165784347231,14.91966,2.423853,122.37544947053402,2.032828276,78.7172989495893,79.66670862465342,82.0,4.406719247264253
2029,BLT-01,141577.55,456881.76,1900.2383399994048,15.43567,2.409162,122.37544947053402,2.032828276,78.72023070977002,79.66670862465342,82.0,4.406719247264253
2030,BLT-01,141577.55,456881.76,1900.310895651579,15.85297,2.396523,122.37544947053402,2.032828276,78.7231624453137,79.66670862465342,82.0,4.406719247264253
2031,BLT-01,141577.55,456881.76,1900.3834513037527,16.05789,2.391006,122.37544947053402,2.032828276,78.72609415622037,79.66670862465342,82.0,4.406719247264253
2032,BLT-01,141577.55,456881.76,1900.4560069559268,16.08005,2.393326,122.37544947053402,2.032828276,78.72902584249,79.66670862465342,82.0,4.406719247264253
2033,BLT-01,141577.55,456881.76,1900.5285626081009,15.86145,2.39848,122.37544947053402,2.032828276,78.7319575041226,79.66670862465342,82.0,4.406719247264253
2034,BLT-01,141577.55,456881.76,1900.6011182602747,15.49933,2.404987,122.37544947053402,2.032828276,78.73488914111817,79.66670862465342,82.0,4.406719247264253
2035,BLT-01,141577.55,456881.76,1900.6736739124483,15.14315,2.41141,122.37544947053402,2.032828276,78.73782075347671,79.66670862465342,82.0,4.406719247264253
2036,BLT-01,141577.55,456881.76,1900.7462295646224,15.05587,2.418426,122.37544947053402,2.032828276,78.74075234119823,79.66670862465342,82.0,4.406719247264253
2037,BLT-01,141577.55,456881.76,1900.818785216796,14.90058,2.426533,122.37544947053402,2.032828276,78.74368390428269,79.66670862465342,82.0,4.406719247264253
2038,BLT-01,141577.55,456881.76,1900.89134086897,14.7176,2.433112,122.37544947053402,2.032828276,78.74661544273013,79.66670862465342,82.0,4.406719247264253
2039,BLT-01,141577.55,456881.76,1900.963896521144,14.57325,2.435334,122.37544947053402,2.032828276,78.74954695654057,79.66670862465342,82.0,4.406719247264253
2040,BLT-01,141577.55,456881.76,1901.036452173318,14.93108,2.42382,122.37544947053402,2.032828276,78.75247844571396,79.66670862465342,82.0,4.406719247264253
2041,BLT-01,141577.55,456881.76,1901.109007825492,15.36793,2.413181,122.37544947053402,2.032828276,78.75540991025032,79.66670862465342,82.0,4.406719247264253
2042,BLT-01,141577.55,456881.76,1901.1815634776656,15.72013,2.406332,122.37544947053402,2.032828276,78.75834135014964,79.66670862465342,82.0,4.406719247264253
2043,BLT-01,141577.55,456881.76,1901.25411912984,15.87787,2.405353,122.37544947053402,2.032828276,78.76127276541196,79.66670862465342,82.0,4.406719247264253
2044,BLT-01,141577.55,456881.76,1901.3266747820137,15.72499,2.413272,122.37544947053402,2.032828276,78.76420415603721,79.66670862465342,82.0,4.406719247264253
2045,BLT-01,141577.55,456881.76,1901.3992304341875,15.35672,2.422533,122.37544947053402,2.032828276,78.76713552202546,79.66670862465342,82.0,4.406719247264253
2046,BLT-01,141577.55,456881.76,1901.4717860863605,14.97883,2.429803,122.37544947053402,2.032828276,78.77006686337663,79.66670862465342,82.0,4.406719247264253
2047,BLT-01,141577.55,456881.76,1901.5443417385345,14.65773,2.434065,122.37544947053402,2.032828276,78.77299818009081,79.66670862465342,82.0,4.406719247264253
2048,BLT-01,141577.55,456881.76,1901.6168973907083,14.37344,2.435876,122.37544947053402,2.032828276,78.77592947216796,79.66670862465342,82.0,4.406719247264253
2049,BLT-01,141577.55,456881.76,1901.6894530428824,14.39803,2.435092,122.37544947053402,2.032828276,78.77886073960809,79.66670862465342,82.0,4.406719247264253
2050,BLT-01,141577.55,456881.76,1901.7620086950567,14.53239,2.434329,122.37544947053402,2.032828276,78.78179198241119,79.66670862465342,82.0,4.406719247264253
2051,BLT-01,141577.55,456881.76,1901.834564347231,14.64869,2.434377,122.37544947053402,2.032828276,78.78472320057726,79.66670862465342,82.0,4.406719247264253
2052,BLT-01,141577.55,456881.76,1901.907119999405,14.54518,2.435864,122.37544947053402,2.032828276,78.7876543941063,79.66670862465342,82.0,4.406719247264253
2053,BLT-01,141577.55,456881.76,1901.9796756515789,14.34518,2.438251,122.37544947053402,2.032828276,78.7905855629983,79.66670862465342,82.0,4.406719247264253
2054,BLT-01,141577.55,456881.76,1902.052231303752,14.21458,2.442127,122.37544947053402,2.032828276,78.79351670725323,79.66670862465342,82.0,4.406719247264253
2055,BLT-01,141577.55,456881.76,1902.1247869559256,14.12619,2.446764,122.37544947053402,2.032828276,78.79644782687116,79.66670862465342,82.0,4.406719247264253
2056,BLT-01,141577.55,456881.76,1902.1973426081,14.01941,2.451056,122.37544947053402,2.032828276,78.7993789218521,79.66670862465342,82.0,4.406719247264253
2057,BLT-01,141577.55,456881.76,1902.2698982602733,13.98537,2.452549,122.37544947053402,2.032828276,78.80230999219594,79.66670862465342,82.0,4.406719247264253
2058,BLT-01,141577.55,456881.76,1902.3424539124476,14.05573,2.452067,122.37544947053402,2.032828276,78.8052410379028,79.66670862465342,82.0,4.406719247264253
2059,BLT-01,141577.55,456881.76,1902.4150095646212,14.31061,2.447075,122.37544947053402,2.032828276,78.80817205897262,79.66670862465342,82.0,4.406719247264253
2060,BLT-01,141577.55,456881.76,1902.4875652167957,14.81046,2.435589,122.37544947053402,2.032828276,78.81110305540543,79.66670862465342,82.0,4.406719247264253
2061,BLT-01,141577.55,456881.76,1902.5601208689693,15.42995,2.421428,122.37544947053402,2.032828276,78.81403402720117,79.66670862465342,82.0,4.406719247264253
2062,BLT-01,141577.55,456881.76,1902.6326765211431,16.00036,2.409613,122.37544947053402,2.032828276,78.81696497435989,79.66670862465342,82.0,4.406719247264253
2063,BLT-01,141577.55,456881.76,1902.705232173317,16.48544,2.399085,122.37544947053402,2.032828276,78.81989589688159,79.66670862465342,82.0,4.406719247264253
2064,BLT-01,141577.55,456881.76,1902.777787825491,16.84404,2.389789,122.37544947053402,2.032828276,78.82282679476627,79.66670862465342,82.0,4.406719247264253
2065,BLT-01,141577.55,456881.76,1902.8503434776649,16.92752,2.385607,122.37544947053402,2.032828276,78.82575766801389,79.66670862465342,82.0,4.406719247264253
2066,BLT-01,141577.55,456881.76,1902.9228991298387,16.97746,2.385461,122.37544947053402,2.032828276,78.8286885166245,79.66670862465342,82.0,4.406719247264253
2067,BLT-01,141577.55,456881.76,1902.9954547820128,16.94761,2.387373,122.37544947053402,2.032828276,78.8316193405981,79.66670862465342,82.0,4.406719247264253
2068,BLT-01,141577.55,456881.76,1903.0680104341864,16.77923,2.390628,122.37544947053402,2.032828276,78.83455013993462,79.66670862465342,82.0,4.406719247264253
2069,BLT-01,141577.55,456881.76,1903.1405660863609,16.30987,2.395067,122.37544947053402,2.032828276,78.83748091463417,79.66670862465342,82.0,4.406719247264253
2070,BLT-01,141577.55,456881.76,1903.2131217385345,15.9937,2.39918,122.37544947053402,2.032828276,78.84041166469665,79.66670862465342,82.0,4.406719247264253
2071,BLT-01,141577.55,456881.76,1903.2856773907083,15.78308,2.403016,122.37544947053402,2.032828276,78.8433423901221,79.66670862465342,82.0,4.406719247264253
2072,BLT-01,141577.55,456881.76,1903.358233042882,15.59761,2.40688,122.37544947053402,2.032828276,78.84627309091051,79.66670862465342,82.0,4.406719247264253
2073,BLT-01,141577.55,456881.76,1903.430788695056,15.27812,2.411428,122.37544947053402,2.032828276,78.84920376706191,79.66670862465342,82.0,4.406719247264253
2074,BLT-01,141577.55,456881.76,1903.50334434723,14.80522,2.420117,122.37544947053402,2.032828276,78.8521344185763,79.66670862465342,82.0,4.406719247264253
2075,BLT-01,141577.55,456881.76,1903.575899999404,14.5061,2.428399,122.37544947053402,2.032828276,78.85506504545364,79.66670862465342,82.0,4.406719247264253
2076,BLT-01,141577.55,456881.76,1903.648455651578,14.39198,2.434992,122.37544947053402,2.032828276,78.85799564769394,79.66670862465342,82.0,4.406719247264253
2077,BLT-01,141577.55,456881.76,1903.721011303752,14.43357,2.438738,122.37544947053402,2.032828276,78.86092622529722,79.66670862465342,82.0,4.406719247264253
2078,BLT-01,141577.55,456881.76,1903.7935669559256,14.50919,2.442041,122.37544947053402,2.032828276,78.86385677826345,79.66670862465342,82.0,4.406719247264253
2079,BLT-01,141577.55,456881.76,1903.8661226081,14.60468,2.445177,122.37544947053402,2.032828276,78.8667873065927,79.66670862465342,82.0,4.406719247264253
2080,BLT-01,141577.55,456881.76,1903.9386782602733,14.68337,2.447478,122.37544947053402,2.032828276,78.86971781028485,79.66670862465342,82.0,4.406719247264253
2081,BLT-01,141577.55,456881.76,1904.0112339124476,14.72281,2.448204,122.37544947053402,2.032828276,78.87264828934002,79.66670862465342,82.0,4.406719247264253
2082,BLT-01,141577.55,456881.76,1904.0837895646212,14.89442,2.444322,122.37544947053402,2.032828276,78.87557874375814,79.66670862465342,82.0,4.406719247264253
2083,BLT-01,141577.55,456881.76,1904.1563452167957,15.26043,2.438314,122.37544947053402,2.032828276,78.87850917353927,79.66670862465342,82.0,4.406719247264253
2084,BLT-01,141577.55,456881.76,1904.2289008689693,15.58455,2.429967,122.37544947053402,2.032828276,78.88143957868333,79.66670862465342,82.0,4.406719247264253
2085,BLT-01,141577.55,456881.76,1904.301456521143,15.73724,2.420152,122.37544947053402,2.032828276,78.88436995919035,79.66670862465342,82.0,4.406719247264253
2086,BLT-01,141577.55,456881.76,1904.3740121733167,15.72512,2.415637,122.37544947053402,2.032828276,78.88730031506034,79.66670862465342,82.0,4.406719247264253
2087,BLT-01,141577.55,456881.76,1904.4465537698964,15.72959,2.417613,122.37544947053402,2.032828276,78.89023007862738,79.66670862465342,82.0,4.406719247264253
2088,BLT-01,141577.55,456881.76,1904.5190478682568,15.50595,2.424893,122.37544947053402,2.032828276,78.89315789926341,79.66670862465342,82.0,4.406719247264253
2089,BLT-01,141577.55,456881.76,1904.591541966617,15.02284,2.435749,122.37544947053402,2.032828276,78.89608569530421,79.66670862465342,82.0,4.406719247264253
2090,BLT-01,141577.55,456881.76,1904.6640360649772,14.46624,2.445235,122.37544947053402,2.032828276,78.89901346674974,79.66670862465342,82.0,4.406719247264253
2091,BLT-01,141577.55,456881.76,1904.7365301633376,14.23432,2.449766,122.37544947053402,2.032828276,78.90194121360005,79.66670862465342,82.0,4.406719247264253
2092,BLT-01,141577.55,456881.76,1904.8090242616984,14.11488,2.452436,122.37544947053402,2.032828276,78.90486893585513,79.66670862465342,82.0,4.406719247264253
2093,BLT-01,141577.55,456881.76,1904.8815183600595,14.10062,2.453723,122.37544947053402,2.032828276,78.90779663351498,79.66670862465342,82.0,4.406719247264253
2094,BLT-01,141577.55,456881.76,1904.95401245842,14.2634,2.453393,122.37544947053402,2.032828276,78.91072430657954,79.66670862465342,82.0,4.406719247264253
2095,BLT-01,141577.55,456881.76,1905.0265065567808,14.40226,2.452884,122.37544947053402,2.032828276,78.91365195504888,79.66670862465342,82.0,4.406719247264253
2096,BLT-01,141577.55,456881.76,1905.0990006551413,14.42572,2.454083,122.37544947053402,2.032828276,78.91657957892298,79.66670862465342,82.0,4.406719247264253
2097,BLT-01,141577.55,456881.76,1905.171494753502,14.34416,2.45689,122.37544947053402,2.032828276,78.91950717820183,79.66670862465342,82.0,4.406719247264253
2098,BLT-01,141577.55,456881.76,1905.2439888518625,14.18466,2.460908,122.37544947053402,2.032828276,78.92243475288542,79.66670862465342,82.0,4.406719247264253
2099,BLT-01,141577.55,456881.76,1905.3164829502232,14.04155,2.464289,122.37544947053402,2.032828276,78.92536230297378,79.66670862465342,82.0,4.406719247264253
2100,BLT-01,141577.55,456881.76,1905.388977048584,14.15484,2.464497,122.37544947053402,2.032828276,78.92828982846689,79.66670862465342,82.0,4.406719247264253
2101,BLT-01,141577.55,456881.76,1905.4614711469444,14.39865,2.461893,122.37544947053402,2.032828276,78.93121732936476,79.66670862465342,82.0,4.406719247264253
2102,BLT-01,141577.55,456881.76,1905.5339652453051,14.65412,2.457088,122.37544947053402,2.032828276,78.93414480566737,79.66670862465342,82.0,4.406719247264253
2103,BLT-01,141577.55,456881.76,1905.6064593436656,14.86282,2.453442,122.37544947053402,2.032828276,78.93707225737472,79.66670862465342,82.0,4.406719247264253
2104,BLT-01,141577.55,456881.76,1905.6789534420263,14.91546,2.451893,122.37544947053402,2.032828276,78.93999968448686,79.66670862465342,82.0,4.406719247264253
2105,BLT-01,141577.55,456881.76,1905.7514475403875,14.8303,2.45262,122.37544947053402,2.032828276,78.94292708700377,79.66670862465342,82.0,4.406719247264253
2106,BLT-01,141577.55,456881.76,1905.823941638748,14.63759,2.455605,122.37544947053402,2.032828276,78.9458544649254,79.66670862465342,82.0,4.406719247264253
2107,BLT-01,141577.55,456881.76,1905.8964357371085,14.4718,2.460101,122.37544947053402,2.032828276,78.94878181825179,79.66670862465342,82.0,4.406719247264253
2108,BLT-01,141577.55,456881.76,1905.968929835469,14.47975,2.463284,122.37544947053402,2.032828276,78.95170914698292,79.66670862465342,82.0,4.406719247264253
2109,BLT-01,141577.55,456881.76,1906.0414239338295,14.67041,2.464167,122.37544947053402,2.032828276,78.95463645111882,79.66670862465342,82.0,4.406719247264253
2110,BLT-01,141577.55,456881.76,1906.1139180321904,14.99141,2.462289,122.37544947053402,2.032828276,78.95756373065947,79.66670862465342,82.0,4.406719247264253
2111,BLT-01,141577.55,456881.76,1906.1864121305512,15.24271,2.457148,122.37544947053402,2.032828276,78.96049098560489,79.66670862465342,82.0,4.406719247264253
2112,BLT-01,141577.55,456881.76,1906.258906228912,15.34397,2.451375,122.37544947053402,2.032828276,78.96341821595507,79.66670862465342,82.0,4.406719247264253
2113,BLT-01,141577.55,456881.76,1906.3314003272724,15.44573,2.444955,122.37544947053402,2.032828276,78.96634542170997,79.66670862465342,82.0,4.406719247264253
2114,BLT-01,141577.55,456881.76,1906.403894425633,15.53225,2.438668,122.37544947053402,2.032828276,78.96927260286967,79.66670862465342,82.0,4.406719247264253
2115,BLT-01,141577.55,456881.76,1906.4763885239936,15.51054,2.434186,122.37544947053402,2.032828276,78.97219975943409,79.66670862465342,82.0,4.406719247264253
2116,BLT-01,141577.55,456881.76,1906.5488826223543,15.60893,2.43186,122.37544947053402,2.032828276,78.97512689140328,79.66670862465342,82.0,4.406719247264253
2117,BLT-01,141577.55,456881.76,1906.621376720715,15.70926,2.428763,122.37544947053402,2.032828276,78.97805399877721,79.66670862465342,82.0,4.406719247264253
2118,BLT-01,141577.55,456881.76,1906.693870819076,15.83827,2.423877,122.37544947053402,2.032828276,78.98098108155591,79.66670862465342,82.0,4.406719247264253
2119,BLT-01,141577.55,456881.76,1906.7663649174365,16.04323,2.416228,122.37544947053402,2.032828276,78.98390813973936,79.66670862465342,82.0,4.406719247264253
2120,BLT-01,141577.55,456881.76,1906.838859015797,16.45058,2.410152,122.37544947053402,2.032828276,78.98683517332755,79.66670862465342,82.0,4.406719247264253
2121,BLT-01,141577.55,456881.76,1906.9113531141577,16.69304,2.406593,122.37544947053402,2.032828276,78.98976218232052,79.66670862465342,82.0,4.406719247264253
2122,BLT-01,141577.55,456881.76,1906.9838472125184,16.80872,2.404737,122.37544947053402,2.032828276,78.99268916671822,79.66670862465342,82.0,4.406719247264253
2123,BLT-01,141577.55,456881.76,1907.056341310879,16.8406,2.403904,122.37544947053402,2.032828276,78.99561612652067,79.66670862465342,82.0,4.406719247264253
2124,BLT-01,141577.55,456881.76,1907.12883540924,16.86037,2.405233,122.37544947053402,2.032828276,78.99854306172794,79.66670862465342,82.0,4.406719247264253
2125,BLT-01,141577.55,456881.76,1907.2013295076,16.83392,2.40774,122.37544947053402,2.032828276,79.00146997233988,79.66670862465342,82.0,4.406719247264253
2126,BLT-01,141577.55,456881.76,1907.273823605961,16.77685,2.410565,122.37544947053402,2.032828276,79.00439685835661,79.66670862465342,82.0,4.406719247264253
2127,BLT-01,141577.55,456881.76,1907.3463177043216,16.72814,2.413075,122.37544947053402,2.032828276,79.0073237197781,79.66670862465342,82.0,4.406719247264253
2128,BLT-01,141577.55,456881.76,1907.4188118026825,16.88657,2.414121,122.37544947053402,2.032828276,79.01025055660436,79.66670862465342,82.0,4.406719247264253
2129,BLT-01,141577.55,456881.76,1907.491305901043,16.92744,2.413551,122.37544947053402,2.032828276,79.01317736883534,79.66670862465342,82.0,4.406719247264253
2130,BLT-01,141577.55,456881.76,1907.5637999994035,16.83098,2.412231,122.37544947053402,2.032828276,79.0161041564711,79.66670862465342,82.0,4.406719247264253
2131,BLT-01,141577.55,456881.76,1907.636294097764,16.63716,2.410628,122.37544947053402,2.032828276,79.0190309195116,79.66670862465342,82.0,4.406719247264253
2132,BLT-01,141577.55,456881.76,1907.708788196124,16.50956,2.409417,122.37544947053402,2.032828276,79.02195765795682,79.66670862465342,82.0,4.406719247264253
2133,BLT-01,141577.55,456881.76,1907.7812822944843,16.45826,2.407905,122.37544947053402,2.032828276,79.02488437180682,79.66670862465342,82.0,4.406719247264253
2134,BLT-01,141577.55,456881.76,1907.8537763928448,16.54563,2.406237,122.37544947053402,2.032828276,79.02781106106158,79.66670862465342,82.0,4.406719247264253
2135,BLT-01,141577.55,456881.76,1907.9262704912055,16.70659,2.404486,122.37544947053402,2.032828276,79.03073772572111,79.66670862465342,82.0,4.406719247264253
2136,BLT-01,141577.55,456881.76,1907.9987645895665,16.78108,2.402751,122.37544947053402,2.032828276,79.0336643657854,79.66670862465342,82.0,4.406719247264253
2137,BLT-01,141577.55,456881.76,1908.0712586879272,16.69927,2.401385,122.37544947053402,2.032828276,79.03659098125443,79.66670862465342,82.0,4.406719247264253
2138,BLT-01,141577.55,456881.76,1908.143752786288,16.67711,2.399692,122.37544947053402,2.032828276,79.03951757212823,79.66670862465342,82.0,4.406719247264253
2139,BLT-01,141577.55,456881.76,1908.2162468846489,16.67066,2.398211,122.37544947053402,2.032828276,79.04244413840678,79.66670862465342,82.0,4.406719247264253
2140,BLT-01,141577.55,456881.76,1908.288740983009,16.6008,2.397704,122.37544947053402,2.032828276,79.04537068009004,79.66670862465342,82.0,4.406719247264253
2141,BLT-01,141577.55,456881.76,1908.3612350813696,16.4919,2.399457,122.37544947053402,2.032828276,79.0482971971781,79.66670862465342,82.0,4.406719247264253
2142,BLT-01,141577.55,456881.76,1908.4337291797303,16.3558,2.401875,122.37544947053402,2.032828276,79.0512236896709,79.66670862465342,82.0,4.406719247264253
2143,BLT-01,141577.55,456881.76,1908.506223278091,16.13209,2.405715,122.37544947053402,2.032828276,79.05415015756847,79.66670862465342,82.0,4.406719247264253
2144,BLT-01,141577.55,456881.76,1908.578717376452,15.78248,2.411454,122.37544947053402,2.032828276,79.05707660087079,79.66670862465342,82.0,4.406719247264253
2145,BLT-01,141577.55,456881.76,1908.6512114748125,15.46534,2.417054,122.37544947053402,2.032828276,79.06000301957786,79.66670862465342,82.0,4.406719247264253
2146,BLT-01,141577.55,456881.76,1908.7237055731728,15.15928,2.421978,122.37544947053402,2.032828276,79.06292941368967,79.66670862465342,82.0,4.406719247264253
2147,BLT-01,141577.55,456881.76,1908.7961996715337,14.91629,2.427212,122.37544947053402,2.032828276,79.06585578320627,79.66670862465342,82.0,4.406719247264253
2148,BLT-01,141577.55,456881.76,1908.8686937698944,14.7915,2.432835,122.37544947053402,2.032828276,79.06878212812761,79.66670862465342,82.0,4.406719247264253
2149,BLT-01,141577.55,456881.76,1908.9411878682552,14.96259,2.436146,122.37544947053402,2.032828276,79.0717084484537,79.66670862465342,82.0,4.406719247264253
2150,BLT-01,141577.55,456881.76,1909.013681966616,15.22373,2.436436,122.37544947053402,2.032828276,79.07463474418455,79.66670862465342,82.0,4.406719247264253
2151,BLT-01,141577.55,456881.76,1909.0861760649764,15.39259,2.435274,122.37544947053402,2.032828276,79.07756101532013,79.66670862465342,82.0,4.406719247264253
2152,BLT-01,141577.55,456881.76,1909.1586701633369,15.37871,2.433639,122.37544947053402,2.032828276,79.08048726186047,79.66670862465342,82.0,4.406719247264253
2153,BLT-01,141577.55,456881.76,1909.2311642616976,15.06598,2.433225,122.37544947053402,2.032828276,79.08341348380559,79.66670862465342,82.0,4.406719247264253
2154,BLT-01,141577.55,456881.76,1909.3036583600583,14.77533,2.435783,122.37544947053402,2.032828276,79.08633968115545,79.66670862465342,82.0,4.406719247264253
2155,BLT-01,141577.55,456881.76,1909.376152458419,14.56201,2.440428,122.37544947053402,2.032828276,79.08926585391008,79.66670862465342,82.0,4.406719247264253
2156,BLT-01,141577.55,456881.76,1909.44864655678,14.27138,2.4474,122.37544947053402,2.032828276,79.09219200206947,79.66670862465342,82.0,4.406719247264253
2157,BLT-01,141577.55,456881.76,1909.52114065514,13.56541,2.457517,122.37544947053402,2.032828276,79.09511812563356,79.66670862465342,82.0,4.406719247264253
2158,BLT-01,141577.55,456881.76,1909.593634753501,12.84728,2.464692,122.37544947053402,2.032828276,79.09804422460245,79.66670862465342,82.0,4.406719247264253
2159,BLT-01,141577.55,456881.76,1909.6661288518612,12.51039,2.468328,122.37544947053402,2.032828276,79.10097029897608,79.66670862465342,82.0,4.406719247264253
2160,BLT-01,141577.55,456881.76,1909.7386229502224,12.50027,2.469121,122.37544947053402,2.032828276,79.10389634875447,79.66670862465342,82.0,4.406719247264253
2161,BLT-01,141577.55,456881.76,1909.811117048583,12.70062,2.468092,122.37544947053402,2.032828276,79.10682237393762,79.66670862465342,82.0,4.406719247264253
2162,BLT-01,141577.55,456881.76,1909.883611146944,13.23437,2.461339,122.37544947053402,2.032828276,79.10974837452555,79.66670862465342,82.0,4.406719247264253
2163,BLT-01,141577.55,456881.76,1909.9561052453043,13.75767,2.453721,122.37544947053402,2.032828276,79.11267435051819,79.66670862465342,82.0,4.406719247264253
2164,BLT-01,141577.55,456881.76,1910.0285993436648,14.17579,2.446902,122.37544947053402,2.032828276,79.11560030191559,79.66670862465342,82.0,4.406719247264253
2165,BLT-01,141577.55,456881.76,1910.1010934420256,14.42515,2.442207,122.37544947053402,2.032828276,79.11852622871776,79.66670862465342,82.0,4.406719247264253
2166,BLT-01,141577.55,456881.76,1910.173587540386,14.66908,2.439378,122.37544947053402,2.032828276,79.12145213092467,79.66670862465342,82.0,4.406719247264253
2167,BLT-01,141577.55,456881.76,1910.2460816387468,14.8973,2.437537,122.37544947053402,2.032828276,79.12437800853634,79.66670862465342,82.0,4.406719247264253
2168,BLT-01,141577.55,456881.76,1910.3185757371075,15.08811,2.43606,122.37544947053402,2.032828276,79.12730386155278,79.66670862465342,82.0,4.406719247264253
2169,BLT-01,141577.55,456881.76,1910.391069835468,15.22873,2.434529,122.37544947053402,2.032828276,79.13022968997394,79.66670862465342,82.0,4.406719247264253
2170,BLT-01,141577.55,456881.76,1910.463563933829,15.30856,2.432343,122.37544947053402,2.032828276,79.1331554937999,79.66670862465342,82.0,4.406719247264253
2171,BLT-01,141577.55,456881.76,1910.5360580321892,15.1926,2.431845,122.37544947053402,2.032828276,79.13608127303058,79.66670862465342,82.0,4.406719247264253
2172,BLT-01,141577.55,456881.76,1910.6085521305504,15.06798,2.433103,122.37544947053402,2.032828276,79.13900702766604,79.66670862465342,82.0,4.406719247264253
2173,BLT-01,141577.55,456881.76,1910.6810462289109,15.0057,2.43611,122.37544947053402,2.032828276,79.14193275770623,79.66670862465342,82.0,4.406719247264253
2174,BLT-01,141577.55,456881.76,1910.7535403272716,15.05313,2.440772,122.37544947053402,2.032828276,79.1448584631512,79.66670862465342,82.0,4.406719247264253
2175,BLT-01,141577.55,456881.76,1910.8260344256312,15.08166,2.444835,122.37544947053402,2.032828276,79.14778414400087,79.66670862465342,82.0,4.406719247264253
2176,BLT-01,141577.55,456881.76,1910.898528523992,15.15717,2.44649,122.37544947053402,2.032828276,79.15070980025533,79.66670862465342,82.0,4.406719247264253
2177,BLT-01,141577.55,456881.76,1910.9710226223524,15.29664,2.44544,122.37544947053402,2.032828276,79.15363543191455,79.66670862465342,82.0,4.406719247264253
2178,BLT-01,141577.55,456881.76,1911.043516720713,15.51181,2.441705,122.37544947053402,2.032828276,79.15656103897851,79.66670862465342,82.0,4.406719247264253
2179,BLT-01,141577.55,456881.76,1911.1160108190736,15.71026,2.437942,122.37544947053402,2.032828276,79.15948662144724,79.66670862465342,82.0,4.406719247264253
2180,BLT-01,141577.55,456881.76,1911.1885049174343,15.79253,2.435448,122.37544947053402,2.032828276,79.16241217932074,79.66670862465342,82.0,4.406719247264253
2181,BLT-01,141577.55,456881.76,1911.260999015795,15.75913,2.43421,122.37544947053402,2.032828276,79.16533771259897,79.66670862465342,82.0,4.406719247264253
2182,BLT-01,141577.55,456881.76,1911.333493114156,15.62334,2.434052,122.37544947053402,2.032828276,79.16826322128199,79.66670862465342,82.0,4.406719247264253
2183,BLT-01,141577.55,456881.76,1911.4059872125165,15.43779,2.433381,122.37544947053402,2.032828276,79.17118870536973,79.66670862465342,82.0,4.406719247264253
2184,BLT-01,141577.55,456881.76,1911.478481310877,15.38849,2.432166,122.37544947053402,2.032828276,79.17411416486223,79.66670862465342,82.0,4.406719247264253
2185,BLT-01,141577.55,456881.76,1911.5509754092377,15.43766,2.431222,122.37544947053402,2.032828276,79.17703959975948,79.66670862465342,82.0,4.406719247264253
2186,BLT-01,141577.55,456881.76,1911.6234695075984,15.55003,2.431281,122.37544947053402,2.032828276,79.1799650100615,79.66670862465342,82.0,4.406719247264253
2187,BLT-01,141577.55,456881.76,1911.695963605959,15.69847,2.433439,122.37544947053402,2.032828276,79.18289039576825,79.66670862465342,82.0,4.406719247264253
2188,BLT-01,141577.55,456881.76,1911.76845770432,15.76492,2.435543,122.37544947053402,2.032828276,79.1858157568798,79.66670862465342,82.0,4.406719247264253
2189,BLT-01,141577.55,456881.76,1911.8409518026804,15.76921,2.437109,122.37544947053402,2.032828276,79.18874109339605,79.66670862465342,82.0,4.406719247264253
2190,BLT-01,141577.55,456881.76,1911.913445901041,15.73636,2.437824,122.37544947053402,2.032828276,79.19166640531708,79.66670862465342,82.0,4.406719247264253
2191,BLT-01,141577.55,456881.76,1911.9859399994016,15.75654,2.437239,122.37544947053402,2.032828276,79.19459169264287,79.66670862465342,82.0,4.406719247264253
2192,BLT-01,141577.55,456881.76,1912.0584340977623,15.78261,2.436354,122.37544947053402,2.032828276,79.19751695537342,79.66670862465342,82.0,4.406719247264253
2193,BLT-01,141577.55,456881.76,1912.1309281961228,15.77539,2.434411,122.37544947053402,2.032828276,79.20044219350872,79.66670862465342,82.0,4.406719247264253
2194,BLT-01,141577.55,456881.76,1912.2034222944835,15.71924,2.43149,122.37544947053402,2.032828276,79.20336740704877,79.66670862465342,82.0,4.406719247264253
2195,BLT-01,141577.55,456881.76,1912.275916392844,15.60119,2.428604,122.37544947053402,2.032828276,79.20629259599356,79.66670862465342,82.0,4.406719247264253
2196,BLT-01,141577.55,456881.76,1912.3484104912047,15.39571,2.427493,122.37544947053402,2.032828276,79.20921776034312,79.66670862465342,82.0,4.406719247264253
2197,BLT-01,141577.55,456881.76,1912.4209045895657,15.18063,2.427795,122.37544947053402,2.032828276,79.21214290009745,79.66670862465342,82.0,4.406719247264253
2198,BLT-01,141577.55,456881.76,1912.4933986879264,14.92651,2.43017,122.37544947053402,2.032828276,79.21506801525652,79.66670862465342,82.0,4.406719247264253
2199,BLT-01,141577.55,456881.76,1912.565892786287,14.54993,2.436028,122.37544947053402,2.032828276,79.21799310582033,79.66670862465342,82.0,4.406719247264253
2200,BLT-01,141577.55,456881.76,1912.638386884648,14.17774,2.441586,122.37544947053402,2.032828276,79.22091817178892,79.66670862465342,82.0,4.406719247264253
2201,BLT-01,141577.55,456881.76,1912.710880983008,14.01215,2.44479,122.37544947053402,2.032828276,79.22384321316223,79.66670862465342,82.0,4.406719247264253
2202,BLT-01,141577.55,456881.76,1912.7833750813688,14.08619,2.445589,122.37544947053402,2.032828276,79.22676822994032,79.66670862465342,82.0,4.406719247264253
2203,BLT-01,141577.55,456881.76,1912.855869179729,14.41489,2.444177,122.37544947053402,2.032828276,79.22969322212316,79.66670862465342,82.0,4.406719247264253
2204,BLT-01,141577.55,456881.76,1912.92836327809,14.78005,2.442679,122.37544947053402,2.032828276,79.23261818971076,79.66670862465342,82.0,4.406719247264253
2205,BLT-01,141577.55,456881.76,1913.0008573764508,15.12049,2.44284,122.37544947053402,2.032828276,79.23554313270311,79.66670862465342,82.0,4.406719247264253
2206,BLT-01,141577.55,456881.76,1913.0733514748115,15.39113,2.444488,122.37544947053402,2.032828276,79.23846805110023,79.66670862465342,82.0,4.406719247264253
2207,BLT-01,141577.55,456881.76,1913.145845573172,15.53722,2.447409,122.37544947053402,2.032828276,79.24139294490209,79.66670862465342,82.0,4.406719247264253
2208,BLT-01,141577.55,456881.76,1913.2183396715327,15.28466,2.451013,122.37544947053402,2.032828276,79.24431781410871,79.66670862465342,82.0,4.406719247264253
2209,BLT-01,141577.55,456881.76,1913.2908337698932,14.84369,2.453457,122.37544947053402,2.032828276,79.24724265872007,79.66670862465342,82.0,4.406719247264253
2210,BLT-01,141577.55,456881.76,1913.363327868254,14.33336,2.454942,122.37544947053402,2.032828276,79.25016747873619,79.66670862465342,82.0,4.406719247264253
2211,BLT-01,141577.55,456881.76,1913.4358219666135,13.82923,2.455951,122.37544947053402,2.032828276,79.25309227415703,79.66670862465342,82.0,4.406719247264253
2212,BLT-01,141577.55,456881.76,1913.5083160649745,13.4322,2.458715,122.37544947053402,2.032828276,79.25601704498268,79.66670862465342,82.0,4.406719247264253
2213,BLT-01,141577.55,456881.76,1913.580810163335,13.37303,2.46115,122.37544947053402,2.032828276,79.25894179121306,79.66670862465342,82.0,4.406719247264253
2214,BLT-01,141577.55,456881.76,1913.653304261696,13.48557,2.462043,122.37544947053402,2.032828276,79.26186651284821,79.66670862465342,82.0,4.406719247264253
2215,BLT-01,141577.55,456881.76,1913.7257983600564,13.6784,2.460929,122.37544947053402,2.032828276,79.26479120988812,79.66670862465342,82.0,4.406719247264253
2216,BLT-01,141577.55,456881.76,1913.798292458418,13.81274,2.45745,122.37544947053402,2.032828276,79.2677158823328,79.66670862465342,82.0,4.406719247264253
2217,BLT-01,141577.55,456881.76,1913.8707865567787,13.99895,2.44955,122.37544947053402,2.032828276,79.27064053018222,79.66670862465342,82.0,4.406719247264253
2218,BLT-01,141577.55,456881.76,1913.9432806551392,14.21319,2.442263,122.37544947053402,2.032828276,79.27356515343637,79.66670862465342,82.0,4.406719247264253
2219,BLT-01,141577.55,456881.76,1914.015774753499,14.47345,2.437019,122.37544947053402,2.032828276,79.27648975209524,79.66670862465342,82.0,4.406719247264253
2220,BLT-01,141577.55,456881.76,1914.08826885186,14.82182,2.435032,122.37544947053402,2.032828276,79.27941432615893,79.66670862465342,82.0,4.406719247264253
2221,BLT-01,141577.55,456881.76,1914.1607629502205,15.42214,2.430059,122.37544947053402,2.032828276,79.28233887562735,79.66670862465342,82.0,4.406719247264253
2222,BLT-01,141577.55,456881.76,1914.233257048581,15.98911,2.423187,122.37544947053402,2.032828276,79.28526340050053,79.66670862465342,82.0,4.406719247264253
2223,BLT-01,141577.55,456881.76,1914.3057511469412,16.45964,2.415174,122.37544947053402,2.032828276,79.28818790077845,79.66670862465342,82.0,4.406719247264253
2224,BLT-01,141577.55,456881.76,1914.3782452453024,16.78304,2.406878,122.37544947053402,2.032828276,79.29111237646116,79.66670862465342,82.0,4.406719247264253
2225,BLT-01,141577.55,456881.76,1914.450739343663,16.81756,2.398371,122.37544947053402,2.032828276,79.29403682754861,79.66670862465342,82.0,4.406719247264253
2226,BLT-01,141577.55,456881.76,1914.523233442024,16.72749,2.390196,122.37544947053402,2.032828276,79.29696125404081,79.66670862465342,82.0,4.406719247264253
2227,BLT-01,141577.55,456881.76,1914.5957275403844,16.65231,2.38398,122.37544947053402,2.032828276,79.29988565593777,79.66670862465342,82.0,4.406719247264253
2228,BLT-01,141577.55,456881.76,1914.6682216387449,16.67777,2.381118,122.37544947053402,2.032828276,79.30281003323947,79.66670862465342,82.0,4.406719247264253
2229,BLT-01,141577.55,456881.76,1914.7407157371056,16.51417,2.383726,122.37544947053402,2.032828276,79.30573438594593,79.66670862465342,82.0,4.406719247264253
2230,BLT-01,141577.55,456881.76,1914.813209835466,16.19212,2.391906,122.37544947053402,2.032828276,79.30865871405713,79.66670862465342,82.0,4.406719247264253
2231,BLT-01,141577.55,456881.76,1914.8857039338268,15.8738,2.401719,122.37544947053402,2.032828276,79.31158301757311,79.66670862465342,82.0,4.406719247264253
2232,BLT-01,141577.55,456881.76,1914.958198032188,15.62928,2.410589,122.37544947053402,2.032828276,79.31450729649387,79.66670862465342,82.0,4.406719247264253
2233,BLT-01,141577.55,456881.76,1915.030692130548,15.41609,2.414607,122.37544947053402,2.032828276,79.31743155081932,79.66670862465342,82.0,4.406719247264253
2234,BLT-01,141577.55,456881.76,1915.103186228909,15.28556,2.414574,122.37544947053402,2.032828276,79.32035578054956,79.66670862465342,82.0,4.406719247264253
2235,BLT-01,141577.55,456881.76,1915.1756803272692,15.17261,2.41148,122.37544947053402,2.032828276,79.32327998568455,79.66670862465342,82.0,4.406719247264253
2236,BLT-01,141577.55,456881.76,1915.2481744256304,15.05148,2.406766,122.37544947053402,2.032828276,79.32620416622431,79.66670862465342,82.0,4.406719247264253
2237,BLT-01,141577.55,456881.76,1915.320668523991,14.89945,2.404102,122.37544947053402,2.032828276,79.32912832216881,79.66670862465342,82.0,4.406719247264253
2238,BLT-01,141577.55,456881.76,1915.3931626223516,14.9041,2.40688,122.37544947053402,2.032828276,79.33205245351807,79.66670862465342,82.0,4.406719247264253
2239,BLT-01,141577.55,456881.76,1915.465656720712,14.84347,2.414932,122.37544947053402,2.032828276,79.33497656027208,79.66670862465342,82.0,4.406719247264253
2240,BLT-01,141577.55,456881.76,1915.5381508190728,14.68576,2.426316,122.37544947053402,2.032828276,79.33790064243085,79.66670862465342,82.0,4.406719247264253
2241,BLT-01,141577.55,456881.76,1915.610644917433,14.43623,2.437394,122.37544947053402,2.032828276,79.34082469999436,79.66670862465342,82.0,4.406719247264253
2242,BLT-01,141577.55,456881.76,1915.683139015794,14.43499,2.443935,122.37544947053402,2.032828276,79.34374873296264,79.66670862465342,82.0,4.406719247264253
2243,BLT-01,141577.55,456881.76,1915.7556331141548,14.66931,2.447919,122.37544947053402,2.032828276,79.34667274133568,79.66670862465342,82.0,4.406719247264253
2244,BLT-01,141577.55,456881.76,1915.8281272125157,15.04247,2.448256,122.37544947053402,2.032828276,79.34959672511347,79.66670862465342,82.0,4.406719247264253
2245,BLT-01,141577.55,456881.76,1915.900621310876,15.43703,2.443623,122.37544947053402,2.032828276,79.352520684296,79.66670862465342,82.0,4.406719247264253
2246,BLT-01,141577.55,456881.76,1915.9731154092367,15.77099,2.432822,122.37544947053402,2.032828276,79.35544461888328,79.66670862465342,82.0,4.406719247264253
2247,BLT-01,141577.55,456881.76,1916.0456095075967,16.45311,2.415733,122.37544947053402,2.032828276,79.35836852887532,79.66670862465342,82.0,4.406719247264253
2248,BLT-01,141577.55,456881.76,1916.118103605958,17.2348,2.397659,122.37544947053402,2.032828276,79.36129241427213,79.66670862465342,82.0,4.406719247264253
2249,BLT-01,141577.55,456881.76,1916.1905977043184,17.89928,2.383108,122.37544947053402,2.032828276,79.36421627507369,79.66670862465342,82.0,4.406719247264253
2250,BLT-01,141577.55,456881.76,1916.2630918026796,18.14663,2.37733,122.37544947053402,2.032828276,79.36714011128002,79.66670862465342,82.0,4.406719247264253
2251,BLT-01,141577.55,456881.76,1916.33558590104,18.16375,2.373141,122.37544947053402,2.032828276,79.37006392289108,79.66670862465342,82.0,4.406719247264253
2252,BLT-01,141577.55,456881.76,1916.4080799994008,17.95654,2.371454,122.37544947053402,2.032828276,79.37298770990691,79.66670862465342,82.0,4.406719247264253
2253,BLT-01,141577.55,456881.76,1916.4805740977613,17.5705,2.372918,122.37544947053402,2.032828276,79.37591147232747,79.66670862465342,82.0,4.406719247264253
2254,BLT-01,141577.55,456881.76,1916.553068196121,17.241,2.378735,122.37544947053402,2.032828276,79.37883521015277,79.66670862465342,82.0,4.406719247264253
2255,BLT-01,141577.55,456881.76,1916.6255622944816,17.13905,2.387733,122.37544947053402,2.032828276,79.38175892338286,79.66670862465342,82.0,4.406719247264253
2256,BLT-01,141577.55,456881.76,1916.6980563928423,17.04685,2.394181,122.37544947053402,2.032828276,79.3846826120177,79.66670862465342,82.0,4.406719247264253
2257,BLT-01,141577.55,456881.76,1916.7705504912028,16.90785,2.395602,122.37544947053402,2.032828276,79.38760627605728,79.66670862465342,82.0,4.406719247264253
2258,BLT-01,141577.55,456881.76,1916.8430445895635,16.7346,2.389257,122.37544947053402,2.032828276,79.39052991550165,79.66670862465342,82.0,4.406719247264253
2259,BLT-01,141577.55,456881.76,1916.9155386879245,16.79191,2.378245,122.37544947053402,2.032828276,79.39345353035075,79.66670862465342,82.0,4.406719247264253
2260,BLT-01,141577.55,456881.76,1916.988032786285,16.92846,2.369787,122.37544947053402,2.032828276,79.3963771206046,79.66670862465342,82.0,4.406719247264253
2261,BLT-01,141577.55,456881.76,1917.0605268846457,17.11234,2.365634,122.37544947053402,2.032828276,79.39930068626322,79.66670862465342,82.0,4.406719247264253
2262,BLT-01,141577.55,456881.76,1917.1330209830064,17.3265,2.366996,122.37544947053402,2.032828276,79.4022242273266,79.66670862465342,82.0,4.406719247264253
2263,BLT-01,141577.55,456881.76,1917.205515081367,18.12113,2.367837,122.37544947053402,2.032828276,79.4051477437947,79.66670862465342,82.0,4.406719247264253
2264,BLT-01,141577.55,456881.76,1917.2780091797276,18.82664,2.367139,122.37544947053402,2.032828276,79.40807123566758,79.66670862465342,82.0,4.406719247264253
2265,BLT-01,141577.55,456881.76,1917.350503278088,19.28354,2.365532,122.37544947053402,2.032828276,79.41099470294522,79.66670862465342,82.0,4.406719247264253
2266,BLT-01,141577.55,456881.76,1917.4229973764488,19.36479,2.36388,122.37544947053402,2.032828276,79.4139181456276,79.66670862465342,82.0,4.406719247264253
2267,BLT-01,141577.55,456881.76,1917.4954914748096,19.42644,2.366034,122.37544947053402,2.032828276,79.41684156371475,79.66670862465342,82.0,4.406719247264253
2268,BLT-01,141577.55,456881.76,1917.5679855731703,19.37521,2.370209,122.37544947053402,2.032828276,79.41976495720665,79.66670862465342,82.0,4.406719247264253
2269,BLT-01,141577.55,456881.76,1917.6404796715308,19.10189,2.375865,122.37544947053402,2.032828276,79.4226883261033,79.66670862465342,82.0,4.406719247264253
2270,BLT-01,141577.55,456881.76,1917.7129737698915,18.52702,2.383161,122.37544947053402,2.032828276,79.4256116704047,79.66670862465342,82.0,4.406719247264253
2271,BLT-01,141577.55,456881.76,1917.785467868252,17.62981,2.39898,122.37544947053402,2.032828276,79.42853499011088,79.66670862465342,82.0,4.406719247264253
2272,BLT-01,141577.55,456881.76,1917.8579619666127,17.15484,2.412683,122.37544947053402,2.032828276,79.4314582852218,79.66670862465342,82.0,4.406719247264253
2273,BLT-01,141577.55,456881.76,1917.9304560649732,16.89354,2.420574,122.37544947053402,2.032828276,79.43438155573745,79.66670862465342,82.0,4.406719247264253
2274,BLT-01,141577.55,456881.76,1918.002950163334,16.76601,2.419846,122.37544947053402,2.032828276,79.43730480165787,79.66670862465342,82.0,4.406719247264253
2275,BLT-01,141577.55,456881.76,1918.0754442616949,16.85564,2.404587,122.37544947053402,2.032828276,79.44022802298308,79.66670862465342,82.0,4.406719247264253
2276,BLT-01,141577.55,456881.76,1918.1479383600556,17.34651,2.388344,122.37544947053402,2.032828276,79.44315121971302,79.66670862465342,82.0,4.406719247264253
2277,BLT-01,141577.55,456881.76,1918.220432458416,17.97289,2.378451,122.37544947053402,2.032828276,79.44607439184769,79.66670862465342,82.0,4.406719247264253
2278,BLT-01,141577.55,456881.76,1918.2929265567768,18.55994,2.375981,122.37544947053402,2.032828276,79.44899753938714,79.66670862465342,82.0,4.406719247264253
2279,BLT-01,141577.55,456881.76,1918.3654206551373,18.79805,2.378152,122.37544947053402,2.032828276,79.45192066233132,79.66670862465342,82.0,4.406719247264253
2280,BLT-01,141577.55,456881.76,1918.437914753498,18.94057,2.379376,122.37544947053402,2.032828276,79.45484376068028,79.66670862465342,82.0,4.406719247264253
2281,BLT-01,141577.55,456881.76,1918.5104088518583,19.06542,2.377709,122.37544947053402,2.032828276,79.45776683443398,79.66670862465342,82.0,4.406719247264253
2282,BLT-01,141577.55,456881.76,1918.5829029502192,19.1428,2.374164,122.37544947053402,2.032828276,79.46068988359245,79.66670862465342,82.0,4.406719247264253
2283,BLT-01,141577.55,456881.76,1918.65539704858,19.09794,2.371115,122.37544947053402,2.032828276,79.46361290815567,79.66670862465342,82.0,4.406719247264253
2284,BLT-01,141577.55,456881.76,1918.7278911469407,19.25437,2.371323,122.37544947053402,2.032828276,79.46653590812365,79.66670862465342,82.0,4.406719247264253
2285,BLT-01,141577.55,456881.76,1918.8003852453012,19.49985,2.370791,122.37544947053402,2.032828276,79.46945888349637,79.66670862465342,82.0,4.406719247264253
2286,BLT-01,141577.55,456881.76,1918.872879343662,19.73315,2.368853,122.37544947053402,2.032828276,79.47238183427385,79.66670862465342,82.0,4.406719247264253
2287,BLT-01,141577.55,456881.76,1918.9453734420224,19.8468,2.365063,122.37544947053402,2.032828276,79.47530476045607,79.66670862465342,82.0,4.406719247264253
2288,BLT-01,141577.55,456881.76,1919.0178675403836,19.81828,2.359998,122.37544947053402,2.032828276,79.47822766204308,79.66670862465342,82.0,4.406719247264253
2289,BLT-01,141577.55,456881.76,1919.090361638744,19.91953,2.355614,122.37544947053402,2.032828276,79.48115053903483,79.66670862465342,82.0,4.406719247264253
2290,BLT-01,141577.55,456881.76,1919.1628557371048,20.21193,2.352893,122.37544947053402,2.032828276,79.48407339143134,79.66670862465342,82.0,4.406719247264253
2291,BLT-01,141577.55,456881.76,1919.2353498354653,20.69437,2.352534,122.37544947053402,2.032828276,79.48699621923258,79.66670862465342,82.0,4.406719247264253
2292,BLT-01,141577.55,456881.76,1919.307843933826,20.88647,2.354608,122.37544947053402,2.032828276,79.48991902243858,79.66670862465342,82.0,4.406719247264253
2293,BLT-01,141577.55,456881.76,1919.3803380321865,20.45745,2.355274,122.37544947053402,2.032828276,79.49284180104934,79.66670862465342,82.0,4.406719247264253
2294,BLT-01,141577.55,456881.76,1919.4528321305472,19.85573,2.355031,122.37544947053402,2.032828276,79.49576455506487,79.66670862465342,82.0,4.406719247264253
2295,BLT-01,141577.55,456881.76,1919.525326228908,19.33983,2.354711,122.37544947053402,2.032828276,79.49868728448514,79.66670862465342,82.0,4.406719247264253
2296,BLT-01,141577.55,456881.76,1919.5978203272684,19.20748,2.357485,122.37544947053402,2.032828276,79.50160998931017,79.66670862465342,82.0,4.406719247264253
2297,BLT-01,141577.55,456881.76,1919.670314425628,18.63411,2.376272,122.37544947053402,2.032828276,79.50453266953991,79.66670862465342,82.0,4.406719247264253
2298,BLT-01,141577.55,456881.76,1919.742808523989,17.81926,2.401659,122.37544947053402,2.032828276,79.50745532517445,79.66670862465342,82.0,4.406719247264253
2299,BLT-01,141577.55,456881.76,1919.8153026223492,16.9088,2.428346,122.37544947053402,2.032828276,79.51037795621374,79.66670862465342,82.0,4.406719247264253
2300,BLT-01,141577.55,456881.76,1919.8877967207104,16.17669,2.448072,122.37544947053402,2.032828276,79.5133005626578,79.66670862465342,82.0,4.406719247264253
2301,BLT-01,141577.55,456881.76,1919.960290819071,15.67991,2.459498,122.37544947053402,2.032828276,79.5162231445066,79.66670862465342,82.0,4.406719247264253
2302,BLT-01,141577.55,456881.76,1920.0327849174316,15.5017,2.46298,122.37544947053402,2.032828276,79.51914570176015,79.66670862465342,82.0,4.406719247264253
2303,BLT-01,141577.55,456881.76,1920.1052790157923,15.5777,2.459982,122.37544947053402,2.032828276,79.52206823441847,79.66670862465342,82.0,4.406719247264253
2304,BLT-01,141577.55,456881.76,1920.1777731141528,15.77089,2.453054,122.37544947053402,2.032828276,79.52499074248153,79.66670862465342,82.0,4.406719247264253
2305,BLT-01,141577.55,456881.76,1920.2502672125136,15.5642,2.449141,122.37544947053402,2.032828276,79.52791322594936,79.66670862465342,82.0,4.406719247264253
2306,BLT-01,141577.55,456881.76,1920.322761310874,15.43081,2.44826,122.37544947053402,2.032828276,79.53083568482192,79.66670862465342,82.0,4.406719247264253
2307,BLT-01,141577.55,456881.76,1920.3952554092348,15.42324,2.449632,122.37544947053402,2.032828276,79.53375811909925,79.66670862465342,82.0,4.406719247264253
2308,BLT-01,141577.55,456881.76,1920.4677495075955,15.56765,2.452193,122.37544947053402,2.032828276,79.53668052878135,79.66670862465342,82.0,4.406719247264253
2309,BLT-01,141577.55,456881.76,1920.540243605956,15.80777,2.447716,122.37544947053402,2.032828276,79.53960291386817,79.66670862465342,82.0,4.406719247264253
2310,BLT-01,141577.55,456881.76,1920.6127377043167,16.19718,2.439279,122.37544947053402,2.032828276,79.54252527435976,79.66670862465342,82.0,4.406719247264253
2311,BLT-01,141577.55,456881.76,1920.6852318026772,16.68444,2.428697,122.37544947053402,2.032828276,79.5454476102561,79.66670862465342,82.0,4.406719247264253
2312,BLT-01,141577.55,456881.76,1920.7577259010384,17.2271,2.417377,122.37544947053402,2.032828276,79.54836992155724,79.66670862465342,82.0,4.406719247264253
2313,BLT-01,141577.55,456881.76,1920.8302199993989,17.78297,2.406044,122.37544947053402,2.032828276,79.55129220826308,79.66670862465342,82.0,4.406719247264253
2314,BLT-01,141577.55,456881.76,1920.9027140977596,18.0264,2.399478,122.37544947053402,2.032828276,79.5542144703737,79.66670862465342,82.0,4.406719247264253
2315,BLT-01,141577.55,456881.76,1920.97520819612,18.061,2.396866,122.37544947053402,2.032828276,79.55713670788907,79.66670862465342,82.0,4.406719247264253
2316,BLT-01,141577.55,456881.76,1921.0477022944808,18.0143,2.3968,122.37544947053402,2.032828276,79.56005892080918,79.66670862465342,82.0,4.406719247264253
2317,BLT-01,141577.55,456881.76,1921.1201963928413,18.30317,2.393923,122.37544947053402,2.032828276,79.56298110913407,79.66670862465342,82.0,4.406719247264253
2318,BLT-01,141577.55,456881.76,1921.1926904912016,18.63025,2.388137,122.37544947053402,2.032828276,79.56590327286366,79.66670862465342,82.0,4.406719247264253
2319,BLT-01,141577.55,456881.76,1921.2651845895628,18.81023,2.381056,122.37544947053402,2.032828276,79.56882541199809,79.66670862465342,82.0,4.406719247264253
2320,BLT-01,141577.55,456881.76,1921.3376786879232,18.95056,2.372292,122.37544947053402,2.032828276,79.57174752653722,79.66670862465342,82.0,4.406719247264253
2321,BLT-01,141577.55,456881.76,1921.410172786284,19.50076,2.359507,122.37544947053402,2.032828276,79.57466961648112,79.66670862465342,82.0,4.406719247264253
2322,BLT-01,141577.55,456881.76,1921.4826668846447,19.90825,2.349694,122.37544947053402,2.032828276,79.57759168182977,79.66670862465342,82.0,4.406719247264253
2323,BLT-01,141577.55,456881.76,1921.5551609830047,19.99699,2.344228,122.37544947053402,2.032828276,79.58051372258315,79.66670862465342,82.0,4.406719247264253
2324,BLT-01,141577.55,456881.76,1921.627655081366,19.8153,2.343124,122.37544947053402,2.032828276,79.58343573874131,79.66670862465342,82.0,4.406719247264253
2325,BLT-01,141577.55,456881.76,1921.7001491797264,19.49155,2.346056,122.37544947053402,2.032828276,79.58635773030423,79.66670862465342,82.0,4.406719247264253
2326,BLT-01,141577.55,456881.76,1921.7726432780871,19.19726,2.351694,122.37544947053402,2.032828276,79.5892796972719,79.66670862465342,82.0,4.406719247264253
2327,BLT-01,141577.55,456881.76,1921.8451326993995,18.95538,2.356775,122.37544947053402,2.032828276,79.59220145113233,79.66670862465342,82.0,4.406719247264253
2328,BLT-01,141577.55,456881.76,1921.9175607993996,18.79733,2.361593,122.37544947053402,2.032828276,79.59512070881907,79.66670862465342,82.0,4.406719247264253
2329,BLT-01,141577.55,456881.76,1921.9899888993996,18.75639,2.366581,122.37544947053402,2.032828276,79.59803994195532,79.66670862465342,82.0,4.406719247264253
2330,BLT-01,141577.55,456881.76,1922.0624169993991,18.97083,2.367837,122.37544947053402,2.032828276,79.6009591505411,79.66670862465342,82.0,4.406719247264253
2331,BLT-01,141577.55,456881.76,1922.1348450993992,19.11144,2.366617,122.37544947053402,2.032828276,79.6038783345764,79.66670862465342,82.0,4.406719247264253
2332,BLT-01,141577.55,456881.76,1922.2072731993992,19.15855,2.363458,122.37544947053402,2.032828276,79.60679749406121,79.66670862465342,82.0,4.406719247264253
2333,BLT-01,141577.55,456881.76,1922.2797012993992,19.10088,2.359124,122.37544947053402,2.032828276,79.60971662899556,79.66670862465342,82.0,4.406719247264253
2334,BLT-01,141577.55,456881.76,1922.3521293993992,18.95207,2.35731,122.37544947053402,2.032828276,79.6126357393794,79.66670862465342,82.0,4.406719247264253
2335,BLT-01,141577.55,456881.76,1922.4245574993995,18.94103,2.358742,122.37544947053402,2.032828276,79.61555482521277,79.66670862465342,82.0,4.406719247264253
2336,BLT-01,141577.55,456881.76,1922.4969855993995,19.01237,2.36215,122.37544947053402,2.032828276,79.61847388649565,79.66670862465342,82.0,4.406719247264253
2337,BLT-01,141577.55,456881.76,1922.5694136993995,19.10547,2.366529,122.37544947053402,2.032828276,79.62139292322806,79.66670862465342,82.0,4.406719247264253
2338,BLT-01,141577.55,456881.76,1922.6418417993996,19.03811,2.369614,122.37544947053402,2.032828276,79.62431193540999,79.66670862465342,82.0,4.406719247264253
2339,BLT-01,141577.55,456881.76,1922.7142698993991,18.95907,2.370561,122.37544947053402,2.032828276,79.6272309230414,79.66670862465342,82.0,4.406719247264253
2340,BLT-01,141577.55,456881.76,1922.7866979993985,19.05334,2.371804,122.37544947053402,2.032828276,79.63014988612233,79.66670862465342,82.0,4.406719247264253
2341,BLT-01,141577.55,456881.76,1922.8591260993985,19.29025,2.373857,122.37544947053402,2.032828276,79.63306882465278,79.66670862465342,82.0,4.406719247264253
2342,BLT-01,141577.55,456881.76,1922.9315541993983,19.45074,2.376421,122.37544947053402,2.032828276,79.63598773863276,79.66670862465342,82.0,4.406719247264253
2343,BLT-01,141577.55,456881.76,1923.0039822993983,19.38615,2.377727,122.37544947053402,2.032828276,79.63890662806227,79.66670862465342,82.0,4.406719247264253
2344,BLT-01,141577.55,456881.76,1923.076410399398,19.14644,2.37709,122.37544947053402,2.032828276,79.64182549294128,79.66670862465342,82.0,4.406719247264253
2345,BLT-01,141577.55,456881.76,1923.1488384993984,18.8154,2.374677,122.37544947053402,2.032828276,79.64474433326983,79.66670862465342,82.0,4.406719247264253
2346,BLT-01,141577.55,456881.76,1923.2212665993984,18.52566,2.370943,122.37544947053402,2.032828276,79.64766314904789,79.66670862465342,82.0,4.406719247264253
2347,BLT-01,141577.55,456881.76,1923.2936946993984,18.45236,2.368438,122.37544947053402,2.032828276,79.65058194027547,79.66670862465342,82.0,4.406719247264253
2348,BLT-01,141577.55,456881.76,1923.3661227993985,18.49934,2.368278,122.37544947053402,2.032828276,79.65350070695256,79.66670862465342,82.0,4.406719247264253
2349,BLT-01,141577.55,456881.76,1923.4385508993985,18.56606,2.370159,122.37544947053402,2.032828276,79.65641944907915,79.66670862465342,82.0,4.406719247264253
2350,BLT-01,141577.55,456881.76,1923.5109789993985,18.54576,2.373622,122.37544947053402,2.032828276,79.65933816665529,79.66670862465342,82.0,4.406719247264253
2351,BLT-01,141577.55,456881.76,1923.5834070993983,18.30343,2.377708,122.37544947053402,2.032828276,79.66225685968092,79.66670862465342,82.0,4.406719247264253
2352,BLT-01,141577.55,456881.76,1923.6558351993983,18.15617,2.383077,122.37544947053402,2.032828276,79.66517552815607,79.66670862465342,82.0,4.406719247264253
2353,BLT-01,141577.55,456881.76,1923.728263299398,18.09974,2.388289,122.37544947053402,2.032828276,79.66809417208071,79.66670862465342,82.0,4.406719247264253
2354,BLT-01,141577.55,456881.76,1923.8006913993984,18.10777,2.39214,122.37544947053402,2.032828276,79.67101279145494,79.66670862465342,82.0,4.406719247264253
2355,BLT-01,141577.55,456881.76,1923.8731194993984,17.95837,2.392566,122.37544947053402,2.032828276,79.67393138627864,79.66670862465342,82.0,4.406719247264253
2356,BLT-01,141577.55,456881.76,1923.9455475993984,17.78176,2.391881,122.37544947053402,2.032828276,79.67684995655188,79.66670862465342,82.0,4.406719247264253
2357,BLT-01,141577.55,456881.76,1924.0179756993984,17.68295,2.39168,122.37544947053402,2.032828276,79.67976850227463,79.66670862465342,82.0,4.406719247264253
2358,BLT-01,141577.55,456881.76,1924.0904037993985,17.67642,2.392823,122.37544947053402,2.032828276,79.68268702344687,79.66670862465342,82.0,4.406719247264253
2359,BLT-01,141577.55,456881.76,1924.1628318993985,17.61792,2.396195,122.37544947053402,2.032828276,79.68560552006866,79.66670862465342,82.0,4.406719247264253
2360,BLT-01,141577.55,456881.76,1924.2352599993983,17.50632,2.399221,122.37544947053402,2.032828276,79.68852399213996,79.66670862465342,82.0,4.406719247264253
2361,BLT-01,141577.55,456881.76,1924.307688099398,17.38387,2.400586,122.37544947053402,2.032828276,79.69144243966075,79.66670862465342,82.0,4.406719247264253
2362,BLT-01,141577.55,456881.76,1924.3801161993983,17.24758,2.400002,122.37544947053402,2.032828276,79.69436086263109,79.66670862465342,82.0,4.406719247264253
2363,BLT-01,141577.55,456881.76,1924.4525442993984,17.06019,2.397564,122.37544947053402,2.032828276,79.69727926105094,79.66670862465342,82.0,4.406719247264253
2364,BLT-01,141577.55,456881.76,1924.5249723993984,16.90796,2.39713,122.37544947053402,2.032828276,79.7001976349203,79.66670862465342,82.0,4.406719247264253
2365,BLT-01,141577.55,456881.76,1924.5974004993984,16.80481,2.397673,122.37544947053402,2.032828276,79.70311598423918,79.66670862465342,82.0,4.406719247264253
2366,BLT-01,141577.55,456881.76,1924.6698285993984,16.78011,2.398619,122.37544947053402,2.032828276,79.70603430900758,79.66670862465342,82.0,4.406719247264253
2367,BLT-01,141577.55,456881.76,1924.7422566993985,16.87944,2.39923,122.37544947053402,2.032828276,79.7089526092255,79.66670862465342,82.0,4.406719247264253
2368,BLT-01,141577.55,456881.76,1924.8146847993985,16.86796,2.397209,122.37544947053402,2.032828276,79.71187088489293,79.66670862465342,82.0,4.406719247264253
2369,BLT-01,141577.55,456881.76,1924.8871128993983,16.80616,2.395089,122.37544947053402,2.032828276,79.71478913600987,79.66670862465342,82.0,4.406719247264253
2370,BLT-01,141577.55,456881.76,1924.9595409993983,16.74504,2.393376,122.37544947053402,2.032828276,79.71770736257635,79.66670862465342,82.0,4.406719247264253
2371,BLT-01,141577.55,456881.76,1925.0319690993983,16.73779,2.392496,122.37544947053402,2.032828276,79.72062556459232,79.66670862465342,82.0,4.406719247264253
2372,BLT-01,141577.55,456881.76,1925.1043971993984,16.87103,2.393184,122.37544947053402,2.032828276,79.72354374205781,79.66670862465342,82.0,4.406719247264253
2373,BLT-01,141577.55,456881.76,1925.1768252993984,17.02224,2.394672,122.37544947053402,2.032828276,79.72646189497286,79.66670862465342,82.0,4.406719247264253
2374,BLT-01,141577.55,456881.76,1925.2492533993984,17.13139,2.397047,122.37544947053402,2.032828276,79.72938002333737,79.66670862465342,82.0,4.406719247264253
2375,BLT-01,141577.55,456881.76,1925.3216814993984,17.14658,2.400519,122.37544947053402,2.032828276,79.73229812715142,79.66670862465342,82.0,4.406719247264253
2376,BLT-01,141577.55,456881.76,1925.394109599397,16.95555,2.406627,122.37544947053402,2.032828276,79.73521620641495,79.66670862465342,82.0,4.406719247264253
2377,BLT-01,141577.55,456881.76,1925.4665376993971,16.72676,2.411661,122.37544947053402,2.032828276,79.73813426112802,79.66670862465342,82.0,4.406719247264253
2378,BLT-01,141577.55,456881.76,1925.5389657993971,16.58777,2.414938,122.37544947053402,2.032828276,79.74105229129064,79.66670862465342,82.0,4.406719247264253
2379,BLT-01,141577.55,456881.76,1925.6113938993967,16.59058,2.416471,122.37544947053402,2.032828276,79.74397029690275,79.66670862465342,82.0,4.406719247264253
2380,BLT-01,141577.55,456881.76,1925.6838219993967,16.73133,2.417639,122.37544947053402,2.032828276,79.74688827796439,79.66670862465342,82.0,4.406719247264253
2381,BLT-01,141577.55,456881.76,1925.7562500993984,16.81023,2.418497,122.37544947053402,2.032828276,79.7498062344756,79.66670862465342,82.0,4.406719247264253
2382,BLT-01,141577.55,456881.76,1925.8286781993984,16.75961,2.418886,122.37544947053402,2.032828276,79.75272416643627,79.66670862465342,82.0,4.406719247264253
2383,BLT-01,141577.55,456881.76,1925.9011062993984,16.59884,2.418805,122.37544947053402,2.032828276,79.75564207384647,79.66670862465342,82.0,4.406719247264253
2384,BLT-01,141577.55,456881.76,1925.9735343993973,16.42428,2.418359,122.37544947053402,2.032828276,79.75855995670612,79.66670862465342,82.0,4.406719247264253
2385,BLT-01,141577.55,456881.76,1926.045962499397,16.34909,2.418274,122.37544947053402,2.032828276,79.76147781501534,79.66670862465342,82.0,4.406719247264253
2386,BLT-01,141577.55,456881.76,1926.1183905993971,16.19657,2.418468,122.37544947053402,2.032828276,79.76439564877407,79.66670862465342,82.0,4.406719247264253
2387,BLT-01,141577.55,456881.76,1926.1908186993971,15.98071,2.418864,122.37544947053402,2.032828276,79.76731345798234,79.66670862465342,82.0,4.406719247264253
2388,BLT-01,141577.55,456881.76,1926.2632467993967,15.76141,2.419355,122.37544947053402,2.032828276,79.7702312426401,79.66670862465342,82.0,4.406719247264253
2389,BLT-01,141577.55,456881.76,1926.3356748993972,15.69056,2.420154,122.37544947053402,2.032828276,79.77314900274742,79.66670862465342,82.0,4.406719247264253
2390,BLT-01,141577.55,456881.76,1926.4081029993972,15.58889,2.42162,122.37544947053402,2.032828276,79.77606673830422,79.66670862465342,82.0,4.406719247264253
2391,BLT-01,141577.55,456881.76,1926.4805310993972,15.48212,2.423412,122.37544947053402,2.032828276,79.77898444931054,79.66670862465342,82.0,4.406719247264253
2392,BLT-01,141577.55,456881.76,1926.5529591993973,15.40845,2.425086,122.37544947053402,2.032828276,79.78190213576639,79.66670862465342,82.0,4.406719247264253
2393,BLT-01,141577.55,456881.76,1926.6253872993973,15.50982,2.424305,122.37544947053402,2.032828276,79.78481979767176,79.66670862465342,82.0,4.406719247264253
2394,BLT-01,141577.55,456881.76,1926.697815399397,15.60085,2.421112,122.37544947053402,2.032828276,79.78773743502661,79.66670862465342,82.0,4.406719247264253
2395,BLT-01,141577.55,456881.76,1926.770243499397,15.69078,2.416294,122.37544947053402,2.032828276,79.79065504783102,79.66670862465342,82.0,4.406719247264253
2396,BLT-01,141577.55,456881.76,1926.8426715993971,15.80734,2.41082,122.37544947053402,2.032828276,79.79357263608495,79.66670862465342,82.0,4.406719247264253
2397,BLT-01,141577.55,456881.76,1926.9150996993972,16.15019,2.408667,122.37544947053402,2.032828276,79.79649019978837,79.66670862465342,82.0,4.406719247264253
2398,BLT-01,141577.55,456881.76,1926.9875277993972,16.54551,2.410488,122.37544947053402,2.032828276,79.79940773894131,79.66670862465342,82.0,4.406719247264253
2399,BLT-01,141577.55,456881.76,1927.0599558993972,16.76406,2.415068,122.37544947053402,2.032828276,79.80232525354378,79.66670862465342,82.0,4.406719247264253
2400,BLT-01,141577.55,456881.76,1927.1323839993972,16.72122,2.420964,122.37544947053402,2.032828276,79.80524274359576,79.66670862465342,82.0,4.406719247264253
2401,BLT-01,141577.55,456881.76,1927.2048120993973,16.45524,2.423793,122.37544947053402,2.032828276,79.80816020909725,79.66670862465342,82.0,4.406719247264253
2402,BLT-01,141577.55,456881.76,1927.2772401993973,16.27277,2.422912,122.37544947053402,2.032828276,79.81107765004828,79.66670862465342,82.0,4.406719247264253
2403,BLT-01,141577.55,456881.76,1927.3496682993973,16.17534,2.420874,122.37544947053402,2.032828276,79.81399506644881,79.66670862465342,82.0,4.406719247264253
2404,BLT-01,141577.55,456881.76,1927.422096399397,16.11501,2.419234,122.37544947053402,2.032828276,79.81691245829883,79.66670862465342,82.0,4.406719247264253
2405,BLT-01,141577.55,456881.76,1927.4945244993971,15.96382,2.420521,122.37544947053402,2.032828276,79.81982982559842,79.66670862465342,82.0,4.406719247264253
2406,BLT-01,141577.55,456881.76,1927.5669525993972,15.72704,2.425029,122.37544947053402,2.032828276,79.8227471683475,79.66670862465342,82.0,4.406719247264253
2407,BLT-01,141577.55,456881.76,1927.6393806993972,15.44818,2.431876,122.37544947053402,2.032828276,79.8256644865461,79.66670862465342,82.0,4.406719247264253
2408,BLT-01,141577.55,456881.76,1927.7118087993972,15.18856,2.439509,122.37544947053402,2.032828276,79.82858178019421,79.66670862465342,82.0,4.406719247264253
2409,BLT-01,141577.55,456881.76,1927.7842368993968,15.03816,2.44559,122.37544947053402,2.032828276,79.83149904929184,79.66670862465342,82.0,4.406719247264253
2410,BLT-01,141577.55,456881.76,1927.8566649993973,14.99591,2.446623,122.37544947053402,2.032828276,79.834416293839,79.66670862465342,82.0,4.406719247264253
2411,BLT-01,141577.55,456881.76,1927.9290930993973,14.89082,2.445393,122.37544947053402,2.032828276,79.83733351383566,79.66670862465342,82.0,4.406719247264253
2412,BLT-01,141577.55,456881.76,1928.0015211993973,14.83224,2.442803,122.37544947053402,2.032828276,79.84025070928186,79.66670862465342,82.0,4.406719247264253
2413,BLT-01,141577.55,456881.76,1928.0739492993976,14.9325,2.439759,122.37544947053402,2.032828276,79.84316788017757,79.66670862465342,82.0,4.406719247264253
2414,BLT-01,141577.55,456881.76,1928.1463773993971,15.048,2.438005,122.37544947053402,2.032828276,79.84608502652277,79.66670862465342,82.0,4.406719247264253
2415,BLT-01,141577.55,456881.76,1928.2188054993971,15.09736,2.437084,122.37544947053402,2.032828276,79.84900214831752,79.66670862465342,82.0,4.406719247264253
2416,BLT-01,141577.55,456881.76,1928.2912335993972,15.13556,2.437217,122.37544947053402,2.032828276,79.85191924556179,79.66670862465342,82.0,4.406719247264253
2417,BLT-01,141577.55,456881.76,1928.3636616993972,15.18674,2.438667,122.37544947053402,2.032828276,79.85483631825555,79.66670862465342,82.0,4.406719247264253
2418,BLT-01,141577.55,456881.76,1928.4360897993968,15.1466,2.44257,122.37544947053402,2.032828276,79.85775336639884,79.66670862465342,82.0,4.406719247264253
2419,BLT-01,141577.55,456881.76,1928.5085178993963,14.96605,2.448455,122.37544947053402,2.032828276,79.86067038999161,79.66670862465342,82.0,4.406719247264253
2420,BLT-01,141577.55,456881.76,1928.5809459993964,14.83359,2.453283,122.37544947053402,2.032828276,79.86358738903394,79.66670862465342,82.0,4.406719247264253
2421,BLT-01,141577.55,456881.76,1928.6533740993964,14.81573,2.455341,122.37544947053402,2.032828276,79.86650436352576,79.66670862465342,82.0,4.406719247264253
2422,BLT-01,141577.55,456881.76,1928.7258021993964,14.87578,2.452359,122.37544947053402,2.032828276,79.86942131346713,79.66670862465342,82.0,4.406719247264253
2423,BLT-01,141577.55,456881.76,1928.798230299396,15.07466,2.445884,122.37544947053402,2.032828276,79.87233823885799,79.66670862465342,82.0,4.406719247264253
2424,BLT-01,141577.55,456881.76,1928.8706583993965,15.40462,2.439681,122.37544947053402,2.032828276,79.8752551396984,79.66670862465342,82.0,4.406719247264253
2425,BLT-01,141577.55,456881.76,1928.9430864993965,15.742,2.43503,122.37544947053402,2.032828276,79.87817201598831,79.66670862465342,82.0,4.406719247264253
2426,BLT-01,141577.55,456881.76,1929.0155145993965,15.77075,2.433006,122.37544947053402,2.032828276,79.88108886772774,79.66670862465342,82.0,4.406719247264253
2427,BLT-01,141577.55,456881.76,1929.0879426993963,15.48925,2.433174,122.37544947053402,2.032828276,79.88400569491668,79.66670862465342,82.0,4.406719247264253
2428,BLT-01,141577.55,456881.76,1929.1603707993963,15.34175,2.434543,122.37544947053402,2.032828276,79.88692249755513,79.66670862465342,82.0,4.406719247264253
2429,BLT-01,141577.55,456881.76,1929.2327988993964,15.42338,2.436037,122.37544947053402,2.032828276,79.88983927564311,79.66670862465342,82.0,4.406719247264253
2430,BLT-01,141577.55,456881.76,1929.3052269993964,15.79945,2.436137,122.37544947053402,2.032828276,79.89275602918062,79.66670862465342,82.0,4.406719247264253
2431,BLT-01,141577.55,456881.76,1929.3776550993964,16.03735,2.432953,122.37544947053402,2.032828276,79.89567275816763,79.66670862465342,82.0,4.406719247264253
2432,BLT-01,141577.55,456881.76,1929.4500831993964,16.20845,2.427851,122.37544947053402,2.032828276,79.89858946260415,79.66670862465342,82.0,4.406719247264253
2433,BLT-01,141577.55,456881.76,1929.5225112993965,16.24049,2.421347,122.37544947053402,2.032828276,79.9015061424902,79.66670862465342,82.0,4.406719247264253
2434,BLT-01,141577.55,456881.76,1929.5949393993965,16.06108,2.414118,122.37544947053402,2.032828276,79.90442279782576,79.66670862465342,82.0,4.406719247264253
2435,BLT-01,141577.55,456881.76,1929.6673674993965,15.62869,2.411114,122.37544947053402,2.032828276,79.90733942861084,79.66670862465342,82.0,4.406719247264253
2436,BLT-01,141577.55,456881.76,1929.7397955993963,15.39776,2.412198,122.37544947053402,2.032828276,79.91025603484545,79.66670862465342,82.0,4.406719247264253
2437,BLT-01,141577.55,456881.76,1929.8122236993963,15.39569,2.415823,122.37544947053402,2.032828276,79.91317261652955,79.66670862465342,82.0,4.406719247264253
2438,BLT-01,141577.55,456881.76,1929.8846517993964,15.60477,2.42053,122.37544947053402,2.032828276,79.91608917366318,79.66670862465342,82.0,4.406719247264253
2439,BLT-01,141577.55,456881.76,1929.9570798993964,15.7376,2.422417,122.37544947053402,2.032828276,79.91900570624634,79.66670862465342,82.0,4.406719247264253
2440,BLT-01,141577.55,456881.76,1930.0295079993964,15.72542,2.421072,122.37544947053402,2.032828276,79.92192221427902,79.66670862465342,82.0,4.406719247264253
2441,BLT-01,141577.55,456881.76,1930.1019360993964,15.65687,2.420292,122.37544947053402,2.032828276,79.9248386977612,79.66670862465342,82.0,4.406719247264253
2442,BLT-01,141577.55,456881.76,1930.1743641993965,15.57629,2.422238,122.37544947053402,2.032828276,79.92775515669288,79.66670862465342,82.0,4.406719247264253
2443,BLT-01,141577.55,456881.76,1930.2467922993965,15.52762,2.429914,122.37544947053402,2.032828276,79.93067159107412,79.66670862465342,82.0,4.406719247264253
2444,BLT-01,141577.55,456881.76,1930.3192203993965,15.363,2.441884,122.37544947053402,2.032828276,79.93358800090485,79.66670862465342,82.0,4.406719247264253
2445,BLT-01,141577.55,456881.76,1930.3916484993963,15.12203,2.454932,122.37544947053402,2.032828276,79.93650438618509,79.66670862465342,82.0,4.406719247264253
2446,BLT-01,141577.55,456881.76,1930.4640765993963,14.90275,2.465536,122.37544947053402,2.032828276,79.93942074691486,79.66670862465342,82.0,4.406719247264253
2447,BLT-01,141577.55,456881.76,1930.5365046993963,14.93157,2.466583,122.37544947053402,2.032828276,79.94233708309415,79.66670862465342,82.0,4.406719247264253
2448,BLT-01,141577.55,456881.76,1930.6089327993968,15.32963,2.454898,122.37544947053402,2.032828276,79.94525339472298,79.66670862465342,82.0,4.406719247264253
2449,BLT-01,141577.55,456881.76,1930.6813608993964,16.27123,2.434166,122.37544947053402,2.032828276,79.94816968180128,79.66670862465342,82.0,4.406719247264253
2450,BLT-01,141577.55,456881.76,1930.7537889993964,17.50396,2.409829,122.37544947053402,2.032828276,79.95108594432912,79.66670862465342,82.0,4.406719247264253
2451,BLT-01,141577.55,456881.76,1930.8262170993964,18.60342,2.389704,122.37544947053402,2.032828276,79.95400218230647,79.66670862465342,82.0,4.406719247264253
2452,BLT-01,141577.55,456881.76,1930.8986451993965,19.14253,2.38235,122.37544947053402,2.032828276,79.95691839573334,79.66670862465342,82.0,4.406719247264253
2453,BLT-01,141577.55,456881.76,1930.9710732993965,19.53007,2.376338,122.37544947053402,2.032828276,79.95983458460974,79.66670862465342,82.0,4.406719247264253
2454,BLT-01,141577.55,456881.76,1931.0435013993963,19.80876,2.37098,122.37544947053402,2.032828276,79.96275074893563,79.66670862465342,82.0,4.406719247264253
2455,BLT-01,141577.55,456881.76,1931.1159294993963,20.01215,2.365928,122.37544947053402,2.032828276,79.96566688871106,79.66670862465342,82.0,4.406719247264253
2456,BLT-01,141577.55,456881.76,1931.1883575993968,20.16802,2.361105,122.37544947053402,2.032828276,79.968583003936,79.66670862465342,82.0,4.406719247264253
2457,BLT-01,141577.55,456881.76,1931.2607856993964,20.26399,2.35394,122.37544947053402,2.032828276,79.97149909461045,79.66670862465342,82.0,4.406719247264253
2458,BLT-01,141577.55,456881.76,1931.3332137993964,20.36067,2.346436,122.37544947053402,2.032828276,79.97441516073442,79.66670862465342,82.0,4.406719247264253
2459,BLT-01,141577.55,456881.76,1931.4056418993964,20.46557,2.340085,122.37544947053402,2.032828276,79.97733120230792,79.66670862465342,82.0,4.406719247264253
2460,BLT-01,141577.55,456881.76,1931.4780699993964,20.32613,2.336904,122.37544947053402,2.032828276,79.98024721933095,79.66670862465342,82.0,4.406719247264253
2461,BLT-01,141577.55,456881.76,1931.5504980993965,20.18183,2.336257,122.37544947053402,2.032828276,79.98316321180346,79.66670862465342,82.0,4.406719247264253
2462,BLT-01,141577.55,456881.76,1931.622926199396,20.20019,2.337978,122.37544947053402,2.032828276,79.9860791797255,79.66670862465342,82.0,4.406719247264253
2463,BLT-01,141577.55,456881.76,1931.6953542993956,20.40623,2.341682,122.37544947053402,2.032828276,79.98899512309704,79.66670862465342,82.0,4.406719247264253
2464,BLT-01,141577.55,456881.76,1931.7677823993956,20.63485,2.345976,122.37544947053402,2.032828276,79.99191104191812,79.66670862465342,82.0,4.406719247264253
2465,BLT-01,141577.55,456881.76,1931.8402104993957,20.55751,2.349511,122.37544947053402,2.032828276,79.99482693618872,79.66670862465342,82.0,4.406719247264253
2466,BLT-01,141577.55,456881.76,1931.9126385993957,20.4637,2.351242,122.37544947053402,2.032828276,79.99774280590881,79.66670862465342,82.0,4.406719247264253
2467,BLT-01,141577.55,456881.76,1931.9850666993952,20.45739,2.351318,122.37544947053402,2.032828276,80.00065865107844,79.66670862465342,82.0,4.406719247264253
2468,BLT-01,141577.55,456881.76,1932.0574947993955,20.63934,2.350676,122.37544947053402,2.032828276,80.00357447169758,79.66670862465342,82.0,4.406719247264253
2469,BLT-01,141577.55,456881.76,1932.1299228993955,20.36852,2.354658,122.37544947053402,2.032828276,80.00649026776625,79.66670862465342,82.0,4.406719247264253
2470,BLT-01,141577.55,456881.76,1932.2023509993955,19.88866,2.359663,122.37544947053402,2.032828276,80.00940603928444,79.66670862465342,82.0,4.406719247264253
2471,BLT-01,141577.55,456881.76,1932.2747790993956,19.33939,2.364262,122.37544947053402,2.032828276,80.01232178625214,79.66670862465342,82.0,4.406719247264253
2472,BLT-01,141577.55,456881.76,1932.3472071993956,18.89295,2.366895,122.37544947053402,2.032828276,80.01523750866934,79.66670862465342,82.0,4.406719247264253
2473,BLT-01,141577.55,456881.76,1932.4196352993956,18.79444,2.367023,122.37544947053402,2.032828276,80.01815320653608,79.66670862465342,82.0,4.406719247264253
2474,BLT-01,141577.55,456881.76,1932.4920633993956,18.77407,2.367659,122.37544947053402,2.032828276,80.02106887985235,79.66670862465342,82.0,4.406719247264253
2475,BLT-01,141577.55,456881.76,1932.5644914993957,18.67073,2.370018,122.37544947053402,2.032828276,80.0239845286181,79.66670862465342,82.0,4.406719247264253
2476,BLT-01,141577.55,456881.76,1932.6369195993957,18.33504,2.37541,122.37544947053402,2.032828276,80.02690015283338,79.66670862465342,82.0,4.406719247264253
2477,BLT-01,141577.55,456881.76,1932.7093476993955,17.68929,2.390511,122.37544947053402,2.032828276,80.0298157524982,79.66670862465342,82.0,4.406719247264253
2478,BLT-01,141577.55,456881.76,1932.7817757993955,17.01948,2.406477,122.37544947053402,2.032828276,80.03273132761251,79.66670862465342,82.0,4.406719247264253
2479,BLT-01,141577.55,456881.76,1932.8542038993955,16.33256,2.420379,122.37544947053402,2.032828276,80.03564687817634,79.66670862465342,82.0,4.406719247264253
2480,BLT-01,141577.55,456881.76,1932.9266319993956,15.6302,2.431118,122.37544947053402,2.032828276,80.03856240418969,79.66670862465342,82.0,4.406719247264253
2481,BLT-01,141577.55,456881.76,1932.9990600993956,14.89074,2.444192,122.37544947053402,2.032828276,80.04147790565256,79.66670862465342,82.0,4.406719247264253
2482,BLT-01,141577.55,456881.76,1933.0714881993956,14.47748,2.456097,122.37544947053402,2.032828276,80.04439338256493,79.66670862465342,82.0,4.406719247264253
2483,BLT-01,141577.55,456881.76,1933.1439162993956,14.2643,2.466352,122.37544947053402,2.032828276,80.04730883492685,79.66670862465342,82.0,4.406719247264253
2484,BLT-01,141577.55,456881.76,1933.2163443993957,14.14507,2.475105,122.37544947053402,2.032828276,80.05022426273828,79.66670862465342,82.0,4.406719247264253
2485,BLT-01,141577.55,456881.76,1933.2887724993957,13.87217,2.483707,122.37544947053402,2.032828276,80.05313966599921,79.66670862465342,82.0,4.406719247264253
2486,BLT-01,141577.55,456881.76,1933.3612005993955,13.75238,2.487319,122.37544947053402,2.032828276,80.05605504470967,79.66670862465342,82.0,4.406719247264253
2487,BLT-01,141577.55,456881.76,1933.4336286993955,13.7437,2.486877,122.37544947053402,2.032828276,80.05897039886965,79.66670862465342,82.0,4.406719247264253
2488,BLT-01,141577.55,456881.76,1933.5060567993955,13.82909,2.483241,122.37544947053402,2.032828276,80.06188572847913,79.66670862465342,82.0,4.406719247264253
2489,BLT-01,141577.55,456881.76,1933.5784848993956,13.98929,2.478001,122.37544947053402,2.032828276,80.06480103353812,79.66670862465342,82.0,4.406719247264253
2490,BLT-01,141577.55,456881.76,1933.6509129993956,14.20586,2.473552,122.37544947053402,2.032828276,80.06771631404666,79.66670862465342,82.0,4.406719247264253
2491,BLT-01,141577.55,456881.76,1933.7233410993956,14.34829,2.470497,122.37544947053402,2.032828276,80.07063157000469,79.66670862465342,82.0,4.406719247264253
2492,BLT-01,141577.55,456881.76,1933.795769199396,14.39442,2.468264,122.37544947053402,2.032828276,80.07354680141228,79.66670862465342,82.0,4.406719247264253
2493,BLT-01,141577.55,456881.76,1933.8681972993957,14.3333,2.465896,122.37544947053402,2.032828276,80.07646200826933,79.66670862465342,82.0,4.406719247264253
2494,BLT-01,141577.55,456881.76,1933.9406253993957,14.23472,2.465294,122.37544947053402,2.032828276,80.07937719057594,79.66670862465342,82.0,4.406719247264253
2495,BLT-01,141577.55,456881.76,1934.0130534993957,14.17771,2.46603,122.37544947053402,2.032828276,80.08229234833203,79.66670862465342,82.0,4.406719247264253
2496,BLT-01,141577.55,456881.76,1934.0854815993955,14.16063,2.467984,122.37544947053402,2.032828276,80.08520748153765,79.66670862465342,82.0,4.406719247264253
2497,BLT-01,141577.55,456881.76,1934.1579096993955,14.17742,2.470971,122.37544947053402,2.032828276,80.08812259019281,79.66670862465342,82.0,4.406719247264253
2498,BLT-01,141577.55,456881.76,1934.2303377993956,14.19286,2.473863,122.37544947053402,2.032828276,80.09103767429747,79.66670862465342,82.0,4.406719247264253
2499,BLT-01,141577.55,456881.76,1934.3027658993956,14.12988,2.475893,122.37544947053402,2.032828276,80.09395273385164,79.66670862465342,82.0,4.406719247264253
2500,BLT-01,141577.55,456881.76,1934.375193999396,14.00906,2.479328,122.37544947053402,2.032828276,80.09686776885536,79.66670862465342,82.0,4.406719247264253
2501,BLT-01,141577.55,456881.76,1934.4476220993956,13.85446,2.485194,122.37544947053402,2.032828276,80.09978277930855,79.66670862465342,82.0,4.406719247264253
2502,BLT-01,141577.55,456881.76,1934.5200501993957,13.75531,2.490989,122.37544947053402,2.032828276,80.10269776521127,79.66670862465342,82.0,4.406719247264253
2503,BLT-01,141577.55,456881.76,1934.5924782993957,13.85158,2.493002,122.37544947053402,2.032828276,80.10561272656352,79.66670862465342,82.0,4.406719247264253
2504,BLT-01,141577.55,456881.76,1934.6649063993957,14.28713,2.486778,122.37544947053402,2.032828276,80.1085276633653,79.66670862465342,82.0,4.406719247264253
2505,BLT-01,141577.55,456881.76,1934.7373344993944,15.03579,2.471318,122.37544947053402,2.032828276,80.11144257561652,79.66670862465342,82.0,4.406719247264253
2506,BLT-01,141577.55,456881.76,1934.8097625993944,15.77744,2.449178,122.37544947053402,2.032828276,80.11435746331733,79.66670862465342,82.0,4.406719247264253
2507,BLT-01,141577.55,456881.76,1934.8821906993944,16.36294,2.429541,122.37544947053402,2.032828276,80.11727232646763,79.66670862465342,82.0,4.406719247264253
2508,BLT-01,141577.55,456881.76,1934.9546187993944,17.17456,2.409533,122.37544947053402,2.032828276,80.12018716506746,79.66670862465342,82.0,4.406719247264253
2509,BLT-01,141577.55,456881.76,1935.0270468993945,18.16035,2.390865,122.37544947053402,2.032828276,80.12310197911683,79.66670862465342,82.0,4.406719247264253
2510,BLT-01,141577.55,456881.76,1935.0994749993945,19.00689,2.379042,122.37544947053402,2.032828276,80.1260167686157,79.66670862465342,82.0,4.406719247264253
2511,BLT-01,141577.55,456881.76,1935.1719030993945,19.62837,2.375206,122.37544947053402,2.032828276,80.12893153356407,79.66670862465342,82.0,4.406719247264253
2512,BLT-01,141577.55,456881.76,1935.2443311993943,19.9623,2.369546,122.37544947053402,2.032828276,80.13184627396197,79.66670862465342,82.0,4.406719247264253
2513,BLT-01,141577.55,456881.76,1935.3167592993943,20.01498,2.36175,122.37544947053402,2.032828276,80.1347609898094,79.66670862465342,82.0,4.406719247264253
2514,BLT-01,141577.55,456881.76,1935.3891873993944,19.80979,2.352849,122.37544947053402,2.032828276,80.13767568110632,79.66670862465342,82.0,4.406719247264253
2515,BLT-01,141577.55,456881.76,1935.4616154993944,19.92956,2.344832,122.37544947053402,2.032828276,80.14059034785276,79.66670862465342,82.0,4.406719247264253
2516,BLT-01,141577.55,456881.76,1935.5340435993944,20.35014,2.336255,122.37544947053402,2.032828276,80.14350499004875,79.66670862465342,82.0,4.406719247264253
2517,BLT-01,141577.55,456881.76,1935.6064716993944,20.88439,2.328971,122.37544947053402,2.032828276,80.14641960769423,79.66670862465342,82.0,4.406719247264253
2518,BLT-01,141577.55,456881.76,1935.6788997993945,21.34332,2.324808,122.37544947053402,2.032828276,80.14933420078924,79.66670862465342,82.0,4.406719247264253
2519,BLT-01,141577.55,456881.76,1935.7513278993945,21.47215,2.325988,122.37544947053402,2.032828276,80.15224876933377,79.66670862465342,82.0,4.406719247264253
2520,BLT-01,141577.55,456881.76,1935.8237559993945,21.38007,2.330932,122.37544947053402,2.032828276,80.1551633133278,79.66670862465342,82.0,4.406719247264253
2521,BLT-01,141577.55,456881.76,1935.8961840993943,21.16767,2.337298,122.37544947053402,2.032828276,80.15807783277134,79.66670862465342,82.0,4.406719247264253
2522,BLT-01,141577.55,456881.76,1935.9686121993943,20.89721,2.343364,122.37544947053402,2.032828276,80.16099232766442,79.66670862465342,82.0,4.406719247264253
2523,BLT-01,141577.55,456881.76,1936.0410402993944,20.58835,2.346568,122.37544947053402,2.032828276,80.16390679800702,79.66670862465342,82.0,4.406719247264253
2524,BLT-01,141577.55,456881.76,1936.1134683993944,20.28664,2.346509,122.37544947053402,2.032828276,80.16682124379912,79.66670862465342,82.0,4.406719247264253
2525,BLT-01,141577.55,456881.76,1936.1858964993944,20.14325,2.344396,122.37544947053402,2.032828276,80.16973566504073,79.66670862465342,82.0,4.406719247264253
2526,BLT-01,141577.55,456881.76,1936.2583245993944,20.19451,2.341078,122.37544947053402,2.032828276,80.17265006173189,79.66670862465342,82.0,4.406719247264253
2527,BLT-01,141577.55,456881.76,1936.330752699395,20.37055,2.338218,122.37544947053402,2.032828276,80.17556443387255,79.66670862465342,82.0,4.406719247264253
2528,BLT-01,141577.55,456881.76,1936.4031807993945,20.37284,2.340119,122.37544947053402,2.032828276,80.1784787814627,79.66670862465342,82.0,4.406719247264253
2529,BLT-01,141577.55,456881.76,1936.4756088993945,20.24217,2.344761,122.37544947053402,2.032828276,80.18139310450242,79.66670862465342,82.0,4.406719247264253
2530,BLT-01,141577.55,456881.76,1936.5480369993943,19.97495,2.350993,122.37544947053402,2.032828276,80.18430740299162,79.66670862465342,82.0,4.406719247264253
2531,BLT-01,141577.55,456881.76,1936.6204650993943,19.54309,2.357094,122.37544947053402,2.032828276,80.18722167693033,79.66670862465342,82.0,4.406719247264253
2532,BLT-01,141577.55,456881.76,1936.6928931993943,18.87603,2.362951,122.37544947053402,2.032828276,80.19013592631859,79.66670862465342,82.0,4.406719247264253
2533,BLT-01,141577.55,456881.76,1936.7653212993944,18.49098,2.367554,122.37544947053402,2.032828276,80.19305015115636,79.66670862465342,82.0,4.406719247264253
2534,BLT-01,141577.55,456881.76,1936.8377493993944,18.37081,2.371034,122.37544947053402,2.032828276,80.19596435144362,79.66670862465342,82.0,4.406719247264253
2535,BLT-01,141577.55,456881.76,1936.9101774993944,18.414,2.373741,122.37544947053402,2.032828276,80.19887852718043,79.66670862465342,82.0,4.406719247264253
2536,BLT-01,141577.55,456881.76,1936.9826055993944,18.37421,2.378062,122.37544947053402,2.032828276,80.20179267836674,79.66670862465342,82.0,4.406719247264253
2537,BLT-01,141577.55,456881.76,1937.0550336993945,18.48252,2.380944,122.37544947053402,2.032828276,80.20470680500257,79.66670862465342,82.0,4.406719247264253
2538,BLT-01,141577.55,456881.76,1937.1274617993945,18.69337,2.381789,122.37544947053402,2.032828276,80.2076209070879,79.66670862465342,82.0,4.406719247264253
2539,BLT-01,141577.55,456881.76,1937.1998898993943,18.94493,2.380189,122.37544947053402,2.032828276,80.21053498462278,79.66670862465342,82.0,4.406719247264253
2540,BLT-01,141577.55,456881.76,1937.2723179993943,18.9668,2.376858,122.37544947053402,2.032828276,80.21344903760716,79.66670862465342,82.0,4.406719247264253
2541,BLT-01,141577.55,456881.76,1937.3447460993937,18.88415,2.37476,122.37544947053402,2.032828276,80.21636306604103,79.66670862465342,82.0,4.406719247264253
2542,BLT-01,141577.55,456881.76,1937.4171741993932,18.83664,2.374568,122.37544947053402,2.032828276,80.21927706992443,79.66670862465342,82.0,4.406719247264253
2543,BLT-01,141577.55,456881.76,1937.4896022993933,18.88846,2.376775,122.37544947053402,2.032828276,80.22219104925736,79.66670862465342,82.0,4.406719247264253
2544,BLT-01,141577.55,456881.76,1937.5620303993933,18.92199,2.382229,122.37544947053402,2.032828276,80.2251050040398,79.66670862465342,82.0,4.406719247264253
2545,BLT-01,141577.55,456881.76,1937.6344584993933,18.69457,2.387874,122.37544947053402,2.032828276,80.22801893427177,79.66670862465342,82.0,4.406719247264253
2546,BLT-01,141577.55,456881.76,1937.7068865993936,18.42058,2.392026,122.37544947053402,2.032828276,80.23093283995327,79.66670862465342,82.0,4.406719247264253
2547,BLT-01,141577.55,456881.76,1937.7793146993945,18.22172,2.39432,122.37544947053402,2.032828276,80.23384672108432,79.66670862465342,82.0,4.406719247264253
2548,BLT-01,141577.55,456881.76,1937.8517427993943,18.28053,2.395608,122.37544947053402,2.032828276,80.23676057766481,79.66670862465342,82.0,4.406719247264253
2549,BLT-01,141577.55,456881.76,1937.9241708993936,18.33975,2.395927,122.37544947053402,2.032828276,80.23967440969483,79.66670862465342,82.0,4.406719247264253
2550,BLT-01,141577.55,456881.76,1937.9965989993932,18.35348,2.39631,122.37544947053402,2.032828276,80.24258821717436,79.66670862465342,82.0,4.406719247264253
2551,BLT-01,141577.55,456881.76,1938.0690270993932,18.31695,2.396944,122.37544947053402,2.032828276,80.24550200010343,79.66670862465342,82.0,4.406719247264253
2552,BLT-01,141577.55,456881.76,1938.1414551993932,18.23997,2.397798,122.37544947053402,2.032828276,80.24841575848203,79.66670862465342,82.0,4.406719247264253
2553,BLT-01,141577.55,456881.76,1938.2138832993933,18.09995,2.397775,122.37544947053402,2.032828276,80.25132949231013,79.66670862465342,82.0,4.406719247264253
2554,BLT-01,141577.55,456881.76,1938.2863113993933,18.06674,2.39664,122.37544947053402,2.032828276,80.25424320158774,79.66670862465342,82.0,4.406719247264253
2555,BLT-01,141577.55,456881.76,1938.3587394993936,18.08015,2.394641,122.37544947053402,2.032828276,80.25715688631489,79.66670862465342,82.0,4.406719247264253
2556,BLT-01,141577.55,456881.76,1938.4311675993936,18.03289,2.392171,122.37544947053402,2.032828276,80.26007054649156,79.66670862465342,82.0,4.406719247264253
2557,BLT-01,141577.55,456881.76,1938.5035956993936,17.80701,2.392087,122.37544947053402,2.032828276,80.26298418211773,79.66670862465342,82.0,4.406719247264253
2558,BLT-01,141577.55,456881.76,1938.5760237993936,17.72953,2.394062,122.37544947053402,2.032828276,80.26589779319342,79.66670862465342,82.0,4.406719247264253
2559,BLT-01,141577.55,456881.76,1938.6484518993932,17.73793,2.397103,122.37544947053402,2.032828276,80.26881137971861,79.66670862465342,82.0,4.406719247264253
2560,BLT-01,141577.55,456881.76,1938.7208799993932,17.76416,2.400099,122.37544947053402,2.032828276,80.27172494169332,79.66670862465342,82.0,4.406719247264253
2561,BLT-01,141577.55,456881.76,1938.7933080993932,17.72143,2.39935,122.37544947053402,2.032828276,80.27463847911757,79.66670862465342,82.0,4.406719247264253
2562,BLT-01,141577.55,456881.76,1938.8657361993935,17.66358,2.395604,122.37544947053402,2.032828276,80.27755199199134,79.66670862465342,82.0,4.406719247264253
2563,BLT-01,141577.55,456881.76,1938.9381642993933,17.64909,2.389824,122.37544947053402,2.032828276,80.2804654803146,79.66670862465342,82.0,4.406719247264253
2564,BLT-01,141577.55,456881.76,1939.010592399393,17.72494,2.383164,122.37544947053402,2.032828276,80.28337894408739,79.66670862465342,82.0,4.406719247264253
2565,BLT-01,141577.55,456881.76,1939.0830204993936,17.99129,2.379913,122.37544947053402,2.032828276,80.28629238330971,79.66670862465342,82.0,4.406719247264253
2566,BLT-01,141577.55,456881.76,1939.1554485993936,18.09477,2.381147,122.37544947053402,2.032828276,80.28920579798155,79.66670862465342,82.0,4.406719247264253
2567,BLT-01,141577.55,456881.76,1939.2278766993932,17.75486,2.386043,122.37544947053402,2.032828276,80.29211918810287,79.66670862465342,82.0,4.406719247264253
2568,BLT-01,141577.55,456881.76,1939.3003047993932,17.03171,2.393491,122.37544947053402,2.032828276,80.29503255367374,79.66670862465342,82.0,4.406719247264253
2569,BLT-01,141577.55,456881.76,1939.3727328993932,16.51575,2.400335,122.37544947053402,2.032828276,80.29794589469414,79.66670862465342,82.0,4.406719247264253
2570,BLT-01,141577.55,456881.76,1939.4451609993937,16.50019,2.404214,122.37544947053402,2.032828276,80.30085921116404,79.66670862465342,82.0,4.406719247264253
2571,BLT-01,141577.55,456881.76,1939.5175890993935,16.5024,2.406374,122.37544947053402,2.032828276,80.30377250308344,79.66670862465342,82.0,4.406719247264253
2572,BLT-01,141577.55,456881.76,1939.5900171993933,16.41785,2.407264,122.37544947053402,2.032828276,80.30668577045236,79.66670862465342,82.0,4.406719247264253
2573,BLT-01,141577.55,456881.76,1939.6624452993933,16.22123,2.407347,122.37544947053402,2.032828276,80.3095990132708,79.66670862465342,82.0,4.406719247264253
2574,BLT-01,141577.55,456881.76,1939.7348733993936,16.39862,2.40616,122.37544947053402,2.032828276,80.31251223153878,79.66670862465342,82.0,4.406719247264253
2575,BLT-01,141577.55,456881.76,1939.8073014993936,16.72882,2.404534,122.37544947053402,2.032828276,80.31542542525625,79.66670862465342,82.0,4.406719247264253
2576,BLT-01,141577.55,456881.76,1939.8797295993932,17.11237,2.402476,122.37544947053402,2.032828276,80.31833859442324,79.66670862465342,82.0,4.406719247264253
2577,BLT-01,141577.55,456881.76,1939.9521576993932,17.43928,2.399905,122.37544947053402,2.032828276,80.32125173903975,79.66670862465342,82.0,4.406719247264253
2578,BLT-01,141577.55,456881.76,1940.0245857993937,17.5535,2.396961,122.37544947053402,2.032828276,80.32416485910582,79.66670862465342,82.0,4.406719247264253
2579,BLT-01,141577.55,456881.76,1940.0970138993937,17.44335,2.393934,122.37544947053402,2.032828276,80.32707795462136,79.66670862465342,82.0,4.406719247264253
2580,BLT-01,141577.55,456881.76,1940.1694419993933,17.28058,2.390865,122.37544947053402,2.032828276,80.32999102558642,79.66670862465342,82.0,4.406719247264253
2581,BLT-01,141577.55,456881.76,1940.2418700993933,17.22741,2.387777,122.37544947053402,2.032828276,80.33290407200099,79.66670862465342,82.0,4.406719247264253
2582,BLT-01,141577.55,456881.76,1940.3142981993933,17.43653,2.384476,122.37544947053402,2.032828276,80.3358170938651,79.66670862465342,82.0,4.406719247264253
2583,BLT-01,141577.55,456881.76,1940.3867262993936,17.55038,2.383172,122.37544947053402,2.032828276,80.33873009117873,79.66670862465342,82.0,4.406719247264253
2584,BLT-01,141577.55,456881.76,1940.459154399393,17.5365,2.384445,122.37544947053402,2.032828276,80.34164306394185,79.66670862465342,82.0,4.406719247264253
2585,BLT-01,141577.55,456881.76,1940.5315824993925,17.39335,2.388523,122.37544947053402,2.032828276,80.34455601215447,79.66670862465342,82.0,4.406719247264253
2586,BLT-01,141577.55,456881.76,1940.6040105993925,17.23206,2.394805,122.37544947053402,2.032828276,80.34746893581665,79.66670862465342,82.0,4.406719247264253
2587,BLT-01,141577.55,456881.76,1940.6764386993923,16.87766,2.402347,122.37544947053402,2.032828276,80.35038183492831,79.66670862465342,82.0,4.406719247264253
2588,BLT-01,141577.55,456881.76,1940.7488667993923,16.51765,2.408834,122.37544947053402,2.032828276,80.35329470948953,79.66670862465342,82.0,4.406719247264253
2589,BLT-01,141577.55,456881.76,1940.8212948993928,16.23823,2.413239,122.37544947053402,2.032828276,80.35620755950026,79.66670862465342,82.0,4.406719247264253
2590,BLT-01,141577.55,456881.76,1940.89367604106,16.12735,2.414623,122.37544947053402,2.032828276,80.3591184964552,79.66670862465342,82.0,4.406719247264253
2591,BLT-01,141577.55,456881.76,1940.96602635356,16.10006,2.416095,122.37544947053402,2.032828276,80.36202816905708,79.66670862465342,82.0,4.406719247264253
2592,BLT-01,141577.55,456881.76,1941.03837666606,16.12159,2.417465,122.37544947053402,2.032828276,80.36493781716119,79.66670862465342,82.0,4.406719247264253
2593,BLT-01,141577.55,456881.76,1941.11072697856,16.14585,2.418665,122.37544947053402,2.032828276,80.36784744076752,79.66670862465342,82.0,4.406719247264253
2594,BLT-01,141577.55,456881.76,1941.18307729106,16.08629,2.419621,122.37544947053402,2.032828276,80.37075703987607,79.66670862465342,82.0,4.406719247264253
2595,BLT-01,141577.55,456881.76,1941.25542760356,16.0513,2.421368,122.37544947053402,2.032828276,80.37366661448685,79.66670862465342,82.0,4.406719247264253
2596,BLT-01,141577.55,456881.76,1941.32777791606,15.98728,2.425038,122.37544947053402,2.032828276,80.37657616459985,79.66670862465342,82.0,4.406719247264253
2597,BLT-01,141577.55,456881.76,1941.40012822856,15.89015,2.43013,122.37544947053402,2.032828276,80.37948569021508,79.66670862465342,82.0,4.406719247264253
2598,BLT-01,141577.55,456881.76,1941.47247854106,15.7615,2.435801,122.37544947053402,2.032828276,80.3823951913325,79.66670862465342,82.0,4.406719247264253
2599,BLT-01,141577.55,456881.76,1941.54482885356,15.77986,2.439156,122.37544947053402,2.032828276,80.38530466795218,79.66670862465342,82.0,4.406719247264253
2600,BLT-01,141577.55,456881.76,1941.61717916606,15.61414,2.440155,122.37544947053402,2.032828276,80.38821412007407,79.66670862465342,82.0,4.406719247264253
2601,BLT-01,141577.55,456881.76,1941.68952947856,15.36742,2.438621,122.37544947053402,2.032828276,80.39112354769819,79.66670862465342,82.0,4.406719247264253
2602,BLT-01,141577.55,456881.76,1941.76187979106,15.15356,2.434558,122.37544947053402,2.032828276,80.39403295082452,79.66670862465342,82.0,4.406719247264253
2603,BLT-01,141577.55,456881.76,1941.83423010356,15.29461,2.429527,122.37544947053402,2.032828276,80.3969423294531,79.66670862465342,82.0,4.406719247264253
2604,BLT-01,141577.55,456881.76,1941.90658041606,15.54118,2.425074,122.37544947053402,2.032828276,80.39985168358388,79.66670862465342,82.0,4.406719247264253
2605,BLT-01,141577.55,456881.76,1941.97893072856,15.81401,2.421654,122.37544947053402,2.032828276,80.40276101321689,79.66670862465342,82.0,4.406719247264253
2606,BLT-01,141577.55,456881.76,1942.05128104106,16.0638,2.419605,122.37544947053402,2.032828276,80.40567031835212,79.66670862465342,82.0,4.406719247264253
2607,BLT-01,141577.55,456881.76,1942.12363135356,16.24829,2.419572,122.37544947053402,2.032828276,80.40857959898959,79.66670862465342,82.0,4.406719247264253
2608,BLT-01,141577.55,456881.76,1942.19598166606,16.41871,2.419765,122.37544947053402,2.032828276,80.41148885512926,79.66670862465342,82.0,4.406719247264253
2609,BLT-01,141577.55,456881.76,1942.26833197856,16.59566,2.419278,122.37544947053402,2.032828276,80.41439808677114,79.66670862465342,82.0,4.406719247264253
2610,BLT-01,141577.55,456881.76,1942.34068229106,16.74122,2.418215,122.37544947053402,2.032828276,80.41730729391526,79.66670862465342,82.0,4.406719247264253
2611,BLT-01,141577.55,456881.76,1942.41303260356,16.69418,2.418012,122.37544947053402,2.032828276,80.42021647656162,79.66670862465342,82.0,4.406719247264253
2612,BLT-01,141577.55,456881.76,1942.48538291606,16.51319,2.419922,122.37544947053402,2.032828276,80.42312563471019,79.66670862465342,82.0,4.406719247264253
2613,BLT-01,141577.55,456881.76,1942.55773322856,16.33438,2.424617,122.37544947053402,2.032828276,80.42603476836098,79.66670862465342,82.0,4.406719247264253
2614,BLT-01,141577.55,456881.76,1942.63008354106,16.16021,2.431182,122.37544947053402,2.032828276,80.428943877514,79.66670862465342,82.0,4.406719247264253
2615,BLT-01,141577.55,456881.76,1942.70243385356,15.94236,2.437392,122.37544947053402,2.032828276,80.43185296216924,79.66670862465342,82.0,4.406719247264253
2616,BLT-01,141577.55,456881.76,1942.77478416606,15.70565,2.441315,122.37544947053402,2.032828276,80.4347620223267,79.66670862465342,82.0,4.406719247264253
2617,BLT-01,141577.55,456881.76,1942.84713447856,15.46535,2.445529,122.37544947053402,2.032828276,80.43767105798638,79.66670862465342,82.0,4.406719247264253
2618,BLT-01,141577.55,456881.76,1942.91948479106,15.18204,2.450878,122.37544947053402,2.032828276,80.44058006914828,79.66670862465342,82.0,4.406719247264253
2619,BLT-01,141577.55,456881.76,1942.99183510356,14.80344,2.458162,122.37544947053402,2.032828276,80.44348905581242,79.66670862465342,82.0,4.406719247264253
2620,BLT-01,141577.55,456881.76,1943.06418541606,14.4494,2.46634,122.37544947053402,2.032828276,80.44639801797877,79.66670862465342,82.0,4.406719247264253
2621,BLT-01,141577.55,456881.76,1943.13653572856,14.20986,2.473598,122.37544947053402,2.032828276,80.44930695564734,79.66670862465342,82.0,4.406719247264253
2622,BLT-01,141577.55,456881.76,1943.20888604106,13.99255,2.481611,122.37544947053402,2.032828276,80.45221586881814,79.66670862465342,82.0,4.406719247264253
2623,BLT-01,141577.55,456881.76,1943.28123635356,13.72781,2.491243,122.37544947053402,2.032828276,80.45512475749116,79.66670862465342,82.0,4.406719247264253
2624,BLT-01,141577.55,456881.76,1943.35358666606,13.58688,2.493287,122.37544947053402,2.032828276,80.4580336216664,79.66670862465342,82.0,4.406719247264253
2625,BLT-01,141577.55,456881.76,1943.42593697856,13.73998,2.487713,122.37544947053402,2.032828276,80.46094246134388,79.66670862465342,82.0,4.406719247264253
2626,BLT-01,141577.55,456881.76,1943.49828729106,14.14862,2.478305,122.37544947053402,2.032828276,80.46385127652357,79.66670862465342,82.0,4.406719247264253
2627,BLT-01,141577.55,456881.76,1943.570637603559,14.78815,2.466928,122.37544947053402,2.032828276,80.46676006720544,79.66670862465342,82.0,4.406719247264253
2628,BLT-01,141577.55,456881.76,1943.642987916059,15.63342,2.452625,122.37544947053402,2.032828276,80.46966883338958,79.66670862465342,82.0,4.406719247264253
2629,BLT-01,141577.55,456881.76,1943.715338228559,16.26249,2.43959,122.37544947053402,2.032828276,80.47257757507595,79.66670862465342,82.0,4.406719247264253
2630,BLT-01,141577.55,456881.76,1943.787688541059,16.77576,2.426391,122.37544947053402,2.032828276,80.47548629226453,79.66670862465342,82.0,4.406719247264253
2631,BLT-01,141577.55,456881.76,1943.8600388535588,17.25707,2.410049,122.37544947053402,2.032828276,80.47839498495533,79.66670862465342,82.0,4.406719247264253
2632,BLT-01,141577.55,456881.76,1943.9323891660588,17.88976,2.381651,122.37544947053402,2.032828276,80.48130365314836,79.66670862465342,82.0,4.406719247264253
2633,BLT-01,141577.55,456881.76,1944.004739478559,18.59395,2.357447,122.37544947053402,2.032828276,80.48421229684362,79.66670862465342,82.0,4.406719247264253
2634,BLT-01,141577.55,456881.76,1944.077089791059,19.34164,2.34193,122.37544947053402,2.032828276,80.4871209160411,79.66670862465342,82.0,4.406719247264253
2635,BLT-01,141577.55,456881.76,1944.149440103559,20.00652,2.335276,122.37544947053402,2.032828276,80.49002951074081,79.66670862465342,82.0,4.406719247264253
2636,BLT-01,141577.55,456881.76,1944.2217904160589,20.33356,2.336175,122.37544947053402,2.032828276,80.49293808094272,79.66670862465342,82.0,4.406719247264253
2637,BLT-01,141577.55,456881.76,1944.294140728559,20.02923,2.344626,122.37544947053402,2.032828276,80.49584662664687,79.66670862465342,82.0,4.406719247264253
2638,BLT-01,141577.55,456881.76,1944.366491041059,19.51082,2.355565,122.37544947053402,2.032828276,80.49875514785325,79.66670862465342,82.0,4.406719247264253
2639,BLT-01,141577.55,456881.76,1944.438841353559,18.87306,2.368089,122.37544947053402,2.032828276,80.50166364456184,79.66670862465342,82.0,4.406719247264253
2640,BLT-01,141577.55,456881.76,1944.511191666059,18.19865,2.38151,122.37544947053402,2.032828276,80.50457211677265,79.66670862465342,82.0,4.406719247264253
2641,BLT-01,141577.55,456881.76,1944.583541978559,17.36885,2.396458,122.37544947053402,2.032828276,80.50748056448569,79.66670862465342,82.0,4.406719247264253
2642,BLT-01,141577.55,456881.76,1944.655892291059,16.75753,2.408411,122.37544947053402,2.032828276,80.51038898770095,79.66670862465342,82.0,4.406719247264253
2643,BLT-01,141577.55,456881.76,1944.728242603559,16.35938,2.416716,122.37544947053402,2.032828276,80.51329738641843,79.66670862465342,82.0,4.406719247264253
2644,BLT-01,141577.55,456881.76,1944.800592916059,16.15725,2.421134,122.37544947053402,2.032828276,80.51620576063814,79.66670862465342,82.0,4.406719247264253
2645,BLT-01,141577.55,456881.76,1944.8729432285588,16.06925,2.42464,122.37544947053402,2.032828276,80.51911411036006,79.66670862465342,82.0,4.406719247264253
2646,BLT-01,141577.55,456881.76,1944.9452935410588,16.05835,2.425904,122.37544947053402,2.032828276,80.52202243558422,79.66670862465342,82.0,4.406719247264253
2647,BLT-01,141577.55,456881.76,1945.0176438535589,16.08645,2.425487,122.37544947053402,2.032828276,80.5249307363106,79.66670862465342,82.0,4.406719247264253
2648,BLT-01,141577.55,456881.76,1945.089994166059,16.12591,2.423883,122.37544947053402,2.032828276,80.52783901253919,79.66670862465342,82.0,4.406719247264253
2649,BLT-01,141577.55,456881.76,1945.1623444785591,16.12764,2.422377,122.37544947053402,2.032828276,80.53074726427003,79.66670862465342,82.0,4.406719247264253
2650,BLT-01,141577.55,456881.76,1945.234694791059,16.21898,2.421315,122.37544947053402,2.032828276,80.53365549150305,79.66670862465342,82.0,4.406719247264253
2651,BLT-01,141577.55,456881.76,1945.307045103559,16.32342,2.420758,122.37544947053402,2.032828276,80.53656369423832,79.66670862465342,82.0,4.406719247264253
2652,BLT-01,141577.55,456881.76,1945.379395416059,16.39019,2.420653,122.37544947053402,2.032828276,80.53947187247581,79.66670862465342,82.0,4.406719247264253
2653,BLT-01,141577.55,456881.76,1945.451745728559,16.32628,2.420744,122.37544947053402,2.032828276,80.54238002621555,79.66670862465342,82.0,4.406719247264253
2654,BLT-01,141577.55,456881.76,1945.524096041059,15.98433,2.422116,122.37544947053402,2.032828276,80.54528815545748,79.66670862465342,82.0,4.406719247264253
2655,BLT-01,141577.55,456881.76,1945.5964463535588,15.63243,2.4244,122.37544947053402,2.032828276,80.54819626020162,79.66670862465342,82.0,4.406719247264253
2656,BLT-01,141577.55,456881.76,1945.6687966660588,15.3712,2.427242,122.37544947053402,2.032828276,80.551104340448,79.66670862465342,82.0,4.406719247264253
2657,BLT-01,141577.55,456881.76,1945.741146978559,15.31198,2.430045,122.37544947053402,2.032828276,80.55401239619664,79.66670862465342,82.0,4.406719247264253
2658,BLT-01,141577.55,456881.76,1945.813497291059,15.1533,2.432043,122.37544947053402,2.032828276,80.55692042744748,79.66670862465342,82.0,4.406719247264253
2659,BLT-01,141577.55,456881.76,1945.885847603559,15.01505,2.433111,122.37544947053402,2.032828276,80.55982843420051,79.66670862465342,82.0,4.406719247264253
2660,BLT-01,141577.55,456881.76,1945.958197916059,14.88276,2.433862,122.37544947053402,2.032828276,80.56273641645579,79.66670862465342,82.0,4.406719247264253
2661,BLT-01,141577.55,456881.76,1946.030548228559,14.72652,2.435089,122.37544947053402,2.032828276,80.5656443742133,79.66670862465342,82.0,4.406719247264253
2662,BLT-01,141577.55,456881.76,1946.102898541059,14.50586,2.440143,122.37544947053402,2.032828276,80.56855230747303,79.66670862465342,82.0,4.406719247264253
2663,BLT-01,141577.55,456881.76,1946.175248853559,13.88321,2.455953,122.37544947053402,2.032828276,80.57146021623497,79.66670862465342,82.0,4.406719247264253
2664,BLT-01,141577.55,456881.76,1946.2475991660588,13.01732,2.478243,122.37544947053402,2.032828276,80.57436810049911,79.66670862465342,82.0,4.406719247264253
2665,BLT-01,141577.55,456881.76,1946.319949478559,12.07556,2.502687,122.37544947053402,2.032828276,80.57727596026552,79.66670862465342,82.0,4.406719247264253
2666,BLT-01,141577.55,456881.76,1946.392299791059,11.48199,2.520358,122.37544947053402,2.032828276,80.58018379553414,79.66670862465342,82.0,4.406719247264253
2667,BLT-01,141577.55,456881.76,1946.464650103559,11.14711,2.531805,122.37544947053402,2.032828276,80.58309160630498,79.66670862465342,82.0,4.406719247264253
2668,BLT-01,141577.55,456881.76,1946.5370004160588,11.15782,2.534749,122.37544947053402,2.032828276,80.58599939257803,79.66670862465342,82.0,4.406719247264253
2669,BLT-01,141577.55,456881.76,1946.6093507285589,11.57358,2.528245,122.37544947053402,2.032828276,80.58890715435332,79.66670862465342,82.0,4.406719247264253
2670,BLT-01,141577.55,456881.76,1946.681701041058,12.48882,2.513596,122.37544947053402,2.032828276,80.59181489163079,79.66670862465342,82.0,4.406719247264253
2671,BLT-01,141577.55,456881.76,1946.754051353558,13.42116,2.497512,122.37544947053402,2.032828276,80.59472260441052,79.66670862465342,82.0,4.406719247264253
2672,BLT-01,141577.55,456881.76,1946.826401666058,14.50351,2.477352,122.37544947053402,2.032828276,80.59763029269247,79.66670862465342,82.0,4.406719247264253
2673,BLT-01,141577.55,456881.76,1946.898751978558,15.71221,2.45394,122.37544947053402,2.032828276,80.60053795647664,79.66670862465342,82.0,4.406719247264253
2674,BLT-01,141577.55,456881.76,1946.9711022910576,16.83065,2.432765,122.37544947053402,2.032828276,80.60344559576305,79.66670862465342,82.0,4.406719247264253
2675,BLT-01,141577.55,456881.76,1947.0434526035576,17.55193,2.417695,122.37544947053402,2.032828276,80.60635321055166,79.66670862465342,82.0,4.406719247264253
2676,BLT-01,141577.55,456881.76,1947.115802916058,18.13115,2.401137,122.37544947053402,2.032828276,80.60926080084252,79.66670862465342,82.0,4.406719247264253
2677,BLT-01,141577.55,456881.76,1947.188153228558,18.5403,2.384301,122.37544947053402,2.032828276,80.61216836663559,79.66670862465342,82.0,4.406719247264253
2678,BLT-01,141577.55,456881.76,1947.260503541058,18.63603,2.372216,122.37544947053402,2.032828276,80.61507590793087,79.66670862465342,82.0,4.406719247264253
2679,BLT-01,141577.55,456881.76,1947.332853853558,18.59441,2.368885,122.37544947053402,2.032828276,80.61798342472838,79.66670862465342,82.0,4.406719247264253
2680,BLT-01,141577.55,456881.76,1947.405204166058,18.73501,2.369547,122.37544947053402,2.032828276,80.62089091702813,79.66670862465342,82.0,4.406719247264253
2681,BLT-01,141577.55,456881.76,1947.477554478558,18.95471,2.372591,122.37544947053402,2.032828276,80.6237983848301,79.66670862465342,82.0,4.406719247264253
2682,BLT-01,141577.55,456881.76,1947.549904791058,19.09475,2.376375,122.37544947053402,2.032828276,80.62670582813428,79.66670862465342,82.0,4.406719247264253
2683,BLT-01,141577.55,456881.76,1947.6222551035576,19.14968,2.377387,122.37544947053402,2.032828276,80.62961324694066,79.66670862465342,82.0,4.406719247264253
2684,BLT-01,141577.55,456881.76,1947.694605416058,19.27657,2.375684,122.37544947053402,2.032828276,80.63252064124933,79.66670862465342,82.0,4.406719247264253
2685,BLT-01,141577.55,456881.76,1947.766955728558,19.59191,2.369368,122.37544947053402,2.032828276,80.63542801106018,79.66670862465342,82.0,4.406719247264253
2686,BLT-01,141577.55,456881.76,1947.839306041058,20.17551,2.357409,122.37544947053402,2.032828276,80.63833535637326,79.66670862465342,82.0,4.406719247264253
2687,BLT-01,141577.55,456881.76,1947.911656353558,20.88972,2.345264,122.37544947053402,2.032828276,80.64124267718856,79.66670862465342,82.0,4.406719247264253
2688,BLT-01,141577.55,456881.76,1947.984006666058,21.2338,2.337559,122.37544947053402,2.032828276,80.64414997350607,79.66670862465342,82.0,4.406719247264253
2689,BLT-01,141577.55,456881.76,1948.056356978558,21.34582,2.333395,122.37544947053402,2.032828276,80.64705724532581,79.66670862465342,82.0,4.406719247264253
2690,BLT-01,141577.55,456881.76,1948.128707291058,21.32366,2.332258,122.37544947053402,2.032828276,80.64996449264778,79.66670862465342,82.0,4.406719247264253
2691,BLT-01,141577.55,456881.76,1948.201057603558,21.34019,2.333762,122.37544947053402,2.032828276,80.65287171547197,79.66670862465342,82.0,4.406719247264253
2692,BLT-01,141577.55,456881.76,1948.273407916058,21.21236,2.335562,122.37544947053402,2.032828276,80.6557789137984,79.66670862465342,82.0,4.406719247264253
2693,BLT-01,141577.55,456881.76,1948.345758228558,21.01658,2.336959,122.37544947053402,2.032828276,80.65868608762703,79.66670862465342,82.0,4.406719247264253
2694,BLT-01,141577.55,456881.76,1948.418108541058,20.77444,2.337916,122.37544947053402,2.032828276,80.66159323695788,79.66670862465342,82.0,4.406719247264253
2695,BLT-01,141577.55,456881.76,1948.490458853558,20.48213,2.339,122.37544947053402,2.032828276,80.66450036179097,79.66670862465342,82.0,4.406719247264253
2696,BLT-01,141577.55,456881.76,1948.562809166058,20.37093,2.340026,122.37544947053402,2.032828276,80.66740746212628,79.66670862465342,82.0,4.406719247264253
2697,BLT-01,141577.55,456881.76,1948.6351594785576,20.41409,2.34072,122.37544947053402,2.032828276,80.6703145379638,79.66670862465342,82.0,4.406719247264253
2698,BLT-01,141577.55,456881.76,1948.7075097910576,20.58492,2.341096,122.37544947053402,2.032828276,80.67322158930355,79.66670862465342,82.0,4.406719247264253
2699,BLT-01,141577.55,456881.76,1948.779860103558,20.83934,2.341269,122.37544947053402,2.032828276,80.67612861614553,79.66670862465342,82.0,4.406719247264253
2700,BLT-01,141577.55,456881.76,1948.852210416058,20.96192,2.340877,122.37544947053402,2.032828276,80.67903561848973,79.66670862465342,82.0,4.406719247264253
2701,BLT-01,141577.55,456881.76,1948.9245607285584,21.02895,2.339494,122.37544947053402,2.032828276,80.68194259633619,79.66670862465342,82.0,4.406719247264253
2702,BLT-01,141577.55,456881.76,1948.996911041058,20.98746,2.336016,122.37544947053402,2.032828276,80.6848495496848,79.66670862465342,82.0,4.406719247264253
2703,BLT-01,141577.55,456881.76,1949.069261353558,20.77106,2.329211,122.37544947053402,2.032828276,80.68775647853566,79.66670862465342,82.0,4.406719247264253
2704,BLT-01,141577.55,456881.76,1949.141611666058,20.77209,2.323015,122.37544947053402,2.032828276,80.69066338288877,79.66670862465342,82.0,4.406719247264253
2705,BLT-01,141577.55,456881.76,1949.213961978558,21.0112,2.319466,122.37544947053402,2.032828276,80.69357026274409,79.66670862465342,82.0,4.406719247264253
2706,BLT-01,141577.55,456881.76,1949.286312291057,21.28515,2.317382,122.37544947053402,2.032828276,80.69647711810157,79.66670862465342,82.0,4.406719247264253
2707,BLT-01,141577.55,456881.76,1949.358662603557,21.44089,2.315531,122.37544947053402,2.032828276,80.69938394896133,79.66670862465342,82.0,4.406719247264253
2708,BLT-01,141577.55,456881.76,1949.431012916057,21.60644,2.310501,122.37544947053402,2.032828276,80.70229075532333,79.66670862465342,82.0,4.406719247264253
2709,BLT-01,141577.55,456881.76,1949.503363228557,21.84978,2.304541,122.37544947053402,2.032828276,80.70519753718753,79.66670862465342,82.0,4.406719247264253
2710,BLT-01,141577.55,456881.76,1949.575713541057,21.97087,2.299381,122.37544947053402,2.032828276,80.70810429455396,79.66670862465342,82.0,4.406719247264253
2711,BLT-01,141577.55,456881.76,1949.6480638535568,21.92201,2.29586,122.37544947053402,2.032828276,80.71101102742261,79.66670862465342,82.0,4.406719247264253
2712,BLT-01,141577.55,456881.76,1949.720414166058,21.99311,2.293942,122.37544947053402,2.032828276,80.71391773579354,79.66670862465342,82.0,4.406719247264253
2713,BLT-01,141577.55,456881.76,1949.792764478558,22.23198,2.293141,122.37544947053402,2.032828276,80.71682441966664,79.66670862465342,82.0,4.406719247264253
2714,BLT-01,141577.55,456881.76,1949.865114791057,22.46318,2.292547,122.37544947053402,2.032828276,80.71973107904192,79.66670862465342,82.0,4.406719247264253
2715,BLT-01,141577.55,456881.76,1949.937465103557,22.63085,2.291706,122.37544947053402,2.032828276,80.72263771391947,79.66670862465342,82.0,4.406719247264253
2716,BLT-01,141577.55,456881.76,1950.009815416057,22.71966,2.290003,122.37544947053402,2.032828276,80.72554432429924,79.66670862465342,82.0,4.406719247264253
2717,BLT-01,141577.55,456881.76,1950.082165728557,22.50776,2.28651,122.37544947053402,2.032828276,80.72845091018122,79.66670862465342,82.0,4.406719247264253
2718,BLT-01,141577.55,456881.76,1950.154516041057,22.25208,2.283611,122.37544947053402,2.032828276,80.73135747156545,79.66670862465342,82.0,4.406719247264253
2719,BLT-01,141577.55,456881.76,1950.2268663535567,22.01185,2.282552,122.37544947053402,2.032828276,80.73426400845187,79.66670862465342,82.0,4.406719247264253
2720,BLT-01,141577.55,456881.76,1950.2992166660567,21.82227,2.284997,122.37544947053402,2.032828276,80.73717052084054,79.66670862465342,82.0,4.406719247264253
2721,BLT-01,141577.55,456881.76,1950.371566978557,21.5076,2.294323,122.37544947053402,2.032828276,80.74007700873142,79.66670862465342,82.0,4.406719247264253
2722,BLT-01,141577.55,456881.76,1950.443917291057,21.19398,2.303657,122.37544947053402,2.032828276,80.74298347212454,79.66670862465342,82.0,4.406719247264253
2723,BLT-01,141577.55,456881.76,1950.516267603557,20.93806,2.311385,122.37544947053402,2.032828276,80.74588991101986,79.66670862465342,82.0,4.406719247264253
2724,BLT-01,141577.55,456881.76,1950.588617916057,20.79459,2.3162,122.37544947053402,2.032828276,80.7487963254174,79.66670862465342,82.0,4.406719247264253
2725,BLT-01,141577.55,456881.76,1950.660968228557,20.5158,2.323699,122.37544947053402,2.032828276,80.75170271531718,79.66670862465342,82.0,4.406719247264253
2726,BLT-01,141577.55,456881.76,1950.7333185410569,20.08919,2.333266,122.37544947053402,2.032828276,80.75460908071918,79.66670862465342,82.0,4.406719247264253
2727,BLT-01,141577.55,456881.76,1950.805668853557,19.68383,2.343931,122.37544947053402,2.032828276,80.75751542162342,79.66670862465342,82.0,4.406719247264253
2728,BLT-01,141577.55,456881.76,1950.878019166057,19.42255,2.354983,122.37544947053402,2.032828276,80.76042173802985,79.66670862465342,82.0,4.406719247264253
2729,BLT-01,141577.55,456881.76,1950.9503694785567,19.19542,2.36734,122.37544947053402,2.032828276,80.76332802993852,79.66670862465342,82.0,4.406719247264253
2730,BLT-01,141577.55,456881.76,1951.0227197910567,18.74622,2.380142,122.37544947053402,2.032828276,80.7662342973494,79.66670862465342,82.0,4.406719247264253
2731,BLT-01,141577.55,456881.76,1951.095070103557,18.1963,2.389184,122.37544947053402,2.032828276,80.76914054026254,79.66670862465342,82.0,4.406719247264253
2732,BLT-01,141577.55,456881.76,1951.167420416057,17.6226,2.392198,122.37544947053402,2.032828276,80.77204675867787,79.66670862465342,82.0,4.406719247264253
2733,BLT-01,141577.55,456881.76,1951.239770728557,17.13191,2.387769,122.37544947053402,2.032828276,80.77495295259544,79.66670862465342,82.0,4.406719247264253
2734,BLT-01,141577.55,456881.76,1951.312121041057,16.23176,2.391431,122.37544947053402,2.032828276,80.77785912201522,79.66670862465342,82.0,4.406719247264253
2735,BLT-01,141577.55,456881.76,1951.384471353557,15.16059,2.404761,122.37544947053402,2.032828276,80.78076526693724,79.66670862465342,82.0,4.406719247264253
2736,BLT-01,141577.55,456881.76,1951.456821666057,14.05001,2.427352,122.37544947053402,2.032828276,80.78367138736147,79.66670862465342,82.0,4.406719247264253
2737,BLT-01,141577.55,456881.76,1951.529171978557,13.10109,2.456515,122.37544947053402,2.032828276,80.78657748328791,79.66670862465342,82.0,4.406719247264253
2738,BLT-01,141577.55,456881.76,1951.601522291057,12.21482,2.483696,122.37544947053402,2.032828276,80.7894835547166,79.66670862465342,82.0,4.406719247264253
2739,BLT-01,141577.55,456881.76,1951.673872603557,11.54083,2.501109,122.37544947053402,2.032828276,80.79238960164749,79.66670862465342,82.0,4.406719247264253
2740,BLT-01,141577.55,456881.76,1951.746222916057,11.17465,2.506591,122.37544947053402,2.032828276,80.79529562408061,79.66670862465342,82.0,4.406719247264253
2741,BLT-01,141577.55,456881.76,1951.818573228557,11.25259,2.498358,122.37544947053402,2.032828276,80.79820162201595,79.66670862465342,82.0,4.406719247264253
2742,BLT-01,141577.55,456881.76,1951.890923541057,11.66549,2.485906,122.37544947053402,2.032828276,80.80110759545353,79.66670862465342,82.0,4.406719247264253
2743,BLT-01,141577.55,456881.76,1951.9632738535568,11.97085,2.477315,122.37544947053402,2.032828276,80.80401354439331,79.66670862465342,82.0,4.406719247264253
2744,BLT-01,141577.55,456881.76,1952.035624166057,12.10055,2.473119,122.37544947053402,2.032828276,80.80691946883533,79.66670862465342,82.0,4.406719247264253
2745,BLT-01,141577.55,456881.76,1952.107974478557,12.01473,2.473174,122.37544947053402,2.032828276,80.80982536877957,79.66670862465342,82.0,4.406719247264253
2746,BLT-01,141577.55,456881.76,1952.180324791057,12.01658,2.472012,122.37544947053402,2.032828276,80.81273124422603,79.66670862465342,82.0,4.406719247264253
2747,BLT-01,141577.55,456881.76,1952.252675103557,12.30649,2.464885,122.37544947053402,2.032828276,80.81563709517471,79.66670862465342,82.0,4.406719247264253
2748,BLT-01,141577.55,456881.76,1952.325025416057,12.70899,2.456255,122.37544947053402,2.032828276,80.81854292162562,79.66670862465342,82.0,4.406719247264253
2749,BLT-01,141577.55,456881.76,1952.397375728556,13.0714,2.450172,122.37544947053402,2.032828276,80.82144872357871,79.66670862465342,82.0,4.406719247264253
2750,BLT-01,141577.55,456881.76,1952.469726041056,13.19692,2.454031,122.37544947053402,2.032828276,80.82435450103407,79.66670862465342,82.0,4.406719247264253
2751,BLT-01,141577.55,456881.76,1952.542076353556,13.23505,2.461811,122.37544947053402,2.032828276,80.82726025399164,79.66670862465342,82.0,4.406719247264253
2752,BLT-01,141577.55,456881.76,1952.614426666056,13.45155,2.46714,122.37544947053402,2.032828276,80.83016598245143,79.66670862465342,82.0,4.406719247264253
2753,BLT-01,141577.55,456881.76,1952.686776978556,14.0019,2.465898,122.37544947053402,2.032828276,80.83307168641346,79.66670862465342,82.0,4.406719247264253
2754,BLT-01,141577.55,456881.76,1952.7591272910563,15.05524,2.451879,122.37544947053402,2.032828276,80.83597736587774,79.66670862465342,82.0,4.406719247264253
2755,BLT-01,141577.55,456881.76,1952.831477603556,16.08765,2.431306,122.37544947053402,2.032828276,80.83888302084418,79.66670862465342,82.0,4.406719247264253
2756,BLT-01,141577.55,456881.76,1952.903827916056,16.89022,2.409221,122.37544947053402,2.032828276,80.84178865131287,79.66670862465342,82.0,4.406719247264253
2757,BLT-01,141577.55,456881.76,1952.976178228556,17.39997,2.390199,122.37544947053402,2.032828276,80.84469425728378,79.66670862465342,82.0,4.406719247264253
2758,BLT-01,141577.55,456881.76,1953.048528541056,17.60145,2.384037,122.37544947053402,2.032828276,80.84759983875692,79.66670862465342,82.0,4.406719247264253
2759,BLT-01,141577.55,456881.76,1953.120878853556,17.47018,2.391498,122.37544947053402,2.032828276,80.85050539573228,79.66670862465342,82.0,4.406719247264253
2760,BLT-01,141577.55,456881.76,1953.193229166056,17.1737,2.402877,122.37544947053402,2.032828276,80.85341092820987,79.66670862465342,82.0,4.406719247264253
2761,BLT-01,141577.55,456881.76,1953.265579478556,16.7321,2.416967,122.37544947053402,2.032828276,80.85631643618967,79.66670862465342,82.0,4.406719247264253
2762,BLT-01,141577.55,456881.76,1953.337929791056,16.13631,2.434237,122.37544947053402,2.032828276,80.85922191967171,79.66670862465342,82.0,4.406719247264253
2763,BLT-01,141577.55,456881.76,1953.4102801035565,15.78732,2.446791,122.37544947053402,2.032828276,80.86212737865597,79.66670862465342,82.0,4.406719247264253
2764,BLT-01,141577.55,456881.76,1953.482630416056,15.54419,2.454371,122.37544947053402,2.032828276,80.86503281314245,79.66670862465342,82.0,4.406719247264253
2765,BLT-01,141577.55,456881.76,1953.554980728556,15.23903,2.458299,122.37544947053402,2.032828276,80.86793822313115,79.66670862465342,82.0,4.406719247264253
2766,BLT-01,141577.55,456881.76,1953.627331041056,14.69317,2.460242,122.37544947053402,2.032828276,80.87084360862207,79.66670862465342,82.0,4.406719247264253
2767,BLT-01,141577.55,456881.76,1953.699681353556,14.23257,2.46155,122.37544947053402,2.032828276,80.8737489696152,79.66670862465342,82.0,4.406719247264253
2768,BLT-01,141577.55,456881.76,1953.772031666056,13.85762,2.4645,122.37544947053402,2.032828276,80.87665430611057,79.66670862465342,82.0,4.406719247264253
2769,BLT-01,141577.55,456881.76,1953.844381978556,13.44779,2.471661,122.37544947053402,2.032828276,80.87955961810817,79.66670862465342,82.0,4.406719247264253
2770,BLT-01,141577.55,456881.76,1953.916732291056,12.94773,2.484175,122.37544947053402,2.032828276,80.88246490560797,79.66670862465342,82.0,4.406719247264253
2771,BLT-01,141577.55,456881.76,1953.989082603556,12.75814,2.493802,122.37544947053402,2.032828276,80.88537016861002,79.66670862465342,82.0,4.406719247264253
2772,BLT-01,141577.55,456881.76,1954.061432916056,12.92673,2.492838,122.37544947053402,2.032828276,80.88827540711428,79.66670862465342,82.0,4.406719247264253
2773,BLT-01,141577.55,456881.76,1954.133783228556,13.58496,2.474661,122.37544947053402,2.032828276,80.89118062112077,79.66670862465342,82.0,4.406719247264253
2774,BLT-01,141577.55,456881.76,1954.206133541056,14.74068,2.438573,122.37544947053402,2.032828276,80.89408581062946,79.66670862465342,82.0,4.406719247264253
2775,BLT-01,141577.55,456881.76,1954.278483853556,16.11098,2.397181,122.37544947053402,2.032828276,80.89699097564039,79.66670862465342,82.0,4.406719247264253
2776,BLT-01,141577.55,456881.76,1954.350834166056,18.00577,2.362135,122.37544947053402,2.032828276,80.89989611615354,79.66670862465342,82.0,4.406719247264253
2777,BLT-01,141577.55,456881.76,1954.423184478556,19.69388,2.336764,122.37544947053402,2.032828276,80.90280123216893,79.66670862465342,82.0,4.406719247264253
2778,BLT-01,141577.55,456881.76,1954.495534791056,20.84503,2.322562,122.37544947053402,2.032828276,80.90570632368653,79.66670862465342,82.0,4.406719247264253
2779,BLT-01,141577.55,456881.76,1954.567885103556,21.06154,2.321324,122.37544947053402,2.032828276,80.90861139070634,79.66670862465342,82.0,4.406719247264253
2780,BLT-01,141577.55,456881.76,1954.640235416056,21.49482,2.3193,122.37544947053402,2.032828276,80.91151643322839,79.66670862465342,82.0,4.406719247264253
2781,BLT-01,141577.55,456881.76,1954.712585728556,22.0264,2.312697,122.37544947053402,2.032828276,80.91442145125266,79.66670862465342,82.0,4.406719247264253
2782,BLT-01,141577.55,456881.76,1954.784936041056,22.52447,2.302516,122.37544947053402,2.032828276,80.91732644477915,79.66670862465342,82.0,4.406719247264253
2783,BLT-01,141577.55,456881.76,1954.857286353556,22.78092,2.2916,122.37544947053402,2.032828276,80.92023141380787,79.66670862465342,82.0,4.406719247264253
2784,BLT-01,141577.55,456881.76,1954.929636666056,22.98477,2.2869,122.37544947053402,2.032828276,80.92313635833881,79.66670862465342,82.0,4.406719247264253
2785,BLT-01,141577.55,456881.76,1955.001986978556,23.00821,2.286396,122.37544947053402,2.032828276,80.92604127837198,79.66670862465342,82.0,4.406719247264253
2786,BLT-01,141577.55,456881.76,1955.0743372910565,22.78065,2.290383,122.37544947053402,2.032828276,80.92894617390738,79.66670862465342,82.0,4.406719247264253
2787,BLT-01,141577.55,456881.76,1955.146687603556,22.24128,2.299109,122.37544947053402,2.032828276,80.93185104494498,79.66670862465342,82.0,4.406719247264253
2788,BLT-01,141577.55,456881.76,1955.219037916056,21.66286,2.306455,122.37544947053402,2.032828276,80.9347558914848,79.66670862465342,82.0,4.406719247264253
2789,BLT-01,141577.55,456881.76,1955.291388228556,21.21519,2.31013,122.37544947053402,2.032828276,80.93766071352685,79.66670862465342,82.0,4.406719247264253
2790,BLT-01,141577.55,456881.76,1955.363738541056,21.02589,2.310688,122.37544947053402,2.032828276,80.94056551107113,79.66670862465342,82.0,4.406719247264253
2791,BLT-01,141577.55,456881.76,1955.436088853556,21.16818,2.30837,122.37544947053402,2.032828276,80.94347028411762,79.66670862465342,82.0,4.406719247264253
2792,BLT-01,141577.55,456881.76,1955.5084391660555,21.46143,2.300725,122.37544947053402,2.032828276,80.94637503266631,79.66670862465342,82.0,4.406719247264253
2793,BLT-01,141577.55,456881.76,1955.580789478555,21.51804,2.294588,122.37544947053402,2.032828276,80.94927975671726,79.66670862465342,82.0,4.406719247264253
2794,BLT-01,141577.55,456881.76,1955.653139791055,21.50483,2.292305,122.37544947053402,2.032828276,80.95218445627043,79.66670862465342,82.0,4.406719247264253
2795,BLT-01,141577.55,456881.76,1955.725490103555,21.50525,2.294564,122.37544947053402,2.032828276,80.95508913132582,79.66670862465342,82.0,4.406719247264253
2796,BLT-01,141577.55,456881.76,1955.7978404160551,21.56379,2.299427,122.37544947053402,2.032828276,80.95799378188343,79.66670862465342,82.0,4.406719247264253
2797,BLT-01,141577.55,456881.76,1955.870190728555,21.50058,2.305344,122.37544947053402,2.032828276,80.96089840794326,79.66670862465342,82.0,4.406719247264253
2798,BLT-01,141577.55,456881.76,1955.9425410410552,21.31053,2.310898,122.37544947053402,2.032828276,80.96380300950533,79.66670862465342,82.0,4.406719247264253
2799,BLT-01,141577.55,456881.76,1956.0148913535552,20.94916,2.315731,122.37544947053402,2.032828276,80.96670758656961,79.66670862465342,82.0,4.406719247264253
2800,BLT-01,141577.55,456881.76,1956.0872416660552,20.28868,2.319903,122.37544947053402,2.032828276,80.96961213913612,79.66670862465342,82.0,4.406719247264253
2801,BLT-01,141577.55,456881.76,1956.1595919785552,19.27749,2.33283,122.37544947053402,2.032828276,80.97251666720486,79.66670862465342,82.0,4.406719247264253
2802,BLT-01,141577.55,456881.76,1956.231942291055,18.42918,2.349709,122.37544947053402,2.032828276,80.9754211707758,79.66670862465342,82.0,4.406719247264253
2803,BLT-01,141577.55,456881.76,1956.304292603555,17.68926,2.370648,122.37544947053402,2.032828276,80.97832564984898,79.66670862465342,82.0,4.406719247264253
2804,BLT-01,141577.55,456881.76,1956.376642916055,16.83013,2.397037,122.37544947053402,2.032828276,80.98123010442437,79.66670862465342,82.0,4.406719247264253
2805,BLT-01,141577.55,456881.76,1956.448993228555,15.99817,2.418599,122.37544947053402,2.032828276,80.984134534502,79.66670862465342,82.0,4.406719247264253
2806,BLT-01,141577.55,456881.76,1956.5213435410556,15.46832,2.432632,122.37544947053402,2.032828276,80.98703894008187,79.66670862465342,82.0,4.406719247264253
2807,BLT-01,141577.55,456881.76,1956.5936938535551,15.19279,2.440938,122.37544947053402,2.032828276,80.98994332116392,79.66670862465342,82.0,4.406719247264253
2808,BLT-01,141577.55,456881.76,1956.6660441660551,15.09341,2.445845,122.37544947053402,2.032828276,80.99284767774822,79.66670862465342,82.0,4.406719247264253
2809,BLT-01,141577.55,456881.76,1956.7383944785552,15.08029,2.447086,122.37544947053402,2.032828276,80.99575200983473,79.66670862465342,82.0,4.406719247264253
2810,BLT-01,141577.55,456881.76,1956.8107447910552,15.09856,2.446802,122.37544947053402,2.032828276,80.99865631742348,79.66670862465342,82.0,4.406719247264253
2811,BLT-01,141577.55,456881.76,1956.883095103555,15.13178,2.444927,122.37544947053402,2.032828276,81.00156060051442,79.66670862465342,82.0,4.406719247264253
2812,BLT-01,141577.55,456881.76,1956.955445416055,15.1841,2.441485,122.37544947053402,2.032828276,81.0044648591076,79.66670862465342,82.0,4.406719247264253
2813,BLT-01,141577.55,456881.76,1957.027795728555,15.42936,2.436987,122.37544947053402,2.032828276,81.00736909320302,79.66670862465342,82.0,4.406719247264253
2814,BLT-01,141577.55,456881.76,1957.1001460410555,15.69973,2.43122,122.37544947053402,2.032828276,81.01027330280066,79.66670862465342,82.0,4.406719247264253
2815,BLT-01,141577.55,456881.76,1957.1724963535555,15.83238,2.426035,122.37544947053402,2.032828276,81.0131774879005,79.66670862465342,82.0,4.406719247264253
2816,BLT-01,141577.55,456881.76,1957.244846666055,15.77035,2.422402,122.37544947053402,2.032828276,81.01608164850258,79.66670862465342,82.0,4.406719247264253
2817,BLT-01,141577.55,456881.76,1957.317196978555,15.58901,2.421119,122.37544947053402,2.032828276,81.01898578460687,79.66670862465342,82.0,4.406719247264253
2818,BLT-01,141577.55,456881.76,1957.3895472910551,15.30883,2.419872,122.37544947053402,2.032828276,81.0218898962134,79.66670862465342,82.0,4.406719247264253
2819,BLT-01,141577.55,456881.76,1957.4618976035551,15.0704,2.418406,122.37544947053402,2.032828276,81.02479398332214,79.66670862465342,82.0,4.406719247264253
2820,BLT-01,141577.55,456881.76,1957.5342479160552,14.92696,2.416626,122.37544947053402,2.032828276,81.0276980459331,79.66670862465342,82.0,4.406719247264253
2821,BLT-01,141577.55,456881.76,1957.606598228555,14.92719,2.414454,122.37544947053402,2.032828276,81.03060208404631,79.66670862465342,82.0,4.406719247264253
2822,BLT-01,141577.55,456881.76,1957.6789485410552,15.22858,2.409088,122.37544947053402,2.032828276,81.03350609766171,79.66670862465342,82.0,4.406719247264253
2823,BLT-01,141577.55,456881.76,1957.7512988535552,15.52843,2.403504,122.37544947053402,2.032828276,81.03641008677936,79.66670862465342,82.0,4.406719247264253
2824,BLT-01,141577.55,456881.76,1957.8236491660552,15.71745,2.398959,122.37544947053402,2.032828276,81.03931405139923,79.66670862465342,82.0,4.406719247264253
2825,BLT-01,141577.55,456881.76,1957.895999478555,15.67831,2.396923,122.37544947053402,2.032828276,81.04221799152128,79.66670862465342,82.0,4.406719247264253
2826,BLT-01,141577.55,456881.76,1957.968349791055,15.5652,2.397851,122.37544947053402,2.032828276,81.0451219071456,79.66670862465342,82.0,4.406719247264253
2827,BLT-01,141577.55,456881.76,1958.040700103555,15.47659,2.404583,122.37544947053402,2.032828276,81.04802579827212,79.66670862465342,82.0,4.406719247264253
2828,BLT-01,141577.55,456881.76,1958.113050416055,15.40049,2.414936,122.37544947053402,2.032828276,81.05092966490089,79.66670862465342,82.0,4.406719247264253
2829,BLT-01,141577.55,456881.76,1958.1854007285551,15.31825,2.426179,122.37544947053402,2.032828276,81.05383350703187,79.66670862465342,82.0,4.406719247264253
2830,BLT-01,141577.55,456881.76,1958.2577510410551,15.23584,2.433918,122.37544947053402,2.032828276,81.05673732466508,79.66670862465342,82.0,4.406719247264253
2831,BLT-01,141577.55,456881.76,1958.3301013535552,15.19187,2.439466,122.37544947053402,2.032828276,81.0596411178005,79.66670862465342,82.0,4.406719247264253
2832,BLT-01,141577.55,456881.76,1958.4024516660552,15.17492,2.442248,122.37544947053402,2.032828276,81.06254488643816,79.66670862465342,82.0,4.406719247264253
2833,BLT-01,141577.55,456881.76,1958.4748019785552,15.18652,2.441899,122.37544947053402,2.032828276,81.06544863057802,79.66670862465342,82.0,4.406719247264253
2834,BLT-01,141577.55,456881.76,1958.547152291055,15.32979,2.438441,122.37544947053402,2.032828276,81.0683523502201,79.66670862465342,82.0,4.406719247264253
2835,BLT-01,141577.55,456881.76,1958.619502603554,15.50494,2.430981,122.37544947053402,2.032828276,81.07125604536436,79.66670862465342,82.0,4.406719247264253
2836,BLT-01,141577.55,456881.76,1958.691852916054,15.67407,2.422547,122.37544947053402,2.032828276,81.07415971601091,79.66670862465342,82.0,4.406719247264253
2837,BLT-01,141577.55,456881.76,1958.7642032285544,15.83645,2.414833,122.37544947053402,2.032828276,81.07706336215969,79.66670862465342,82.0,4.406719247264253
2838,BLT-01,141577.55,456881.76,1958.8365535410544,16.0692,2.409774,122.37544947053402,2.032828276,81.07996698381066,79.66670862465342,82.0,4.406719247264253
2839,BLT-01,141577.55,456881.76,1958.9089038535544,16.19193,2.40638,122.37544947053402,2.032828276,81.08287058096387,79.66670862465342,82.0,4.406719247264253
2840,BLT-01,141577.55,456881.76,1958.981254166054,16.13654,2.404742,122.37544947053402,2.032828276,81.0857741536193,79.66670862465342,82.0,4.406719247264253
2841,BLT-01,141577.55,456881.76,1959.0536044785545,15.93823,2.404738,122.37544947053402,2.032828276,81.08867770177696,79.66670862465342,82.0,4.406719247264253
2842,BLT-01,141577.55,456881.76,1959.125901934872,15.74503,2.405961,122.37544947053402,2.032828276,81.09157910425002,79.66670862465342,82.0,4.406719247264253
2843,BLT-01,141577.55,456881.76,1959.1981690316463,15.46053,2.407581,122.37544947053402,2.032828276,81.09447926390368,79.66670862465342,82.0,4.406719247264253
2844,BLT-01,141577.55,456881.76,1959.2704361284204,15.15018,2.410656,122.37544947053402,2.032828276,81.09737939911588,79.66670862465342,82.0,4.406719247264253
2845,BLT-01,141577.55,456881.76,1959.3427032251943,14.85325,2.415114,122.37544947053402,2.032828276,81.10027950988663,79.66670862465342,82.0,4.406719247264253
2846,BLT-01,141577.55,456881.76,1959.414970321969,14.62185,2.420575,122.37544947053402,2.032828276,81.10317959621597,79.66670862465342,82.0,4.406719247264253
2847,BLT-01,141577.55,456881.76,1959.487237418743,14.17247,2.425634,122.37544947053402,2.032828276,81.10607965810381,79.66670862465342,82.0,4.406719247264253
2848,BLT-01,141577.55,456881.76,1959.559504515517,13.61646,2.431901,122.37544947053402,2.032828276,81.10897969555018,79.66670862465342,82.0,4.406719247264253
2849,BLT-01,141577.55,456881.76,1959.6317716122917,13.07872,2.438641,122.37544947053402,2.032828276,81.11187970855514,79.66670862465342,82.0,4.406719247264253
2850,BLT-01,141577.55,456881.76,1959.7040387090656,12.68381,2.444976,122.37544947053402,2.032828276,81.11477969711859,79.66670862465342,82.0,4.406719247264253
2851,BLT-01,141577.55,456881.76,1959.77630580584,12.26359,2.451411,122.37544947053402,2.032828276,81.11767966124063,79.66670862465342,82.0,4.406719247264253
2852,BLT-01,141577.55,456881.76,1959.848572902614,11.74351,2.463447,122.37544947053402,2.032828276,81.12057960092119,79.66670862465342,82.0,4.406719247264253
2853,BLT-01,141577.55,456881.76,1959.920839999388,11.24441,2.477609,122.37544947053402,2.032828276,81.12347951616027,79.66670862465342,82.0,4.406719247264253
2854,BLT-01,141577.55,456881.76,1959.9931070961625,10.85503,2.490915,122.37544947053402,2.032828276,81.12637940695795,79.66670862465342,82.0,4.406719247264253
2855,BLT-01,141577.55,456881.76,1960.0653741929368,10.62977,2.497831,122.37544947053402,2.032828276,81.12927927331415,79.66670862465342,82.0,4.406719247264253
2856,BLT-01,141577.55,456881.76,1960.1376412897107,10.43321,2.502749,122.37544947053402,2.032828276,81.13217911522888,79.66670862465342,82.0,4.406719247264253
2857,BLT-01,141577.55,456881.76,1960.209908386485,10.27617,2.505239,122.37544947053402,2.032828276,81.1350789327022,79.66670862465342,82.0,4.406719247264253
2858,BLT-01,141577.55,456881.76,1960.2821754832592,10.17336,2.505474,122.37544947053402,2.032828276,81.13797872573402,79.66670862465342,82.0,4.406719247264253
2859,BLT-01,141577.55,456881.76,1960.3544425800333,10.17335,2.505173,122.37544947053402,2.032828276,81.14087849432438,79.66670862465342,82.0,4.406719247264253
2860,BLT-01,141577.55,456881.76,1960.426709676808,10.16434,2.505675,122.37544947053402,2.032828276,81.14377823847332,79.66670862465342,82.0,4.406719247264253
2861,BLT-01,141577.55,456881.76,1960.4989767735815,10.15947,2.506073,122.37544947053402,2.032828276,81.14667795818076,79.66670862465342,82.0,4.406719247264253
2862,BLT-01,141577.55,456881.76,1960.571243870356,10.18273,2.505881,122.37544947053402,2.032828276,81.14957765344678,79.66670862465342,82.0,4.406719247264253
2863,BLT-01,141577.55,456881.76,1960.6435109671304,10.29163,2.504383,122.37544947053402,2.032828276,81.15247732427135,79.66670862465342,82.0,4.406719247264253
2864,BLT-01,141577.55,456881.76,1960.7157780639045,10.54352,2.502339,122.37544947053402,2.032828276,81.15537697065444,79.66670862465342,82.0,4.406719247264253
2865,BLT-01,141577.55,456881.76,1960.7880451606784,11.19446,2.498877,122.37544947053402,2.032828276,81.15827659259607,79.66670862465342,82.0,4.406719247264253
2866,BLT-01,141577.55,456881.76,1960.8603122574527,12.15806,2.49291,122.37544947053402,2.032828276,81.16117619009626,79.66670862465342,82.0,4.406719247264253
2867,BLT-01,141577.55,456881.76,1960.932579354227,13.23147,2.482825,122.37544947053402,2.032828276,81.164075763155,79.66670862465342,82.0,4.406719247264253
2868,BLT-01,141577.55,456881.76,1961.0048464510007,14.11027,2.465815,122.37544947053402,2.032828276,81.16697531177225,79.66670862465342,82.0,4.406719247264253
2869,BLT-01,141577.55,456881.76,1961.0771135477755,15.67055,2.435645,122.37544947053402,2.032828276,81.1698748359481,79.66670862465342,82.0,4.406719247264253
2870,BLT-01,141577.55,456881.76,1961.1493806445492,17.56052,2.400783,122.37544947053402,2.032828276,81.17277433568243,79.66670862465342,82.0,4.406719247264253
2871,BLT-01,141577.55,456881.76,1961.2216477413228,19.33245,2.370914,122.37544947053402,2.032828276,81.17567381097531,79.66670862465342,82.0,4.406719247264253
2872,BLT-01,141577.55,456881.76,1961.293914838097,19.88333,2.359434,122.37544947053402,2.032828276,81.17857326182676,79.66670862465342,82.0,4.406719247264253
2873,BLT-01,141577.55,456881.76,1961.366181934871,20.07729,2.352819,122.37544947053402,2.032828276,81.18147268823675,79.66670862465342,82.0,4.406719247264253
2874,BLT-01,141577.55,456881.76,1961.4384490316452,20.01296,2.350611,122.37544947053402,2.032828276,81.18437209020529,79.66670862465342,82.0,4.406719247264253
2875,BLT-01,141577.55,456881.76,1961.5107161284195,19.77951,2.352306,122.37544947053402,2.032828276,81.18727146773237,79.66670862465342,82.0,4.406719247264253
2876,BLT-01,141577.55,456881.76,1961.5829832251936,19.56328,2.356565,122.37544947053402,2.032828276,81.19017082081801,79.66670862465342,82.0,4.406719247264253
2877,BLT-01,141577.55,456881.76,1961.655250321968,19.5099,2.36074,122.37544947053402,2.032828276,81.19307014946219,79.66670862465342,82.0,4.406719247264253
2878,BLT-01,141577.55,456881.76,1961.727517418743,19.48597,2.364162,122.37544947053402,2.032828276,81.19596945366493,79.66670862465342,82.0,4.406719247264253
2879,BLT-01,141577.55,456881.76,1961.7997845155164,19.40453,2.366292,122.37544947053402,2.032828276,81.19886873342617,79.66670862465342,82.0,4.406719247264253
2880,BLT-01,141577.55,456881.76,1961.8720516122903,19.11589,2.3659,122.37544947053402,2.032828276,81.20176798874594,79.66670862465342,82.0,4.406719247264253
2881,BLT-01,141577.55,456881.76,1961.9443187090649,18.92401,2.36474,122.37544947053402,2.032828276,81.20466721962433,79.66670862465342,82.0,4.406719247264253
2882,BLT-01,141577.55,456881.76,1962.0165858058388,18.81703,2.36503,122.37544947053402,2.032828276,81.2075664260612,79.66670862465342,82.0,4.406719247264253
2883,BLT-01,141577.55,456881.76,1962.088852902613,18.70656,2.367335,122.37544947053402,2.032828276,81.21046560805665,79.66670862465342,82.0,4.406719247264253
2884,BLT-01,141577.55,456881.76,1962.1611199993877,18.36104,2.371734,122.37544947053402,2.032828276,81.21336476561063,79.66670862465342,82.0,4.406719247264253
2885,BLT-01,141577.55,456881.76,1962.2333870961616,17.96313,2.376305,122.37544947053402,2.032828276,81.21626389872314,79.66670862465342,82.0,4.406719247264253
2886,BLT-01,141577.55,456881.76,1962.305654192936,17.67107,2.383003,122.37544947053402,2.032828276,81.21916300739424,79.66670862465342,82.0,4.406719247264253
2887,BLT-01,141577.55,456881.76,1962.37792128971,17.47854,2.39105,122.37544947053402,2.032828276,81.22206209162385,79.66670862465342,82.0,4.406719247264253
2888,BLT-01,141577.55,456881.76,1962.450188386484,17.3417,2.398751,122.37544947053402,2.032828276,81.22496115141199,79.66670862465342,82.0,4.406719247264253
2889,BLT-01,141577.55,456881.76,1962.5224554832585,17.15823,2.404307,122.37544947053402,2.032828276,81.2278601867587,79.66670862465342,82.0,4.406719247264253
2890,BLT-01,141577.55,456881.76,1962.5947225800323,16.89292,2.408789,122.37544947053402,2.032828276,81.23075919766396,79.66670862465342,82.0,4.406719247264253
2891,BLT-01,141577.55,456881.76,1962.666989676807,16.68416,2.410953,122.37544947053402,2.032828276,81.23365818412776,79.66670862465342,82.0,4.406719247264253
2892,BLT-01,141577.55,456881.76,1962.739256773581,16.678,2.409548,122.37544947053402,2.032828276,81.2365571461501,79.66670862465342,82.0,4.406719247264253
2893,BLT-01,141577.55,456881.76,1962.8115238703551,16.96631,2.405322,122.37544947053402,2.032828276,81.23945608373097,79.66670862465342,82.0,4.406719247264253
2894,BLT-01,141577.55,456881.76,1962.8837909671288,17.18035,2.402739,122.37544947053402,2.032828276,81.24235499687036,79.66670862465342,82.0,4.406719247264253
2895,BLT-01,141577.55,456881.76,1962.9560580639036,17.40317,2.402239,122.37544947053402,2.032828276,81.24525388556836,79.66670862465342,82.0,4.406719247264253
2896,BLT-01,141577.55,456881.76,1963.0283251606777,17.66367,2.403929,122.37544947053402,2.032828276,81.24815274982487,79.66670862465342,82.0,4.406719247264253
2897,BLT-01,141577.55,456881.76,1963.100592257452,17.72026,2.406295,122.37544947053402,2.032828276,81.25105158963994,79.66670862465342,82.0,4.406719247264253
2898,BLT-01,141577.55,456881.76,1963.172859354226,17.55105,2.406841,122.37544947053402,2.032828276,81.25395040501354,79.66670862465342,82.0,4.406719247264253
2899,BLT-01,141577.55,456881.76,1963.245126451,17.50029,2.405842,122.37544947053402,2.032828276,81.25684919594568,79.66670862465342,82.0,4.406719247264253
2900,BLT-01,141577.55,456881.76,1963.3173935477744,17.68228,2.403532,122.37544947053402,2.032828276,81.25974796243638,79.66670862465342,82.0,4.406719247264253
2901,BLT-01,141577.55,456881.76,1963.3896606445487,17.98196,2.400479,122.37544947053402,2.032828276,81.2626467044856,79.66670862465342,82.0,4.406719247264253
2902,BLT-01,141577.55,456881.76,1963.4619277413228,18.13791,2.396835,122.37544947053402,2.032828276,81.26554542209338,79.66670862465342,82.0,4.406719247264253
2903,BLT-01,141577.55,456881.76,1963.534194838097,18.18701,2.390892,122.37544947053402,2.032828276,81.2684441152597,79.66670862465342,82.0,4.406719247264253
2904,BLT-01,141577.55,456881.76,1963.6064619348715,18.18413,2.383189,122.37544947053402,2.032828276,81.2713427839846,79.66670862465342,82.0,4.406719247264253
2905,BLT-01,141577.55,456881.76,1963.6787290316452,18.25139,2.376223,122.37544947053402,2.032828276,81.27424142826798,79.66670862465342,82.0,4.406719247264253
2906,BLT-01,141577.55,456881.76,1963.7509961284195,18.50532,2.371758,122.37544947053402,2.032828276,81.27714004810994,79.66670862465342,82.0,4.406719247264253
2907,BLT-01,141577.55,456881.76,1963.8232632251936,18.81693,2.36693,122.37544947053402,2.032828276,81.28003864351044,79.66670862465342,82.0,4.406719247264253
2908,BLT-01,141577.55,456881.76,1963.895530321968,19.15815,2.360327,122.37544947053402,2.032828276,81.28293721446948,79.66670862465342,82.0,4.406719247264253
2909,BLT-01,141577.55,456881.76,1963.9677974187423,19.50866,2.350257,122.37544947053402,2.032828276,81.28583576098708,79.66670862465342,82.0,4.406719247264253
2910,BLT-01,141577.55,456881.76,1964.0400645155164,19.50719,2.342551,122.37544947053402,2.032828276,81.2887342830632,79.66670862465342,82.0,4.406719247264253
2911,BLT-01,141577.55,456881.76,1964.1123316122903,19.24703,2.338685,122.37544947053402,2.032828276,81.29163278069788,79.66670862465342,82.0,4.406719247264253
2912,BLT-01,141577.55,456881.76,1964.1845987090649,18.75621,2.338401,122.37544947053402,2.032828276,81.29453125389112,79.66670862465342,82.0,4.406719247264253
2913,BLT-01,141577.55,456881.76,1964.256865805839,18.07887,2.34121,122.37544947053402,2.032828276,81.29742970264287,79.66670862465342,82.0,4.406719247264253
2914,BLT-01,141577.55,456881.76,1964.329132902612,17.63361,2.344787,122.37544947053402,2.032828276,81.30032812695315,79.66670862465342,82.0,4.406719247264253
2915,BLT-01,141577.55,456881.76,1964.4013999993865,17.48832,2.347908,122.37544947053402,2.032828276,81.303226526822,79.66670862465342,82.0,4.406719247264253
2916,BLT-01,141577.55,456881.76,1964.4736670961609,17.46398,2.35214,122.37544947053402,2.032828276,81.30612490224942,79.66670862465342,82.0,4.406719247264253
2917,BLT-01,141577.55,456881.76,1964.5459341929347,17.41885,2.358231,122.37544947053402,2.032828276,81.30902325323535,79.66670862465342,82.0,4.406719247264253
2918,BLT-01,141577.55,456881.76,1964.6182012897088,17.1368,2.363833,122.37544947053402,2.032828276,81.31192157977983,79.66670862465342,82.0,4.406719247264253
2919,BLT-01,141577.55,456881.76,1964.6904683864832,16.82428,2.366719,122.37544947053402,2.032828276,81.31481988188287,79.66670862465342,82.0,4.406719247264253
2920,BLT-01,141577.55,456881.76,1964.7627354832573,16.60964,2.368272,122.37544947053402,2.032828276,81.31771815954444,79.66670862465342,82.0,4.406719247264253
2921,BLT-01,141577.55,456881.76,1964.835002580032,16.53529,2.369242,122.37544947053402,2.032828276,81.3206164127646,79.66670862465342,82.0,4.406719247264253
2922,BLT-01,141577.55,456881.76,1964.9072696768055,16.56292,2.370558,122.37544947053402,2.032828276,81.32351464154321,79.66670862465342,82.0,4.406719247264253
2923,BLT-01,141577.55,456881.76,1964.97953677358,16.45066,2.37353,122.37544947053402,2.032828276,81.32641284588045,79.66670862465342,82.0,4.406719247264253
2924,BLT-01,141577.55,456881.76,1965.0518038703544,16.23702,2.377549,122.37544947053402,2.032828276,81.32931102577619,79.66670862465342,82.0,4.406719247264253
2925,BLT-01,141577.55,456881.76,1965.1240709671283,15.98404,2.382701,122.37544947053402,2.032828276,81.33220918123048,79.66670862465342,82.0,4.406719247264253
2926,BLT-01,141577.55,456881.76,1965.1963380639024,15.82951,2.389574,122.37544947053402,2.032828276,81.33510731224332,79.66670862465342,82.0,4.406719247264253
2927,BLT-01,141577.55,456881.76,1965.2686051606768,15.62507,2.395772,122.37544947053402,2.032828276,81.33800541881472,79.66670862465342,82.0,4.406719247264253
2928,BLT-01,141577.55,456881.76,1965.3408722574509,15.3551,2.400899,122.37544947053402,2.032828276,81.34090350094465,79.66670862465342,82.0,4.406719247264253
2929,BLT-01,141577.55,456881.76,1965.4131393542248,15.10411,2.406271,122.37544947053402,2.032828276,81.3438015586331,79.66670862465342,82.0,4.406719247264253
2930,BLT-01,141577.55,456881.76,1965.4854064509996,15.00807,2.414039,122.37544947053402,2.032828276,81.34669959188014,79.66670862465342,82.0,4.406719247264253
2931,BLT-01,141577.55,456881.76,1965.5576735477732,15.05792,2.420012,122.37544947053402,2.032828276,81.3495976006857,79.66670862465342,82.0,4.406719247264253
2932,BLT-01,141577.55,456881.76,1965.629940644548,15.01107,2.423451,122.37544947053402,2.032828276,81.35249558504982,79.66670862465342,82.0,4.406719247264253
2933,BLT-01,141577.55,456881.76,1965.702207741322,14.90123,2.424697,122.37544947053402,2.032828276,81.35539354497246,79.66670862465342,82.0,4.406719247264253
2934,BLT-01,141577.55,456881.76,1965.774474838096,14.779,2.424176,122.37544947053402,2.032828276,81.35829148045366,79.66670862465342,82.0,4.406719247264253
2935,BLT-01,141577.55,456881.76,1965.8467419348704,14.84867,2.421866,122.37544947053402,2.032828276,81.3611893914934,79.66670862465342,82.0,4.406719247264253
2936,BLT-01,141577.55,456881.76,1965.9190090316445,15.00687,2.419476,122.37544947053402,2.032828276,81.36408727809169,79.66670862465342,82.0,4.406719247264253
2937,BLT-01,141577.55,456881.76,1965.9912761284188,15.29404,2.417102,122.37544947053402,2.032828276,81.3669851402485,79.66670862465342,82.0,4.406719247264253
2938,BLT-01,141577.55,456881.76,1966.063543225193,15.72027,2.414841,122.37544947053402,2.032828276,81.36988297796387,79.66670862465342,82.0,4.406719247264253
2939,BLT-01,141577.55,456881.76,1966.135810321967,16.15918,2.412983,122.37544947053402,2.032828276,81.3727807912378,79.66670862465342,82.0,4.406719247264253
2940,BLT-01,141577.55,456881.76,1966.208077418741,16.48104,2.410902,122.37544947053402,2.032828276,81.37567858007024,79.66670862465342,82.0,4.406719247264253
2941,BLT-01,141577.55,456881.76,1966.2803445155157,16.74683,2.408028,122.37544947053402,2.032828276,81.37857634446128,79.66670862465342,82.0,4.406719247264253
2942,BLT-01,141577.55,456881.76,1966.3526116122896,16.97692,2.403842,122.37544947053402,2.032828276,81.38147408441081,79.66670862465342,82.0,4.406719247264253
2943,BLT-01,141577.55,456881.76,1966.424878709064,17.15728,2.397051,122.37544947053402,2.032828276,81.38437179991891,79.66670862465342,82.0,4.406719247264253
2944,BLT-01,141577.55,456881.76,1966.497145805838,17.18713,2.391356,122.37544947053402,2.032828276,81.38726949098555,79.66670862465342,82.0,4.406719247264253
2945,BLT-01,141577.55,456881.76,1966.569412902612,17.18161,2.387621,122.37544947053402,2.032828276,81.39016715761072,79.66670862465342,82.0,4.406719247264253
2946,BLT-01,141577.55,456881.76,1966.6416799993865,17.13903,2.385834,122.37544947053402,2.032828276,81.39306479979447,79.66670862465342,82.0,4.406719247264253
2947,BLT-01,141577.55,456881.76,1966.7139470961608,16.98918,2.385478,122.37544947053402,2.032828276,81.39596241753674,79.66670862465342,82.0,4.406719247264253
2948,BLT-01,141577.55,456881.76,1966.7862141929347,16.54424,2.386499,122.37544947053402,2.032828276,81.39886001083755,79.66670862465342,82.0,4.406719247264253
2949,BLT-01,141577.55,456881.76,1966.8584812897088,16.0153,2.388078,122.37544947053402,2.032828276,81.4017575796969,79.66670862465342,82.0,4.406719247264253
2950,BLT-01,141577.55,456881.76,1966.9307483864832,15.54382,2.390338,122.37544947053402,2.032828276,81.40465512411481,79.66670862465342,82.0,4.406719247264253
2951,BLT-01,141577.55,456881.76,1967.0030154832573,15.31072,2.393605,122.37544947053402,2.032828276,81.40755264409124,79.66670862465342,82.0,4.406719247264253
2952,BLT-01,141577.55,456881.76,1967.075282580032,15.32179,2.396857,122.37544947053402,2.032828276,81.41045013962626,79.66670862465342,82.0,4.406719247264253
2953,BLT-01,141577.55,456881.76,1967.1475496768055,15.25362,2.399936,122.37544947053402,2.032828276,81.41334761071977,79.66670862465342,82.0,4.406719247264253
2954,BLT-01,141577.55,456881.76,1967.21981677358,15.18534,2.402853,122.37544947053402,2.032828276,81.41624505737187,79.66670862465342,82.0,4.406719247264253
2955,BLT-01,141577.55,456881.76,1967.2920838703544,15.21087,2.405536,122.37544947053402,2.032828276,81.4191424795825,79.66670862465342,82.0,4.406719247264253
2956,BLT-01,141577.55,456881.76,1967.3643509671283,15.49845,2.405509,122.37544947053402,2.032828276,81.42203987735165,79.66670862465342,82.0,4.406719247264253
2957,BLT-01,141577.55,456881.76,1967.4366180639015,15.68864,2.4029,122.37544947053402,2.032828276,81.42493725067933,79.66670862465342,82.0,4.406719247264253
2958,BLT-01,141577.55,456881.76,1967.508885160676,15.78366,2.398551,122.37544947053402,2.032828276,81.42783459956561,79.66670862465342,82.0,4.406719247264253
2959,BLT-01,141577.55,456881.76,1967.58115225745,15.78395,2.393108,122.37544947053402,2.032828276,81.4307319240104,79.66670862465342,82.0,4.406719247264253
2960,BLT-01,141577.55,456881.76,1967.653419354224,15.67613,2.387487,122.37544947053402,2.032828276,81.43362922401374,79.66670862465342,82.0,4.406719247264253
2961,BLT-01,141577.55,456881.76,1967.7256864509984,15.54457,2.383215,122.37544947053402,2.032828276,81.43652649957563,79.66670862465342,82.0,4.406719247264253
2962,BLT-01,141577.55,456881.76,1967.7979535477723,15.46395,2.381143,122.37544947053402,2.032828276,81.43942375069606,79.66670862465342,82.0,4.406719247264253
2963,BLT-01,141577.55,456881.76,1967.8702206445469,15.41384,2.381636,122.37544947053402,2.032828276,81.44232097737505,79.66670862465342,82.0,4.406719247264253
2964,BLT-01,141577.55,456881.76,1967.942487741321,15.18622,2.384872,122.37544947053402,2.032828276,81.4452181796126,79.66670862465342,82.0,4.406719247264253
2965,BLT-01,141577.55,456881.76,1968.014754838095,14.90274,2.391879,122.37544947053402,2.032828276,81.44811535740865,79.66670862465342,82.0,4.406719247264253
2966,BLT-01,141577.55,456881.76,1968.0870219348692,14.7698,2.399709,122.37544947053402,2.032828276,81.45101251076326,79.66670862465342,82.0,4.406719247264253
2967,BLT-01,141577.55,456881.76,1968.1592890316435,14.74798,2.407237,122.37544947053402,2.032828276,81.45390963967641,79.66670862465342,82.0,4.406719247264253
2968,BLT-01,141577.55,456881.76,1968.2315561284177,14.62702,2.413277,122.37544947053402,2.032828276,81.45680674414811,79.66670862465342,82.0,4.406719247264253
2969,BLT-01,141577.55,456881.76,1968.303823225192,14.3481,2.419051,122.37544947053402,2.032828276,81.45970382417836,79.66670862465342,82.0,4.406719247264253
2970,BLT-01,141577.55,456881.76,1968.376090321966,13.9735,2.42733,122.37544947053402,2.032828276,81.46260087976715,79.66670862465342,82.0,4.406719247264253
2971,BLT-01,141577.55,456881.76,1968.4483574187404,13.57415,2.437085,122.37544947053402,2.032828276,81.4654979109145,79.66670862465342,82.0,4.406719247264253
2972,BLT-01,141577.55,456881.76,1968.5206245155143,13.24759,2.44628,122.37544947053402,2.032828276,81.46839491762036,79.66670862465342,82.0,4.406719247264253
2973,BLT-01,141577.55,456881.76,1968.592891612289,13.12581,2.452134,122.37544947053402,2.032828276,81.47129189988479,79.66670862465342,82.0,4.406719247264253
2974,BLT-01,141577.55,456881.76,1968.665158709063,13.05692,2.456714,122.37544947053402,2.032828276,81.47418885770776,79.66670862465342,82.0,4.406719247264253
2975,BLT-01,141577.55,456881.76,1968.737425805837,13.03441,2.46027,122.37544947053402,2.032828276,81.47708579108924,79.66670862465342,82.0,4.406719247264253
2976,BLT-01,141577.55,456881.76,1968.8096929026112,13.05212,2.462957,122.37544947053402,2.032828276,81.47998270002931,79.66670862465342,82.0,4.406719247264253
2977,BLT-01,141577.55,456881.76,1968.8819599993851,13.04105,2.463287,122.37544947053402,2.032828276,81.48287958452791,79.66670862465342,82.0,4.406719247264253
2978,BLT-01,141577.55,456881.76,1968.9542270961597,13.0225,2.462369,122.37544947053402,2.032828276,81.48577644458506,79.66670862465342,82.0,4.406719247264253
2979,BLT-01,141577.55,456881.76,1969.026494192934,13.06924,2.46065,122.37544947053402,2.032828276,81.48867328020074,79.66670862465342,82.0,4.406719247264253
2980,BLT-01,141577.55,456881.76,1969.098761289708,13.24611,2.458336,122.37544947053402,2.032828276,81.49157009137497,79.66670862465342,82.0,4.406719247264253
2981,BLT-01,141577.55,456881.76,1969.1710283864825,13.71994,2.454856,122.37544947053402,2.032828276,81.49446687810777,79.66670862465342,82.0,4.406719247264253
2982,BLT-01,141577.55,456881.76,1969.2432954832564,13.98184,2.452875,122.37544947053402,2.032828276,81.49736364039907,79.66670862465342,82.0,4.406719247264253
2983,BLT-01,141577.55,456881.76,1969.3155625800307,14.03615,2.452405,122.37544947053402,2.032828276,81.50026037824894,79.66670862465342,82.0,4.406719247264253
2984,BLT-01,141577.55,456881.76,1969.3878296768048,13.92211,2.453112,122.37544947053402,2.032828276,81.50315709165734,79.66670862465342,82.0,4.406719247264253
2985,BLT-01,141577.55,456881.76,1969.460096773579,13.79727,2.453577,122.37544947053402,2.032828276,81.5060537806243,79.66670862465342,82.0,4.406719247264253
2986,BLT-01,141577.55,456881.76,1969.532363870353,13.66107,2.452282,122.37544947053402,2.032828276,81.5089504451498,79.66670862465342,82.0,4.406719247264253
2987,BLT-01,141577.55,456881.76,1969.604630967128,13.57537,2.449689,122.37544947053402,2.032828276,81.51184708523385,79.66670862465342,82.0,4.406719247264253
2988,BLT-01,141577.55,456881.76,1969.6768980639015,13.54516,2.446537,122.37544947053402,2.032828276,81.51474370087642,79.66670862465342,82.0,4.406719247264253
2989,BLT-01,141577.55,456881.76,1969.749165160676,13.55061,2.444388,122.37544947053402,2.032828276,81.51764029207757,79.66670862465342,82.0,4.406719247264253
2990,BLT-01,141577.55,456881.76,1969.82143225745,13.53897,2.447543,122.37544947053402,2.032828276,81.52053685883723,79.66670862465342,82.0,4.406719247264253
2991,BLT-01,141577.55,456881.76,1969.8936993542245,13.50133,2.453619,122.37544947053402,2.032828276,81.52343340115547,79.66670862465342,82.0,4.406719247264253
2992,BLT-01,141577.55,456881.76,1969.9659664509984,13.4423,2.461189,122.37544947053402,2.032828276,81.52632991903221,79.66670862465342,82.0,4.406719247264253
2993,BLT-01,141577.55,456881.76,1970.0382335477725,13.37047,2.468485,122.37544947053402,2.032828276,81.52922641246752,79.66670862465342,82.0,4.406719247264253
2994,BLT-01,141577.55,456881.76,1970.1105006445464,13.13531,2.47429,122.37544947053402,2.032828276,81.53212288146135,79.66670862465342,82.0,4.406719247264253
2995,BLT-01,141577.55,456881.76,1970.182767741321,12.58736,2.482437,122.37544947053402,2.032828276,81.53501932601378,79.66670862465342,82.0,4.406719247264253
2996,BLT-01,141577.55,456881.76,1970.2550348380955,11.94972,2.491786,122.37544947053402,2.032828276,81.53791574612472,79.66670862465342,82.0,4.406719247264253
2997,BLT-01,141577.55,456881.76,1970.3273019348692,11.44744,2.500996,122.37544947053402,2.032828276,81.54081214179419,79.66670862465342,82.0,4.406719247264253
2998,BLT-01,141577.55,456881.76,1970.3995690316435,11.24369,2.506842,122.37544947053402,2.032828276,81.54370851302221,79.66670862465342,82.0,4.406719247264253
2999,BLT-01,141577.55,456881.76,1970.4718361284176,11.05839,2.511888,122.37544947053402,2.032828276,81.5466048598088,79.66670862465342,82.0,4.406719247264253
3000,BLT-01,141577.55,456881.76,1970.544103225191,10.86036,2.516514,122.37544947053402,2.032828276,81.54950118215389,79.66670862465342,82.0,4.406719247264253
3001,BLT-01,141577.55,456881.76,1970.6163703219647,10.64338,2.520935,122.37544947053402,2.032828276,81.55239748005751,79.66670862465342,82.0,4.406719247264253
3002,BLT-01,141577.55,456881.76,1970.6886374187395,10.5042,2.525046,122.37544947053402,2.032828276,81.55529375351975,79.66670862465342,82.0,4.406719247264253
3003,BLT-01,141577.55,456881.76,1970.7609045155136,10.45112,2.527886,122.37544947053402,2.032828276,81.55819000254048,79.66670862465342,82.0,4.406719247264253
3004,BLT-01,141577.55,456881.76,1970.833171612288,10.48001,2.530471,122.37544947053402,2.032828276,81.5610862271198,79.66670862465342,82.0,4.406719247264253
3005,BLT-01,141577.55,456881.76,1970.9054387090616,10.64409,2.532547,122.37544947053402,2.032828276,81.56398242725761,79.66670862465342,82.0,4.406719247264253
3006,BLT-01,141577.55,456881.76,1970.977705805836,11.16526,2.531584,122.37544947053402,2.032828276,81.566878602954,79.66670862465342,82.0,4.406719247264253
3007,BLT-01,141577.55,456881.76,1971.0499729026103,11.75065,2.525488,122.37544947053402,2.032828276,81.56977475420895,79.66670862465342,82.0,4.406719247264253
3008,BLT-01,141577.55,456881.76,1971.1222399993849,12.36683,2.51431,122.37544947053402,2.032828276,81.57267088102243,79.66670862465342,82.0,4.406719247264253
3009,BLT-01,141577.55,456881.76,1971.1945070961588,13.0102,2.497591,122.37544947053402,2.032828276,81.57556698339442,79.66670862465342,82.0,4.406719247264253
3010,BLT-01,141577.55,456881.76,1971.2667741929329,13.68886,2.474195,122.37544947053402,2.032828276,81.57846306132498,79.66670862465342,82.0,4.406719247264253
3011,BLT-01,141577.55,456881.76,1971.339041289707,14.94404,2.43522,122.37544947053402,2.032828276,81.58135911481409,79.66670862465342,82.0,4.406719247264253
3012,BLT-01,141577.55,456881.76,1971.411308386481,16.04886,2.401996,122.37544947053402,2.032828276,81.58425514386172,79.66670862465342,82.0,4.406719247264253
3013,BLT-01,141577.55,456881.76,1971.4835754832557,16.75549,2.38113,122.37544947053402,2.032828276,81.58715114846794,79.66670862465342,82.0,4.406719247264253
3014,BLT-01,141577.55,456881.76,1971.5558425800295,16.81788,2.378866,122.37544947053402,2.032828276,81.59004712863266,79.66670862465342,82.0,4.406719247264253
3015,BLT-01,141577.55,456881.76,1971.628109676804,16.08412,2.401169,122.37544947053402,2.032828276,81.59294308435595,79.66670862465342,82.0,4.406719247264253
3016,BLT-01,141577.55,456881.76,1971.7003767735785,15.1379,2.427201,122.37544947053402,2.032828276,81.5958390156378,79.66670862465342,82.0,4.406719247264253
3017,BLT-01,141577.55,456881.76,1971.7726438703523,14.16417,2.450741,122.37544947053402,2.032828276,81.59873492247814,79.66670862465342,82.0,4.406719247264253
3018,BLT-01,141577.55,456881.76,1971.8449109671265,13.32956,2.466516,122.37544947053402,2.032828276,81.60163080487708,79.66670862465342,82.0,4.406719247264253
3019,BLT-01,141577.55,456881.76,1971.9171780639008,12.74883,2.47534,122.37544947053402,2.032828276,81.60452666283453,79.66670862465342,82.0,4.406719247264253
3020,BLT-01,141577.55,456881.76,1971.989445160675,12.40038,2.479954,122.37544947053402,2.032828276,81.60742249635052,79.66670862465342,82.0,4.406719247264253
3021,BLT-01,141577.55,456881.76,1972.061712257449,12.18452,2.481668,122.37544947053402,2.032828276,81.61031830542507,79.66670862465342,82.0,4.406719247264253
3022,BLT-01,141577.55,456881.76,1972.1339793542236,12.03362,2.48151,122.37544947053402,2.032828276,81.61321409005818,79.66670862465342,82.0,4.406719247264253
3023,BLT-01,141577.55,456881.76,1972.2062464509972,11.88379,2.481348,122.37544947053402,2.032828276,81.61610985024977,79.66670862465342,82.0,4.406719247264253
3024,BLT-01,141577.55,456881.76,1972.278513547772,11.75081,2.481614,122.37544947053402,2.032828276,81.61900558599999,79.66670862465342,82.0,4.406719247264253
3025,BLT-01,141577.55,456881.76,1972.350780644546,11.63708,2.483835,122.37544947053402,2.032828276,81.62190129730871,79.66670862465342,82.0,4.406719247264253
3026,BLT-01,141577.55,456881.76,1972.42304774132,11.55602,2.488082,122.37544947053402,2.032828276,81.62479698417597,79.66670862465342,82.0,4.406719247264253
3027,BLT-01,141577.55,456881.76,1972.495314838094,11.55746,2.492464,122.37544947053402,2.032828276,81.62769264660177,79.66670862465342,82.0,4.406719247264253
3028,BLT-01,141577.55,456881.76,1972.5675819348685,11.51259,2.494585,122.37544947053402,2.032828276,81.63058828458614,79.66670862465342,82.0,4.406719247264253
3029,BLT-01,141577.55,456881.76,1972.6398490316424,11.50298,2.496464,122.37544947053402,2.032828276,81.63348389812903,79.66670862465342,82.0,4.406719247264253
3030,BLT-01,141577.55,456881.76,1972.712116128417,11.53631,2.498737,122.37544947053402,2.032828276,81.6363794872305,79.66670862465342,82.0,4.406719247264253
3031,BLT-01,141577.55,456881.76,1972.784383225191,11.59194,2.501924,122.37544947053402,2.032828276,81.63927505189048,79.66670862465342,82.0,4.406719247264253
3032,BLT-01,141577.55,456881.76,1972.8566503219647,11.69314,2.508497,122.37544947053402,2.032828276,81.64217059210898,79.66670862465342,82.0,4.406719247264253
3033,BLT-01,141577.55,456881.76,1972.9289174187395,11.86902,2.513707,122.37544947053402,2.032828276,81.6450661078861,79.66670862465342,82.0,4.406719247264253
3034,BLT-01,141577.55,456881.76,1973.0011845155136,12.12526,2.515585,122.37544947053402,2.032828276,81.64796159922172,79.66670862465342,82.0,4.406719247264253
3035,BLT-01,141577.55,456881.76,1973.073451612288,12.46435,2.512047,122.37544947053402,2.032828276,81.65085706611589,79.66670862465342,82.0,4.406719247264253
3036,BLT-01,141577.55,456881.76,1973.1457187090607,12.87847,2.50496,122.37544947053402,2.032828276,81.65375250856854,79.66670862465342,82.0,4.406719247264253
3037,BLT-01,141577.55,456881.76,1973.2179858058355,13.20939,2.497854,122.37544947053402,2.032828276,81.65664792657981,79.66670862465342,82.0,4.406719247264253
3038,BLT-01,141577.55,456881.76,1973.2902529026092,13.59575,2.489871,122.37544947053402,2.032828276,81.65954332014961,79.66670862465342,82.0,4.406719247264253
3039,BLT-01,141577.55,456881.76,1973.3625199993835,14.16973,2.480287,122.37544947053402,2.032828276,81.66243868927793,79.66670862465342,82.0,4.406719247264253
3040,BLT-01,141577.55,456881.76,1973.4347870961576,15.00374,2.471329,122.37544947053402,2.032828276,81.66533403396483,79.66670862465342,82.0,4.406719247264253
3041,BLT-01,141577.55,456881.76,1973.507054192932,15.71507,2.462188,122.37544947053402,2.032828276,81.66822935421027,79.66670862465342,82.0,4.406719247264253
3042,BLT-01,141577.55,456881.76,1973.5793212897065,16.29023,2.447257,122.37544947053402,2.032828276,81.67112465001426,79.66670862465342,82.0,4.406719247264253
3043,BLT-01,141577.55,456881.76,1973.6515883864813,16.73203,2.424545,122.37544947053402,2.032828276,81.67401992137681,79.66670862465342,82.0,4.406719247264253
3044,BLT-01,141577.55,456881.76,1973.7238554832545,17.11427,2.402971,122.37544947053402,2.032828276,81.67691516829782,79.66670862465342,82.0,4.406719247264253
3045,BLT-01,141577.55,456881.76,1973.7961225800289,17.32893,2.390363,122.37544947053402,2.032828276,81.67981039077743,79.66670862465342,82.0,4.406719247264253
3046,BLT-01,141577.55,456881.76,1973.868389676803,17.28548,2.383759,122.37544947053402,2.032828276,81.6827055888156,79.66670862465342,82.0,4.406719247264253
3047,BLT-01,141577.55,456881.76,1973.940656773577,17.03024,2.381984,122.37544947053402,2.032828276,81.68560076241229,79.66670862465342,82.0,4.406719247264253
3048,BLT-01,141577.55,456881.76,1974.0129238703512,16.86555,2.384447,122.37544947053402,2.032828276,81.68849591156753,79.66670862465342,82.0,4.406719247264253
3049,BLT-01,141577.55,456881.76,1974.0851909671255,17.12023,2.388552,122.37544947053402,2.032828276,81.69139103628133,79.66670862465342,82.0,4.406719247264253
3050,BLT-01,141577.55,456881.76,1974.1574580639,17.36025,2.392667,122.37544947053402,2.032828276,81.69428613655367,79.66670862465342,82.0,4.406719247264253
3051,BLT-01,141577.55,456881.76,1974.229725160674,17.47191,2.396691,122.37544947053402,2.032828276,81.69718121238452,79.66670862465342,82.0,4.406719247264253
3052,BLT-01,141577.55,456881.76,1974.301992257448,17.39181,2.40114,122.37544947053402,2.032828276,81.70007626377395,79.66670862465342,82.0,4.406719247264253
3053,BLT-01,141577.55,456881.76,1974.3742593542224,17.12803,2.411038,122.37544947053402,2.032828276,81.70297129072192,79.66670862465342,82.0,4.406719247264253
3054,BLT-01,141577.55,456881.76,1974.4465264509963,16.80046,2.420774,122.37544947053402,2.032828276,81.70586629322841,79.66670862465342,82.0,4.406719247264253
3055,BLT-01,141577.55,456881.76,1974.5187935477709,16.47503,2.428393,122.37544947053402,2.032828276,81.70876127129347,79.66670862465342,82.0,4.406719247264253
3056,BLT-01,141577.55,456881.76,1974.5910606445448,16.22801,2.431943,122.37544947053402,2.032828276,81.71165622491706,79.66670862465342,82.0,4.406719247264253
3057,BLT-01,141577.55,456881.76,1974.6633277413196,16.03778,2.436678,122.37544947053402,2.032828276,81.71455115409924,79.66670862465342,82.0,4.406719247264253
3058,BLT-01,141577.55,456881.76,1974.7355948380932,15.93287,2.44287,122.37544947053402,2.032828276,81.71744605883988,79.66670862465342,82.0,4.406719247264253
3059,BLT-01,141577.55,456881.76,1974.807861934868,15.84468,2.450142,122.37544947053402,2.032828276,81.72034093913913,79.66670862465342,82.0,4.406719247264253
3060,BLT-01,141577.55,456881.76,1974.8801290316417,15.70839,2.457987,122.37544947053402,2.032828276,81.72323579499691,79.66670862465342,82.0,4.406719247264253
3061,BLT-01,141577.55,456881.76,1974.952396128416,15.48417,2.463808,122.37544947053402,2.032828276,81.72613062641322,79.66670862465342,82.0,4.406719247264253
3062,BLT-01,141577.55,456881.76,1975.02466322519,15.51758,2.463138,122.37544947053402,2.032828276,81.72902543338807,79.66670862465342,82.0,4.406719247264253
3063,BLT-01,141577.55,456881.76,1975.096930321964,15.73791,2.456961,122.37544947053402,2.032828276,81.73192021592146,79.66670862465342,82.0,4.406719247264253
3064,BLT-01,141577.55,456881.76,1975.1691974187383,16.0522,2.445756,122.37544947053402,2.032828276,81.73481497401342,79.66670862465342,82.0,4.406719247264253
3065,BLT-01,141577.55,456881.76,1975.2414645155127,16.08751,2.428875,122.37544947053402,2.032828276,81.73770970766394,79.66670862465342,82.0,4.406719247264253
3066,BLT-01,141577.55,456881.76,1975.313731612287,15.91859,2.417476,122.37544947053402,2.032828276,81.74060441687298,79.66670862465342,82.0,4.406719247264253
3067,BLT-01,141577.55,456881.76,1975.3859987090607,15.70968,2.414768,122.37544947053402,2.032828276,81.74349910164054,79.66670862465342,82.0,4.406719247264253
3068,BLT-01,141577.55,456881.76,1975.4582658058357,15.51319,2.420622,122.37544947053402,2.032828276,81.74639376196671,79.66670862465342,82.0,4.406719247264253
3069,BLT-01,141577.55,456881.76,1975.5305329026091,15.31608,2.430391,122.37544947053402,2.032828276,81.74928839785134,79.66670862465342,82.0,4.406719247264253
3070,BLT-01,141577.55,456881.76,1975.602799999384,15.04635,2.438897,122.37544947053402,2.032828276,81.75218300929458,79.66670862465342,82.0,4.406719247264253
3071,BLT-01,141577.55,456881.76,1975.6750670961576,14.63116,2.447729,122.37544947053402,2.032828276,81.75507759629632,79.66670862465342,82.0,4.406719247264253
3072,BLT-01,141577.55,456881.76,1975.747334192932,14.14775,2.456051,122.37544947053402,2.032828276,81.75797215885663,79.66670862465342,82.0,4.406719247264253
3073,BLT-01,141577.55,456881.76,1975.8196012897065,13.80022,2.4613,122.37544947053402,2.032828276,81.76086669697548,79.66670862465342,82.0,4.406719247264253
3074,BLT-01,141577.55,456881.76,1975.8918683864808,13.70265,2.46261,122.37544947053402,2.032828276,81.7637612106529,79.66670862465342,82.0,4.406719247264253
3075,BLT-01,141577.55,456881.76,1975.9641354832547,13.71305,2.461786,122.37544947053402,2.032828276,81.76665569988882,79.66670862465342,82.0,4.406719247264253
3076,BLT-01,141577.55,456881.76,1976.0364025800288,13.80347,2.459195,122.37544947053402,2.032828276,81.7695501646833,79.66670862465342,82.0,4.406719247264253
3077,BLT-01,141577.55,456881.76,1976.108669676803,13.95137,2.45516,122.37544947053402,2.032828276,81.77244460503631,79.66670862465342,82.0,4.406719247264253
3078,BLT-01,141577.55,456881.76,1976.180936773577,14.10343,2.450362,122.37544947053402,2.032828276,81.77533902094788,79.66670862465342,82.0,4.406719247264253
3079,BLT-01,141577.55,456881.76,1976.2532038703505,14.50151,2.442561,122.37544947053402,2.032828276,81.77823341241796,79.66670862465342,82.0,4.406719247264253
3080,BLT-01,141577.55,456881.76,1976.3254709671248,15.01925,2.433567,122.37544947053402,2.032828276,81.78112777944662,79.66670862465342,82.0,4.406719247264253
3081,BLT-01,141577.55,456881.76,1976.3977380638987,15.52426,2.425207,122.37544947053402,2.032828276,81.78402212203382,79.66670862465342,82.0,4.406719247264253
3082,BLT-01,141577.55,456881.76,1976.470005160673,15.7574,2.420426,122.37544947053402,2.032828276,81.78691644017958,79.66670862465342,82.0,4.406719247264253
3083,BLT-01,141577.55,456881.76,1976.5422722574472,15.69964,2.417058,122.37544947053402,2.032828276,81.78981073388387,79.66670862465342,82.0,4.406719247264253
3084,BLT-01,141577.55,456881.76,1976.6145393542213,15.47987,2.416551,122.37544947053402,2.032828276,81.79270500314671,79.66670862465342,82.0,4.406719247264253
3085,BLT-01,141577.55,456881.76,1976.686806450996,15.16786,2.420444,122.37544947053402,2.032828276,81.7955992479681,79.66670862465342,82.0,4.406719247264253
3086,BLT-01,141577.55,456881.76,1976.7590327077169,14.75065,2.433883,122.37544947053402,2.032828276,81.79849183275422,79.66670862465342,82.0,4.406719247264253
3087,BLT-01,141577.55,456881.76,1976.8312242702168,14.20744,2.447711,122.37544947053402,2.032828276,81.80138300367743,79.66670862465342,82.0,4.406719247264253
3088,BLT-01,141577.55,456881.76,1976.9034158327167,13.71677,2.457711,122.37544947053402,2.032828276,81.80427415021026,79.66670862465342,82.0,4.406719247264253
3089,BLT-01,141577.55,456881.76,1976.975607395217,13.38898,2.462793,122.37544947053402,2.032828276,81.80716527235269,79.66670862465342,82.0,4.406719247264253
3090,BLT-01,141577.55,456881.76,1977.0477989577169,13.41198,2.464143,122.37544947053402,2.032828276,81.81005637010472,79.66670862465342,82.0,4.406719247264253
3091,BLT-01,141577.55,456881.76,1977.1199905202168,13.61145,2.464167,122.37544947053402,2.032828276,81.81294744346638,79.66670862465342,82.0,4.406719247264253
3092,BLT-01,141577.55,456881.76,1977.1921820827167,13.71284,2.464824,122.37544947053402,2.032828276,81.81583849243763,79.66670862465342,82.0,4.406719247264253
3093,BLT-01,141577.55,456881.76,1977.264373645217,13.65166,2.466468,122.37544947053402,2.032828276,81.81872951701851,79.66670862465342,82.0,4.406719247264253
3094,BLT-01,141577.55,456881.76,1977.3365652077168,13.39957,2.469074,122.37544947053402,2.032828276,81.821620517209,79.66670862465342,82.0,4.406719247264253
3095,BLT-01,141577.55,456881.76,1977.4087567702168,13.06631,2.469641,122.37544947053402,2.032828276,81.8245114930091,79.66670862465342,82.0,4.406719247264253
3096,BLT-01,141577.55,456881.76,1977.4809483327167,12.75528,2.469144,122.37544947053402,2.032828276,81.82740244441881,79.66670862465342,82.0,4.406719247264253
3097,BLT-01,141577.55,456881.76,1977.5531398952169,12.49892,2.468982,122.37544947053402,2.032828276,81.83029337143813,79.66670862465342,82.0,4.406719247264253
3098,BLT-01,141577.55,456881.76,1977.6253314577168,12.32734,2.470906,122.37544947053402,2.032828276,81.83318427406705,79.66670862465342,82.0,4.406719247264253
3099,BLT-01,141577.55,456881.76,1977.6975230202163,12.37927,2.475871,122.37544947053402,2.032828276,81.83607515230557,79.66670862465342,82.0,4.406719247264253
3100,BLT-01,141577.55,456881.76,1977.7697145827167,12.39211,2.480986,122.37544947053402,2.032828276,81.83896600615373,79.66670862465342,82.0,4.406719247264253
3101,BLT-01,141577.55,456881.76,1977.8419061452169,12.29114,2.485568,122.37544947053402,2.032828276,81.8418568356115,79.66670862465342,82.0,4.406719247264253
3102,BLT-01,141577.55,456881.76,1977.9140977077168,12.02952,2.488948,122.37544947053402,2.032828276,81.84474764067886,79.66670862465342,82.0,4.406719247264253
3103,BLT-01,141577.55,456881.76,1977.9862892702167,11.82607,2.489163,122.37544947053402,2.032828276,81.84763842135584,79.66670862465342,82.0,4.406719247264253
3104,BLT-01,141577.55,456881.76,1978.058480832717,11.77057,2.486628,122.37544947053402,2.032828276,81.85052917764243,79.66670862465342,82.0,4.406719247264253
3105,BLT-01,141577.55,456881.76,1978.1306723952168,11.77693,2.483273,122.37544947053402,2.032828276,81.85341990953863,79.66670862465342,82.0,4.406719247264253
3106,BLT-01,141577.55,456881.76,1978.2028639577163,11.78346,2.480248,122.37544947053402,2.032828276,81.85631061704443,79.66670862465342,82.0,4.406719247264253
3107,BLT-01,141577.55,456881.76,1978.2750555202165,11.6904,2.478258,122.37544947053402,2.032828276,81.85920130015985,79.66670862465342,82.0,4.406719247264253
3108,BLT-01,141577.55,456881.76,1978.3472470827169,11.62309,2.47548,122.37544947053402,2.032828276,81.8620919588849,79.66670862465342,82.0,4.406719247264253
3109,BLT-01,141577.55,456881.76,1978.4194386452168,11.66151,2.472881,122.37544947053402,2.032828276,81.86498259321952,79.66670862465342,82.0,4.406719247264253
3110,BLT-01,141577.55,456881.76,1978.4916302077168,11.79754,2.470832,122.37544947053402,2.032828276,81.86787320316378,79.66670862465342,82.0,4.406719247264253
3111,BLT-01,141577.55,456881.76,1978.5638217702167,11.90757,2.469536,122.37544947053402,2.032828276,81.87076378871764,79.66670862465342,82.0,4.406719247264253
3112,BLT-01,141577.55,456881.76,1978.6360133327169,11.94214,2.469706,122.37544947053402,2.032828276,81.87365434988111,79.66670862465342,82.0,4.406719247264253
3113,BLT-01,141577.55,456881.76,1978.7082048952168,12.02148,2.47139,122.37544947053402,2.032828276,81.8765448866542,79.66670862465342,82.0,4.406719247264253
3114,BLT-01,141577.55,456881.76,1978.7803964577165,12.14293,2.474616,122.37544947053402,2.032828276,81.8794353990369,79.66670862465342,82.0,4.406719247264253
3115,BLT-01,141577.55,456881.76,1978.852588020217,12.25348,2.479417,122.37544947053402,2.032828276,81.88232588702921,79.66670862465342,82.0,4.406719247264253
3116,BLT-01,141577.55,456881.76,1978.9247795827168,12.61193,2.483378,122.37544947053402,2.032828276,81.88521635063111,79.66670862465342,82.0,4.406719247264253
3117,BLT-01,141577.55,456881.76,1978.9969711452168,13.15497,2.481698,122.37544947053402,2.032828276,81.88810678984265,79.66670862465342,82.0,4.406719247264253
3118,BLT-01,141577.55,456881.76,1979.0691627077167,13.8437,2.473295,122.37544947053402,2.032828276,81.89099720466378,79.66670862465342,82.0,4.406719247264253
3119,BLT-01,141577.55,456881.76,1979.1413542702169,14.63005,2.457453,122.37544947053402,2.032828276,81.89388759509454,79.66670862465342,82.0,4.406719247264253
3120,BLT-01,141577.55,456881.76,1979.2135458327168,16.32532,2.418872,122.37544947053402,2.032828276,81.89677796113489,79.66670862465342,82.0,4.406719247264253
3121,BLT-01,141577.55,456881.76,1979.2857373952163,17.86331,2.381618,122.37544947053402,2.032828276,81.89966830278483,79.66670862465342,82.0,4.406719247264253
3122,BLT-01,141577.55,456881.76,1979.357928957716,19.09888,2.349761,122.37544947053402,2.032828276,81.9025586200444,79.66670862465342,82.0,4.406719247264253
3123,BLT-01,141577.55,456881.76,1979.430120520216,19.93081,2.326704,122.37544947053402,2.032828276,81.90544891291358,79.66670862465342,82.0,4.406719247264253
3124,BLT-01,141577.55,456881.76,1979.502312082716,20.48097,2.316181,122.37544947053402,2.032828276,81.90833918139238,79.66670862465342,82.0,4.406719247264253
3125,BLT-01,141577.55,456881.76,1979.574503645216,20.66165,2.315272,122.37544947053402,2.032828276,81.91122942548078,79.66670862465342,82.0,4.406719247264253
3126,BLT-01,141577.55,456881.76,1979.6466952077155,20.74832,2.319415,122.37544947053402,2.032828276,81.9141196451788,79.66670862465342,82.0,4.406719247264253
3127,BLT-01,141577.55,456881.76,1979.718886770216,20.87723,2.325486,122.37544947053402,2.032828276,81.91700984048644,79.66670862465342,82.0,4.406719247264253
3128,BLT-01,141577.55,456881.76,1979.791078332716,20.98337,2.328956,122.37544947053402,2.032828276,81.91990001140368,79.66670862465342,82.0,4.406719247264253
3129,BLT-01,141577.55,456881.76,1979.863269895216,21.04278,2.328312,122.37544947053402,2.032828276,81.92279015793054,79.66670862465342,82.0,4.406719247264253
3130,BLT-01,141577.55,456881.76,1979.935461457716,21.2112,2.323452,122.37544947053402,2.032828276,81.925680280067,79.66670862465342,82.0,4.406719247264253
3131,BLT-01,141577.55,456881.76,1980.007653020216,21.51925,2.314997,122.37544947053402,2.032828276,81.92857037781306,79.66670862465342,82.0,4.406719247264253
3132,BLT-01,141577.55,456881.76,1980.079844582716,21.89974,2.305254,122.37544947053402,2.032828276,81.93146045116876,79.66670862465342,82.0,4.406719247264253
3133,BLT-01,141577.55,456881.76,1980.152036145216,22.09639,2.297516,122.37544947053402,2.032828276,81.93435050013404,79.66670862465342,82.0,4.406719247264253
3134,BLT-01,141577.55,456881.76,1980.224227707716,22.15025,2.290021,122.37544947053402,2.032828276,81.93724052470894,79.66670862465342,82.0,4.406719247264253
3135,BLT-01,141577.55,456881.76,1980.296419270216,22.09496,2.283592,122.37544947053402,2.032828276,81.94013052489345,79.66670862465342,82.0,4.406719247264253
3136,BLT-01,141577.55,456881.76,1980.368610832716,21.9857,2.280627,122.37544947053402,2.032828276,81.94302050068758,79.66670862465342,82.0,4.406719247264253
3137,BLT-01,141577.55,456881.76,1980.4408023952155,21.84675,2.282655,122.37544947053402,2.032828276,81.94591045209131,79.66670862465342,82.0,4.406719247264253
3138,BLT-01,141577.55,456881.76,1980.5129939577157,21.61535,2.291644,122.37544947053402,2.032828276,81.94880037910465,79.66670862465342,82.0,4.406719247264253
3139,BLT-01,141577.55,456881.76,1980.5851855202156,21.29142,2.305365,122.37544947053402,2.032828276,81.9516902817276,79.66670862465342,82.0,4.406719247264253
3140,BLT-01,141577.55,456881.76,1980.657377082716,20.88392,2.320612,122.37544947053402,2.032828276,81.9545801599602,79.66670862465342,82.0,4.406719247264253
3141,BLT-01,141577.55,456881.76,1980.729568645216,20.22886,2.330081,122.37544947053402,2.032828276,81.95747001380236,79.66670862465342,82.0,4.406719247264253
3142,BLT-01,141577.55,456881.76,1980.801760207716,19.7714,2.3333,122.37544947053402,2.032828276,81.96035984325414,79.66670862465342,82.0,4.406719247264253
3143,BLT-01,141577.55,456881.76,1980.873951770216,19.58317,2.330836,122.37544947053402,2.032828276,81.96324964831555,79.66670862465342,82.0,4.406719247264253
3144,BLT-01,141577.55,456881.76,1980.946143332716,19.72199,2.32346,122.37544947053402,2.032828276,81.96613942898655,79.66670862465342,82.0,4.406719247264253
3145,BLT-01,141577.55,456881.76,1981.018334895216,20.29126,2.313381,122.37544947053402,2.032828276,81.96902918526717,79.66670862465342,82.0,4.406719247264253
3146,BLT-01,141577.55,456881.76,1981.090526457716,20.81124,2.306757,122.37544947053402,2.032828276,81.9719189171574,79.66670862465342,82.0,4.406719247264253
3147,BLT-01,141577.55,456881.76,1981.162718020216,21.15302,2.303762,122.37544947053402,2.032828276,81.97480862465724,79.66670862465342,82.0,4.406719247264253
3148,BLT-01,141577.55,456881.76,1981.234909582716,21.26921,2.304274,122.37544947053402,2.032828276,81.9776983077667,79.66670862465342,82.0,4.406719247264253
3149,BLT-01,141577.55,456881.76,1981.307101145216,21.2823,2.306982,122.37544947053402,2.032828276,81.98058796648576,79.66670862465342,82.0,4.406719247264253
3150,BLT-01,141577.55,456881.76,1981.379292707716,21.20752,2.309107,122.37544947053402,2.032828276,81.98347760081444,79.66670862465342,82.0,4.406719247264253
3151,BLT-01,141577.55,456881.76,1981.451484270216,21.1414,2.310153,122.37544947053402,2.032828276,81.98636721075272,79.66670862465342,82.0,4.406719247264253
3152,BLT-01,141577.55,456881.76,1981.5236758327155,21.10808,2.309658,122.37544947053402,2.032828276,81.98925679630058,79.66670862465342,82.0,4.406719247264253
3153,BLT-01,141577.55,456881.76,1981.5958673952157,21.08698,2.306552,122.37544947053402,2.032828276,81.9921463574581,79.66670862465342,82.0,4.406719247264253
3154,BLT-01,141577.55,456881.76,1981.6680589577156,21.08579,2.303151,122.37544947053402,2.032828276,81.9950358942252,79.66670862465342,82.0,4.406719247264253
3155,BLT-01,141577.55,456881.76,1981.740250520216,21.19984,2.300603,122.37544947053402,2.032828276,81.99792540660194,79.66670862465342,82.0,4.406719247264253
3156,BLT-01,141577.55,456881.76,1981.812442082716,21.46079,2.298967,122.37544947053402,2.032828276,82.00081489458827,79.66670862465342,82.0,4.406719247264253
3157,BLT-01,141577.55,456881.76,1981.884633645216,21.89972,2.297954,122.37544947053402,2.032828276,82.00370435818421,79.66670862465342,82.0,4.406719247264253
3158,BLT-01,141577.55,456881.76,1981.956825207716,22.1014,2.296628,122.37544947053402,2.032828276,82.00659379738977,79.66670862465342,82.0,4.406719247264253
3159,BLT-01,141577.55,456881.76,1982.029016770216,22.1264,2.29479,122.37544947053402,2.032828276,82.00948321220494,79.66670862465342,82.0,4.406719247264253
3160,BLT-01,141577.55,456881.76,1982.101208332716,22.03271,2.292557,122.37544947053402,2.032828276,82.01237260262971,79.66670862465342,82.0,4.406719247264253
3161,BLT-01,141577.55,456881.76,1982.173399895216,21.89126,2.290107,122.37544947053402,2.032828276,82.01526196866409,79.66670862465342,82.0,4.406719247264253
3162,BLT-01,141577.55,456881.76,1982.245591457716,21.81955,2.290343,122.37544947053402,2.032828276,82.0181513103081,79.66670862465342,82.0,4.406719247264253
3163,BLT-01,141577.55,456881.76,1982.317783020216,21.69316,2.293681,122.37544947053402,2.032828276,82.02104062756169,79.66670862465342,82.0,4.406719247264253
3164,BLT-01,141577.55,456881.76,1982.389974582716,21.39106,2.298466,122.37544947053402,2.032828276,82.0239299204249,79.66670862465342,82.0,4.406719247264253
3165,BLT-01,141577.55,456881.76,1982.4621661452147,20.8451,2.303174,122.37544947053402,2.032828276,82.0268191888977,79.66670862465342,82.0,4.406719247264253
3166,BLT-01,141577.55,456881.76,1982.534357707715,20.45088,2.306047,122.37544947053402,2.032828276,82.02970843298014,79.66670862465342,82.0,4.406719247264253
3167,BLT-01,141577.55,456881.76,1982.6065492702148,19.88857,2.311542,122.37544947053402,2.032828276,82.03259765267218,79.66670862465342,82.0,4.406719247264253
3168,BLT-01,141577.55,456881.76,1982.6787408327148,19.13537,2.318685,122.37544947053402,2.032828276,82.03548684797384,79.66670862465342,82.0,4.406719247264253
3169,BLT-01,141577.55,456881.76,1982.7509323952147,18.23435,2.326931,122.37544947053402,2.032828276,82.0383760188851,79.66670862465342,82.0,4.406719247264253
3170,BLT-01,141577.55,456881.76,1982.8231239577144,17.5201,2.335969,122.37544947053402,2.032828276,82.04126516540597,79.66670862465342,82.0,4.406719247264253
3171,BLT-01,141577.55,456881.76,1982.8953155202144,16.65767,2.35082,122.37544947053402,2.032828276,82.04415428753647,79.66670862465342,82.0,4.406719247264253
3172,BLT-01,141577.55,456881.76,1982.9675070827143,15.83822,2.366201,122.37544947053402,2.032828276,82.04704338527657,79.66670862465342,82.0,4.406719247264253
3173,BLT-01,141577.55,456881.76,1983.0396986452145,15.16949,2.379772,122.37544947053402,2.032828276,82.04993245862627,79.66670862465342,82.0,4.406719247264253
3174,BLT-01,141577.55,456881.76,1983.1118902077144,14.81863,2.389064,122.37544947053402,2.032828276,82.0528215075856,79.66670862465342,82.0,4.406719247264253
3175,BLT-01,141577.55,456881.76,1983.184081770215,13.85661,2.407187,122.37544947053402,2.032828276,82.05571053215456,79.66670862465342,82.0,4.406719247264253
3176,BLT-01,141577.55,456881.76,1983.256273332715,12.64124,2.428567,122.37544947053402,2.032828276,82.0585995323331,79.66670862465342,82.0,4.406719247264253
3177,BLT-01,141577.55,456881.76,1983.328464895215,11.41766,2.451295,122.37544947053402,2.032828276,82.06148850812126,79.66670862465342,82.0,4.406719247264253
3178,BLT-01,141577.55,456881.76,1983.4006564577148,10.55808,2.473415,122.37544947053402,2.032828276,82.06437745951901,79.66670862465342,82.0,4.406719247264253
3179,BLT-01,141577.55,456881.76,1983.4728480202148,9.606232,2.511043,122.37544947053402,2.032828276,82.06726638652637,79.66670862465342,82.0,4.406719247264253
3180,BLT-01,141577.55,456881.76,1983.5450395827147,8.862558,2.546234,122.37544947053402,2.032828276,82.07015528914336,79.66670862465342,82.0,4.406719247264253
3181,BLT-01,141577.55,456881.76,1983.6172311452144,8.423722,2.573594,122.37544947053402,2.032828276,82.07304416736996,79.66670862465342,82.0,4.406719247264253
3182,BLT-01,141577.55,456881.76,1983.6894227077148,8.372599,2.588312,122.37544947053402,2.032828276,82.07593302120617,79.66670862465342,82.0,4.406719247264253
3183,BLT-01,141577.55,456881.76,1983.7616142702147,8.658893,2.594384,122.37544947053402,2.032828276,82.07882185065199,79.66670862465342,82.0,4.406719247264253
3184,BLT-01,141577.55,456881.76,1983.8338058327147,9.119534,2.59281,122.37544947053402,2.032828276,82.08171065570741,79.66670862465342,82.0,4.406719247264253
3185,BLT-01,141577.55,456881.76,1983.9059973952144,9.59224,2.586711,122.37544947053402,2.032828276,82.08459943637243,79.66670862465342,82.0,4.406719247264253
3186,BLT-01,141577.55,456881.76,1983.9781889577143,9.940284,2.579107,122.37544947053402,2.032828276,82.08748819264707,79.66670862465342,82.0,4.406719247264253
3187,BLT-01,141577.55,456881.76,1984.0503805202145,10.09889,2.575055,122.37544947053402,2.032828276,82.09037692453133,79.66670862465342,82.0,4.406719247264253
3188,BLT-01,141577.55,456881.76,1984.122572082715,10.17088,2.573407,122.37544947053402,2.032828276,82.09326563202522,79.66670862465342,82.0,4.406719247264253
3189,BLT-01,141577.55,456881.76,1984.1947636452144,10.17069,2.575475,122.37544947053402,2.032828276,82.09615431512869,79.66670862465342,82.0,4.406719247264253
3190,BLT-01,141577.55,456881.76,1984.2669552077143,10.121,2.581376,122.37544947053402,2.032828276,82.09904297384178,79.66670862465342,82.0,4.406719247264253
3191,BLT-01,141577.55,456881.76,1984.339146770215,10.11386,2.587909,122.37544947053402,2.032828276,82.10193160816449,79.66670862465342,82.0,4.406719247264253
3192,BLT-01,141577.55,456881.76,1984.4113383327149,10.1081,2.590906,122.37544947053402,2.032828276,82.10482021809679,79.66670862465342,82.0,4.406719247264253
3193,BLT-01,141577.55,456881.76,1984.4835298952148,9.836465,2.591921,122.37544947053402,2.032828276,82.10770880363872,79.66670862465342,82.0,4.406719247264253
3194,BLT-01,141577.55,456881.76,1984.5557214577148,9.293016,2.592332,122.37544947053402,2.032828276,82.11059736479025,79.66670862465342,82.0,4.406719247264253
3195,BLT-01,141577.55,456881.76,1984.6279130202147,8.720844,2.59516,122.37544947053402,2.032828276,82.1134859015514,79.66670862465342,82.0,4.406719247264253
3196,BLT-01,141577.55,456881.76,1984.7001045827149,8.552383,2.603098,122.37544947053402,2.032828276,82.11637441392216,79.66670862465342,82.0,4.406719247264253
3197,BLT-01,141577.55,456881.76,1984.7722961452148,8.525792,2.613833,122.37544947053402,2.032828276,82.11926290190252,79.66670862465342,82.0,4.406719247264253
3198,BLT-01,141577.55,456881.76,1984.8444877077147,8.783811,2.627311,122.37544947053402,2.032828276,82.12215136549248,79.66670862465342,82.0,4.406719247264253
3199,JUT-01,134098.0,451726.0,1655.4064064,1.697273719698163,2.8133,125.75189999999998,7.748433713,68.68706916890062,71.27916626642774,40.0,3.6888794541139363
3200,JUT-01,134098.0,451726.0,1655.55612416,1.380278772092289,2.8117,125.75189999999998,7.748433713,68.69329029331779,71.27916626642774,40.0,3.6888794541139363
3201,JUT-01,134098.0,451726.0,1655.70584192,1.3692121936169208,2.8082,125.75189999999998,7.748433713,68.69951131283085,71.27916626642774,40.0,3.6888794541139363
3202,JUT-01,134098.0,451726.0,1655.85555968,1.4394683768389562,2.8018,125.75189999999998,7.748433713,68.7057322274398,71.27916626642774,40.0,3.6888794541139363
3203,JUT-01,134098.0,451726.0,1656.00527744,1.2051883671454533,2.8116,125.75189999999998,7.748433713,68.71195303714464,71.27916626642774,40.0,3.6888794541139363
3204,JUT-01,134098.0,451726.0,1656.1549951999998,0.7997805068265471,2.8192,125.75189999999998,7.748433713,68.71817374194535,71.27916626642774,40.0,3.6888794541139363
3205,JUT-01,134098.0,451726.0,1656.30471296,0.3965605036020996,2.8201,125.75189999999998,7.748433713,68.72439434184199,71.27916626642774,40.0,3.6888794541139363
3206,JUT-01,134098.0,451726.0,1656.45443072,0.0747163074670371,2.8167,125.75189999999998,7.748433713,68.7306148368345,71.27916626642774,40.0,3.6888794541139363
3207,JUT-01,134098.0,451726.0,1656.6041484799998,-0.2283197336029729,2.8123,125.75189999999998,7.748433713,68.73683522692292,71.27916626642774,40.0,3.6888794541139363
3208,JUT-01,134098.0,451726.0,1656.7538662399998,-0.076319017047238,2.8073,125.75189999999998,7.748433713,68.74305551210722,71.27916626642774,40.0,3.6888794541139363
3209,JUT-01,134098.0,451726.0,1656.903584,0.4005473754302748,2.7952,125.75189999999998,7.748433713,68.74927569238741,71.27916626642774,40.0,3.6888794541139363
3210,JUT-01,134098.0,451726.0,1657.05330176,0.9051912259850124,2.7816,125.75189999999998,7.748433713,68.7554957677635,71.27916626642774,40.0,3.6888794541139363
3211,JUT-01,134098.0,451726.0,1657.20301952,1.211176265862612,2.7786,125.75189999999998,7.748433713,68.76171573823548,71.27916626642774,40.0,3.6888794541139363
3212,JUT-01,134098.0,451726.0,1657.35273728,1.5880201489052226,2.7711,125.75189999999998,7.748433713,68.76793560380335,71.27916626642774,40.0,3.6888794541139363
3213,JUT-01,134098.0,451726.0,1657.50245504,1.9135431661763125,2.7605,125.75189999999998,7.748433713,68.77415536446712,71.27916626642774,40.0,3.6888794541139363
3214,JUT-01,134098.0,451726.0,1657.6521728,2.289557352961152,2.7472,125.75189999999998,7.748433713,68.78037502022677,71.27916626642774,40.0,3.6888794541139363
3215,JUT-01,134098.0,451726.0,1657.80189056,2.814098994305532,2.726,125.75189999999998,7.748433713,68.78659457108232,71.27916626642774,40.0,3.6888794541139363
3216,JUT-01,134098.0,451726.0,1657.95160832,3.224123779345799,2.7109,125.75189999999998,7.748433713,68.79281401703376,71.27916626642774,40.0,3.6888794541139363
3217,JUT-01,134098.0,451726.0,1658.10132608,3.637904198509144,2.6956,125.75189999999998,7.748433713,68.79903335808109,71.27916626642774,40.0,3.6888794541139363
3218,JUT-01,134098.0,451726.0,1658.25104384,4.055410267345891,2.6801,125.75189999999998,7.748433713,68.8052525942243,71.27916626642774,40.0,3.6888794541139363
3219,JUT-01,134098.0,451726.0,1658.4007616,4.435210072703489,2.6666,125.75189999999998,7.748433713,68.81147172546342,71.27916626642774,40.0,3.6888794541139363
3220,JUT-01,134098.0,451726.0,1658.5504793599998,4.5277786651686025,2.6688,125.75189999999998,7.748433713,68.81769075179842,71.27916626642774,40.0,3.6888794541139363
3221,JUT-01,134098.0,451726.0,1658.70019712,4.709474208566688,2.6663,125.75189999999998,7.748433713,68.82390967322934,71.27916626642774,40.0,3.6888794541139363
3222,JUT-01,134098.0,451726.0,1658.84991488,4.943718645238146,2.661,125.75189999999998,7.748433713,68.83012848975612,71.27916626642774,40.0,3.6888794541139363
3223,JUT-01,134098.0,451726.0,1658.9996326399998,5.299841284211466,2.6492,125.75189999999998,7.748433713,68.8363472013788,71.27916626642774,40.0,3.6888794541139363
3224,JUT-01,134098.0,451726.0,1659.1493503999998,5.701211439359764,2.635,125.75189999999998,7.748433713,68.84256580809738,71.27916626642774,40.0,3.6888794541139363
3225,JUT-01,134098.0,451726.0,1659.29906816,6.108005154544916,2.6205,125.75189999999998,7.748433713,68.84878430991185,71.27916626642774,40.0,3.6888794541139363
3226,JUT-01,134098.0,451726.0,1659.44878592,6.2166302300884375,2.614,125.75189999999998,7.748433713,68.85500270682222,71.27916626642774,40.0,3.6888794541139363
3227,JUT-01,134098.0,451726.0,1659.5985036799998,6.255536198757634,2.6112,125.75189999999998,7.748433713,68.86122099882846,71.27916626642774,40.0,3.6888794541139363
3228,JUT-01,134098.0,451726.0,1659.74822144,6.281297447996071,2.6091,125.75189999999998,7.748433713,68.8674391859306,71.27916626642774,40.0,3.6888794541139363
3229,JUT-01,134098.0,451726.0,1659.8979392,6.22628257913872,2.6113,125.75189999999998,7.748433713,68.87365726812865,71.27916626642774,40.0,3.6888794541139363
3230,JUT-01,134098.0,451726.0,1660.04765696,6.144978271419841,2.6149,125.75189999999998,7.748433713,68.87987524542258,71.27916626642774,40.0,3.6888794541139363
3231,JUT-01,134098.0,451726.0,1660.19737472,6.074940866070184,2.6179,125.75189999999998,7.748433713,68.8860931178124,71.27916626642774,40.0,3.6888794541139363
3232,JUT-01,134098.0,451726.0,1660.34709248,6.09131303000094,2.6163,125.75189999999998,7.748433713,68.8923108852981,71.27916626642774,40.0,3.6888794541139363
3233,JUT-01,134098.0,451726.0,1660.49681024,6.109592995442908,2.6146,125.75189999999998,7.748433713,68.89852854787972,71.27916626642774,40.0,3.6888794541139363
3234,JUT-01,134098.0,451726.0,1660.646528,6.166474150890653,2.613,125.75189999999998,7.748433713,68.90474610555722,71.27916626642774,40.0,3.6888794541139363
3235,JUT-01,134098.0,451726.0,1660.79624576,6.188983913078192,2.6156,125.75189999999998,7.748433713,68.91096355833061,71.27916626642774,40.0,3.6888794541139363
3236,JUT-01,134098.0,451726.0,1660.94596352,6.143772323251671,2.6218,125.75189999999998,7.748433713,68.91718090619989,71.27916626642774,40.0,3.6888794541139363
3237,JUT-01,134098.0,451726.0,1661.09568128,6.239516950839176,2.6205,125.75189999999998,7.748433713,68.92339814916507,71.27916626642774,40.0,3.6888794541139363
3238,JUT-01,134098.0,451726.0,1661.24539904,6.479973429963787,2.6115,125.75189999999998,7.748433713,68.92961528722613,71.27916626642774,40.0,3.6888794541139363
3239,JUT-01,134098.0,451726.0,1661.3951168,7.259946630105482,2.5774,125.75189999999998,7.748433713,68.93583232038308,71.27916626642774,40.0,3.6888794541139363
3240,JUT-01,134098.0,451726.0,1661.5448345599998,8.800460816576445,2.5148,125.75189999999998,7.748433713,68.94204924863593,71.27916626642774,40.0,3.6888794541139363
3241,JUT-01,134098.0,451726.0,1661.69455232,9.423333352217435,2.5012,125.75189999999998,7.748433713,68.94826607198468,71.27916626642774,40.0,3.6888794541139363
3242,JUT-01,134098.0,451726.0,1661.84427008,11.299952658061573,2.5072,125.75189999999998,7.748433713,68.95448279042931,71.27916626642774,40.0,3.6888794541139363
3243,JUT-01,134098.0,451726.0,1661.9939878399998,11.204046630001578,2.5274,125.75189999999998,7.748433713,68.96069940396984,71.27916626642774,40.0,3.6888794541139363
3244,JUT-01,134098.0,451726.0,1662.1437056,10.76119217071452,2.5436,125.75189999999998,7.748433713,68.96691591260627,71.27916626642774,40.0,3.6888794541139363
3245,JUT-01,134098.0,451726.0,1662.29342336,10.872503635728783,2.5303,125.75189999999998,7.748433713,68.97313231633856,71.27916626642774,40.0,3.6888794541139363
3246,JUT-01,134098.0,451726.0,1662.44314112,10.99859776163791,2.5162,125.75189999999998,7.748433713,68.97934861516678,71.27916626642774,40.0,3.6888794541139363
3247,JUT-01,134098.0,451726.0,1662.59285888,11.01205284830446,2.5081,125.75189999999998,7.748433713,68.98556480909087,71.27916626642774,40.0,3.6888794541139363
3248,JUT-01,134098.0,451726.0,1662.74257664,10.980620232192193,2.5024,125.75189999999998,7.748433713,68.99178089811086,71.27916626642774,40.0,3.6888794541139363
3249,JUT-01,134098.0,451726.0,1662.8922944,11.180171980055208,2.4896,125.75189999999998,7.748433713,68.99799688222674,71.27916626642774,40.0,3.6888794541139363
3250,JUT-01,134098.0,451726.0,1663.04201216,11.518127995080755,2.4773,125.75189999999998,7.748433713,69.00421276143852,71.27916626642774,40.0,3.6888794541139363
3251,JUT-01,134098.0,451726.0,1663.19172992,11.589463971817658,2.4792,125.75189999999998,7.748433713,69.01042853574617,71.27916626642774,40.0,3.6888794541139363
3252,JUT-01,134098.0,451726.0,1663.34144768,11.583779464581848,2.4852,125.75189999999998,7.748433713,69.01664420514975,71.27916626642774,40.0,3.6888794541139363
3253,JUT-01,134098.0,451726.0,1663.49116544,11.741285135001718,2.4825,125.75189999999998,7.748433713,69.02285976964919,71.27916626642774,40.0,3.6888794541139363
3254,JUT-01,134098.0,451726.0,1663.6408832,11.757711352056578,2.4862,125.75189999999998,7.748433713,69.02907522924453,71.27916626642774,40.0,3.6888794541139363
3255,JUT-01,134098.0,451726.0,1663.79060096,11.92432798929462,2.4757,125.75189999999998,7.748433713,69.03529058393576,71.27916626642774,40.0,3.6888794541139363
3256,JUT-01,134098.0,451726.0,1663.9403187199998,12.060929537997726,2.4668,125.75189999999998,7.748433713,69.04150583372288,71.27916626642774,40.0,3.6888794541139363
3257,JUT-01,134098.0,451726.0,1664.09003648,11.765603178097532,2.4809,125.75189999999998,7.748433713,69.04772097860591,71.27916626642774,40.0,3.6888794541139363
3258,JUT-01,134098.0,451726.0,1664.23975424,11.301333251558322,2.504,125.75189999999998,7.748433713,69.0539360185848,71.27916626642774,40.0,3.6888794541139363
3259,JUT-01,134098.0,451726.0,1664.3894719999998,11.221104431469898,2.5081,125.75189999999998,7.748433713,69.0601509536596,71.27916626642774,40.0,3.6888794541139363
3260,JUT-01,134098.0,451726.0,1664.5391897599998,11.227678276659974,2.5087,125.75189999999998,7.748433713,69.06636578383029,71.27916626642774,40.0,3.6888794541139363
3261,JUT-01,134098.0,451726.0,1664.68890752,11.318783874068917,2.5048,125.75189999999998,7.748433713,69.0725805090969,71.27916626642774,40.0,3.6888794541139363
3262,JUT-01,134098.0,451726.0,1664.83862528,11.597521255383212,2.4909,125.75189999999998,7.748433713,69.07879512945938,71.27916626642774,40.0,3.6888794541139363
3263,JUT-01,134098.0,451726.0,1664.98834304,11.082296545570273,2.5139,125.75189999999998,7.748433713,69.08500964491775,71.27916626642774,40.0,3.6888794541139363
3264,JUT-01,134098.0,451726.0,1665.1380608,10.665469243010754,2.5285,125.75189999999998,7.748433713,69.09122405547201,71.27916626642774,40.0,3.6888794541139363
3265,JUT-01,134098.0,451726.0,1665.28777856,10.32187680585121,2.5392,125.75189999999998,7.748433713,69.09743836112216,71.27916626642774,40.0,3.6888794541139363
3266,JUT-01,134098.0,451726.0,1665.43749632,10.065053751368218,2.5453,125.75189999999998,7.748433713,69.1036525618682,71.27916626642774,40.0,3.6888794541139363
3267,JUT-01,134098.0,451726.0,1665.58721408,10.21678163692745,2.5384,125.75189999999998,7.748433713,69.10986665771014,71.27916626642774,40.0,3.6888794541139363
3268,JUT-01,134098.0,451726.0,1665.73693184,10.47379315763028,2.5297,125.75189999999998,7.748433713,69.11608064864797,71.27916626642774,40.0,3.6888794541139363
3269,JUT-01,134098.0,451726.0,1665.8866496,10.736408145068037,2.5207,125.75189999999998,7.748433713,69.1222945346817,71.27916626642774,40.0,3.6888794541139363
3270,JUT-01,134098.0,451726.0,1666.03636736,10.664771695552115,2.5295,125.75189999999998,7.748433713,69.12850831581132,71.27916626642774,40.0,3.6888794541139363
3271,JUT-01,134098.0,451726.0,1666.18608512,11.126315353714132,2.5099,125.75189999999998,7.748433713,69.13472199203683,71.27916626642774,40.0,3.6888794541139363
3272,JUT-01,134098.0,451726.0,1666.3358028799998,11.38610059961375,2.5008,125.75189999999998,7.748433713,69.14093556335821,71.27916626642774,40.0,3.6888794541139363
3273,JUT-01,134098.0,451726.0,1666.48552064,11.39610256652406,2.5047,125.75189999999998,7.748433713,69.14714902977552,71.27916626642774,40.0,3.6888794541139363
3274,JUT-01,134098.0,451726.0,1666.6352384,11.471798146138507,2.5051,125.75189999999998,7.748433713,69.1533623912887,71.27916626642774,40.0,3.6888794541139363
3275,JUT-01,134098.0,451726.0,1666.78495616,11.573513304567362,2.5041,125.75189999999998,7.748433713,69.15957564789778,71.27916626642774,40.0,3.6888794541139363
3276,JUT-01,134098.0,451726.0,1666.9346739199998,11.647424946903794,2.495,125.75189999999998,7.748433713,69.16578879960274,71.27916626642774,40.0,3.6888794541139363
3277,JUT-01,134098.0,451726.0,1667.08439168,11.002334941782454,2.5153,125.75189999999998,7.748433713,69.1720018464036,71.27916626642774,40.0,3.6888794541139363
3278,JUT-01,134098.0,451726.0,1667.23410944,10.34597803429188,2.5362,125.75189999999998,7.748433713,69.17821478830037,71.27916626642774,40.0,3.6888794541139363
3279,JUT-01,134098.0,451726.0,1667.3838271999998,9.7501610395157,2.5539,125.75189999999998,7.748433713,69.18442762529298,71.27916626642774,40.0,3.6888794541139363
3280,JUT-01,134098.0,451726.0,1667.5335449599995,9.285341472301957,2.5646,125.75189999999998,7.748433713,69.19064035738151,71.27916626642774,40.0,3.6888794541139363
3281,JUT-01,134098.0,451726.0,1667.68326272,8.884397669630166,2.5719,125.75189999999998,7.748433713,69.19685298456596,71.27916626642774,40.0,3.6888794541139363
3282,JUT-01,134098.0,451726.0,1667.83298048,8.570673016380121,2.5746,125.75189999999998,7.748433713,69.20306550684629,71.27916626642774,40.0,3.6888794541139363
3283,JUT-01,134098.0,451726.0,1667.98269824,9.179384960532849,2.5529,125.75189999999998,7.748433713,69.2092779242225,71.27916626642774,40.0,3.6888794541139363
3284,JUT-01,134098.0,451726.0,1668.132416,10.205582857405894,2.5099,125.75189999999998,7.748433713,69.2154902366946,71.27916626642774,40.0,3.6888794541139363
3285,JUT-01,134098.0,451726.0,1668.28213376,10.377733804675522,2.5124,125.75189999999998,7.748433713,69.2217024442626,71.27916626642774,40.0,3.6888794541139363
3286,JUT-01,134098.0,451726.0,1668.43185152,10.273665737201066,2.5296,125.75189999999998,7.748433713,69.2279145469265,71.27916626642774,40.0,3.6888794541139363
3287,JUT-01,134098.0,451726.0,1668.58156928,10.074528183061194,2.5469,125.75189999999998,7.748433713,69.23412654468628,71.27916626642774,40.0,3.6888794541139363
3288,JUT-01,134098.0,451726.0,1668.73128704,10.775344399266263,2.508,125.75189999999998,7.748433713,69.24033843754195,71.27916626642774,40.0,3.6888794541139363
3289,JUT-01,134098.0,451726.0,1668.8810048,10.753141077880034,2.5076,125.75189999999998,7.748433713,69.24655022549352,71.27916626642774,40.0,3.6888794541139363
3290,JUT-01,134098.0,451726.0,1669.03072256,10.4737667724122,2.5209,125.75189999999998,7.748433713,69.25276190854098,71.27916626642774,40.0,3.6888794541139363
3291,JUT-01,134098.0,451726.0,1669.18044032,10.067982005777155,2.5428,125.75189999999998,7.748433713,69.25897348668433,71.27916626642774,40.0,3.6888794541139363
3292,JUT-01,134098.0,451726.0,1669.3301580799998,9.609047675266536,2.5699,125.75189999999998,7.748433713,69.26518495992356,71.27916626642774,40.0,3.6888794541139363
3293,JUT-01,134098.0,451726.0,1669.47987584,9.227013890929902,2.5929,125.75189999999998,7.748433713,69.2713963282587,71.27916626642774,40.0,3.6888794541139363
3294,JUT-01,134098.0,451726.0,1669.6295936,8.902607902333628,2.6124,125.75189999999998,7.748433713,69.27760759168973,71.27916626642774,40.0,3.6888794541139363
3295,JUT-01,134098.0,451726.0,1669.7793113599998,9.227470253979618,2.5951,125.75189999999998,7.748433713,69.28381875021665,71.27916626642774,40.0,3.6888794541139363
3296,JUT-01,134098.0,451726.0,1669.9290291199998,9.807745710444388,2.5642,125.75189999999998,7.748433713,69.29002980383946,71.27916626642774,40.0,3.6888794541139363
3297,JUT-01,134098.0,451726.0,1670.07874688,10.38435548613512,2.5335,125.75189999999998,7.748433713,69.29624075255816,71.27916626642774,40.0,3.6888794541139363
3298,JUT-01,134098.0,451726.0,1670.22846464,10.474106194736112,2.5341,125.75189999999998,7.748433713,69.30245159637276,71.27916626642774,40.0,3.6888794541139363
3299,JUT-01,134098.0,451726.0,1670.3781824,10.569478824050572,2.5351,125.75189999999998,7.748433713,69.30866233528324,71.27916626642774,40.0,3.6888794541139363
3300,JUT-01,134098.0,451726.0,1670.52790016,11.013705644515491,2.5175,125.75189999999998,7.748433713,69.31487296928962,71.27916626642774,40.0,3.6888794541139363
3301,JUT-01,134098.0,451726.0,1670.67761792,11.351354865413333,2.4947,125.75189999999998,7.748433713,69.3210834983919,71.27916626642774,40.0,3.6888794541139363
3302,JUT-01,134098.0,451726.0,1670.82733568,11.44589150324485,2.4778,125.75189999999998,7.748433713,69.32729392259007,71.27916626642774,40.0,3.6888794541139363
3303,JUT-01,134098.0,451726.0,1670.97705344,10.783847771974829,2.5012,125.75189999999998,7.748433713,69.33350424188413,71.27916626642774,40.0,3.6888794541139363
3304,JUT-01,134098.0,451726.0,1671.1267712,10.552073263445353,2.5066,125.75189999999998,7.748433713,69.33971445627407,71.27916626642774,40.0,3.6888794541139363
3305,JUT-01,134098.0,451726.0,1671.27648896,10.62782218953112,2.4957,125.75189999999998,7.748433713,69.34592456575992,71.27916626642774,40.0,3.6888794541139363
3306,JUT-01,134098.0,451726.0,1671.42620672,10.270035249999154,2.5079,125.75189999999998,7.748433713,69.35213457034163,71.27916626642774,40.0,3.6888794541139363
3307,JUT-01,134098.0,451726.0,1671.57592448,9.66038094862372,2.5335,125.75189999999998,7.748433713,69.35834447001926,71.27916626642774,40.0,3.6888794541139363
3308,JUT-01,134098.0,451726.0,1671.7256422399998,9.323040105620912,2.5446,125.75189999999998,7.748433713,69.36455426479277,71.27916626642774,40.0,3.6888794541139363
3309,JUT-01,134098.0,451726.0,1671.87536,8.747216495802837,2.5684,125.75189999999998,7.748433713,69.3707639546622,71.27916626642774,40.0,3.6888794541139363
3310,JUT-01,134098.0,451726.0,1672.02507776,8.088948841975192,2.5966,125.75189999999998,7.748433713,69.3769735396275,71.27916626642774,40.0,3.6888794541139363
3311,JUT-01,134098.0,451726.0,1672.17479552,7.924427137533189,2.5985,125.75189999999998,7.748433713,69.3831830196887,71.27916626642774,40.0,3.6888794541139363
3312,JUT-01,134098.0,451726.0,1672.3245132799998,8.256311438976546,2.5767,125.75189999999998,7.748433713,69.38939239484577,71.27916626642774,40.0,3.6888794541139363
3313,JUT-01,134098.0,451726.0,1672.47423104,8.567118661635993,2.5592,125.75189999999998,7.748433713,69.39560166509875,71.27916626642774,40.0,3.6888794541139363
3314,JUT-01,134098.0,451726.0,1672.6239488,8.78039933489421,2.5469,125.75189999999998,7.748433713,69.40181083044763,71.27916626642774,40.0,3.6888794541139363
3315,JUT-01,134098.0,451726.0,1672.77366656,8.156973310514788,2.585,125.75189999999998,7.748433713,69.40801989089239,71.27916626642774,40.0,3.6888794541139363
3316,JUT-01,134098.0,451726.0,1672.92338432,8.05960922156524,2.5962,125.75189999999998,7.748433713,69.41422884643305,71.27916626642774,40.0,3.6888794541139363
3317,JUT-01,134098.0,451726.0,1673.07310208,8.658915262446111,2.5703,125.75189999999998,7.748433713,69.42043769706959,71.27916626642774,40.0,3.6888794541139363
3318,JUT-01,134098.0,451726.0,1673.22281984,9.128262128235065,2.5513,125.75189999999998,7.748433713,69.42664644280204,71.27916626642774,40.0,3.6888794541139363
3319,JUT-01,134098.0,451726.0,1673.3725376,9.002903086023867,2.5551,125.75189999999998,7.748433713,69.43285508363036,71.27916626642774,40.0,3.6888794541139363
3320,JUT-01,134098.0,451726.0,1673.52225536,8.920333162316805,2.5557,125.75189999999998,7.748433713,69.43906361955457,71.27916626642774,40.0,3.6888794541139363
3321,JUT-01,134098.0,451726.0,1673.67197312,8.808077979021292,2.5579,125.75189999999998,7.748433713,69.4452720505747,71.27916626642774,40.0,3.6888794541139363
3322,JUT-01,134098.0,451726.0,1673.82169088,9.209275805384651,2.5435,125.75189999999998,7.748433713,69.45148037669071,71.27916626642774,40.0,3.6888794541139363
3323,JUT-01,134098.0,451726.0,1673.97140864,9.862417126049255,2.522,125.75189999999998,7.748433713,69.4576885979026,71.27916626642774,40.0,3.6888794541139363
3324,JUT-01,134098.0,451726.0,1674.1211264,10.373017032148336,2.5166,125.75189999999998,7.748433713,69.4638967142104,71.27916626642774,40.0,3.6888794541139363
3325,JUT-01,134098.0,451726.0,1674.27084416,10.855841469510963,2.517,125.75189999999998,7.748433713,69.47010472561409,71.27916626642774,40.0,3.6888794541139363
3326,JUT-01,134098.0,451726.0,1674.42056192,11.496549491341751,2.5071,125.75189999999998,7.748433713,69.47631263211366,71.27916626642774,40.0,3.6888794541139363
3327,JUT-01,134098.0,451726.0,1674.57027968,11.253572957385517,2.5011,125.75189999999998,7.748433713,69.48252043370913,71.27916626642774,40.0,3.6888794541139363
3328,JUT-01,134098.0,451726.0,1674.7199974399998,11.31139581565022,2.4972,125.75189999999998,7.748433713,69.48872813040047,71.27916626642774,40.0,3.6888794541139363
3329,JUT-01,134098.0,451726.0,1674.8697152,11.473579060220093,2.4945,125.75189999999998,7.748433713,69.49493572218773,71.27916626642774,40.0,3.6888794541139363
3330,JUT-01,134098.0,451726.0,1675.01943296,11.744675694359136,2.486,125.75189999999998,7.748433713,69.50114320907088,71.27916626642774,40.0,3.6888794541139363
3331,JUT-01,134098.0,451726.0,1675.1691507199998,11.916218039787022,2.4828,125.75189999999998,7.748433713,69.50735059104991,71.27916626642774,40.0,3.6888794541139363
3332,JUT-01,134098.0,451726.0,1675.3188684799998,12.07056018716427,2.4805,125.75189999999998,7.748433713,69.51355786812483,71.27916626642774,40.0,3.6888794541139363
3333,JUT-01,134098.0,451726.0,1675.46858624,11.826841999329115,2.4917,125.75189999999998,7.748433713,69.51976504029567,71.27916626642774,40.0,3.6888794541139363
3334,JUT-01,134098.0,451726.0,1675.618304,11.816193868214237,2.4823,125.75189999999998,7.748433713,69.52597210756238,71.27916626642774,40.0,3.6888794541139363
3335,JUT-01,134098.0,451726.0,1675.76802176,11.796546449637503,2.4734,125.75189999999998,7.748433713,69.532179069925,71.27916626642774,40.0,3.6888794541139363
3336,JUT-01,134098.0,451726.0,1675.91773952,11.821618056533312,2.4713,125.75189999999998,7.748433713,69.53838592738349,71.27916626642774,40.0,3.6888794541139363
3337,JUT-01,134098.0,451726.0,1676.06745728,11.598416155786316,2.4839,125.75189999999998,7.748433713,69.54459267993788,71.27916626642774,40.0,3.6888794541139363
3338,JUT-01,134098.0,451726.0,1676.21717504,11.43339659949731,2.4934,125.75189999999998,7.748433713,69.55079932758817,71.27916626642774,40.0,3.6888794541139363
3339,JUT-01,134098.0,451726.0,1676.3668928,11.401732039027143,2.4958,125.75189999999998,7.748433713,69.55700587033434,71.27916626642774,40.0,3.6888794541139363
3340,JUT-01,134098.0,451726.0,1676.51661056,11.426282052604382,2.4952,125.75189999999998,7.748433713,69.56321230817639,71.27916626642774,40.0,3.6888794541139363
3341,JUT-01,134098.0,451726.0,1676.66632832,11.06961903913109,2.5086,125.75189999999998,7.748433713,69.56941864111435,71.27916626642774,40.0,3.6888794541139363
3342,JUT-01,134098.0,451726.0,1676.81604608,10.66223781982924,2.5208,125.75189999999998,7.748433713,69.5756248691482,71.27916626642774,40.0,3.6888794541139363
3343,JUT-01,134098.0,451726.0,1676.96576384,10.405351825497508,2.525,125.75189999999998,7.748433713,69.58183099227794,71.27916626642774,40.0,3.6888794541139363
3344,JUT-01,134098.0,451726.0,1677.1154815999998,10.017345193775888,2.5442,125.75189999999998,7.748433713,69.58803701050358,71.27916626642774,40.0,3.6888794541139363
3345,JUT-01,134098.0,451726.0,1677.26519936,9.960613960576536,2.5458,125.75189999999998,7.748433713,69.5942429238251,71.27916626642774,40.0,3.6888794541139363
3346,JUT-01,134098.0,451726.0,1677.41491712,10.036488111954045,2.5403,125.75189999999998,7.748433713,69.60044873224253,71.27916626642774,40.0,3.6888794541139363
3347,JUT-01,134098.0,451726.0,1677.56463488,10.124427542573844,2.5341,125.75189999999998,7.748433713,69.60665443575584,71.27916626642774,40.0,3.6888794541139363
3348,JUT-01,134098.0,451726.0,1677.7143526399998,10.255496796709656,2.5256,125.75189999999998,7.748433713,69.61286003436504,71.27916626642774,40.0,3.6888794541139363
3349,JUT-01,134098.0,451726.0,1677.8640704,10.29496192106024,2.5211,125.75189999999998,7.748433713,69.61906552807014,71.27916626642774,40.0,3.6888794541139363
3350,JUT-01,134098.0,451726.0,1678.01378816,9.953998221015707,2.5285,125.75189999999998,7.748433713,69.62527091687113,71.27916626642774,40.0,3.6888794541139363
3351,JUT-01,134098.0,451726.0,1678.1635059199998,9.388632915034131,2.5493,125.75189999999998,7.748433713,69.631476200768,71.27916626642774,40.0,3.6888794541139363
3352,JUT-01,134098.0,451726.0,1678.31322368,9.02391267024234,2.5692,125.75189999999998,7.748433713,69.63768137976078,71.27916626642774,40.0,3.6888794541139363
3353,JUT-01,134098.0,451726.0,1678.46294144,8.841280711520323,2.5794,125.75189999999998,7.748433713,69.64388645384945,71.27916626642774,40.0,3.6888794541139363
3354,JUT-01,134098.0,451726.0,1678.6126592,9.25770237987845,2.5577,125.75189999999998,7.748433713,69.650091423034,71.27916626642774,40.0,3.6888794541139363
3355,JUT-01,134098.0,451726.0,1678.76237696,9.394329306067494,2.5509,125.75189999999998,7.748433713,69.65629628731445,71.27916626642774,40.0,3.6888794541139363
3356,JUT-01,134098.0,451726.0,1678.91209472,9.245318147755077,2.5593,125.75189999999998,7.748433713,69.66250104669079,71.27916626642774,40.0,3.6888794541139363
3357,JUT-01,134098.0,451726.0,1679.06181248,8.903580139511906,2.5721,125.75189999999998,7.748433713,69.66870570116302,71.27916626642774,40.0,3.6888794541139363
3358,JUT-01,134098.0,451726.0,1679.21153024,8.836813329597424,2.5695,125.75189999999998,7.748433713,69.67491025073114,71.27916626642774,40.0,3.6888794541139363
3359,JUT-01,134098.0,451726.0,1679.361248,8.795232148602231,2.5701,125.75189999999998,7.748433713,69.68111469539517,71.27916626642774,40.0,3.6888794541139363
3360,JUT-01,134098.0,451726.0,1679.51096576,9.159973844445474,2.5619,125.75189999999998,7.748433713,69.68731903515508,71.27916626642774,40.0,3.6888794541139363
3361,JUT-01,134098.0,451726.0,1679.66068352,9.624239844550209,2.5484,125.75189999999998,7.748433713,69.69352327001087,71.27916626642774,40.0,3.6888794541139363
3362,JUT-01,134098.0,451726.0,1679.81040128,10.144480543104914,2.5319,125.75189999999998,7.748433713,69.69972739996257,71.27916626642774,40.0,3.6888794541139363
3363,JUT-01,134098.0,451726.0,1679.96011904,10.601265259413164,2.5188,125.75189999999998,7.748433713,69.70593142501016,71.27916626642774,40.0,3.6888794541139363
3364,JUT-01,134098.0,451726.0,1680.1098367999998,11.341570367563907,2.4906,125.75189999999998,7.748433713,69.71213534515363,71.27916626642774,40.0,3.6888794541139363
3365,JUT-01,134098.0,451726.0,1680.25955456,11.879071233068608,2.4732,125.75189999999998,7.748433713,69.718339160393,71.27916626642774,40.0,3.6888794541139363
3366,JUT-01,134098.0,451726.0,1680.40927232,12.285402015023053,2.4634,125.75189999999998,7.748433713,69.72454287072826,71.27916626642774,40.0,3.6888794541139363
3367,JUT-01,134098.0,451726.0,1680.5589900799998,12.851421089245864,2.457,125.75189999999998,7.748433713,69.73074647615941,71.27916626642774,40.0,3.6888794541139363
3368,JUT-01,134098.0,451726.0,1680.70870784,13.479018328653575,2.4473,125.75189999999998,7.748433713,69.73694997668646,71.27916626642774,40.0,3.6888794541139363
3369,JUT-01,134098.0,451726.0,1680.8584256,13.78786045077248,2.4417,125.75189999999998,7.748433713,69.7431533723094,71.27916626642774,40.0,3.6888794541139363
3370,JUT-01,134098.0,451726.0,1681.00814336,13.35916227708927,2.4582,125.75189999999998,7.748433713,69.74935666302824,71.27916626642774,40.0,3.6888794541139363
3371,JUT-01,134098.0,451726.0,1681.15786112,13.309993040984402,2.4545,125.75189999999998,7.748433713,69.75555984884296,71.27916626642774,40.0,3.6888794541139363
3372,JUT-01,134098.0,451726.0,1681.30757888,13.277274391688174,2.4499,125.75189999999998,7.748433713,69.76176292975357,71.27916626642774,40.0,3.6888794541139363
3373,JUT-01,134098.0,451726.0,1681.45729664,12.764224346360646,2.4618,125.75189999999998,7.748433713,69.7679659057601,71.27916626642774,40.0,3.6888794541139363
3374,JUT-01,134098.0,451726.0,1681.6070144,11.971270471007196,2.4804,125.75189999999998,7.748433713,69.77416877686248,71.27916626642774,40.0,3.6888794541139363
3375,JUT-01,134098.0,451726.0,1681.75673216,11.24487217948544,2.4957,125.75189999999998,7.748433713,69.78037154306077,71.27916626642774,40.0,3.6888794541139363
3376,JUT-01,134098.0,451726.0,1681.90644992,10.581630025713324,2.5076,125.75189999999998,7.748433713,69.78657420435495,71.27916626642774,40.0,3.6888794541139363
3377,JUT-01,134098.0,451726.0,1682.05616768,9.920595517949224,2.5194,125.75189999999998,7.748433713,69.79277676074503,71.27916626642774,40.0,3.6888794541139363
3378,JUT-01,134098.0,451726.0,1682.20588544,9.34480813555895,2.5371,125.75189999999998,7.748433713,69.798979212231,71.27916626642774,40.0,3.6888794541139363
3379,JUT-01,134098.0,451726.0,1682.3556032,8.761752658672226,2.5563,125.75189999999998,7.748433713,69.80518155881286,71.27916626642774,40.0,3.6888794541139363
3380,JUT-01,134098.0,451726.0,1682.5053209599998,8.269491731429367,2.5715,125.75189999999998,7.748433713,69.8113838004906,71.27916626642774,40.0,3.6888794541139363
3381,JUT-01,134098.0,451726.0,1682.65503872,8.308029955462874,2.5606,125.75189999999998,7.748433713,69.81758593726425,71.27916626642774,40.0,3.6888794541139363
3382,JUT-01,134098.0,451726.0,1682.80475648,8.657562585687693,2.5419,125.75189999999998,7.748433713,69.82378796913379,71.27916626642774,40.0,3.6888794541139363
3383,JUT-01,134098.0,451726.0,1682.95447424,9.47539859398498,2.5171,125.75189999999998,7.748433713,69.82998989609922,71.27916626642774,40.0,3.6888794541139363
3384,JUT-01,134098.0,451726.0,1683.1041919999998,10.298328333372648,2.492,125.75189999999998,7.748433713,69.83619171816053,71.27916626642774,40.0,3.6888794541139363
3385,JUT-01,134098.0,451726.0,1683.25390976,11.011006586223836,2.4728,125.75189999999998,7.748433713,69.84239343531776,71.27916626642774,40.0,3.6888794541139363
3386,JUT-01,134098.0,451726.0,1683.40362752,11.556559120598182,2.4625,125.75189999999998,7.748433713,69.84859504757087,71.27916626642774,40.0,3.6888794541139363
3387,JUT-01,134098.0,451726.0,1683.55334528,12.094075822458429,2.4522,125.75189999999998,7.748433713,69.85479655491986,71.27916626642774,40.0,3.6888794541139363
3388,JUT-01,134098.0,451726.0,1683.70306304,12.454502728497207,2.4459,125.75189999999998,7.748433713,69.86099795736475,71.27916626642774,40.0,3.6888794541139363
3389,JUT-01,134098.0,451726.0,1683.8527808,12.66887968603158,2.4474,125.75189999999998,7.748433713,69.86719925490553,71.27916626642774,40.0,3.6888794541139363
3390,JUT-01,134098.0,451726.0,1684.00249856,12.866326305562424,2.4498,125.75189999999998,7.748433713,69.87340044754221,71.27916626642774,40.0,3.6888794541139363
3391,JUT-01,134098.0,451726.0,1684.15221632,13.10132926632403,2.4502,125.75189999999998,7.748433713,69.87960153527477,71.27916626642774,40.0,3.6888794541139363
3392,JUT-01,134098.0,451726.0,1684.30193408,13.403573827904829,2.447,125.75189999999998,7.748433713,69.88580251810322,71.27916626642774,40.0,3.6888794541139363
3393,JUT-01,134098.0,451726.0,1684.45165184,13.726834190558698,2.4427,125.75189999999998,7.748433713,69.89200339602759,71.27916626642774,40.0,3.6888794541139363
3394,JUT-01,134098.0,451726.0,1684.6013696,14.16494156566601,2.4315,125.75189999999998,7.748433713,69.89820416904783,71.27916626642774,40.0,3.6888794541139363
3395,JUT-01,134098.0,451726.0,1684.75108736,14.64937622433965,2.4171,125.75189999999998,7.748433713,69.90440483716395,71.27916626642774,40.0,3.6888794541139363
3396,JUT-01,134098.0,451726.0,1684.90080512,14.990976848537716,2.4103,125.75189999999998,7.748433713,69.91060540037599,71.27916626642774,40.0,3.6888794541139363
3397,JUT-01,134098.0,451726.0,1685.05052288,15.239711025114628,2.4056,125.75189999999998,7.748433713,69.9168058586839,71.27916626642774,40.0,3.6888794541139363
3398,JUT-01,134098.0,451726.0,1685.20024064,15.223294375313673,2.406,125.75189999999998,7.748433713,69.92300621208771,71.27916626642774,40.0,3.6888794541139363
3399,JUT-01,134098.0,451726.0,1685.3499584,15.281990407974211,2.4024,125.75189999999998,7.748433713,69.92920646058742,71.27916626642774,40.0,3.6888794541139363
3400,JUT-01,134098.0,451726.0,1685.4996761599998,15.402684388115167,2.3955,125.75189999999998,7.748433713,69.93540660418302,71.27916626642774,40.0,3.6888794541139363
3401,JUT-01,134098.0,451726.0,1685.64939392,15.545912172994578,2.3874,125.75189999999998,7.748433713,69.9416066428745,71.27916626642774,40.0,3.6888794541139363
3402,JUT-01,134098.0,451726.0,1685.79911168,15.388539305779585,2.3953,125.75189999999998,7.748433713,69.94780657666188,71.27916626642774,40.0,3.6888794541139363
3403,JUT-01,134098.0,451726.0,1685.9488294399998,15.121572620580302,2.4048,125.75189999999998,7.748433713,69.95400640554514,71.27916626642774,40.0,3.6888794541139363
3404,JUT-01,134098.0,451726.0,1686.0985471999998,14.944171449790897,2.4095,125.75189999999998,7.748433713,69.96020612952431,71.27916626642774,40.0,3.6888794541139363
3405,JUT-01,134098.0,451726.0,1686.24826496,14.85514761869248,2.4095,125.75189999999998,7.748433713,69.96640574859937,71.27916626642774,40.0,3.6888794541139363
3406,JUT-01,134098.0,451726.0,1686.39798272,14.779148569226106,2.4088,125.75189999999998,7.748433713,69.97260526277033,71.27916626642774,40.0,3.6888794541139363
3407,JUT-01,134098.0,451726.0,1686.54770048,14.554801971898268,2.416,125.75189999999998,7.748433713,69.97880467203716,71.27916626642774,40.0,3.6888794541139363
3408,JUT-01,134098.0,451726.0,1686.69741824,14.601685767399452,2.4084,125.75189999999998,7.748433713,69.9850039763999,71.27916626642774,40.0,3.6888794541139363
3409,JUT-01,134098.0,451726.0,1686.847136,14.653891966320186,2.4004,125.75189999999998,7.748433713,69.99120317585852,71.27916626642774,40.0,3.6888794541139363
3410,JUT-01,134098.0,451726.0,1686.99685376,14.463042279045224,2.4063,125.75189999999998,7.748433713,69.99740227041303,71.27916626642774,40.0,3.6888794541139363
3411,JUT-01,134098.0,451726.0,1687.14657152,14.367580049708115,2.4136,125.75189999999998,7.748433713,70.00360126006345,71.27916626642774,40.0,3.6888794541139363
3412,JUT-01,134098.0,451726.0,1687.29628928,14.43173227060171,2.4124,125.75189999999998,7.748433713,70.00980014480974,71.27916626642774,40.0,3.6888794541139363
3413,JUT-01,134098.0,451726.0,1687.44600704,14.495854507045618,2.4112,125.75189999999998,7.748433713,70.01599892465194,71.27916626642774,40.0,3.6888794541139363
3414,JUT-01,134098.0,451726.0,1687.5957248,14.447836563826115,2.4151,125.75189999999998,7.748433713,70.02219759959003,71.27916626642774,40.0,3.6888794541139363
3415,JUT-01,134098.0,451726.0,1687.74544256,14.215389230918186,2.4252,125.75189999999998,7.748433713,70.028396169624,71.27916626642774,40.0,3.6888794541139363
3416,JUT-01,134098.0,451726.0,1687.8951603199998,13.759511652136972,2.4472,125.75189999999998,7.748433713,70.03459463475386,71.27916626642774,40.0,3.6888794541139363
3417,JUT-01,134098.0,451726.0,1688.04487808,13.835386130717351,2.4409,125.75189999999998,7.748433713,70.04079299497964,71.27916626642774,40.0,3.6888794541139363
3418,JUT-01,134098.0,451726.0,1688.19459584,14.229736299285513,2.4264,125.75189999999998,7.748433713,70.04699125030129,71.27916626642774,40.0,3.6888794541139363
3419,JUT-01,134098.0,451726.0,1688.3443136,14.5757426482457,2.4153,125.75189999999998,7.748433713,70.05318940071884,71.27916626642774,40.0,3.6888794541139363
3420,JUT-01,134098.0,451726.0,1688.4940313599998,14.75465326317872,2.4131,125.75189999999998,7.748433713,70.05938744623226,71.27916626642774,40.0,3.6888794541139363
3421,JUT-01,134098.0,451726.0,1688.64374912,14.542468193667393,2.4317,125.75189999999998,7.748433713,70.0655853868416,71.27916626642774,40.0,3.6888794541139363
3422,JUT-01,134098.0,451726.0,1688.79346688,13.953177286182353,2.4568,125.75189999999998,7.748433713,70.07178322254683,71.27916626642774,40.0,3.6888794541139363
3423,JUT-01,134098.0,451726.0,1688.94318464,12.84542525928916,2.4819,125.75189999999998,7.748433713,70.07798095334795,71.27916626642774,40.0,3.6888794541139363
3424,JUT-01,134098.0,451726.0,1689.0929024,12.457347075949988,2.4836,125.75189999999998,7.748433713,70.08417857924495,71.27916626642774,40.0,3.6888794541139363
3425,JUT-01,134098.0,451726.0,1689.24262016,12.289192973335888,2.4868,125.75189999999998,7.748433713,70.09037610023785,71.27916626642774,40.0,3.6888794541139363
3426,JUT-01,134098.0,451726.0,1689.39233792,12.463627646824255,2.4773,125.75189999999998,7.748433713,70.09657351632664,71.27916626642774,40.0,3.6888794541139363
3427,JUT-01,134098.0,451726.0,1689.54205568,12.561101805239266,2.4719,125.75189999999998,7.748433713,70.10277082751132,71.27916626642774,40.0,3.6888794541139363
3428,JUT-01,134098.0,451726.0,1689.69177344,12.73744428023886,2.4623,125.75189999999998,7.748433713,70.1089680337919,71.27916626642774,40.0,3.6888794541139363
3429,JUT-01,134098.0,451726.0,1689.8414912,13.039570513911771,2.446,125.75189999999998,7.748433713,70.11516513516837,71.27916626642774,40.0,3.6888794541139363
3430,JUT-01,134098.0,451726.0,1689.99120896,13.17853655437869,2.4384,125.75189999999998,7.748433713,70.12136213164072,71.27916626642774,40.0,3.6888794541139363
3431,JUT-01,134098.0,451726.0,1690.14092672,13.363909963427709,2.4334,125.75189999999998,7.748433713,70.12755902320897,71.27916626642774,40.0,3.6888794541139363
3432,JUT-01,134098.0,451726.0,1690.29064448,13.465695639618447,2.4341,125.75189999999998,7.748433713,70.13375580987312,71.27916626642774,40.0,3.6888794541139363
3433,JUT-01,134098.0,451726.0,1690.44036224,13.60688548965179,2.4327,125.75189999999998,7.748433713,70.13995249163317,71.27916626642774,40.0,3.6888794541139363
3434,JUT-01,134098.0,451726.0,1690.59008,13.986588090950082,2.4186,125.75189999999998,7.748433713,70.1461490684891,71.27916626642774,40.0,3.6888794541139363
3435,JUT-01,134098.0,451726.0,1690.73979776,14.097762852448511,2.4188,125.75189999999998,7.748433713,70.15234554044092,71.27916626642774,40.0,3.6888794541139363
3436,JUT-01,134098.0,451726.0,1690.8895155199998,13.977666270881036,2.4313,125.75189999999998,7.748433713,70.15854190748861,71.27916626642774,40.0,3.6888794541139363
3437,JUT-01,134098.0,451726.0,1691.03923328,14.083697200722966,2.426,125.75189999999998,7.748433713,70.16473816963223,71.27916626642774,40.0,3.6888794541139363
3438,JUT-01,134098.0,451726.0,1691.18895104,13.915259744373373,2.4347,125.75189999999998,7.748433713,70.17093432687172,71.27916626642774,40.0,3.6888794541139363
3439,JUT-01,134098.0,451726.0,1691.3386688,13.729921934469935,2.4443,125.75189999999998,7.748433713,70.17713037920711,71.27916626642774,40.0,3.6888794541139363
3440,JUT-01,134098.0,451726.0,1691.48838656,13.615941172904924,2.4501,125.75189999999998,7.748433713,70.1833263266384,71.27916626642774,40.0,3.6888794541139363
3441,JUT-01,134098.0,451726.0,1691.63810432,13.865949171665386,2.4375,125.75189999999998,7.748433713,70.18952216916557,71.27916626642774,40.0,3.6888794541139363
3442,JUT-01,134098.0,451726.0,1691.78782208,13.90632669491252,2.4382,125.75189999999998,7.748433713,70.19571790678864,71.27916626642774,40.0,3.6888794541139363
3443,JUT-01,134098.0,451726.0,1691.93753984,14.018031282048405,2.4351,125.75189999999998,7.748433713,70.20191353950759,71.27916626642774,40.0,3.6888794541139363
3444,JUT-01,134098.0,451726.0,1692.0872576,14.244192756589031,2.4259,125.75189999999998,7.748433713,70.20810906732244,71.27916626642774,40.0,3.6888794541139363
3445,JUT-01,134098.0,451726.0,1692.23697536,14.393619417436083,2.4188,125.75189999999998,7.748433713,70.21430449023319,71.27916626642774,40.0,3.6888794541139363
3446,JUT-01,134098.0,451726.0,1692.38669312,14.405367052608804,2.4158,125.75189999999998,7.748433713,70.22049980823982,71.27916626642774,40.0,3.6888794541139363
3447,JUT-01,134098.0,451726.0,1692.53641088,14.18429535660055,2.4252,125.75189999999998,7.748433713,70.22669502134235,71.27916626642774,40.0,3.6888794541139363
3448,JUT-01,134098.0,451726.0,1692.68612864,13.786708856807769,2.444,125.75189999999998,7.748433713,70.23289012954078,71.27916626642774,40.0,3.6888794541139363
3449,JUT-01,134098.0,451726.0,1692.8358464,13.438005569514322,2.4602,125.75189999999998,7.748433713,70.23908513283507,71.27916626642774,40.0,3.6888794541139363
3450,JUT-01,134098.0,451726.0,1692.98556416,13.34915308559222,2.4628,125.75189999999998,7.748433713,70.24528003122528,71.27916626642774,40.0,3.6888794541139363
3451,JUT-01,134098.0,451726.0,1693.13528192,13.357935231196052,2.4617,125.75189999999998,7.748433713,70.25147482471137,71.27916626642774,40.0,3.6888794541139363
3452,JUT-01,134098.0,451726.0,1693.2849996799998,13.364839559738346,2.4607,125.75189999999998,7.748433713,70.25766951329335,71.27916626642774,40.0,3.6888794541139363
3453,JUT-01,134098.0,451726.0,1693.43471744,13.5407774082687,2.4507,125.75189999999998,7.748433713,70.26386409697125,71.27916626642774,40.0,3.6888794541139363
3454,JUT-01,134098.0,451726.0,1693.5844352,13.855163983708271,2.4333,125.75189999999998,7.748433713,70.27005857574501,71.27916626642774,40.0,3.6888794541139363
3455,JUT-01,134098.0,451726.0,1693.7341529599998,13.737641431725947,2.4388,125.75189999999998,7.748433713,70.27625294961467,71.27916626642774,40.0,3.6888794541139363
3456,JUT-01,134098.0,451726.0,1693.8838707199998,13.730910086374337,2.4384,125.75189999999998,7.748433713,70.28244721858022,71.27916626642774,40.0,3.6888794541139363
3457,JUT-01,134098.0,451726.0,1694.0335884800002,13.724178741022726,2.438,125.75189999999998,7.748433713,70.28864138264169,71.27916626642774,40.0,3.6888794541139363
3458,JUT-01,134098.0,451726.0,1694.18330624,14.181268209870884,2.4129,125.75189999999998,7.748433713,70.29483544179902,71.27916626642774,40.0,3.6888794541139363
3459,JUT-01,134098.0,451726.0,1694.333024,14.53883337445755,2.3931,125.75189999999998,7.748433713,70.30102939605226,71.27916626642774,40.0,3.6888794541139363
3460,JUT-01,134098.0,451726.0,1694.48274176,14.626562586726724,2.3877,125.75189999999998,7.748433713,70.30722324540139,71.27916626642774,40.0,3.6888794541139363
3461,JUT-01,134098.0,451726.0,1694.63245952,15.02862306474693,2.381,125.75189999999998,7.748433713,70.3134169898464,71.27916626642774,40.0,3.6888794541139363
3462,JUT-01,134098.0,451726.0,1694.78217728,15.572629600346971,2.3751,125.75189999999998,7.748433713,70.31961062938731,71.27916626642774,40.0,3.6888794541139363
3463,JUT-01,134098.0,451726.0,1694.93189504,15.871301758778564,2.3823,125.75189999999998,7.748433713,70.3258041640241,71.27916626642774,40.0,3.6888794541139363
3464,JUT-01,134098.0,451726.0,1695.0817381999998,16.356826105423828,2.3795,125.75189999999998,7.748433713,70.33200278118082,71.27916626642774,40.0,3.6888794541139363
3465,JUT-01,134098.0,451726.0,1695.23232464,16.331044740068972,2.3758,125.75189999999998,7.748433713,70.33823204001185,71.27916626642774,40.0,3.6888794541139363
3466,JUT-01,134098.0,451726.0,1695.38291108,15.97599031189231,2.3784,125.75189999999998,7.748433713,70.3444611927179,71.27916626642774,40.0,3.6888794541139363
3467,JUT-01,134098.0,451726.0,1695.53349752,15.960610880706197,2.3629,125.75189999999998,7.748433713,70.35069023929898,71.27916626642774,40.0,3.6888794541139363
3468,JUT-01,134098.0,451726.0,1695.68408396,15.826635752574452,2.365,125.75189999999998,7.748433713,70.35691917975508,71.27916626642774,40.0,3.6888794541139363
3469,JUT-01,134098.0,451726.0,1695.8346704,16.17210897774493,2.3561,125.75189999999998,7.748433713,70.36314801408622,71.27916626642774,40.0,3.6888794541139363
3470,JUT-01,134098.0,451726.0,1695.98525684,16.31072248164948,2.3582,125.75189999999998,7.748433713,70.36937674229237,71.27916626642774,40.0,3.6888794541139363
3471,JUT-01,134098.0,451726.0,1696.13584328,16.410171687308857,2.3624,125.75189999999998,7.748433713,70.37560536437358,71.27916626642774,40.0,3.6888794541139363
3472,JUT-01,134098.0,451726.0,1696.28642972,16.623837904775552,2.3605,125.75189999999998,7.748433713,70.3818338803298,71.27916626642774,40.0,3.6888794541139363
3473,JUT-01,134098.0,451726.0,1696.43701616,16.458677312962777,2.3666,125.75189999999998,7.748433713,70.38806229016105,71.27916626642774,40.0,3.6888794541139363
3474,JUT-01,134098.0,451726.0,1696.5876026,10.755314067824584,2.3723,125.75189999999998,7.748433713,70.39429059386732,71.27916626642774,40.0,3.6888794541139363
3475,JUT-01,134098.0,451726.0,1696.73818904,16.119643493763135,2.3749,125.75189999999998,7.748433713,70.40051879144863,71.27916626642774,40.0,3.6888794541139363
3476,JUT-01,134098.0,451726.0,1696.8887754799998,16.039217949012464,2.3743,125.75189999999998,7.748433713,70.40674688290497,71.27916626642774,40.0,3.6888794541139363
3477,JUT-01,134098.0,451726.0,1697.03936192,15.979467500322984,2.3717,125.75189999999998,7.748433713,70.41297486823633,71.27916626642774,40.0,3.6888794541139363
3478,JUT-01,134098.0,451726.0,1697.18994836,15.687356046719495,2.3789,125.75189999999998,7.748433713,70.41920274744272,71.27916626642774,40.0,3.6888794541139363
3479,JUT-01,134098.0,451726.0,1697.3405348,15.453696797621092,2.383,125.75189999999998,7.748433713,70.42543052052415,71.27916626642774,40.0,3.6888794541139363
3480,JUT-01,134098.0,451726.0,1697.49112124,15.398490138268116,2.3776,125.75189999999998,7.748433713,70.4316581874806,71.27916626642774,40.0,3.6888794541139363
3481,JUT-01,134098.0,451726.0,1697.64170768,15.485324777337064,2.3784,125.75189999999998,7.748433713,70.43788574831208,71.27916626642774,40.0,3.6888794541139363
3482,JUT-01,134098.0,451726.0,1697.79229412,15.614873082981624,2.3772,125.75189999999998,7.748433713,70.44411320301859,71.27916626642774,40.0,3.6888794541139363
3483,JUT-01,134098.0,451726.0,1697.94288056,15.554551974263154,2.3861,125.75189999999998,7.748433713,70.45034055160014,71.27916626642774,40.0,3.6888794541139363
3484,JUT-01,134098.0,451726.0,1698.093467,15.63292737316734,2.3866,125.75189999999998,7.748433713,70.45656779405668,71.27916626642774,40.0,3.6888794541139363
3485,JUT-01,134098.0,451726.0,1698.24405344,14.98944597946617,2.4052,125.75189999999998,7.748433713,70.46279493038828,71.27916626642774,40.0,3.6888794541139363
3486,JUT-01,134098.0,451726.0,1698.39463988,14.379645355073942,2.422,125.75189999999998,7.748433713,70.46902196059492,71.27916626642774,40.0,3.6888794541139363
3487,JUT-01,134098.0,451726.0,1698.54522632,13.866997619672022,2.4308,125.75189999999998,7.748433713,70.47524888467656,71.27916626642774,40.0,3.6888794541139363
3488,JUT-01,134098.0,451726.0,1698.69581276,13.3209030486598,2.4376,125.75189999999998,7.748433713,70.48147570263325,71.27916626642774,40.0,3.6888794541139363
3489,JUT-01,134098.0,451726.0,1698.8463992,12.72944102367389,2.4468,125.75189999999998,7.748433713,70.48770241446496,71.27916626642774,40.0,3.6888794541139363
3490,JUT-01,134098.0,451726.0,1698.99698564,12.493791924831246,2.45,125.75189999999998,7.748433713,70.49392902017169,71.27916626642774,40.0,3.6888794541139363
3491,JUT-01,134098.0,451726.0,1699.14757208,12.436204309076706,2.4469,125.75189999999998,7.748433713,70.50015551975346,71.27916626642774,40.0,3.6888794541139363
3492,JUT-01,134098.0,451726.0,1699.2981585199998,12.297420465727978,2.4489,125.75189999999998,7.748433713,70.50638191321025,71.27916626642774,40.0,3.6888794541139363
3493,JUT-01,134098.0,451726.0,1699.44874496,12.184778455536026,2.453,125.75189999999998,7.748433713,70.51260820054209,71.27916626642774,40.0,3.6888794541139363
3494,JUT-01,134098.0,451726.0,1699.5993314,12.002657214067185,2.4608,125.75189999999998,7.748433713,70.51883438174893,71.27916626642774,40.0,3.6888794541139363
3495,JUT-01,134098.0,451726.0,1699.74991784,11.837376357252818,2.4677,125.75189999999998,7.748433713,70.52506045683083,71.27916626642774,40.0,3.6888794541139363
3496,JUT-01,134098.0,451726.0,1699.90050428,11.5058475633212,2.4817,125.75189999999998,7.748433713,70.53128642578773,71.27916626642774,40.0,3.6888794541139363
3497,JUT-01,134098.0,451726.0,1700.05109072,11.173125307177648,2.4904,125.75189999999998,7.748433713,70.53751228861967,71.27916626642774,40.0,3.6888794541139363
3498,JUT-01,134098.0,451726.0,1700.20167716,10.985324793718965,2.4914,125.75189999999998,7.748433713,70.54373804532663,71.27916626642774,40.0,3.6888794541139363
3499,JUT-01,134098.0,451726.0,1700.3522636,11.330160414206624,2.4744,125.75189999999998,7.748433713,70.54996369590863,71.27916626642774,40.0,3.6888794541139363
3500,JUT-01,134098.0,451726.0,1700.50285004,11.577984181227768,2.4688,125.75189999999998,7.748433713,70.55618924036565,71.27916626642774,40.0,3.6888794541139363
3501,JUT-01,134098.0,451726.0,1700.65343648,11.677250509239684,2.4711,125.75189999999998,7.748433713,70.56241467869772,71.27916626642774,40.0,3.6888794541139363
3502,JUT-01,134098.0,451726.0,1700.80402292,11.786145798156715,2.4729,125.75189999999998,7.748433713,70.5686400109048,71.27916626642774,40.0,3.6888794541139363
3503,JUT-01,134098.0,451726.0,1700.95460936,11.61306868334634,2.4897,125.75189999999998,7.748433713,70.57486523698691,71.27916626642774,40.0,3.6888794541139363
3504,JUT-01,134098.0,451726.0,1701.1051957999998,11.14434920058055,2.5143,125.75189999999998,7.748433713,70.58109035694405,71.27916626642774,40.0,3.6888794541139363
3505,JUT-01,134098.0,451726.0,1701.25578224,10.940620348037529,2.5131,125.75189999999998,7.748433713,70.58731537077622,71.27916626642774,40.0,3.6888794541139363
3506,JUT-01,134098.0,451726.0,1701.40636868,11.213685406992903,2.5029,125.75189999999998,7.748433713,70.59354027848342,71.27916626642774,40.0,3.6888794541139363
3507,JUT-01,134098.0,451726.0,1701.55695512,11.21071135790226,2.5074,125.75189999999998,7.748433713,70.59976508006565,71.27916626642774,40.0,3.6888794541139363
3508,JUT-01,134098.0,451726.0,1701.70754156,11.168303150519336,2.514,125.75189999999998,7.748433713,70.6059897755229,71.27916626642774,40.0,3.6888794541139363
3509,JUT-01,134098.0,451726.0,1701.858128,11.480982274465063,2.5017,125.75189999999998,7.748433713,70.61221436485519,71.27916626642774,40.0,3.6888794541139363
3510,JUT-01,134098.0,451726.0,1702.00871444,12.070002667497246,2.4782,125.75189999999998,7.748433713,70.6184388480625,71.27916626642774,40.0,3.6888794541139363
3511,JUT-01,134098.0,451726.0,1702.15930088,12.712447444742278,2.4557,125.75189999999998,7.748433713,70.62466322514484,71.27916626642774,40.0,3.6888794541139363
3512,JUT-01,134098.0,451726.0,1702.30988732,12.953039370818283,2.4546,125.75189999999998,7.748433713,70.6308874961022,71.27916626642774,40.0,3.6888794541139363
3513,JUT-01,134098.0,451726.0,1702.46047376,13.065310063266471,2.4603,125.75189999999998,7.748433713,70.63711166093461,71.27916626642774,40.0,3.6888794541139363
3514,JUT-01,134098.0,451726.0,1702.6110602,12.900640425916844,2.4665,125.75189999999998,7.748433713,70.64333571964204,71.27916626642774,40.0,3.6888794541139363
3515,JUT-01,134098.0,451726.0,1702.76164664,12.558223952475789,2.4703,125.75189999999998,7.748433713,70.6495596722245,71.27916626642774,40.0,3.6888794541139363
3516,JUT-01,134098.0,451726.0,1702.91223308,12.163468476909111,2.4769,125.75189999999998,7.748433713,70.65578351868199,71.27916626642774,40.0,3.6888794541139363
3517,JUT-01,134098.0,451726.0,1703.06281952,11.988114808219674,2.479,125.75189999999998,7.748433713,70.66200725901449,71.27916626642774,40.0,3.6888794541139363
3518,JUT-01,134098.0,451726.0,1703.21340596,12.39356088530715,2.4696,125.75189999999998,7.748433713,70.66823089322203,71.27916626642774,40.0,3.6888794541139363
3519,JUT-01,134098.0,451726.0,1703.3639924,12.801244592852298,2.4601,125.75189999999998,7.748433713,70.6744544213046,71.27916626642774,40.0,3.6888794541139363
3520,JUT-01,134098.0,451726.0,1703.5145788399998,13.207020498886244,2.4507,125.75189999999998,7.748433713,70.6806778432622,71.27916626642774,40.0,3.6888794541139363
3521,JUT-01,134098.0,451726.0,1703.66516528,13.614104517437818,2.4412,125.75189999999998,7.748433713,70.68690115909484,71.27916626642774,40.0,3.6888794541139363
3522,JUT-01,134098.0,451726.0,1703.81575172,13.43668423826413,2.4468,125.75189999999998,7.748433713,70.6931243688025,71.27916626642774,40.0,3.6888794541139363
3523,JUT-01,134098.0,451726.0,1703.96633816,13.056009269169929,2.4557,125.75189999999998,7.748433713,70.69934747238518,71.27916626642774,40.0,3.6888794541139363
3524,JUT-01,134098.0,451726.0,1704.1169246,12.734363459835008,2.4621,125.75189999999998,7.748433713,70.7055704698429,71.27916626642774,40.0,3.6888794541139363
3525,JUT-01,134098.0,451726.0,1704.26751104,12.8451846509154,2.4562,125.75189999999998,7.748433713,70.71179336117565,71.27916626642774,40.0,3.6888794541139363
3526,JUT-01,134098.0,451726.0,1704.41809748,13.117805204495076,2.4423,125.75189999999998,7.748433713,70.7180161463834,71.27916626642774,40.0,3.6888794541139363
3527,JUT-01,134098.0,451726.0,1704.56868392,13.23681711062812,2.4426,125.75189999999998,7.748433713,70.72423882546622,71.27916626642774,40.0,3.6888794541139363
3528,JUT-01,134098.0,451726.0,1704.71927036,13.397320898813073,2.4407,125.75189999999998,7.748433713,70.73046139842405,71.27916626642774,40.0,3.6888794541139363
3529,JUT-01,134098.0,451726.0,1704.8698568,13.60655797724896,2.4362,125.75189999999998,7.748433713,70.73668386525691,71.27916626642774,40.0,3.6888794541139363
3530,JUT-01,134098.0,451726.0,1705.02044324,13.51029704383591,2.4444,125.75189999999998,7.748433713,70.7429062259648,71.27916626642774,40.0,3.6888794541139363
3531,JUT-01,134098.0,451726.0,1705.17102968,12.856815672565183,2.4634,125.75189999999998,7.748433713,70.74912848054771,71.27916626642774,40.0,3.6888794541139363
3532,JUT-01,134098.0,451726.0,1705.3216161199998,12.513016943489482,2.4653,125.75189999999998,7.748433713,70.75535062900565,71.27916626642774,40.0,3.6888794541139363
3533,JUT-01,134098.0,451726.0,1705.47220256,12.164524528952416,2.4791,125.75189999999998,7.748433713,70.76157267133863,71.27916626642774,40.0,3.6888794541139363
3534,JUT-01,134098.0,451726.0,1705.622789,12.423615198342777,2.4729,125.75189999999998,7.748433713,70.76779460754663,71.27916626642774,40.0,3.6888794541139363
3535,JUT-01,134098.0,451726.0,1705.77337544,12.600081917025488,2.4711,125.75189999999998,7.748433713,70.77401643762967,71.27916626642774,40.0,3.6888794541139363
3536,JUT-01,134098.0,451726.0,1705.92396188,13.026088413744931,2.456,125.75189999999998,7.748433713,70.78023816158773,71.27916626642774,40.0,3.6888794541139363
3537,JUT-01,134098.0,451726.0,1706.07454832,13.615914761563326,2.4322,125.75189999999998,7.748433713,70.78645977942082,71.27916626642774,40.0,3.6888794541139363
3538,JUT-01,134098.0,451726.0,1706.22513476,14.224212210913564,2.4159,125.75189999999998,7.748433713,70.79268129112893,71.27916626642774,40.0,3.6888794541139363
3539,JUT-01,134098.0,451726.0,1706.3757212,14.63469995530807,2.4052,125.75189999999998,7.748433713,70.79890269671208,71.27916626642774,40.0,3.6888794541139363
3540,JUT-01,134098.0,451726.0,1706.52630764,15.050461337491022,2.3942,125.75189999999998,7.748433713,70.80512399617025,71.27916626642774,40.0,3.6888794541139363
3541,JUT-01,134098.0,451726.0,1706.67689408,15.55671775202394,2.3784,125.75189999999998,7.748433713,70.81134518950346,71.27916626642774,40.0,3.6888794541139363
3542,JUT-01,134098.0,451726.0,1706.82748052,15.809438878799607,2.3761,125.75189999999998,7.748433713,70.8175662767117,71.27916626642774,40.0,3.6888794541139363
3543,JUT-01,134098.0,451726.0,1706.97806696,15.76926963680939,2.3885,125.75189999999998,7.748433713,70.82378725779495,71.27916626642774,40.0,3.6888794541139363
3544,JUT-01,134098.0,451726.0,1707.1286533999998,15.394024169650825,2.4009,125.75189999999998,7.748433713,70.83000813275325,71.27916626642774,40.0,3.6888794541139363
3545,JUT-01,134098.0,451726.0,1707.27923984,15.11242967997169,2.4083,125.75189999999998,7.748433713,70.83622890158657,71.27916626642774,40.0,3.6888794541139363
3546,JUT-01,134098.0,451726.0,1707.42982628,14.998050862118433,2.4068,125.75189999999998,7.748433713,70.84244956429492,71.27916626642774,40.0,3.6888794541139363
3547,JUT-01,134098.0,451726.0,1707.58041272,14.97941732625843,2.4024,125.75189999999998,7.748433713,70.84867012087828,71.27916626642774,40.0,3.6888794541139363
3548,JUT-01,134098.0,451726.0,1707.7309991599998,15.242513072623208,2.4001,125.75189999999998,7.748433713,70.85489057133668,71.27916626642774,40.0,3.6888794541139363
3549,JUT-01,134098.0,451726.0,1707.8815856,15.445188844072312,2.401,125.75189999999998,7.748433713,70.86111091567014,71.27916626642774,40.0,3.6888794541139363
3550,JUT-01,134098.0,451726.0,1708.03217204,15.612425966949637,2.4038,125.75189999999998,7.748433713,70.8673311538786,71.27916626642774,40.0,3.6888794541139363
3551,JUT-01,134098.0,451726.0,1708.1827584799998,15.87809113593582,2.3966,125.75189999999998,7.748433713,70.87355128596207,71.27916626642774,40.0,3.6888794541139363
3552,JUT-01,134098.0,451726.0,1708.33334492,15.71811913660556,2.3904,125.75189999999998,7.748433713,70.87977131192059,71.27916626642774,40.0,3.6888794541139363
3553,JUT-01,134098.0,451726.0,1708.48393136,15.318206335694022,2.397,125.75189999999998,7.748433713,70.88599123175415,71.27916626642774,40.0,3.6888794541139363
3554,JUT-01,134098.0,451726.0,1708.6345178,14.927027569160968,2.401,125.75189999999998,7.748433713,70.89221104546273,71.27916626642774,40.0,3.6888794541139363
3555,JUT-01,134098.0,451726.0,1708.78510424,14.586959096722415,2.4006,125.75189999999998,7.748433713,70.89843075304633,71.27916626642774,40.0,3.6888794541139363
3556,JUT-01,134098.0,451726.0,1708.93569068,13.94185589899203,2.4165,125.75189999999998,7.748433713,70.90465035450498,71.27916626642774,40.0,3.6888794541139363
3557,JUT-01,134098.0,451726.0,1709.08627712,13.67586588747305,2.439,125.75189999999998,7.748433713,70.91086984983863,71.27916626642774,40.0,3.6888794541139363
3558,JUT-01,134098.0,451726.0,1709.23686356,13.776442971749104,2.4439,125.75189999999998,7.748433713,70.91708923904733,71.27916626642774,40.0,3.6888794541139363
3559,JUT-01,134098.0,451726.0,1709.38745,14.50045532045562,2.4156,125.75189999999998,7.748433713,70.92330852213104,71.27916626642774,40.0,3.6888794541139363
3560,JUT-01,134098.0,451726.0,1709.5380364399998,14.91650567106997,2.4037,125.75189999999998,7.748433713,70.92952769908979,71.27916626642774,40.0,3.6888794541139363
3561,JUT-01,134098.0,451726.0,1709.68862288,15.204894445949456,2.3986,125.75189999999998,7.748433713,70.93574676992357,71.27916626642774,40.0,3.6888794541139363
3562,JUT-01,134098.0,451726.0,1709.83920932,15.124811294472082,2.4131,125.75189999999998,7.748433713,70.94196573463239,71.27916626642774,40.0,3.6888794541139363
3563,JUT-01,134098.0,451726.0,1709.98979576,15.146802761493316,2.4183,125.75189999999998,7.748433713,70.94818459321623,71.27916626642774,40.0,3.6888794541139363
3564,JUT-01,134098.0,451726.0,1710.1403822,15.278279940250616,2.4113,125.75189999999998,7.748433713,70.95440334567509,71.27916626642774,40.0,3.6888794541139363
3565,JUT-01,134098.0,451726.0,1710.2909686399998,15.338579977367576,2.4081,125.75189999999998,7.748433713,70.96062199200897,71.27916626642774,40.0,3.6888794541139363
3566,JUT-01,134098.0,451726.0,1710.44155508,15.316396444894906,2.4143,125.75189999999998,7.748433713,70.9668405322179,71.27916626642774,40.0,3.6888794541139363
3567,JUT-01,134098.0,451726.0,1710.59214152,15.6646819392336,2.4024,125.75189999999998,7.748433713,70.97305896630185,71.27916626642774,40.0,3.6888794541139363
3568,JUT-01,134098.0,451726.0,1710.74272796,15.874038955468208,2.3979,125.75189999999998,7.748433713,70.97927729426083,71.27916626642774,40.0,3.6888794541139363
3569,JUT-01,134098.0,451726.0,1710.8933143999998,16.130041553744455,2.3909,125.75189999999998,7.748433713,70.98549551609483,71.27916626642774,40.0,3.6888794541139363
3570,JUT-01,134098.0,451726.0,1711.04390084,16.297347178919367,2.382,125.75189999999998,7.748433713,70.99171363180388,71.27916626642774,40.0,3.6888794541139363
3571,JUT-01,134098.0,451726.0,1711.19448728,16.23852823751072,2.3837,125.75189999999998,7.748433713,70.99793164138794,71.27916626642774,40.0,3.6888794541139363
3572,JUT-01,134098.0,451726.0,1711.3450737199998,15.912676372901783,2.3919,125.75189999999998,7.748433713,71.00414954484702,71.27916626642774,40.0,3.6888794541139363
3573,JUT-01,134098.0,451726.0,1711.4956601599995,15.251586503202075,2.4016,125.75189999999998,7.748433713,71.01036734218114,71.27916626642774,40.0,3.6888794541139363
3574,JUT-01,134098.0,451726.0,1711.6462466,14.614453580514066,2.422,125.75189999999998,7.748433713,71.01658503339031,71.27916626642774,40.0,3.6888794541139363
3575,JUT-01,134098.0,451726.0,1711.79683304,13.981496074244646,2.4422,125.75189999999998,7.748433713,71.02280261847449,71.27916626642774,40.0,3.6888794541139363
3576,JUT-01,134098.0,451726.0,1711.9474194799998,13.671133304713848,2.4452,125.75189999999998,7.748433713,71.02902009743369,71.27916626642774,40.0,3.6888794541139363
3577,JUT-01,134098.0,451726.0,1712.09800592,13.629628203929382,2.4339,125.75189999999998,7.748433713,71.03523747026794,71.27916626642774,40.0,3.6888794541139363
3578,JUT-01,134098.0,451726.0,1712.24859236,14.135256882112737,2.4042,125.75189999999998,7.748433713,71.0414547369772,71.27916626642774,40.0,3.6888794541139363
3579,JUT-01,134098.0,451726.0,1712.3991787999998,14.706610217429102,2.3959,125.75189999999998,7.748433713,71.0476718975615,71.27916626642774,40.0,3.6888794541139363
3580,JUT-01,134098.0,451726.0,1712.54976524,15.169739805518924,2.3934,125.75189999999998,7.748433713,71.05388895202083,71.27916626642774,40.0,3.6888794541139363
3581,JUT-01,134098.0,451726.0,1712.7003516799998,15.585714075922551,2.3934,125.75189999999998,7.748433713,71.06010590035517,71.27916626642774,40.0,3.6888794541139363
3582,JUT-01,134098.0,451726.0,1712.85093812,16.166605083859995,2.3787,125.75189999999998,7.748433713,71.06632274256455,71.27916626642774,40.0,3.6888794541139363
3583,JUT-01,134098.0,451726.0,1713.00152456,16.545318198318867,2.3646,125.75189999999998,7.748433713,71.07253947864896,71.27916626642774,40.0,3.6888794541139363
3584,JUT-01,134098.0,451726.0,1713.152111,16.544832204145873,2.3707,125.75189999999998,7.748433713,71.07875610860842,71.27916626642774,40.0,3.6888794541139363
3585,JUT-01,134098.0,451726.0,1713.3026974399995,16.226599059625563,2.3907,125.75189999999998,7.748433713,71.08497263244286,71.27916626642774,40.0,3.6888794541139363
3586,JUT-01,134098.0,451726.0,1713.45328388,15.227589101248755,2.4165,125.75189999999998,7.748433713,71.09118905015238,71.27916626642774,40.0,3.6888794541139363
3587,JUT-01,134098.0,451726.0,1713.60387032,14.228549158422275,2.4423,125.75189999999998,7.748433713,71.09740536173689,71.27916626642774,40.0,3.6888794541139363
3588,JUT-01,134098.0,451726.0,1713.7544567599998,13.260393853171418,2.4665,125.75189999999998,7.748433713,71.10362156719646,71.27916626642774,40.0,3.6888794541139363
3589,JUT-01,134098.0,451726.0,1713.9050432,13.150370960593524,2.445,125.75189999999998,7.748433713,71.10983766653104,71.27916626642774,40.0,3.6888794541139363
3590,JUT-01,134098.0,451726.0,1714.05562964,13.545600219332764,2.4255,125.75189999999998,7.748433713,71.11605365974066,71.27916626642774,40.0,3.6888794541139363
3591,JUT-01,134098.0,451726.0,1714.20621608,14.176354411602109,2.4223,125.75189999999998,7.748433713,71.1222695468253,71.27916626642774,40.0,3.6888794541139363
3592,JUT-01,134098.0,451726.0,1714.35680252,14.781167775137806,2.4204,125.75189999999998,7.748433713,71.12848532778496,71.27916626642774,40.0,3.6888794541139363
3593,JUT-01,134098.0,451726.0,1714.5073889599998,14.73407340795959,2.4205,125.75189999999998,7.748433713,71.13470100261965,71.27916626642774,40.0,3.6888794541139363
3594,JUT-01,134098.0,451726.0,1714.6579754,14.389270062341716,2.4319,125.75189999999998,7.748433713,71.14091657132938,71.27916626642774,40.0,3.6888794541139363
3595,JUT-01,134098.0,451726.0,1714.80856184,14.12518286592028,2.439,125.75189999999998,7.748433713,71.14713203391415,71.27916626642774,40.0,3.6888794541139363
3596,JUT-01,134098.0,451726.0,1714.95914828,13.87760622520685,2.4452,125.75189999999998,7.748433713,71.15334739037392,71.27916626642774,40.0,3.6888794541139363
3597,JUT-01,134098.0,451726.0,1715.1097347199998,12.896078130354752,2.4504,125.75189999999998,7.748433713,71.15956264070873,71.27916626642774,40.0,3.6888794541139363
3598,JUT-01,134098.0,451726.0,1715.26032116,12.556739179165286,2.4533,125.75189999999998,7.748433713,71.16577778491859,71.27916626642774,40.0,3.6888794541139363
3599,JUT-01,134098.0,451726.0,1715.4109076,12.13061440678502,2.4735,125.75189999999998,7.748433713,71.17199282300345,71.27916626642774,40.0,3.6888794541139363
3600,JUT-01,134098.0,451726.0,1715.5614940399998,12.281879411360606,2.4895,125.75189999999998,7.748433713,71.17820775496334,71.27916626642774,40.0,3.6888794541139363
3601,JUT-01,134098.0,451726.0,1715.7120804799997,12.777943128466786,2.4871,125.75189999999998,7.748433713,71.18442258079827,71.27916626642774,40.0,3.6888794541139363
3602,JUT-01,134098.0,451726.0,1715.86266692,13.498156718238556,2.4728,125.75189999999998,7.748433713,71.19063730050823,71.27916626642774,40.0,3.6888794541139363
3603,JUT-01,134098.0,451726.0,1716.01325336,14.381220435059888,2.4473,125.75189999999998,7.748433713,71.19685191409322,71.27916626642774,40.0,3.6888794541139363
3604,JUT-01,134098.0,451726.0,1716.1638397999998,15.188104868513893,2.4219,125.75189999999998,7.748433713,71.20306642155322,71.27916626642774,40.0,3.6888794541139363
3605,JUT-01,134098.0,451726.0,1716.31442624,15.76511602476865,2.4087,125.75189999999998,7.748433713,71.20928082288829,71.27916626642774,40.0,3.6888794541139363
3606,JUT-01,134098.0,451726.0,1716.46501268,15.920111888140076,2.4026,125.75189999999998,7.748433713,71.21549511809835,71.27916626642774,40.0,3.6888794541139363
3607,JUT-01,134098.0,451726.0,1716.6155991199998,15.968355205536495,2.3975,125.75189999999998,7.748433713,71.22170930718345,71.27916626642774,40.0,3.6888794541139363
3608,JUT-01,134098.0,451726.0,1716.76618556,15.950874925779091,2.3959,125.75189999999998,7.748433713,71.22792339014357,71.27916626642774,40.0,3.6888794541139363
3609,JUT-01,134098.0,451726.0,1716.9167719999998,15.972888773213343,2.3922,125.75189999999998,7.748433713,71.23413736697873,71.27916626642774,40.0,3.6888794541139363
3610,JUT-01,134098.0,451726.0,1717.06735844,15.968553212886707,2.3899,125.75189999999998,7.748433713,71.24035123768891,71.27916626642774,40.0,3.6888794541139363
3611,JUT-01,134098.0,451726.0,1717.21794488,15.72791254730314,2.4002,125.75189999999998,7.748433713,71.24656500227414,71.27916626642774,40.0,3.6888794541139363
3612,JUT-01,134098.0,451726.0,1717.36853132,15.82446907157563,2.4024,125.75189999999998,7.748433713,71.25277866073438,71.27916626642774,40.0,3.6888794541139363
3613,JUT-01,134098.0,451726.0,1717.5191177599995,16.246265887665928,2.3888,125.75189999999998,7.748433713,71.25899221306963,71.27916626642774,40.0,3.6888794541139363
3614,JUT-01,134098.0,451726.0,1717.6697042,16.667822828158787,2.3752,125.75189999999998,7.748433713,71.26520565927996,71.27916626642774,40.0,3.6888794541139363
3615,JUT-01,134098.0,451726.0,1717.82029064,17.06154234167505,2.3631,125.75189999999998,7.748433713,71.27141899936528,71.27916626642774,40.0,3.6888794541139363
3616,JUT-01,134098.0,451726.0,1717.9708770799998,17.34639262428949,2.3588,125.75189999999998,7.748433713,71.27763223332563,71.27916626642774,40.0,3.6888794541139363
3617,JUT-01,134098.0,451726.0,1718.12146352,17.635849308886293,2.3544,125.75189999999998,7.748433713,71.28384536116103,71.27916626642774,40.0,3.6888794541139363
3618,JUT-01,134098.0,451726.0,1718.27204996,17.883604220283445,2.3522,125.75189999999998,7.748433713,71.29005838287145,71.27916626642774,40.0,3.6888794541139363
3619,JUT-01,134098.0,451726.0,1718.4226364,18.04072701636487,2.3509,125.75189999999998,7.748433713,71.2962712984569,71.27916626642774,40.0,3.6888794541139363
3620,JUT-01,134098.0,451726.0,1718.57322284,18.320272341806135,2.341,125.75189999999998,7.748433713,71.30248410791737,71.27916626642774,40.0,3.6888794541139363
3621,JUT-01,134098.0,451726.0,1718.7238092799998,18.53409407009361,2.3346,125.75189999999998,7.748433713,71.30869681125287,71.27916626642774,40.0,3.6888794541139363
3622,JUT-01,134098.0,451726.0,1718.87439572,18.665141925425026,2.3326,125.75189999999998,7.748433713,71.3149094084634,71.27916626642774,40.0,3.6888794541139363
3623,JUT-01,134098.0,451726.0,1719.02498216,18.653265792931823,2.3382,125.75189999999998,7.748433713,71.32112189954896,71.27916626642774,40.0,3.6888794541139363
3624,JUT-01,134098.0,451726.0,1719.1755686,18.30907102303218,2.3462,125.75189999999998,7.748433713,71.32733428450955,71.27916626642774,40.0,3.6888794541139363
3625,JUT-01,134098.0,451726.0,1719.3261550399998,17.353822197629015,2.3657,125.75189999999998,7.748433713,71.33354656334515,71.27916626642774,40.0,3.6888794541139363
3626,JUT-01,134098.0,451726.0,1719.47674148,16.550774438798957,2.3852,125.75189999999998,7.748433713,71.33975873605581,71.27916626642774,40.0,3.6888794541139363
3627,JUT-01,134098.0,451726.0,1719.62732792,15.790058126611845,2.4025,125.75189999999998,7.748433713,71.34597080264149,71.27916626642774,40.0,3.6888794541139363
3628,JUT-01,134098.0,451726.0,1719.7779143599998,15.478759596162854,2.4116,125.75189999999998,7.748433713,71.35218276310218,71.27916626642774,40.0,3.6888794541139363
3629,JUT-01,134098.0,451726.0,1719.9285007999997,15.877115168908304,2.4002,125.75189999999998,7.748433713,71.35839461743791,71.27916626642774,40.0,3.6888794541139363
3630,JUT-01,134098.0,451726.0,1720.07908724,16.388109780896322,2.3828,125.75189999999998,7.748433713,71.36460636564868,71.27916626642774,40.0,3.6888794541139363
3631,JUT-01,134098.0,451726.0,1720.22967368,16.898654626139148,2.3654,125.75189999999998,7.748433713,71.37081800773447,71.27916626642774,40.0,3.6888794541139363
3632,JUT-01,134098.0,451726.0,1720.3802601199998,17.067999521095146,2.3557,125.75189999999998,7.748433713,71.37702954369527,71.27916626642774,40.0,3.6888794541139363
3633,JUT-01,134098.0,451726.0,1720.53084656,16.599010152158712,2.3712,125.75189999999998,7.748433713,71.38324097353114,71.27916626642774,40.0,3.6888794541139363
3634,JUT-01,134098.0,451726.0,1720.681433,16.420534174268134,2.3829,125.75189999999998,7.748433713,71.38945229724202,71.27916626642774,40.0,3.6888794541139363
3635,JUT-01,134098.0,451726.0,1720.8320194399998,16.60545915150697,2.3838,125.75189999999998,7.748433713,71.39566351482792,71.27916626642774,40.0,3.6888794541139363
3636,JUT-01,134098.0,451726.0,1720.98260588,16.86582664015378,2.3807,125.75189999999998,7.748433713,71.40187462628884,71.27916626642774,40.0,3.6888794541139363
3637,JUT-01,134098.0,451726.0,1721.1331923199998,17.23129191534734,2.372,125.75189999999998,7.748433713,71.40808563162481,71.27916626642774,40.0,3.6888794541139363
3638,JUT-01,134098.0,451726.0,1721.28377876,17.76878255919238,2.3521,125.75189999999998,7.748433713,71.4142965308358,71.27916626642774,40.0,3.6888794541139363
3639,JUT-01,134098.0,451726.0,1721.4343652,17.92974699018792,2.3511,125.75189999999998,7.748433713,71.42050732392183,71.27916626642774,40.0,3.6888794541139363
3640,JUT-01,134098.0,451726.0,1721.58495164,17.69213145586972,2.3603,125.75189999999998,7.748433713,71.42671801088288,71.27916626642774,40.0,3.6888794541139363
3641,JUT-01,134098.0,451726.0,1721.7355380799995,17.614496100953613,2.3557,125.75189999999998,7.748433713,71.43292859171893,71.27916626642774,40.0,3.6888794541139363
3642,JUT-01,134098.0,451726.0,1721.88612452,17.60654986846215,2.3474,125.75189999999998,7.748433713,71.43913906643006,71.27916626642774,40.0,3.6888794541139363
3643,JUT-01,134098.0,451726.0,1722.03671096,17.484822897220184,2.3507,125.75189999999998,7.748433713,71.4453494350162,71.27916626642774,40.0,3.6888794541139363
3644,JUT-01,134098.0,451726.0,1722.1872973999998,17.455679019863855,2.3574,125.75189999999998,7.748433713,71.45155969747735,71.27916626642774,40.0,3.6888794541139363
3645,JUT-01,134098.0,451726.0,1722.33788384,17.53935408844818,2.3581,125.75189999999998,7.748433713,71.45776985381355,71.27916626642774,40.0,3.6888794541139363
3646,JUT-01,134098.0,451726.0,1722.48847028,17.756354168401668,2.3517,125.75189999999998,7.748433713,71.46397990402477,71.27916626642774,40.0,3.6888794541139363
3647,JUT-01,134098.0,451726.0,1722.63905672,17.730995909618102,2.3582,125.75189999999998,7.748433713,71.47018984811103,71.27916626642774,40.0,3.6888794541139363
3648,JUT-01,134098.0,451726.0,1722.78964316,17.809829634789246,2.3561,125.75189999999998,7.748433713,71.4763996860723,71.27916626642774,40.0,3.6888794541139363
3649,JUT-01,134098.0,451726.0,1722.9402295999998,17.91087886622351,2.3521,125.75189999999998,7.748433713,71.4826094179086,71.27916626642774,40.0,3.6888794541139363
3650,JUT-01,134098.0,451726.0,1723.09081604,17.953745753199787,2.3512,125.75189999999998,7.748433713,71.48881904361994,71.27916626642774,40.0,3.6888794541139363
3651,JUT-01,134098.0,451726.0,1723.24140248,18.08108442349557,2.3458,125.75189999999998,7.748433713,71.4950285632063,71.27916626642774,40.0,3.6888794541139363
3652,JUT-01,134098.0,451726.0,1723.39198892,18.11080659104109,2.3456,125.75189999999998,7.748433713,71.5012379766677,71.27916626642774,40.0,3.6888794541139363
3653,JUT-01,134098.0,451726.0,1723.5425753599998,18.30762449261377,2.3365,125.75189999999998,7.748433713,71.50744728400412,71.27916626642774,40.0,3.6888794541139363
3654,JUT-01,134098.0,451726.0,1723.6931618,18.517497160268167,2.3267,125.75189999999998,7.748433713,71.51365648521556,71.27916626642774,40.0,3.6888794541139363
3655,JUT-01,134098.0,451726.0,1723.84374824,18.631111512132502,2.3187,125.75189999999998,7.748433713,71.51986558030205,71.27916626642774,40.0,3.6888794541139363
3656,JUT-01,134098.0,451726.0,1723.9943346799998,18.702927541143627,2.3107,125.75189999999998,7.748433713,71.52607456926356,71.27916626642774,40.0,3.6888794541139363
3657,JUT-01,134098.0,451726.0,1724.14492112,18.787888289585517,2.302,125.75189999999998,7.748433713,71.53228345210009,71.27916626642774,40.0,3.6888794541139363
3658,JUT-01,134098.0,451726.0,1724.29550756,18.432827291227863,2.3115,125.75189999999998,7.748433713,71.53849222881166,71.27916626642774,40.0,3.6888794541139363
3659,JUT-01,134098.0,451726.0,1724.446094,17.77998875988592,2.3258,125.75189999999998,7.748433713,71.54470089939825,71.27916626642774,40.0,3.6888794541139363
3660,JUT-01,134098.0,451726.0,1724.5966804399998,17.226644548355786,2.3348,125.75189999999998,7.748433713,71.55090946385987,71.27916626642774,40.0,3.6888794541139363
3661,JUT-01,134098.0,451726.0,1724.74726688,16.542482815961293,2.3508,125.75189999999998,7.748433713,71.55711792219654,71.27916626642774,40.0,3.6888794541139363
3662,JUT-01,134098.0,451726.0,1724.89785332,15.733785468511732,2.3734,125.75189999999998,7.748433713,71.56332627440821,71.27916626642774,40.0,3.6888794541139363
3663,JUT-01,134098.0,451726.0,1725.0484397599998,14.891557274001611,2.3978,125.75189999999998,7.748433713,71.56953452049491,71.27916626642774,40.0,3.6888794541139363
3664,JUT-01,134098.0,451726.0,1725.1990262,14.244906441482572,2.4221,125.75189999999998,7.748433713,71.57574266045665,71.27916626642774,40.0,3.6888794541139363
3665,JUT-01,134098.0,451726.0,1725.3496126399998,14.163630154996133,2.4305,125.75189999999998,7.748433713,71.58195069429341,71.27916626642774,40.0,3.6888794541139363
3666,JUT-01,134098.0,451726.0,1725.50019908,14.31880889601502,2.4263,125.75189999999998,7.748433713,71.58815862200522,71.27916626642774,40.0,3.6888794541139363
3667,JUT-01,134098.0,451726.0,1725.65078552,14.539831171986435,2.4186,125.75189999999998,7.748433713,71.59436644359204,71.27916626642774,40.0,3.6888794541139363
3668,JUT-01,134098.0,451726.0,1725.80137196,14.68066581558739,2.4151,125.75189999999998,7.748433713,71.6005741590539,71.27916626642774,40.0,3.6888794541139363
3669,JUT-01,134098.0,451726.0,1725.9519583999995,13.371688500221506,2.4485,125.75189999999998,7.748433713,71.60678176839076,71.27916626642774,40.0,3.6888794541139363
3670,JUT-01,134098.0,451726.0,1726.10254484,11.74129669159639,2.4909,125.75189999999998,7.748433713,71.61298927160269,71.27916626642774,40.0,3.6888794541139363
3671,JUT-01,134098.0,451726.0,1726.25313128,10.24478839561607,2.5261,125.75189999999998,7.748433713,71.61919666868963,71.27916626642774,40.0,3.6888794541139363
3672,JUT-01,134098.0,451726.0,1726.4037177199998,8.818508942154628,2.5576,125.75189999999998,7.748433713,71.62540395965159,71.27916626642774,40.0,3.6888794541139363
3673,JUT-01,134098.0,451726.0,1726.55430416,8.75545489038385,2.5405,125.75189999999998,7.748433713,71.63161114448859,71.27916626642774,40.0,3.6888794541139363
3674,JUT-01,134098.0,451726.0,1726.7048906,10.30173080265114,2.5122,125.75189999999998,7.748433713,71.63781822320063,71.27916626642774,40.0,3.6888794541139363
3675,JUT-01,134098.0,451726.0,1726.85547704,11.85150369226266,2.4838,125.75189999999998,7.748433713,71.64402519578768,71.27916626642774,40.0,3.6888794541139363
3676,JUT-01,134098.0,451726.0,1727.00606348,13.401306566323855,2.4554,125.75189999999998,7.748433713,71.65023206224976,71.27916626642774,40.0,3.6888794541139363
3677,JUT-01,134098.0,451726.0,1727.1566499199998,14.99614706541228,2.4246,125.75189999999998,7.748433713,71.65643882258686,71.27916626642774,40.0,3.6888794541139363
3678,JUT-01,134098.0,451726.0,1727.30723636,16.969545796421016,2.3735,125.75189999999998,7.748433713,71.66264547679901,71.27916626642774,40.0,3.6888794541139363
3679,JUT-01,134098.0,451726.0,1727.4578228,17.180276783724324,2.3545,125.75189999999998,7.748433713,71.66885202488618,71.27916626642774,40.0,3.6888794541139363
3680,JUT-01,134098.0,451726.0,1727.60840924,16.909645726562484,2.361,125.75189999999998,7.748433713,71.67505846684837,71.27916626642774,40.0,3.6888794541139363
3681,JUT-01,134098.0,451726.0,1727.7589956799998,16.51129312476643,2.3743,125.75189999999998,7.748433713,71.68126480268559,71.27916626642774,40.0,3.6888794541139363
3682,JUT-01,134098.0,451726.0,1727.90958212,16.094170257471,2.3876,125.75189999999998,7.748433713,71.68747103239787,71.27916626642774,40.0,3.6888794541139363
3683,JUT-01,134098.0,451726.0,1728.06016856,15.466212877464264,2.3981,125.75189999999998,7.748433713,71.69367715598514,71.27916626642774,40.0,3.6888794541139363
3684,JUT-01,134098.0,451726.0,1728.2107549999998,14.830024602419073,2.409,125.75189999999998,7.748433713,71.69988317344745,71.27916626642774,40.0,3.6888794541139363
3685,JUT-01,134098.0,451726.0,1728.36134144,13.908408134020172,2.4351,125.75189999999998,7.748433713,71.7060890847848,71.27916626642774,40.0,3.6888794541139363
3686,JUT-01,134098.0,451726.0,1728.51192788,12.984913848559737,2.4613,125.75189999999998,7.748433713,71.71229488999717,71.27916626642774,40.0,3.6888794541139363
3687,JUT-01,134098.0,451726.0,1728.66251432,12.06589482401469,2.4873,125.75189999999998,7.748433713,71.71850058908456,71.27916626642774,40.0,3.6888794541139363
3688,JUT-01,134098.0,451726.0,1728.81310076,11.230867831594272,2.5088,125.75189999999998,7.748433713,71.72470618204699,71.27916626642774,40.0,3.6888794541139363
3689,JUT-01,134098.0,451726.0,1728.9636872,10.73272335590972,2.5218,125.75189999999998,7.748433713,71.73091166888445,71.27916626642774,40.0,3.6888794541139363
3690,JUT-01,134098.0,451726.0,1729.11427364,10.7396817114526,2.517,125.75189999999998,7.748433713,71.73711704959693,71.27916626642774,40.0,3.6888794541139363
3691,JUT-01,134098.0,451726.0,1729.2648600799998,10.588873449376656,2.5206,125.75189999999998,7.748433713,71.74332232418443,71.27916626642774,40.0,3.6888794541139363
3692,JUT-01,134098.0,451726.0,1729.41544652,10.74054365645664,2.5081,125.75189999999998,7.748433713,71.74952749264699,71.27916626642774,40.0,3.6888794541139363
3693,JUT-01,134098.0,451726.0,1729.5660329599998,10.65736679304572,2.5081,125.75189999999998,7.748433713,71.75573255498455,71.27916626642774,40.0,3.6888794541139363
3694,JUT-01,134098.0,451726.0,1729.7166194,10.414605463853796,2.5166,125.75189999999998,7.748433713,71.76193751119716,71.27916626642774,40.0,3.6888794541139363
3695,JUT-01,134098.0,451726.0,1729.86720584,10.366619141098331,2.5165,125.75189999999998,7.748433713,71.76814236128479,71.27916626642774,40.0,3.6888794541139363
3696,JUT-01,134098.0,451726.0,1730.01779228,10.398254044321694,2.5133,125.75189999999998,7.748433713,71.77434710524746,71.27916626642774,40.0,3.6888794541139363
3697,JUT-01,134098.0,451726.0,1730.1683787199995,10.459296769173244,2.5087,125.75189999999998,7.748433713,71.78055174308511,71.27916626642774,40.0,3.6888794541139363
3698,JUT-01,134098.0,451726.0,1730.31896516,13.197655259544224,2.4937,125.75189999999998,7.748433713,71.78675627479785,71.27916626642774,40.0,3.6888794541139363
3699,JUT-01,134098.0,451726.0,1730.4695516,14.036889288847272,2.468,125.75189999999998,7.748433713,71.79296070038559,71.27916626642774,40.0,3.6888794541139363
3700,JUT-01,134098.0,451726.0,1730.6201380399998,14.935613775125931,2.4391,125.75189999999998,7.748433713,71.79916501984836,71.27916626642774,40.0,3.6888794541139363
3701,JUT-01,134098.0,451726.0,1730.77072448,15.979241550110912,2.4018,125.75189999999998,7.748433713,71.80536923318616,71.27916626642774,40.0,3.6888794541139363
3702,JUT-01,134098.0,451726.0,1730.92131092,16.499345820105603,2.3798,125.75189999999998,7.748433713,71.811573340399,71.27916626642774,40.0,3.6888794541139363
3703,JUT-01,134098.0,451726.0,1731.07189736,16.841057469254228,2.3673,125.75189999999998,7.748433713,71.81777734148685,71.27916626642774,40.0,3.6888794541139363
3704,JUT-01,134098.0,451726.0,1731.2224838,16.9944177077052,2.3648,125.75189999999998,7.748433713,71.82398123644974,71.27916626642774,40.0,3.6888794541139363
3705,JUT-01,134098.0,451726.0,1731.3730702399998,16.830102596258687,2.3656,125.75189999999998,7.748433713,71.83018502528765,71.27916626642774,40.0,3.6888794541139363
3706,JUT-01,134098.0,451726.0,1731.52365668,16.784361455750528,2.3561,125.75189999999998,7.748433713,71.8363887080006,71.27916626642774,40.0,3.6888794541139363
3707,JUT-01,134098.0,451726.0,1731.67424312,16.41560579620824,2.3638,125.75189999999998,7.748433713,71.84259228458858,71.27916626642774,40.0,3.6888794541139363
3708,JUT-01,134098.0,451726.0,1731.82482956,16.255227861597255,2.3604,125.75189999999998,7.748433713,71.84879575505157,71.27916626642774,40.0,3.6888794541139363
3709,JUT-01,134098.0,451726.0,1731.9754159999998,15.90470768162672,2.3652,125.75189999999998,7.748433713,71.85499911938959,71.27916626642774,40.0,3.6888794541139363
3710,JUT-01,134098.0,451726.0,1732.12600244,14.918652994852222,2.3953,125.75189999999998,7.748433713,71.86120237760267,71.27916626642774,40.0,3.6888794541139363
3711,JUT-01,134098.0,451726.0,1732.27658888,13.93444614068959,2.4253,125.75189999999998,7.748433713,71.86740552969076,71.27916626642774,40.0,3.6888794541139363
3712,JUT-01,134098.0,451726.0,1732.4271753199998,12.985947795145847,2.4534,125.75189999999998,7.748433713,71.87360857565386,71.27916626642774,40.0,3.6888794541139363
3713,JUT-01,134098.0,451726.0,1732.57776176,12.220204317072222,2.4732,125.75189999999998,7.748433713,71.87981151549201,71.27916626642774,40.0,3.6888794541139363
3714,JUT-01,134098.0,451726.0,1732.7283482,12.118463453954556,2.4729,125.75189999999998,7.748433713,71.8860143492052,71.27916626642774,40.0,3.6888794541139363
3715,JUT-01,134098.0,451726.0,1732.87893464,12.218192060791427,2.4721,125.75189999999998,7.748433713,71.89221707679339,71.27916626642774,40.0,3.6888794541139363
3716,JUT-01,134098.0,451726.0,1733.02952108,12.334851005631815,2.4704,125.75189999999998,7.748433713,71.89841969825663,71.27916626642774,40.0,3.6888794541139363
3717,JUT-01,134098.0,451726.0,1733.18010752,12.49469974288757,2.4664,125.75189999999998,7.748433713,71.90462221359489,71.27916626642774,40.0,3.6888794541139363
3718,JUT-01,134098.0,451726.0,1733.33069396,12.729661162604824,2.4584,125.75189999999998,7.748433713,71.91082462280818,71.27916626642774,40.0,3.6888794541139363
3719,JUT-01,134098.0,451726.0,1733.4812803999998,13.31649797830343,2.4403,125.75189999999998,7.748433713,71.9170269258965,71.27916626642774,40.0,3.6888794541139363
3720,JUT-01,134098.0,451726.0,1733.63186684,14.28834829437226,2.4175,125.75189999999998,7.748433713,71.92322912285984,71.27916626642774,40.0,3.6888794541139363
3721,JUT-01,134098.0,451726.0,1733.7824532799998,15.380150230050322,2.3884,125.75189999999998,7.748433713,71.92943121369821,71.27916626642774,40.0,3.6888794541139363
3722,JUT-01,134098.0,451726.0,1733.93303972,17.342650156651928,2.3543,125.75189999999998,7.748433713,71.93563319841162,71.27916626642774,40.0,3.6888794541139363
3723,JUT-01,134098.0,451726.0,1734.08362616,17.16395799238841,2.3539,125.75189999999998,7.748433713,71.94183507700005,71.27916626642774,40.0,3.6888794541139363
3724,JUT-01,134098.0,451726.0,1734.2342126,16.868811185859894,2.3597,125.75189999999998,7.748433713,71.94803684946352,71.27916626642774,40.0,3.6888794541139363
3725,JUT-01,134098.0,451726.0,1734.3847990399995,16.395301742934997,2.375,125.75189999999998,7.748433713,71.95423851580199,71.27916626642774,40.0,3.6888794541139363
3726,JUT-01,134098.0,451726.0,1734.53538548,15.983760263040836,2.387,125.75189999999998,7.748433713,71.96044007601553,71.27916626642774,40.0,3.6888794541139363
3727,JUT-01,134098.0,451726.0,1734.68597192,15.707811409423206,2.3918,125.75189999999998,7.748433713,71.96664153010407,71.27916626642774,40.0,3.6888794541139363
3728,JUT-01,134098.0,451726.0,1734.8365583599998,15.494285900277406,2.3979,125.75189999999998,7.748433713,71.97284287806765,71.27916626642774,40.0,3.6888794541139363
3729,JUT-01,134098.0,451726.0,1734.9871448,16.108722583898803,2.3818,125.75189999999998,7.748433713,71.97904411990626,71.27916626642774,40.0,3.6888794541139363
3730,JUT-01,134098.0,451726.0,1735.13773124,16.53108220714914,2.3759,125.75189999999998,7.748433713,71.9852452556199,71.27916626642774,40.0,3.6888794541139363
3731,JUT-01,134098.0,451726.0,1735.28831768,16.623089654592107,2.3755,125.75189999999998,7.748433713,71.99144628520857,71.27916626642774,40.0,3.6888794541139363
3732,JUT-01,134098.0,451726.0,1735.43890412,16.534478355078942,2.3749,125.75189999999998,7.748433713,71.99764720867225,71.27916626642774,40.0,3.6888794541139363
3733,JUT-01,134098.0,451726.0,1735.5894905599998,16.526733127010594,2.37,125.75189999999998,7.748433713,72.00384802601097,71.27916626642774,40.0,3.6888794541139363
3734,JUT-01,134098.0,451726.0,1735.740077,16.463315688735598,2.3708,125.75189999999998,7.748433713,72.01004873722472,71.27916626642774,40.0,3.6888794541139363
3735,JUT-01,134098.0,451726.0,1735.89066344,16.46153343971899,2.3755,125.75189999999998,7.748433713,72.0162493423135,71.27916626642774,40.0,3.6888794541139363
3736,JUT-01,134098.0,451726.0,1736.04124988,16.617637746119943,2.3718,125.75189999999998,7.748433713,72.02244984127731,71.27916626642774,40.0,3.6888794541139363
3737,JUT-01,134098.0,451726.0,1736.1918363199998,16.679821214994334,2.3731,125.75189999999998,7.748433713,72.02865023411613,71.27916626642774,40.0,3.6888794541139363
3738,JUT-01,134098.0,451726.0,1736.34242276,16.8730920647802,2.3674,125.75189999999998,7.748433713,72.03485052083,71.27916626642774,40.0,3.6888794541139363
3739,JUT-01,134098.0,451726.0,1736.4930092,16.90430519636728,2.3599,125.75189999999998,7.748433713,72.0410507014189,71.27916626642774,40.0,3.6888794541139363
3740,JUT-01,134098.0,451726.0,1736.6435956399998,16.791288190829363,2.3553,125.75189999999998,7.748433713,72.04725077588282,71.27916626642774,40.0,3.6888794541139363
3741,JUT-01,134098.0,451726.0,1736.79418208,16.330725106658615,2.3692,125.75189999999998,7.748433713,72.05345074422178,71.27916626642774,40.0,3.6888794541139363
3742,JUT-01,134098.0,451726.0,1736.94476852,16.248683699777516,2.3697,125.75189999999998,7.748433713,72.05965060643575,71.27916626642774,40.0,3.6888794541139363
3743,JUT-01,134098.0,451726.0,1737.09535496,16.576084861313007,2.3582,125.75189999999998,7.748433713,72.06585036252476,71.27916626642774,40.0,3.6888794541139363
3744,JUT-01,134098.0,451726.0,1737.2459414,17.064798383442653,2.3381,125.75189999999998,7.748433713,72.07205001248879,71.27916626642774,40.0,3.6888794541139363
3745,JUT-01,134098.0,451726.0,1737.39652784,17.082359729824454,2.3431,125.75189999999998,7.748433713,72.07824955632786,71.27916626642774,40.0,3.6888794541139363
3746,JUT-01,134098.0,451726.0,1737.54711428,16.85759272191888,2.361,125.75189999999998,7.748433713,72.08444899404195,71.27916626642774,40.0,3.6888794541139363
3747,JUT-01,134098.0,451726.0,1737.6977007199998,16.66054451200268,2.3742,125.75189999999998,7.748433713,72.09064832563107,71.27916626642774,40.0,3.6888794541139363
3748,JUT-01,134098.0,451726.0,1737.84828716,16.596698731910404,2.3776,125.75189999999998,7.748433713,72.09684755109522,71.27916626642774,40.0,3.6888794541139363
3749,JUT-01,134098.0,451726.0,1737.9988735999998,16.489663159402767,2.3833,125.75189999999998,7.748433713,72.10304667043441,71.27916626642774,40.0,3.6888794541139363
3750,JUT-01,134098.0,451726.0,1738.14946004,15.512416925079595,2.3938,125.75189999999998,7.748433713,72.10924568364861,71.27916626642774,40.0,3.6888794541139363
3751,JUT-01,134098.0,451726.0,1738.30004648,14.9932981632428,2.4072,125.75189999999998,7.748433713,72.11544459073787,71.27916626642774,40.0,3.6888794541139363
3752,JUT-01,134098.0,451726.0,1738.45063292,14.451525658868832,2.4218,125.75189999999998,7.748433713,72.12164339170212,71.27916626642774,40.0,3.6888794541139363
3753,JUT-01,134098.0,451726.0,1738.6012193599995,13.622857031918366,2.4484,125.75189999999998,7.748433713,72.12784208654139,71.27916626642774,40.0,3.6888794541139363
3754,JUT-01,134098.0,451726.0,1738.7518058,12.630364928513808,2.4834,125.75189999999998,7.748433713,72.13404067525573,71.27916626642774,40.0,3.6888794541139363
3755,JUT-01,134098.0,451726.0,1738.90239224,11.682850481237116,2.516,125.75189999999998,7.748433713,72.14023915784509,71.27916626642774,40.0,3.6888794541139363
3756,JUT-01,134098.0,451726.0,1739.0529786799998,11.00098272284454,2.5316,125.75189999999998,7.748433713,72.14643753430947,71.27916626642774,40.0,3.6888794541139363
3757,JUT-01,134098.0,451726.0,1739.20356512,10.813761101733746,2.5193,125.75189999999998,7.748433713,72.15263580464888,71.27916626642774,40.0,3.6888794541139363
3758,JUT-01,134098.0,451726.0,1739.35415156,10.692892424017147,2.5043,125.75189999999998,7.748433713,72.15883396886332,71.27916626642774,40.0,3.6888794541139363
3759,JUT-01,134098.0,451726.0,1739.504738,11.420343796632825,2.4893,125.75189999999998,7.748433713,72.1650320269528,71.27916626642774,40.0,3.6888794541139363
3760,JUT-01,134098.0,451726.0,1739.65532444,11.894289865940934,2.4878,125.75189999999998,7.748433713,72.17122997891728,71.27916626642774,40.0,3.6888794541139363
3761,JUT-01,134098.0,451726.0,1739.8059108799998,12.583435286083867,2.4748,125.75189999999998,7.748433713,72.1774278247568,71.27916626642774,40.0,3.6888794541139363
3762,JUT-01,134098.0,451726.0,1739.95649732,13.230321413360128,2.4617,125.75189999999998,7.748433713,72.18362556447136,71.27916626642774,40.0,3.6888794541139363
3763,JUT-01,134098.0,451726.0,1740.10708376,13.287782141685032,2.4543,125.75189999999998,7.748433713,72.18982319806095,71.27916626642774,40.0,3.6888794541139363
3764,JUT-01,134098.0,451726.0,1740.2576702,13.082348481394687,2.4609,125.75189999999998,7.748433713,72.19602072552556,71.27916626642774,40.0,3.6888794541139363
3765,JUT-01,134098.0,451726.0,1740.4082566399998,12.696644383196746,2.4771,125.75189999999998,7.748433713,72.20221814686519,71.27916626642774,40.0,3.6888794541139363
3766,JUT-01,134098.0,451726.0,1740.55884308,12.294099900344325,2.4942,125.75189999999998,7.748433713,72.20841546207987,71.27916626642774,40.0,3.6888794541139363
3767,JUT-01,134098.0,451726.0,1740.70942952,12.147341174989483,2.4938,125.75189999999998,7.748433713,72.21461267116956,71.27916626642774,40.0,3.6888794541139363
3768,JUT-01,134098.0,451726.0,1740.8600159599998,11.84210904450613,2.4979,125.75189999999998,7.748433713,72.22080977413428,71.27916626642774,40.0,3.6888794541139363
3769,JUT-01,134098.0,451726.0,1741.0106024,11.5369968518215,2.502,125.75189999999998,7.748433713,72.22700677097404,71.27916626642774,40.0,3.6888794541139363
3770,JUT-01,134098.0,451726.0,1741.16118884,11.328967383691673,2.5047,125.75189999999998,7.748433713,72.23320366168883,71.27916626642774,40.0,3.6888794541139363
3771,JUT-01,134098.0,451726.0,1741.31177528,11.452275298447772,2.5032,125.75189999999998,7.748433713,72.23940044627864,71.27916626642774,40.0,3.6888794541139363
3772,JUT-01,134098.0,451726.0,1741.46236172,11.752068032538716,2.4923,125.75189999999998,7.748433713,72.24559712474348,71.27916626642774,40.0,3.6888794541139363
3773,JUT-01,134098.0,451726.0,1741.61294816,12.05186076662967,2.4814,125.75189999999998,7.748433713,72.25179369708336,71.27916626642774,40.0,3.6888794541139363
3774,JUT-01,134098.0,451726.0,1741.7635346,12.244468005964574,2.4762,125.75189999999998,7.748433713,72.25799016329825,71.27916626642774,40.0,3.6888794541139363
3775,JUT-01,134098.0,451726.0,1741.9141210399998,11.964105221389469,2.4962,125.75189999999998,7.748433713,72.26418652338818,71.27916626642774,40.0,3.6888794541139363
3776,JUT-01,134098.0,451726.0,1742.06470748,12.09549247292126,2.4983,125.75189999999998,7.748433713,72.27038277735312,71.27916626642774,40.0,3.6888794541139363
3777,JUT-01,134098.0,451726.0,1742.2152939199998,12.84868102610093,2.4759,125.75189999999998,7.748433713,72.27657892519312,71.27916626642774,40.0,3.6888794541139363
3778,JUT-01,134098.0,451726.0,1742.36588036,13.439743659863586,2.4535,125.75189999999998,7.748433713,72.28277496690814,71.27916626642774,40.0,3.6888794541139363
3779,JUT-01,134098.0,451726.0,1742.5164668,13.501219660699032,2.4434,125.75189999999998,7.748433713,72.28897090249816,71.27916626642774,40.0,3.6888794541139363
3780,JUT-01,134098.0,451726.0,1742.66705324,13.553096685079035,2.4338,125.75189999999998,7.748433713,72.29516673196325,71.27916626642774,40.0,3.6888794541139363
3781,JUT-01,134098.0,451726.0,1742.8176396799995,13.227899871399291,2.4441,125.75189999999998,7.748433713,72.30136245530332,71.27916626642774,40.0,3.6888794541139363
3782,JUT-01,134098.0,451726.0,1742.96822612,12.821230700976612,2.4565,125.75189999999998,7.748433713,72.30755807251848,71.27916626642774,40.0,3.6888794541139363
3783,JUT-01,134098.0,451726.0,1743.11881256,12.43551736272764,2.4678,125.75189999999998,7.748433713,72.31375358360863,71.27916626642774,40.0,3.6888794541139363
3784,JUT-01,134098.0,451726.0,1743.2693989999998,11.974391497520374,2.4831,125.75189999999998,7.748433713,72.3199489885738,71.27916626642774,40.0,3.6888794541139363
3785,JUT-01,134098.0,451726.0,1743.41998544,11.38557407212856,2.5052,125.75189999999998,7.748433713,72.32614428741404,71.27916626642774,40.0,3.6888794541139363
3786,JUT-01,134098.0,451726.0,1743.57057188,11.005434216164836,2.5162,125.75189999999998,7.748433713,72.33233948012926,71.27916626642774,40.0,3.6888794541139363
3787,JUT-01,134098.0,451726.0,1743.72115832,10.777151423610102,2.5252,125.75189999999998,7.748433713,72.33853456671955,71.27916626642774,40.0,3.6888794541139363
3788,JUT-01,134098.0,451726.0,1743.87174476,10.811009128667743,2.5215,125.75189999999998,7.748433713,72.34472954718484,71.27916626642774,40.0,3.6888794541139363
3789,JUT-01,134098.0,451726.0,1744.0223311999998,10.88802664169108,2.5155,125.75189999999998,7.748433713,72.35092442152518,71.27916626642774,40.0,3.6888794541139363
3790,JUT-01,134098.0,451726.0,1744.17291764,10.735950473206833,2.5217,125.75189999999998,7.748433713,72.35711918974053,71.27916626642774,40.0,3.6888794541139363
3791,JUT-01,134098.0,451726.0,1744.32350408,10.619582813341484,2.526,125.75189999999998,7.748433713,72.36331385183092,71.27916626642774,40.0,3.6888794541139363
3792,JUT-01,134098.0,451726.0,1744.47409052,10.54452712882996,2.5281,125.75189999999998,7.748433713,72.36950840779633,71.27916626642774,40.0,3.6888794541139363
3793,JUT-01,134098.0,451726.0,1744.6246769599998,10.244482334264678,2.5413,125.75189999999998,7.748433713,72.37570285763678,71.27916626642774,40.0,3.6888794541139363
3794,JUT-01,134098.0,451726.0,1744.7752634,10.138411198313417,2.5441,125.75189999999998,7.748433713,72.38189720135225,71.27916626642774,40.0,3.6888794541139363
3795,JUT-01,134098.0,451726.0,1744.92584984,10.255830277134788,2.535,125.75189999999998,7.748433713,72.38809143894275,71.27916626642774,40.0,3.6888794541139363
3796,JUT-01,134098.0,451726.0,1745.0764362799998,10.168627265147936,2.5368,125.75189999999998,7.748433713,72.3942855704083,71.27916626642774,40.0,3.6888794541139363
3797,JUT-01,134098.0,451726.0,1745.22702272,10.071975198954032,2.5391,125.75189999999998,7.748433713,72.40047959574885,71.27916626642774,40.0,3.6888794541139363
3798,JUT-01,134098.0,451726.0,1745.37760916,9.99225347076364,2.5405,125.75189999999998,7.748433713,72.40667351496444,71.27916626642774,40.0,3.6888794541139363
3799,JUT-01,134098.0,451726.0,1745.5281956,9.902343953189629,2.5433,125.75189999999998,7.748433713,72.41286732805506,71.27916626642774,40.0,3.6888794541139363
3800,JUT-01,134098.0,451726.0,1745.67878204,9.657482076505769,2.5558,125.75189999999998,7.748433713,72.4190610350207,71.27916626642774,40.0,3.6888794541139363
3801,JUT-01,134098.0,451726.0,1745.82936848,9.705499692522402,2.5527,125.75189999999998,7.748433713,72.42525463586138,71.27916626642774,40.0,3.6888794541139363
3802,JUT-01,134098.0,451726.0,1745.97995492,9.57703248920419,2.559,125.75189999999998,7.748433713,72.43144813057708,71.27916626642774,40.0,3.6888794541139363
3803,JUT-01,134098.0,451726.0,1746.1305413599998,9.450323165148802,2.5652,125.75189999999998,7.748433713,72.4376415191678,71.27916626642774,40.0,3.6888794541139363
3804,JUT-01,134098.0,451726.0,1746.2811278,9.434286418736896,2.5623,125.75189999999998,7.748433713,72.44383480163357,71.27916626642774,40.0,3.6888794541139363
3805,JUT-01,134098.0,451726.0,1746.4317142399998,9.510641630120768,2.5536,125.75189999999998,7.748433713,72.45002797797434,71.27916626642774,40.0,3.6888794541139363
3806,JUT-01,134098.0,451726.0,1746.58230068,9.427262453475231,2.5534,125.75189999999998,7.748433713,72.45622104819017,71.27916626642774,40.0,3.6888794541139363
3807,JUT-01,134098.0,451726.0,1746.73288712,9.18236102508779,2.5618,125.75189999999998,7.748433713,72.46241401228103,71.27916626642774,40.0,3.6888794541139363
3808,JUT-01,134098.0,451726.0,1746.88347356,9.106463132238725,2.5612,125.75189999999998,7.748433713,72.4686068702469,71.27916626642774,40.0,3.6888794541139363
3809,JUT-01,134098.0,451726.0,1747.0340599999995,9.12088036504153,2.5558,125.75189999999998,7.748433713,72.47479962208779,71.27916626642774,40.0,3.6888794541139363
3810,JUT-01,134098.0,451726.0,1747.18464644,8.957957730889323,2.561,125.75189999999998,7.748433713,72.48099226780374,71.27916626642774,40.0,3.6888794541139363
3811,JUT-01,134098.0,451726.0,1747.33523288,8.865515018121691,2.5626,125.75189999999998,7.748433713,72.4871848073947,71.27916626642774,40.0,3.6888794541139363
3812,JUT-01,134098.0,451726.0,1747.4858193199998,8.804995195400204,2.5625,125.75189999999998,7.748433713,72.49337724086068,71.27916626642774,40.0,3.6888794541139363
3813,JUT-01,134098.0,451726.0,1747.63640576,8.804655471996949,2.5592,125.75189999999998,7.748433713,72.4995695682017,71.27916626642774,40.0,3.6888794541139363
3814,JUT-01,134098.0,451726.0,1747.7869922,8.840024257212594,2.554,125.75189999999998,7.748433713,72.50576178941776,71.27916626642774,40.0,3.6888794541139363
3815,JUT-01,134098.0,451726.0,1747.93757864,9.539231207591744,2.5184,125.75189999999998,7.748433713,72.51195390450883,71.27916626642774,40.0,3.6888794541139363
3816,JUT-01,134098.0,451726.0,1748.08816508,10.55437503806918,2.4688,125.75189999999998,7.748433713,72.51814591347494,71.27916626642774,40.0,3.6888794541139363
3817,JUT-01,134098.0,451726.0,1748.2387515199998,11.725806733124292,2.4249,125.75189999999998,7.748433713,72.52433781631606,71.27916626642774,40.0,3.6888794541139363
3818,JUT-01,134098.0,451726.0,1748.38933796,12.50851252299188,2.4085,125.75189999999998,7.748433713,72.53052961303224,71.27916626642774,40.0,3.6888794541139363
3819,JUT-01,134098.0,451726.0,1748.5399244,13.337477722410416,2.3899,125.75189999999998,7.748433713,72.53672130362342,71.27916626642774,40.0,3.6888794541139363
3820,JUT-01,134098.0,451726.0,1748.69051084,14.093099321898531,2.3753,125.75189999999998,7.748433713,72.54291288808963,71.27916626642774,40.0,3.6888794541139363
3821,JUT-01,134098.0,451726.0,1748.8410972799998,14.644068846128748,2.3716,125.75189999999998,7.748433713,72.54910436643088,71.27916626642774,40.0,3.6888794541139363
3822,JUT-01,134098.0,451726.0,1748.99168372,15.002691449940787,2.3781,125.75189999999998,7.748433713,72.55529573864717,71.27916626642774,40.0,3.6888794541139363
3823,JUT-01,134098.0,451726.0,1749.14227016,15.491663026690585,2.3777,125.75189999999998,7.748433713,72.56148700473848,71.27916626642774,40.0,3.6888794541139363
3824,JUT-01,134098.0,451726.0,1749.2928565999998,16.12325874676819,2.3697,125.75189999999998,7.748433713,72.5676781647048,71.27916626642774,40.0,3.6888794541139363
3825,JUT-01,134098.0,451726.0,1749.44344304,16.49283093608274,2.3725,125.75189999999998,7.748433713,72.57386921854618,71.27916626642774,40.0,3.6888794541139363
3826,JUT-01,134098.0,451726.0,1749.59402948,16.668264336461565,2.3679,125.75189999999998,7.748433713,72.58006016626257,71.27916626642774,40.0,3.6888794541139363
3827,JUT-01,134098.0,451726.0,1749.74461592,16.648524700239207,2.3737,125.75189999999998,7.748433713,72.58625100785399,71.27916626642774,40.0,3.6888794541139363
3828,JUT-01,134098.0,451726.0,1749.89520236,16.80514994555298,2.3701,125.75189999999998,7.748433713,72.59244174332045,71.27916626642774,40.0,3.6888794541139363
3829,JUT-01,134098.0,451726.0,1750.0457888,16.908013726997158,2.3649,125.75189999999998,7.748433713,72.59863237266194,71.27916626642774,40.0,3.6888794541139363
3830,JUT-01,134098.0,451726.0,1750.19637524,16.66914012848039,2.3618,125.75189999999998,7.748433713,72.60482289587843,71.27916626642774,40.0,3.6888794541139363
3831,JUT-01,134098.0,451726.0,1750.3469616799998,16.3956967760268,2.3622,125.75189999999998,7.748433713,72.61101331296996,71.27916626642774,40.0,3.6888794541139363
3832,JUT-01,134098.0,451726.0,1750.49754812,15.93829656049293,2.3773,125.75189999999998,7.748433713,72.61720362393653,71.27916626642774,40.0,3.6888794541139363
3833,JUT-01,134098.0,451726.0,1750.6481345599998,15.520330503251344,2.3903,125.75189999999998,7.748433713,72.62339382877812,71.27916626642774,40.0,3.6888794541139363
3834,JUT-01,134098.0,451726.0,1750.798721,15.757722600486352,2.3684,125.75189999999998,7.748433713,72.62958392749475,71.27916626642774,40.0,3.6888794541139363
3835,JUT-01,134098.0,451726.0,1750.94930744,15.785099031325949,2.3577,125.75189999999998,7.748433713,72.6357739200864,71.27916626642774,40.0,3.6888794541139363
3836,JUT-01,134098.0,451726.0,1751.09989388,15.42652589979779,2.3677,125.75189999999998,7.748433713,72.6419638065531,71.27916626642774,40.0,3.6888794541139363
3837,JUT-01,134098.0,451726.0,1751.2504803199995,15.589712831548272,2.3761,125.75189999999998,7.748433713,72.64815358689476,71.27916626642774,40.0,3.6888794541139363
3838,JUT-01,134098.0,451726.0,1751.40106676,15.762318833056124,2.384,125.75189999999998,7.748433713,72.65434326111152,71.27916626642774,40.0,3.6888794541139363
3839,JUT-01,134098.0,451726.0,1751.5516532,15.7574505283897,2.4013,125.75189999999998,7.748433713,72.66053282920328,71.27916626642774,40.0,3.6888794541139363
3840,JUT-01,134098.0,451726.0,1751.7022396399998,15.461512922901244,2.407,125.75189999999998,7.748433713,72.66672229117007,71.27916626642774,40.0,3.6888794541139363
3841,JUT-01,134098.0,451726.0,1751.85282608,15.189983614936995,2.4012,125.75189999999998,7.748433713,72.67291164701192,71.27916626642774,40.0,3.6888794541139363
3842,JUT-01,134098.0,451726.0,1752.00341252,14.905279603092294,2.3961,125.75189999999998,7.748433713,72.67910089672876,71.27916626642774,40.0,3.6888794541139363
3843,JUT-01,134098.0,451726.0,1752.15399896,14.627168544821965,2.3907,125.75189999999998,7.748433713,72.68529004032065,71.27916626642774,40.0,3.6888794541139363
3844,JUT-01,134098.0,451726.0,1752.3045854,14.784158537698511,2.3842,125.75189999999998,7.748433713,72.69147907778756,71.27916626642774,40.0,3.6888794541139363
3845,JUT-01,134098.0,451726.0,1752.4551718399998,14.926824549273546,2.3842,125.75189999999998,7.748433713,72.69766800912949,71.27916626642774,40.0,3.6888794541139363
3846,JUT-01,134098.0,451726.0,1752.60575828,15.069490560848584,2.3842,125.75189999999998,7.748433713,72.70385683434645,71.27916626642774,40.0,3.6888794541139363
3847,JUT-01,134098.0,451726.0,1752.75634472,15.300324020966835,2.3795,125.75189999999998,7.748433713,72.71004555343845,71.27916626642774,40.0,3.6888794541139363
3848,JUT-01,134098.0,451726.0,1752.90693116,15.577395465708117,2.37,125.75189999999998,7.748433713,72.71623416640548,71.27916626642774,40.0,3.6888794541139363
3849,JUT-01,134098.0,451726.0,1753.0575175999998,15.770520018600724,2.3646,125.75189999999998,7.748433713,72.72242267324752,71.27916626642774,40.0,3.6888794541139363
3850,JUT-01,134098.0,451726.0,1753.20810404,15.899798791401045,2.3626,125.75189999999998,7.748433713,72.72861107396461,71.27916626642774,40.0,3.6888794541139363
3851,JUT-01,134098.0,451726.0,1753.35869048,15.80582722502616,2.3725,125.75189999999998,7.748433713,72.73479936855672,71.27916626642774,40.0,3.6888794541139363
3852,JUT-01,134098.0,451726.0,1753.5092769199998,15.559833189964746,2.3856,125.75189999999998,7.748433713,72.74098755702387,71.27916626642774,40.0,3.6888794541139363
3853,JUT-01,134098.0,451726.0,1753.65986336,15.362662398503309,2.3961,125.75189999999998,7.748433713,72.74717563936603,71.27916626642774,40.0,3.6888794541139363
3854,JUT-01,134098.0,451726.0,1753.8104498,16.293637090645696,2.4083,125.75189999999998,7.748433713,72.75336361558323,71.27916626642774,40.0,3.6888794541139363
3855,JUT-01,134098.0,451726.0,1753.96103624,16.532259309217423,2.4212,125.75189999999998,7.748433713,72.75955148567547,71.27916626642774,40.0,3.6888794541139363
3856,JUT-01,134098.0,451726.0,1754.11162268,16.440865751109225,2.4327,125.75189999999998,7.748433713,72.76573924964272,71.27916626642774,40.0,3.6888794541139363
3857,JUT-01,134098.0,451726.0,1754.26220912,15.651546564347978,2.4444,125.75189999999998,7.748433713,72.77192690748498,71.27916626642774,40.0,3.6888794541139363
3858,JUT-01,134098.0,451726.0,1754.41279556,14.91015108769632,2.4535,125.75189999999998,7.748433713,72.7781144592023,71.27916626642774,40.0,3.6888794541139363
3859,JUT-01,134098.0,451726.0,1754.563382,14.223212305829248,2.4597,125.75189999999998,7.748433713,72.78430190479466,71.27916626642774,40.0,3.6888794541139363
3860,JUT-01,134098.0,451726.0,1754.71396844,13.525066590492315,2.4665,125.75189999999998,7.748433713,72.79048924426202,71.27916626642774,40.0,3.6888794541139363
3861,JUT-01,134098.0,451726.0,1754.8645548799998,13.222993323840786,2.4541,125.75189999999998,7.748433713,72.79667647760441,71.27916626642774,40.0,3.6888794541139363
3862,JUT-01,134098.0,451726.0,1755.01514132,12.927498234387258,2.4592,125.75189999999998,7.748433713,72.80286360482187,71.27916626642774,40.0,3.6888794541139363
3863,JUT-01,134098.0,451726.0,1755.16572776,12.553134828349156,2.4685,125.75189999999998,7.748433713,72.8090506259143,71.27916626642774,40.0,3.6888794541139363
3864,JUT-01,134098.0,451726.0,1755.3163142,12.508109034872422,2.4603,125.75189999999998,7.748433713,72.81523754088178,71.27916626642774,40.0,3.6888794541139363
3865,JUT-01,134098.0,451726.0,1755.4669006399995,12.731457258636208,2.4565,125.75189999999998,7.748433713,72.82142434972428,71.27916626642774,40.0,3.6888794541139363
3866,JUT-01,134098.0,451726.0,1755.61748708,12.963237054658698,2.4565,125.75189999999998,7.748433713,72.82761105244185,71.27916626642774,40.0,3.6888794541139363
3867,JUT-01,134098.0,451726.0,1755.76807352,13.324616212376958,2.4496,125.75189999999998,7.748433713,72.83379764903441,71.27916626642774,40.0,3.6888794541139363
3868,JUT-01,134098.0,451726.0,1755.9186599599998,13.503847115126089,2.4524,125.75189999999998,7.748433713,72.83998413950201,71.27916626642774,40.0,3.6888794541139363
3869,JUT-01,134098.0,451726.0,1756.0692464,13.605457844908903,2.4593,125.75189999999998,7.748433713,72.84617052384465,71.27916626642774,40.0,3.6888794541139363
3870,JUT-01,134098.0,451726.0,1756.21983284,13.68199560673736,2.4533,125.75189999999998,7.748433713,72.8523568020623,71.27916626642774,40.0,3.6888794541139363
3871,JUT-01,134098.0,451726.0,1756.37041928,13.566336998678263,2.4468,125.75189999999998,7.748433713,72.85854297415499,71.27916626642774,40.0,3.6888794541139363
3872,JUT-01,134098.0,451726.0,1756.52100572,13.37556570815767,2.4443,125.75189999999998,7.748433713,72.86472904012268,71.27916626642774,40.0,3.6888794541139363
3873,JUT-01,134098.0,451726.0,1756.6715921599998,13.164678150054394,2.4429,125.75189999999998,7.748433713,72.87091499996544,71.27916626642774,40.0,3.6888794541139363
3874,JUT-01,134098.0,451726.0,1756.8221786,13.149107988351847,2.4447,125.75189999999998,7.748433713,72.87710085368322,71.27916626642774,40.0,3.6888794541139363
3875,JUT-01,134098.0,451726.0,1756.97276504,13.117919907047828,2.4551,125.75189999999998,7.748433713,72.88328660127601,71.27916626642774,40.0,3.6888794541139363
3876,JUT-01,134098.0,451726.0,1757.12335148,13.140948644930946,2.4626,125.75189999999998,7.748433713,72.88947224274385,71.27916626642774,40.0,3.6888794541139363
3877,JUT-01,134098.0,451726.0,1757.2739379199998,13.025718758139051,2.4709,125.75189999999998,7.748433713,72.89565777808669,71.27916626642774,40.0,3.6888794541139363
3878,JUT-01,134098.0,451726.0,1757.42452436,12.723795138780094,2.4775,125.75189999999998,7.748433713,72.9018432073046,71.27916626642774,40.0,3.6888794541139363
3879,JUT-01,134098.0,451726.0,1757.5751108,12.393434403450964,2.4856,125.75189999999998,7.748433713,72.90802853039749,71.27916626642774,40.0,3.6888794541139363
3880,JUT-01,134098.0,451726.0,1757.7256972399998,12.346938717534188,2.479,125.75189999999998,7.748433713,72.91421374736542,71.27916626642774,40.0,3.6888794541139363
3881,JUT-01,134098.0,451726.0,1757.87628368,12.402720316677048,2.4716,125.75189999999998,7.748433713,72.92039885820843,71.27916626642774,40.0,3.6888794541139363
3882,JUT-01,134098.0,451726.0,1758.02687012,12.524138857776936,2.4618,125.75189999999998,7.748433713,72.92658386292642,71.27916626642774,40.0,3.6888794541139363
3883,JUT-01,134098.0,451726.0,1758.17745656,13.037331875721938,2.4394,125.75189999999998,7.748433713,72.93276876151945,71.27916626642774,40.0,3.6888794541139363
3884,JUT-01,134098.0,451726.0,1758.328043,13.396723801318943,2.4252,125.75189999999998,7.748433713,72.93895355398752,71.27916626642774,40.0,3.6888794541139363
3885,JUT-01,134098.0,451726.0,1758.4786294399998,13.538169009978873,2.4226,125.75189999999998,7.748433713,72.9451382403306,71.27916626642774,40.0,3.6888794541139363
3886,JUT-01,134098.0,451726.0,1758.62921588,13.509577364796543,2.4262,125.75189999999998,7.748433713,72.95132282054871,71.27916626642774,40.0,3.6888794541139363
3887,JUT-01,134098.0,451726.0,1758.77980232,13.52491787256131,2.4269,125.75189999999998,7.748433713,72.95750729464186,71.27916626642774,40.0,3.6888794541139363
3888,JUT-01,134098.0,451726.0,1758.93038876,13.02192090244235,2.4552,125.75189999999998,7.748433713,72.96369166261003,71.27916626642774,40.0,3.6888794541139363
3889,JUT-01,134098.0,451726.0,1759.0809751999998,12.824560637028934,2.4616,125.75189999999998,7.748433713,72.96987592445323,71.27916626642774,40.0,3.6888794541139363
3890,JUT-01,134098.0,451726.0,1759.23156164,13.10912650592867,2.4379,125.75189999999998,7.748433713,72.97606008017146,71.27916626642774,40.0,3.6888794541139363
3891,JUT-01,134098.0,451726.0,1759.38214808,13.34537886687298,2.4168,125.75189999999998,7.748433713,72.98224412976474,71.27916626642774,40.0,3.6888794541139363
3892,JUT-01,134098.0,451726.0,1759.5327345199998,13.956247047656117,2.3924,125.75189999999998,7.748433713,72.98842807323301,71.27916626642774,40.0,3.6888794541139363
3893,JUT-01,134098.0,451726.0,1759.6833209599995,14.411799430578128,2.3774,125.75189999999998,7.748433713,72.99461191057631,71.27916626642774,40.0,3.6888794541139363
3894,JUT-01,134098.0,451726.0,1759.8339074,14.508688754746482,2.3815,125.75189999999998,7.748433713,73.00079564179468,71.27916626642774,40.0,3.6888794541139363
3895,JUT-01,134098.0,451726.0,1759.98449384,14.01013172135315,2.386,125.75189999999998,7.748433713,73.00697926688805,71.27916626642774,40.0,3.6888794541139363
3896,JUT-01,134098.0,451726.0,1760.1350802799998,14.576383799913058,2.3964,125.75189999999998,7.748433713,73.01316278585645,71.27916626642774,40.0,3.6888794541139363
3897,JUT-01,134098.0,451726.0,1760.28566672,14.382365354349492,2.4155,125.75189999999998,7.748433713,73.01934619869989,71.27916626642774,40.0,3.6888794541139363
3898,JUT-01,134098.0,451726.0,1760.43625316,14.163523082603572,2.4357,125.75189999999998,7.748433713,73.02552950541835,71.27916626642774,40.0,3.6888794541139363
3899,JUT-01,134098.0,451726.0,1760.5868395999998,13.963654371200258,2.4537,125.75189999999998,7.748433713,73.03171270601183,71.27916626642774,40.0,3.6888794541139363
3900,JUT-01,134098.0,451726.0,1760.73742604,13.475466394947189,2.4718,125.75189999999998,7.748433713,73.03789580048037,71.27916626642774,40.0,3.6888794541139363
3901,JUT-01,134098.0,451726.0,1760.8880124799998,13.037709619308515,2.4872,125.75189999999998,7.748433713,73.04407878882391,71.27916626642774,40.0,3.6888794541139363
3902,JUT-01,134098.0,451726.0,1761.03859892,12.782071114189298,2.4929,125.75189999999998,7.748433713,73.05026167104248,71.27916626642774,40.0,3.6888794541139363
3903,JUT-01,134098.0,451726.0,1761.18918536,12.561594474087364,2.4953,125.75189999999998,7.748433713,73.0564444471361,71.27916626642774,40.0,3.6888794541139363
3904,JUT-01,134098.0,451726.0,1761.3397718,12.313752554167037,2.4903,125.75189999999998,7.748433713,73.06262711710473,71.27916626642774,40.0,3.6888794541139363
3905,JUT-01,134098.0,451726.0,1761.4903582399998,12.35828039130265,2.4697,125.75189999999998,7.748433713,73.06880968094839,71.27916626642774,40.0,3.6888794541139363
3906,JUT-01,134098.0,451726.0,1761.64094468,12.565259998120233,2.4405,125.75189999999998,7.748433713,73.07499213866708,71.27916626642774,40.0,3.6888794541139363
3907,JUT-01,134098.0,451726.0,1761.79153112,13.262804990607908,2.4179,125.75189999999998,7.748433713,73.0811744902608,71.27916626642774,40.0,3.6888794541139363
3908,JUT-01,134098.0,451726.0,1761.9421175599998,14.00536291116615,2.3983,125.75189999999998,7.748433713,73.08735673572954,71.27916626642774,40.0,3.6888794541139363
3909,JUT-01,134098.0,451726.0,1762.092704,14.653400305204238,2.3837,125.75189999999998,7.748433713,73.09353887507332,71.27916626642774,40.0,3.6888794541139363
3910,JUT-01,134098.0,451726.0,1762.24329044,15.102988779712945,2.3797,125.75189999999998,7.748433713,73.09972090829214,71.27916626642774,40.0,3.6888794541139363
3911,JUT-01,134098.0,451726.0,1762.39387688,15.501906178009824,2.3784,125.75189999999998,7.748433713,73.10590283538598,71.27916626642774,40.0,3.6888794541139363
3912,JUT-01,134098.0,451726.0,1762.54446332,15.86887070181088,2.3788,125.75189999999998,7.748433713,73.11208465635482,71.27916626642774,40.0,3.6888794541139363
3913,JUT-01,134098.0,451726.0,1762.6950497599998,16.15636722003378,2.3834,125.75189999999998,7.748433713,73.11826637119871,71.27916626642774,40.0,3.6888794541139363
3914,JUT-01,134098.0,451726.0,1762.8456362,16.298023680900013,2.3958,125.75189999999998,7.748433713,73.12444797991763,71.27916626642774,40.0,3.6888794541139363
3915,JUT-01,134098.0,451726.0,1762.99622264,16.3356505921397,2.4137,125.75189999999998,7.748433713,73.1306294825116,71.27916626642774,40.0,3.6888794541139363
3916,JUT-01,134098.0,451726.0,1763.14680908,15.9116814019841,2.4328,125.75189999999998,7.748433713,73.13681087898057,71.27916626642774,40.0,3.6888794541139363
3917,JUT-01,134098.0,451726.0,1763.2973955199998,15.276835202587742,2.4522,125.75189999999998,7.748433713,73.14299216932457,71.27916626642774,40.0,3.6888794541139363
3918,JUT-01,134098.0,451726.0,1763.44798196,14.536381481000094,2.4772,125.75189999999998,7.748433713,73.14917335354363,71.27916626642774,40.0,3.6888794541139363
3919,JUT-01,134098.0,451726.0,1763.5985684,14.032532709166173,2.4896,125.75189999999998,7.748433713,73.15535443163768,71.27916626642774,40.0,3.6888794541139363
3920,JUT-01,134098.0,451726.0,1763.7491548399998,14.039450178070442,2.4748,125.75189999999998,7.748433713,73.16153540360676,71.27916626642774,40.0,3.6888794541139363
3921,JUT-01,134098.0,451726.0,1763.89974128,13.843533419878993,2.4708,125.75189999999998,7.748433713,73.16771626945089,71.27916626642774,40.0,3.6888794541139363
3922,JUT-01,134098.0,451726.0,1764.05032772,13.702553107667,2.4639,125.75189999999998,7.748433713,73.17389702917006,71.27916626642774,40.0,3.6888794541139363
3923,JUT-01,134098.0,451726.0,1764.20091416,13.454087456202185,2.4627,125.75189999999998,7.748433713,73.18007768276422,71.27916626642774,40.0,3.6888794541139363
3924,JUT-01,134098.0,451726.0,1764.3515005999998,13.040343918872376,2.4703,125.75189999999998,7.748433713,73.18625823023342,71.27916626642774,40.0,3.6888794541139363
3925,JUT-01,134098.0,451726.0,1764.50208704,13.047831092320571,2.4555,125.75189999999998,7.748433713,73.19243867157769,71.27916626642774,40.0,3.6888794541139363
3926,JUT-01,134098.0,451726.0,1764.65267348,13.192977881979465,2.4474,125.75189999999998,7.748433713,73.19861900679695,71.27916626642774,40.0,3.6888794541139363
3927,JUT-01,134098.0,451726.0,1764.8032599199998,13.164277502266692,2.4511,125.75189999999998,7.748433713,73.20479923589123,71.27916626642774,40.0,3.6888794541139363
3928,JUT-01,134098.0,451726.0,1764.95384636,13.32711446283074,2.4446,125.75189999999998,7.748433713,73.21097935886054,71.27916626642774,40.0,3.6888794541139363
3929,JUT-01,134098.0,451726.0,1765.1044327999998,13.48253010849768,2.4385,125.75189999999998,7.748433713,73.21715937570491,71.27916626642774,40.0,3.6888794541139363
3930,JUT-01,134098.0,451726.0,1765.25501924,13.598176832759236,2.4374,125.75189999999998,7.748433713,73.22333928642429,71.27916626642774,40.0,3.6888794541139363
3931,JUT-01,134098.0,451726.0,1765.40560568,13.676586194794638,2.4465,125.75189999999998,7.748433713,73.22951909101869,71.27916626642774,40.0,3.6888794541139363
3932,JUT-01,134098.0,451726.0,1765.55619212,14.006742980874778,2.4422,125.75189999999998,7.748433713,73.23569878948815,71.27916626642774,40.0,3.6888794541139363
3933,JUT-01,134098.0,451726.0,1765.7067785599995,14.341487688835242,2.428,125.75189999999998,7.748433713,73.24187838183258,71.27916626642774,40.0,3.6888794541139363
3934,JUT-01,134098.0,451726.0,1765.857365,14.540563310858508,2.4155,125.75189999999998,7.748433713,73.2480578680521,71.27916626642774,40.0,3.6888794541139363
3935,JUT-01,134098.0,451726.0,1766.00795144,14.255222099904463,2.4288,125.75189999999998,7.748433713,73.25423724814662,71.27916626642774,40.0,3.6888794541139363
3936,JUT-01,134098.0,451726.0,1766.1585378799998,13.971908628260344,2.442,125.75189999999998,7.748433713,73.26041652211617,71.27916626642774,40.0,3.6888794541139363
3937,JUT-01,134098.0,451726.0,1766.30912432,14.087881228910373,2.4414,125.75189999999998,7.748433713,73.26659568996077,71.27916626642774,40.0,3.6888794541139363
3938,JUT-01,134098.0,451726.0,1766.45971076,14.426623108729228,2.4321,125.75189999999998,7.748433713,73.27277475168037,71.27916626642774,40.0,3.6888794541139363
3939,JUT-01,134098.0,451726.0,1766.6102972,14.856988226717595,2.4179,125.75189999999998,7.748433713,73.27895370727501,71.27916626642774,40.0,3.6888794541139363
3940,JUT-01,134098.0,451726.0,1766.76088364,14.835518051935589,2.4211,125.75189999999998,7.748433713,73.28513255674468,71.27916626642774,40.0,3.6888794541139363
3941,JUT-01,134098.0,451726.0,1766.9114700799998,14.808065789717553,2.4156,125.75189999999998,7.748433713,73.29131130008938,71.27916626642774,40.0,3.6888794541139363
3942,JUT-01,134098.0,451726.0,1767.06205652,14.55339766305348,2.4222,125.75189999999998,7.748433713,73.2974899373091,71.27916626642774,40.0,3.6888794541139363
3943,JUT-01,134098.0,451726.0,1767.21264296,14.565529481376132,2.4146,125.75189999999998,7.748433713,73.30366846840386,71.27916626642774,40.0,3.6888794541139363
3944,JUT-01,134098.0,451726.0,1767.3632294,14.728511076695558,2.4027,125.75189999999998,7.748433713,73.30984689337365,71.27916626642774,40.0,3.6888794541139363
3945,JUT-01,134098.0,451726.0,1767.5138158399998,14.625868062464528,2.4088,125.75189999999998,7.748433713,73.31602521221845,71.27916626642774,40.0,3.6888794541139363
3946,JUT-01,134098.0,451726.0,1767.66440228,14.521347231171962,2.415,125.75189999999998,7.748433713,73.3222034249383,71.27916626642774,40.0,3.6888794541139363
3947,JUT-01,134098.0,451726.0,1767.81498872,14.662850419390486,2.4081,125.75189999999998,7.748433713,73.32838153153315,71.27916626642774,40.0,3.6888794541139363
3948,JUT-01,134098.0,451726.0,1767.9655751599998,14.698816930382474,2.4077,125.75189999999998,7.748433713,73.33455953200307,71.27916626642774,40.0,3.6888794541139363
3949,JUT-01,134098.0,451726.0,1768.1161616,14.53011983564542,2.4189,125.75189999999998,7.748433713,73.34073742634799,71.27916626642774,40.0,3.6888794541139363
3950,JUT-01,134098.0,451726.0,1768.26674804,14.464702679292916,2.4246,125.75189999999998,7.748433713,73.34691521456794,71.27916626642774,40.0,3.6888794541139363
3951,JUT-01,134098.0,451726.0,1768.41733448,14.108223878402098,2.4458,125.75189999999998,7.748433713,73.35309289666293,71.27916626642774,40.0,3.6888794541139363
3952,JUT-01,134098.0,451726.0,1768.5679209199998,13.839942510504194,2.4623,125.75189999999998,7.748433713,73.35927047263294,71.27916626642774,40.0,3.6888794541139363
3953,JUT-01,134098.0,451726.0,1768.71850736,13.56987327889379,2.4789,125.75189999999998,7.748433713,73.36544794247797,71.27916626642774,40.0,3.6888794541139363
3954,JUT-01,134098.0,451726.0,1768.8690938,13.28099589221832,2.4965,125.75189999999998,7.748433713,73.37162530619806,71.27916626642774,40.0,3.6888794541139363
3955,JUT-01,134098.0,451726.0,1769.0196802399998,13.243296225043691,2.5007,125.75189999999998,7.748433713,73.37780256379314,71.27916626642774,40.0,3.6888794541139363
3956,JUT-01,134098.0,451726.0,1769.17026668,13.088996901398763,2.4991,125.75189999999998,7.748433713,73.38397971526328,71.27916626642774,40.0,3.6888794541139363
3957,JUT-01,134098.0,451726.0,1769.3208531199998,12.896187649908576,2.4942,125.75189999999998,7.748433713,73.39015676060842,71.27916626642774,40.0,3.6888794541139363
3958,JUT-01,134098.0,451726.0,1769.47143956,12.699143013100452,2.4895,125.75189999999998,7.748433713,73.39633369982862,71.27916626642774,40.0,3.6888794541139363
3959,JUT-01,134098.0,451726.0,1769.622026,12.455152949753892,2.4873,125.75189999999998,7.748433713,73.40251053292384,71.27916626642774,40.0,3.6888794541139363
3960,JUT-01,134098.0,451726.0,1769.77261244,12.213640392462452,2.485,125.75189999999998,7.748433713,73.40868725989408,71.27916626642774,40.0,3.6888794541139363
3961,JUT-01,134098.0,451726.0,1769.9231988799995,12.28190179177362,2.4806,125.75189999999998,7.748433713,73.41486388073933,71.27916626642774,40.0,3.6888794541139363
3962,JUT-01,134098.0,451726.0,1770.07378532,12.85078716216524,2.4674,125.75189999999998,7.748433713,73.42104039545966,71.27916626642774,40.0,3.6888794541139363
3963,JUT-01,134098.0,451726.0,1770.22437176,13.21424086160728,2.4651,125.75189999999998,7.748433713,73.42721680405498,71.27916626642774,40.0,3.6888794541139363
3964,JUT-01,134098.0,451726.0,1770.3749581999998,12.897784024204803,2.4766,125.75189999999998,7.748433713,73.43339310652533,71.27916626642774,40.0,3.6888794541139363
3965,JUT-01,134098.0,451726.0,1770.52554464,12.490095709695897,2.4882,125.75189999999998,7.748433713,73.43956930287071,71.27916626642774,40.0,3.6888794541139363
3966,JUT-01,134098.0,451726.0,1770.67613108,12.20979911087474,2.493,125.75189999999998,7.748433713,73.44574539309114,71.27916626642774,40.0,3.6888794541139363
3967,JUT-01,134098.0,451726.0,1770.82671752,11.754985463129318,2.5071,125.75189999999998,7.748433713,73.45192137718658,71.27916626642774,40.0,3.6888794541139363
3968,JUT-01,134098.0,451726.0,1770.97730396,11.453910975615294,2.5178,125.75189999999998,7.748433713,73.45809725515704,71.27916626642774,40.0,3.6888794541139363
3969,JUT-01,134098.0,451726.0,1771.1278903999998,11.22017529297976,2.5255,125.75189999999998,7.748433713,73.46427302700253,71.27916626642774,40.0,3.6888794541139363
3970,JUT-01,134098.0,451726.0,1771.27847684,11.277651177130949,2.5177,125.75189999999998,7.748433713,73.4704486927231,71.27916626642774,40.0,3.6888794541139363
3971,JUT-01,134098.0,451726.0,1771.42906328,11.451731625795542,2.5037,125.75189999999998,7.748433713,73.47662425231864,71.27916626642774,40.0,3.6888794541139363
3972,JUT-01,134098.0,451726.0,1771.57964972,11.859477592660168,2.4886,125.75189999999998,7.748433713,73.48279970578922,71.27916626642774,40.0,3.6888794541139363
3973,JUT-01,134098.0,451726.0,1771.7302361599998,12.20343379577388,2.4774,125.75189999999998,7.748433713,73.48897505313482,71.27916626642774,40.0,3.6888794541139363
3974,JUT-01,134098.0,451726.0,1771.8808226,12.323919874107842,2.4748,125.75189999999998,7.748433713,73.4951502943555,71.27916626642774,40.0,3.6888794541139363
3975,JUT-01,134098.0,451726.0,1772.03140904,12.192230160456273,2.4791,125.75189999999998,7.748433713,73.50132542945116,71.27916626642774,40.0,3.6888794541139363
3976,JUT-01,134098.0,451726.0,1772.1819954799998,11.85964400566986,2.4941,125.75189999999998,7.748433713,73.50750045842186,71.27916626642774,40.0,3.6888794541139363
3977,JUT-01,134098.0,451726.0,1772.33258192,11.512005329941474,2.5099,125.75189999999998,7.748433713,73.5136753812676,71.27916626642774,40.0,3.6888794541139363
3978,JUT-01,134098.0,451726.0,1772.48316836,11.339003640936074,2.5164,125.75189999999998,7.748433713,73.51985019798836,71.27916626642774,40.0,3.6888794541139363
3979,JUT-01,134098.0,451726.0,1772.6337548,11.052919388921026,2.5228,125.75189999999998,7.748433713,73.52602490858415,71.27916626642774,40.0,3.6888794541139363
3980,JUT-01,134098.0,451726.0,1772.7843412399998,10.613218558219817,2.5353,125.75189999999998,7.748433713,73.53219951305495,71.27916626642774,40.0,3.6888794541139363
3981,JUT-01,134098.0,451726.0,1772.93492768,10.00793604459882,2.5571,125.75189999999998,7.748433713,73.53837401140082,71.27916626642774,40.0,3.6888794541139363
3982,JUT-01,134098.0,451726.0,1773.08551412,10.00881974173366,2.55,125.75189999999998,7.748433713,73.54454840362169,71.27916626642774,40.0,3.6888794541139363
3983,JUT-01,134098.0,451726.0,1773.2361005599998,10.162016512000786,2.5348,125.75189999999998,7.748433713,73.55072268971759,71.27916626642774,40.0,3.6888794541139363
3984,JUT-01,134098.0,451726.0,1773.386687,10.269935781643262,2.522,125.75189999999998,7.748433713,73.55689686968852,71.27916626642774,40.0,3.6888794541139363
3985,JUT-01,134098.0,451726.0,1773.5372734399998,10.13776432745605,2.522,125.75189999999998,7.748433713,73.56307094353447,71.27916626642774,40.0,3.6888794541139363
3986,JUT-01,134098.0,451726.0,1773.68785988,9.880263187225095,2.5365,125.75189999999998,7.748433713,73.56924491125548,71.27916626642774,40.0,3.6888794541139363
3987,JUT-01,134098.0,451726.0,1773.83844632,9.889394296283214,2.5436,125.75189999999998,7.748433713,73.57541877285148,71.27916626642774,40.0,3.6888794541139363
3988,JUT-01,134098.0,451726.0,1773.98903276,10.020823389938704,2.5442,125.75189999999998,7.748433713,73.58159252832256,71.27916626642774,40.0,3.6888794541139363
3989,JUT-01,134098.0,451726.0,1774.1396191999995,10.105277072606082,2.5473,125.75189999999998,7.748433713,73.58776617766858,71.27916626642774,40.0,3.6888794541139363
3990,JUT-01,134098.0,451726.0,1774.29020564,10.097597781459395,2.5553,125.75189999999998,7.748433713,73.59393972088972,71.27916626642774,40.0,3.6888794541139363
3991,JUT-01,134098.0,451726.0,1774.44079208,9.82551498475671,2.574,125.75189999999998,7.748433713,73.60011315798585,71.27916626642774,40.0,3.6888794541139363
3992,JUT-01,134098.0,451726.0,1774.5913785199998,9.518802766297194,2.5863,125.75189999999998,7.748433713,73.60628648895701,71.27916626642774,40.0,3.6888794541139363
3993,JUT-01,134098.0,451726.0,1774.74196496,9.52565601266476,2.5819,125.75189999999998,7.748433713,73.61245971380322,71.27916626642774,40.0,3.6888794541139363
3994,JUT-01,134098.0,451726.0,1774.8925514,9.38606951268208,2.5853,125.75189999999998,7.748433713,73.61863283252443,71.27916626642774,40.0,3.6888794541139363
3995,JUT-01,134098.0,451726.0,1775.04313784,9.304695341607069,2.5856,125.75189999999998,7.748433713,73.62480584512068,71.27916626642774,40.0,3.6888794541139363
3996,JUT-01,134098.0,451726.0,1775.19372428,9.159460234613498,2.5897,125.75189999999998,7.748433713,73.63097875159197,71.27916626642774,40.0,3.6888794541139363
3997,JUT-01,134098.0,451726.0,1775.3443107199998,9.218806384036611,2.5911,125.75189999999998,7.748433713,73.63715155193825,71.27916626642774,40.0,3.6888794541139363
3998,JUT-01,134098.0,451726.0,1775.49489716,9.355143032982758,2.5884,125.75189999999998,7.748433713,73.64332424615958,71.27916626642774,40.0,3.6888794541139363
3999,JUT-01,134098.0,451726.0,1775.6454836,9.485456432898465,2.586,125.75189999999998,7.748433713,73.64949683425597,71.27916626642774,40.0,3.6888794541139363
4000,JUT-01,134098.0,451726.0,1775.79607004,9.404168589817358,2.586,125.75189999999998,7.748433713,73.65566931622735,71.27916626642774,40.0,3.6888794541139363
4001,JUT-01,134098.0,451726.0,1775.9466564799998,9.225291584689142,2.5885,125.75189999999998,7.748433713,73.66184169207376,71.27916626642774,40.0,3.6888794541139363
4002,JUT-01,134098.0,451726.0,1776.09724292,9.0952378231609,2.5884,125.75189999999998,7.748433713,73.66801396179522,71.27916626642774,40.0,3.6888794541139363
4003,JUT-01,134098.0,451726.0,1776.24782936,9.055319280586463,2.5835,125.75189999999998,7.748433713,73.67418612539171,71.27916626642774,40.0,3.6888794541139363
4004,JUT-01,134098.0,451726.0,1776.3984157999998,8.840973642436794,2.5879,125.75189999999998,7.748433713,73.6803581828632,71.27916626642774,40.0,3.6888794541139363
4005,JUT-01,134098.0,451726.0,1776.54900224,8.545671979493251,2.5966,125.75189999999998,7.748433713,73.68653013420973,71.27916626642774,40.0,3.6888794541139363
4006,JUT-01,134098.0,451726.0,1776.69958868,8.393890368012778,2.5974,125.75189999999998,7.748433713,73.6927019794313,71.27916626642774,40.0,3.6888794541139363
4007,JUT-01,134098.0,451726.0,1776.85017512,8.350261658794095,2.5915,125.75189999999998,7.748433713,73.6988737185279,71.27916626642774,40.0,3.6888794541139363
4008,JUT-01,134098.0,451726.0,1777.0007615599998,8.014187413388083,2.6032,125.75189999999998,7.748433713,73.70504535149952,71.27916626642774,40.0,3.6888794541139363
4009,JUT-01,134098.0,451726.0,1777.151348,7.88843363916443,2.6099,125.75189999999998,7.748433713,73.71121687834618,71.27916626642774,40.0,3.6888794541139363
4010,JUT-01,134098.0,451726.0,1777.30193444,7.785003124125726,2.617,125.75189999999998,7.748433713,73.71738829906785,71.27916626642774,40.0,3.6888794541139363
4011,JUT-01,134098.0,451726.0,1777.4525208799998,7.890109823520621,2.6171,125.75189999999998,7.748433713,73.72355961366456,71.27916626642774,40.0,3.6888794541139363
4012,JUT-01,134098.0,451726.0,1777.60310732,8.203654216746187,2.6061,125.75189999999998,7.748433713,73.7297308221363,71.27916626642774,40.0,3.6888794541139363
4013,JUT-01,134098.0,451726.0,1777.7536937599998,8.38533163336861,2.6021,125.75189999999998,7.748433713,73.73590192448304,71.27916626642774,40.0,3.6888794541139363
4014,JUT-01,134098.0,451726.0,1777.9042802,8.178242886447123,2.6049,125.75189999999998,7.748433713,73.74207292070486,71.27916626642774,40.0,3.6888794541139363
4015,JUT-01,134098.0,451726.0,1778.05486664,7.895411783620872,2.6117,125.75189999999998,7.748433713,73.74824381080168,71.27916626642774,40.0,3.6888794541139363
4016,JUT-01,134098.0,451726.0,1778.20545308,7.393993414348879,2.6292,125.75189999999998,7.748433713,73.75441459477352,71.27916626642774,40.0,3.6888794541139363
4017,JUT-01,134098.0,451726.0,1778.3560395199995,7.3266206463391645,2.6236,125.75189999999998,7.748433713,73.7605852726204,71.27916626642774,40.0,3.6888794541139363
4018,JUT-01,134098.0,451726.0,1778.50662596,7.367891407851514,2.6122,125.75189999999998,7.748433713,73.76675584434233,71.27916626642774,40.0,3.6888794541139363
4019,JUT-01,134098.0,451726.0,1778.6572124,7.191335390225513,2.6124,125.75189999999998,7.748433713,73.77292630993927,71.27916626642774,40.0,3.6888794541139363
4020,JUT-01,134098.0,451726.0,1778.8077988399998,6.845775837061136,2.6216,125.75189999999998,7.748433713,73.77909666941122,71.27916626642774,40.0,3.6888794541139363
4021,JUT-01,134098.0,451726.0,1778.95838528,6.676701103231604,2.6214,125.75189999999998,7.748433713,73.78526692275823,71.27916626642774,40.0,3.6888794541139363
4022,JUT-01,134098.0,451726.0,1779.10897172,6.6356477585331,2.6144,125.75189999999998,7.748433713,73.79143706998025,71.27916626642774,40.0,3.6888794541139363
4023,JUT-01,134098.0,451726.0,1779.25955816,6.515606159451295,2.6116,125.75189999999998,7.748433713,73.7976071110773,71.27916626642774,40.0,3.6888794541139363
4024,JUT-01,134098.0,451726.0,1779.4101446,6.412960501473751,2.615,125.75189999999998,7.748433713,73.80377704604938,71.27916626642774,40.0,3.6888794541139363
4025,JUT-01,134098.0,451726.0,1779.5607310399998,6.303063894166799,2.6238,125.75189999999998,7.748433713,73.8099468748965,71.27916626642774,40.0,3.6888794541139363
4026,JUT-01,134098.0,451726.0,1779.71131748,6.213477609234735,2.6244,125.75189999999998,7.748433713,73.81611659761863,71.27916626642774,40.0,3.6888794541139363
4027,JUT-01,134098.0,451726.0,1779.86190392,6.039299603184443,2.6295,125.75189999999998,7.748433713,73.8222862142158,71.27916626642774,40.0,3.6888794541139363
4028,JUT-01,134098.0,451726.0,1780.01249036,5.884169627796645,2.6336,125.75189999999998,7.748433713,73.82845572468798,71.27916626642774,40.0,3.6888794541139363
4029,JUT-01,134098.0,451726.0,1780.1630767999998,6.068744659972586,2.6287,125.75189999999998,7.748433713,73.8346251290352,71.27916626642774,40.0,3.6888794541139363
4030,JUT-01,134098.0,451726.0,1780.31366324,6.211257778349838,2.6268,125.75189999999998,7.748433713,73.84079442725748,71.27916626642774,40.0,3.6888794541139363
4031,JUT-01,134098.0,451726.0,1780.46424968,6.318272279255954,2.6268,125.75189999999998,7.748433713,73.84696361935475,71.27916626642774,40.0,3.6888794541139363
4032,JUT-01,134098.0,451726.0,1780.6148361199998,6.837098421182688,2.6049,125.75189999999998,7.748433713,73.85313270532706,71.27916626642774,40.0,3.6888794541139363
4033,JUT-01,134098.0,451726.0,1780.76542256,7.427536040712879,2.5986,125.75189999999998,7.748433713,73.85930168517442,71.27916626642774,40.0,3.6888794541139363
4034,JUT-01,134098.0,451726.0,1780.916009,8.78077508914002,2.5904,125.75189999999998,7.748433713,73.86547055889677,71.27916626642774,40.0,3.6888794541139363
