DEPT,GR,DT,RHOB,DRHO
2196.9004,104.057175,,,
2196.8004,103.529541,,,
2196.7004,102.682495,,,
2196.6004,101.369095,,,
2196.5004,99.803574,,,
2196.4004,98.201675,,,
2196.3004,97.441849,,,
2196.2004,97.884537,,,
2196.1004,99.528336,,,
2196.0004,101.933823,,,
2195.9004,104.455399,,,
2195.8004,106.874725,,,
2195.7004,108.42662,,,
2195.6004,108.742844,,,
2195.5004,107.285324,,,
2195.4004,104.462875,,,
2195.3004,100.917557,,,
2195.2004,96.66539,,,
2195.1004,92.443039,,,
2195.0004,88.884766,,,
2194.9004,87.597839,,,
2194.8004,88.784668,,,
2194.7004,91.761902,,,
2194.6004,96.564087,69.336639,,
2194.5004,101.648178,70.638412,,
2194.4004,105.947723,72.41716,,
2194.3004,107.683395,74.401932,,
2194.2004,107.679886,76.831894,,
2194.1004,106.925049,79.622528,,
2194.0004,106.064224,82.36821,,
2193.9004,105.31546,84.192352,,
2193.8004,104.701797,84.790039,,
2193.7004,104.953384,84.372925,,
2193.6004,106.028137,83.680206,,
2193.5004,107.642578,83.068619,,
2193.4004,109.600082,82.104355,,
2193.3004,111.658264,81.149414,,
2193.2004,113.692993,80.755814,,
2193.1004,115.764832,81.185883,,
2193.0004,117.632797,81.483398,,
2192.9004,119.00563,80.983917,,
2192.8004,120.21904,80.274078,,
2192.7004,121.480057,79.340485,,
2192.6004,122.732666,77.754959,,
2192.5004,123.934677,75.470718,,
2192.4004,125.033676,73.030273,,
2192.3004,125.95578,70.94426,,
2192.2004,126.58403,69.87822,,
2192.1004,126.930573,69.711945,,
2192.0004,126.971878,69.732101,,
2191.9004,126.417892,69.966995,,
2191.8004,125.18869,70.405594,,
2191.7004,123.209549,70.703247,,
2191.6004,120.75293,71.024185,,
2191.5004,118.244217,71.200333,,
2191.4004,115.805954,70.596207,,
2191.3004,113.628036,69.499664,,
2191.2004,111.589813,68.494095,,
2191.1004,109.363571,67.64566,,
2191.0004,106.210846,66.8564,,
2190.9004,101.613434,66.146957,,
2190.8004,95.85939,65.774216,,
2190.7004,89.937271,65.820328,,
2190.6004,85.25679,65.987961,,
2190.5004,83.654816,65.803772,,
2190.4004,85.850525,65.511215,,
2190.3004,89.987198,65.710037,,
2190.2004,95.314087,66.214935,,
2190.1004,100.115646,66.675354,,
2190.0004,102.847977,66.93898,,
2189.9004,102.203934,67.242752,,
2189.8004,98.213974,67.682602,,
2189.7004,93.507858,67.960785,,
2189.6004,89.201965,67.795639,,
2189.5004,86.415131,67.492661,,
2189.4004,85.18428,67.851364,,
2189.3004,85.741364,68.452423,,
2189.2004,87.490356,68.704681,,
2189.1004,89.748962,68.819992,,
2189.0004,92.876816,68.909103,,
2188.9004,97.087662,68.80426,,
2188.8004,101.379257,68.291595,,
2188.7004,105.045044,67.65564,,
2188.6004,107.733871,67.372238,,
2188.5004,110.03009,67.473999,,
2188.4004,111.815918,67.977386,,
2188.3004,112.568985,68.688599,,
2188.2004,112.56189,69.113922,,
2188.1004,112.200104,69.409134,,
2188.0004,112.011978,69.739273,,
2187.9004,111.570831,69.384567,,
2187.8004,110.481171,68.229736,,
2187.7004,108.83699,66.884064,,
2187.6004,107.060043,65.88382,,
2187.5004,105.563553,65.437775,,
2187.4004,104.30484,65.376984,,
2187.3004,103.612534,65.450394,,
2187.2004,103.458618,65.744995,,
2187.1004,103.390533,66.285019,,
2187.0004,103.482651,66.567963,,
2186.9004,103.791168,66.536575,,
2186.8004,104.312241,66.626617,,
2186.7004,105.036667,67.149368,,
2186.6004,105.8703,68.300873,,
2186.5004,106.732147,70.015228,,
2186.4004,107.395645,72.437653,,
2186.3004,107.770096,75.044876,,
2186.2004,107.940308,76.980804,,
2186.1004,107.795609,77.845978,,
2186.0004,107.420013,77.508591,,
2185.9004,107.01149,76.277237,,
2185.8004,107.220596,75.042206,,
2185.7004,108.111099,74.435608,,
2185.6004,109.224518,74.474823,,
2185.5004,110.313339,75.78067,,
2185.4004,111.305099,78.072525,,
2185.3004,112.196548,80.502701,,
2185.2004,112.350861,82.511871,,
2185.1004,111.673904,84.709488,,
2185.0004,110.804382,88.161743,,
2184.9004,110.01973,92.883392,,
2184.8004,109.315994,95.730942,,
2184.7004,108.843109,92.528641,,
2184.6004,108.575241,87.31279,,
2184.5004,108.421616,83.583328,,
2184.4004,108.46907,80.782425,,
2184.3004,108.696045,78.555496,,
2184.2004,109.062241,77.058258,,
2184.1004,109.615448,76.703735,,
2184.0004,110.251526,77.432205,,
2183.9004,110.881317,78.775192,,
2183.8004,109.277344,80.311493,,
2183.7004,105.447876,82.305679,,
2183.6004,99.928528,84.894348,,
2183.5004,94.394867,87.874573,,
2183.4004,89.917847,92.210159,,
2183.3004,87.353592,98.160782,,
2183.2004,88.398849,104.324051,,
2183.1004,91.9897,108.617325,,
2183.0004,96.761215,110.1492,,
2182.9004,101.507324,109.063843,,
2182.8004,105.409256,104.053009,,
2182.7004,107.636017,94.95015,,
2182.6004,108.033737,86.490021,,
2182.5004,107.199631,81.054214,,
2182.4004,105.53511,77.516312,,
2182.3004,103.119736,74.672516,,
2182.2004,100.310928,72.374695,,
2182.1004,97.825745,70.810333,,
2182.0004,96.320923,70.015869,,
2181.9004,95.832962,69.693634,,
2181.8004,96.547836,69.545807,,
2181.7004,98.001801,69.455658,,
2181.6004,99.48262,69.38063,,
2181.5004,100.383118,69.307938,,
2181.4004,100.280609,69.230606,,
2181.3004,99.316162,69.142792,,
2181.2004,97.370544,69.047318,,
2181.1004,95.250443,68.934982,,
2181.0004,93.877869,68.797928,,
2180.9004,93.798782,68.632126,,
2180.8004,94.546509,68.405716,,
2180.7004,95.042419,67.807312,,
2180.6004,95.357056,66.090347,,
2180.5004,95.893509,63.649399,,
2180.4004,97.031067,61.941895,,
2180.3004,98.23259,62.08725,,
2180.2004,98.914474,63.924873,,
2180.1004,99.265076,65.983398,,
2180.0004,99.274445,67.525986,,
2179.9004,99.115051,68.545639,,
2179.8004,99.005814,69.344742,,
2179.7004,99.010178,69.999527,,
2179.6004,99.007339,70.481461,,
2179.5004,98.708557,70.80542,,
2179.4004,97.8694,70.925064,,
2179.3004,96.849701,70.793137,,
2179.2004,96.867752,70.541367,,
2179.1004,98.246872,70.574265,,
2179.0004,100.172165,71.608337,,
2178.9004,102.579651,73.960434,,
2178.8004,105.25766,76.796661,,
2178.7004,107.298645,79.032089,,
2178.6004,106.705841,80.822083,,
2178.5004,101.965958,82.402298,,
2178.4004,94.782196,83.710159,,
2178.3004,88.052109,84.541885,,
2178.2004,84.941422,85.461395,,
2178.1004,85.90184,87.20192,,
2178.0004,89.421371,89.056274,,
2177.9004,93.672989,90.452866,,
2177.8004,97.683334,91.094879,,
2177.7004,101.473328,90.592056,,
2177.6004,104.99173,87.738037,,
2177.5004,108.051743,82.521317,,
2177.4004,110.382431,78.345779,,
2177.3004,111.919098,76.88559,,
2177.2004,113.224716,76.349121,,
2177.1004,113.846619,76.09491,,
2177.0004,113.474091,76.189163,,
2176.9004,112.533798,76.49794,,
2176.8004,111.473251,76.727844,,
2176.7004,110.820587,76.563797,,
2176.6004,110.595856,75.925735,,
2176.5004,110.958847,74.953888,,
2176.4004,111.675674,73.930191,,
2176.3004,112.191574,73.150391,,
2176.2004,112.003357,72.738663,,
2176.1004,111.097519,72.658752,,
2176.0004,109.818069,72.75856,,
2175.9004,108.479324,72.871582,,
2175.8004,107.43103,73.004761,,
2175.7004,107.536148,73.312195,,
2175.6004,108.342804,73.79834,,
2175.5004,108.928375,74.45079,,
2175.4004,109.192398,75.31575,,
2175.3004,108.962204,76.310989,,
2175.2004,108.285736,77.100906,,
2175.1004,107.709335,77.295593,,
2175.0004,107.411163,76.875076,,
2174.9004,107.274658,76.160339,,
2174.8004,107.197479,75.421051,,
2174.7004,106.86441,75.519669,,
2174.6004,106.101913,76.680298,,
2174.5004,104.296951,78.376068,,
2174.4004,101.965714,80.270645,,
2174.3004,99.792679,82.02626,,
2174.2004,100.726318,83.136856,,
2174.1004,104.581802,83.17598,,
2174.0004,110.456528,82.380356,,
2173.9004,120.256897,81.381866,,
2173.8004,131.152618,80.570663,,
2173.7004,139.756104,79.957733,,
2173.6004,144.470886,79.507431,,
2173.5004,145.762207,79.368011,,
2173.4004,143.275513,79.568771,,
2173.3004,137.996399,79.806259,,
2173.2004,131.80069,79.934067,,
2173.1004,125.968567,80.023224,,
2173.0004,121.796646,80.39357,,
2172.9004,119.276627,81.045975,,
2172.8004,118.71524,81.773117,,
2172.7004,119.164093,81.99855,,
2172.6004,119.651688,81.902985,,
2172.5004,119.013367,82.0121,,
2172.4004,117.637192,82.384048,,
2172.3004,116.098099,82.653214,,
2172.2004,114.685394,82.475128,,
2172.1004,113.370697,81.817871,,
2172.0004,112.07309,80.892426,,
2171.9004,110.929367,79.892731,,
2171.8004,110.016464,78.814438,,
2171.7004,109.329758,77.84816,,
2171.6004,108.991364,77.424164,,
2171.5004,108.943863,77.179077,,
2171.4004,109.097656,77.096207,,
2171.3004,109.24852,78.220093,,
2171.2004,108.980331,80.108948,,
2171.1004,108.009689,81.780411,,
2171.0004,106.699997,83.738586,,
2170.9004,105.447098,86.581039,,
2170.8004,104.261017,89.585388,,
2170.7004,103.423187,90.07486,,
2170.6004,103.135666,88.135071,,
2170.5004,103.395416,86.356033,,
2170.4004,103.400864,85.347046,,
2170.3004,102.394669,84.472,,
2170.2004,100.231659,83.07811,,
2170.1004,97.568298,81.388107,,
2170.0004,95.45372,79.692413,,
2169.9004,93.933182,77.85643,,
2169.8004,93.029434,75.941193,,
2169.7004,92.713608,74.190491,,
2169.6004,93.480652,72.697189,,
2169.5004,95.106506,71.661392,,
2169.4004,96.66803,71.375961,,
2169.3004,98.227554,71.827805,,
2169.2004,99.748932,72.43634,,
2169.1004,101.146347,72.577957,,
2169.0004,102.316223,72.481766,,
2168.9004,103.238419,72.370346,,
2168.8004,104.143173,72.356598,,
2168.7004,105.042404,72.477371,,
2168.6004,105.931549,72.670105,,
2168.5004,106.864243,72.816406,,
2168.4004,107.925217,72.883041,,
2168.3004,109.033585,72.810745,,
2168.2004,109.908264,72.770447,,
2168.1004,110.425079,73.40538,,
2168.0004,110.579895,74.800003,,
2167.9004,110.576721,76.431335,,
2167.8004,110.395996,78.440964,,
2167.7004,110.093201,81.027969,,
2167.6004,109.730072,83.600403,,
2167.5004,109.015427,84.882416,,
2167.4004,107.836914,84.203705,,
2167.3004,106.92305,82.466248,,
2167.2004,106.766571,80.383377,,
2167.1004,107.455246,78.352753,,
2167.0004,108.29425,76.727448,,
2166.9004,109.06781,75.743042,,
2166.8004,109.65242,75.433395,,
2166.7004,109.89032,75.397842,,
2166.6004,109.706924,75.468628,,
2166.5004,109.276611,75.599976,,
2166.4004,108.722427,75.728729,,
2166.3004,108.219223,75.823639,,
2166.2004,107.999146,75.87674,,
2166.1004,108.371994,75.908249,,
2166.0004,109.296448,75.922562,,
2165.9004,110.259781,75.919769,,
2165.8004,110.819153,75.907471,,
2165.7004,110.828995,75.910751,,
2165.6004,110.568115,75.966507,,
2165.5004,110.315826,76.097977,,
2165.4004,110.434509,76.29837,,
2165.3004,111.031525,76.575363,,
2165.2004,112.188385,76.99324,,
2165.1004,113.688766,77.73967,,
2165.0004,115.320114,78.818665,,
2164.9004,117.191971,79.955292,,
2164.8004,118.857117,81.059326,,
2164.7004,119.794525,82.147537,,
2164.6004,119.409546,83.09758,,
2164.5004,118.114914,83.60994,,
2164.4004,116.497162,83.493866,,
2164.3004,114.80278,82.549515,,
2164.2004,113.215027,80.754852,,
2164.1004,111.946655,78.487778,,
2164.0004,111.946548,76.338821,,
2163.9004,113.09761,75.235947,,
2163.8004,114.85968,75.537354,,
2163.7004,117.003525,76.763138,,
2163.6004,119.272598,78.346542,,
2163.5004,121.372971,79.944122,,
2163.4004,122.628967,80.87532,,
2163.3004,122.941757,81.180267,,
2163.2004,122.281403,81.342163,,
2163.1004,121.577454,81.95517,,
2163.0004,121.37355,82.640015,,
2162.9004,122.069565,82.746262,,
2162.8004,123.038132,83.639236,,
2162.7004,123.686569,85.267914,,
2162.6004,122.764587,86.409988,,
2162.5004,120.361954,86.90184,,
2162.4004,117.096832,87.168381,,
2162.3004,113.802322,87.4375,,
2162.2004,111.248657,86.820572,,
2162.1004,109.593231,85.118729,,
2162.0004,109.789871,82.906784,,
2161.9004,111.421967,81.540436,,
2161.8004,113.961517,81.583023,,
2161.7004,117.469482,83.005219,,
2161.6004,120.852585,85.683441,,
2161.5004,123.300644,89.297211,,
2161.4004,121.664261,93.465347,,
2161.3004,116.59021,97.685547,,
2161.2004,109.761871,101.538757,,
2161.1004,102.514862,104.535385,,
2161.0004,96.158569,106.949585,,
2160.9004,91.940598,109.270493,,
2160.8004,91.259293,111.326691,,
2160.7004,93.368973,112.653397,,
2160.6004,97.553436,112.937897,,
2160.5004,103.335236,111.673477,,
2160.4004,110.270401,108.447861,,
2160.3004,118.375793,103.652237,,
2160.2004,125.703857,98.753448,,
2160.1004,130.495422,93.836349,,
2160.0004,132.677582,87.594162,,
2159.9004,133.005768,82.168533,,
2159.8004,132.755554,79.403931,,
2159.7004,132.109375,78.01004,,
2159.6004,131.217316,77.206482,,
2159.5004,130.242798,76.728149,,
2159.4004,129.326202,76.383423,,
2159.3004,128.648102,76.108414,,
2159.2004,128.326782,75.865738,,
2159.1004,128.539429,75.623947,,
2159.0004,128.608185,75.392212,,
2158.9004,127.523972,75.201523,,
2158.8004,126.60817,75.060272,,
2158.7004,126.654144,74.967682,,
2158.6004,126.687714,74.910889,,
2158.5004,126.855362,74.872513,,
2158.4004,127.329605,74.818802,,
2158.3004,128.080994,74.717529,,
2158.2004,129.02002,74.604584,,
2158.1004,129.922516,74.517365,,
2158.0004,130.750549,74.409439,,
2157.9004,131.55368,74.121231,,
2157.8004,132.373535,73.592728,,
2157.7004,133.196442,72.994492,,
2157.6004,133.921844,72.44072,,
2157.5004,134.314789,72.013351,,
2157.4004,134.156433,71.734085,,
2157.3004,133.32193,71.605942,,
2157.2004,132.03125,71.566666,,
2157.1004,130.43396,71.497223,,
2157.0004,128.697418,71.476639,,
2156.9004,126.956741,71.595566,,
2156.8004,124.940155,71.697052,,
2156.7004,121.872452,71.500549,,
2156.6004,117.130554,70.882385,,
2156.5004,111.279114,70.248581,,
2156.4004,104.776611,69.804108,,
2156.3004,98.599701,69.410309,,
2156.2004,94.259003,68.618179,,
2156.1004,92.796463,67.085068,,
2156.0004,93.285202,64.978317,,
2155.9004,94.90921,63.135246,,
2155.8004,96.829193,62.390129,,
2155.7004,98.873032,62.910675,,
2155.6004,101.701065,63.937889,,
2155.5004,105.250198,65.019775,,
2155.4004,108.408096,65.97728,,
2155.3004,110.267349,66.639938,,
2155.2004,110.491119,66.65686,,
2155.1004,109.635071,66.036942,,
2155.0004,108.815414,65.497971,,
2154.9004,108.889191,65.525665,,
2154.8004,109.701767,65.972992,,
2154.7004,111.069199,66.21875,,
2154.6004,112.460754,66.282654,,
2154.5004,113.551941,66.6064,,
2154.4004,113.976135,67.129166,,
2154.3004,113.759583,67.556091,,
2154.2004,113.049164,67.739731,,
2154.1004,111.530029,67.573853,,
2154.0004,108.781433,67.317184,,
2153.9004,103.503845,67.399689,,
2153.8004,95.591843,69.266617,,
2153.7004,86.338135,73.624115,,
2153.6004,78.217987,79.998352,,
2153.5004,71.707657,87.478577,,
2153.4004,66.476212,95.822128,,
2153.3004,65.746033,105.040955,,
2153.2004,68.825638,113.565002,,
2153.1004,73.992355,120.429581,,
2153.0004,82.350937,125.402145,,
2152.9004,90.608902,124.372971,,
2152.8004,96.39592,115.925201,,
2152.7004,100.090256,101.518387,,
2152.6004,102.734909,88.05864,,
2152.5004,104.769516,79.375504,,
2152.4004,106.297012,74.724243,,
2152.3004,107.600464,72.536026,,
2152.2004,108.809982,71.629242,,
2152.1004,109.548233,71.453293,,
2152.0004,109.998489,71.671219,,
2151.9004,110.42186,72.030792,,
2151.8004,111.353424,72.452728,,
2151.7004,112.549026,72.906769,,
2151.6004,113.541,73.339355,,
2151.5004,114.541885,73.661591,,
2151.4004,115.785797,73.799225,,
2151.3004,117.473389,73.790665,,
2151.2004,119.439575,73.820389,,
2151.1004,121.316147,74.072601,,
2151.0004,122.846619,74.554688,,
2150.9004,124.196808,74.934402,,
2150.8004,125.464249,75.110336,,
2150.7004,126.546005,75.212753,,
2150.6004,127.237823,74.856171,,
2150.5004,127.469772,74.348541,,
2150.4004,126.953903,74.356339,,
2150.3004,125.614136,74.110092,,
2150.2004,123.904724,73.263046,,
2150.1004,123.310135,72.398666,,
2150.0004,123.725403,71.730957,,
2149.9004,124.24942,71.139862,,
2149.8004,124.73468,70.582275,,
2149.7004,125.105484,69.983246,,
2149.6004,125.384918,69.248871,,
2149.5004,125.502151,68.403717,,
2149.4004,125.40686,67.64743,,
2149.3004,125.113022,67.278931,,
2149.2004,124.773788,67.497009,,
2149.1004,124.60495,68.040405,,
2149.0004,124.711136,68.497375,,
2148.9004,125.204178,68.88942,,
2148.8004,125.962372,69.250595,,
2148.7004,126.693024,69.514999,,
2148.6004,127.105545,69.685135,,
2148.5004,126.913284,69.810638,,
2148.4004,126.109436,69.942596,,
2148.3004,125.041885,70.067062,,
2148.2004,124.18071,70.204788,,
2148.1004,123.446457,70.376709,,
2148.0004,122.837677,70.422501,,
2147.9004,122.347031,70.250656,,
2147.8004,122.028427,70.028076,,
2147.7004,121.958694,69.808228,,
2147.6004,122.177872,69.576996,,
2147.5004,122.746201,69.355698,,
2147.4004,123.66423,69.21936,,
2147.3004,124.426147,69.218323,,
2147.2004,124.214798,69.247772,,
2147.1004,122.793213,69.312103,,
2147.0004,121.135788,69.451523,,
2146.9004,119.504089,69.59465,,
2146.8004,118.063004,69.632935,,
2146.7004,116.756439,69.442642,,
2146.6004,115.598618,69.009888,,
2146.5004,114.647827,68.377609,,
2146.4004,113.855728,67.674866,,
2146.3004,113.341248,67.105957,,
2146.2004,113.128006,66.950424,,
2146.1004,112.841782,67.292587,,
2146.0004,111.872147,67.72522,,
2145.9004,109.885712,68.15918,,
2145.8003,107.649185,69.024384,,
2145.7003,105.501205,70.871414,,
2145.6003,104.21257,73.632278,,
2145.5003,104.456726,76.508698,,
2145.4003,106.118759,79.283188,,
2145.3003,108.412186,82.032211,,
2145.2003,110.838165,84.701279,,
2145.1003,112.7509,86.833694,,
2145.0003,113.677902,87.967651,,
2144.9003,113.641098,88.087463,,
2144.8003,112.737595,87.344406,,
2144.7003,111.428726,85.786606,,
2144.6003,109.837128,83.50293,,
2144.5003,108.087219,79.971924,,
2144.4003,106.416992,75.913162,,
2144.3003,105.158157,73.084167,,
2144.2003,104.320557,71.069931,,
2144.1003,103.692032,69.442291,,
2144.0003,103.216263,68.607239,,
2143.9003,102.898758,68.786316,,
2143.8003,102.702972,69.554199,,
2143.7003,102.440094,70.297852,,
2143.6003,102.126617,70.762604,,
2143.5003,101.867355,70.990768,,
2143.4003,101.786285,71.130341,,
2143.3003,101.901718,71.180054,,
2143.2003,102.151581,71.119232,,
2143.1003,102.565002,70.956711,,
2143.0003,103.063354,70.773117,,
2142.9003,103.591019,70.645599,,
2142.8003,103.403625,70.625244,,
2142.7003,102.731262,70.534164,,
2142.6003,101.992004,70.350616,,
2142.5003,101.853516,70.368484,,
2142.4003,102.227768,70.636749,,
2142.3003,102.857605,70.998215,,
2142.2003,103.659744,71.29213,,
2142.1003,104.60997,71.438522,,
2142.0003,105.7341,71.487396,,
2141.9003,106.822144,71.654236,,
2141.8003,107.850174,71.720291,,
2141.7003,108.89653,71.508255,,
2141.6003,110.053421,71.482635,,
2141.5003,111.326965,71.848328,,
2141.4003,112.654877,72.43013,,
2141.3003,113.828262,72.686798,,
2141.2003,114.799011,72.745926,,
2141.1003,115.545578,73.00914,,
2141.0003,115.977463,73.190628,,
2140.9003,116.07402,73.176544,,
2140.8003,115.631851,73.144821,,
2140.7003,115.2435,73.546936,,
2140.6003,115.282578,74.211243,,
2140.5003,115.902023,74.619965,,
2140.4003,115.803925,74.835571,,
2140.3003,114.40657,74.886032,,
2140.2003,112.562027,74.556091,,
2140.1003,110.871048,73.942322,,
2140.0003,109.471909,73.370773,,
2139.9003,109.197754,73.029053,,
2139.8003,109.495224,72.771317,,
2139.7003,109.469437,72.532181,,
2139.6003,109.069382,72.568176,,
2139.5003,108.436295,72.808914,,
2139.4003,107.670975,73.034241,,
2139.3003,107.110428,73.268234,,
2139.2003,107.01265,73.605972,,
2139.1003,107.385254,74.050232,,
2139.0003,108.298447,74.43895,,
2138.9003,109.547302,74.612686,,
2138.8003,110.900742,74.566818,,
2138.7003,111.657242,74.395432,,
2138.6003,111.469833,74.276306,,
2138.5003,110.688431,74.310684,,
2138.4003,109.666245,74.283859,,
2138.3003,108.805344,74.141663,,
2138.2003,108.134659,74.051636,,
2138.1003,107.685516,73.724854,,
2138.0003,107.357697,73.024628,,
2137.9003,107.085068,72.359283,,
2137.8003,106.875656,72.094269,,
2137.7003,106.755768,72.242432,,
2137.6003,106.795258,72.425125,,
2137.5003,107.040298,72.546417,,
2137.4003,107.435577,72.664017,,
2137.3003,107.915741,72.75145,,
2137.2003,108.126648,72.725708,,
2137.1003,107.643204,72.54155,,
2137.0003,106.728622,72.325729,,
2136.9003,105.802078,72.184052,,
2136.8003,105.251968,72.116562,,
2136.7003,104.993103,71.971909,,
2136.6003,104.898239,71.794266,,
2136.5003,104.906891,71.775101,,
2136.4003,105.157944,71.84343,,
2136.3003,105.71637,71.924927,,
2136.2003,106.3405,72.000427,,
2136.1003,106.979904,72.05397,,
2136.0003,107.538528,72.050201,,
2135.9003,107.939697,71.982437,,
2135.8003,108.134201,71.942154,,
2135.7003,108.129944,71.938919,,
2135.6003,108.004715,71.859619,,
2135.5003,107.832886,71.735718,,
2135.4003,107.774231,71.678238,,
2135.3003,107.942291,71.771133,,
2135.2003,108.426254,72.008972,,
2135.1003,109.128799,72.262741,,
2135.0003,109.878326,72.360138,,
2134.9003,110.57872,72.397232,,
2134.8003,111.153381,72.522873,,
2134.7003,111.596924,72.704239,,
2134.6003,111.941833,72.710205,,
2134.5003,112.30043,72.421127,,
2134.4003,112.689453,72.057648,,
2134.3003,113.004288,71.909409,,
2134.2003,113.111191,72.035995,,
2134.1003,112.777649,72.171722,,
2134.0003,111.902069,72.353897,,
2133.9003,110.681198,72.646545,,
2133.8003,109.313232,72.886246,,
2133.7003,107.925522,72.604919,,
2133.6003,106.551102,71.821167,,
2133.5003,105.111908,71.262451,,
2133.4003,103.423965,70.856171,,
2133.3003,101.468048,70.306732,,
2133.2003,99.470566,69.785873,,
2133.1003,97.66745,69.557632,,
2133.0003,96.170029,69.623032,,
2132.9003,94.912231,69.769547,,
2132.8003,93.886795,69.805756,,
2132.7003,93.194183,69.735245,,
2132.6003,93.25116,69.772125,,
2132.5003,93.900055,70.017273,,
2132.4003,94.834778,70.373642,,
2132.3003,94.908508,70.639572,,
2132.2003,93.882141,70.681534,,
2132.1003,91.845795,70.493347,,
2132.0003,88.998169,69.994003,,
2131.9003,85.830658,69.266449,,
2131.8003,82.659149,68.439651,,
2131.7003,79.977325,67.466827,,
2131.6003,78.100037,66.622604,,
2131.5003,77.67627,66.15712,,
2131.4003,78.355606,65.763565,,
2131.3003,79.636429,65.48671,,
2131.2003,81.62114,65.627487,,
2131.1003,84.539627,66.027725,,
2131.0003,88.26001,66.448013,,
2130.9003,92.060654,66.812653,,
2130.8003,95.531601,67.219177,,
2130.7003,98.772263,67.727661,,
2130.6003,101.470627,68.318375,,
2130.5003,103.199295,68.82106,,
2130.4003,103.9561,69.183563,,
2130.3003,103.142929,69.428223,,
2130.2003,101.103958,69.591492,,
2130.1003,98.265305,69.702026,,
2130.0003,95.199097,69.774307,,
2129.9003,92.178162,69.817993,,
2129.8003,89.288651,69.81337,,
2129.7003,87.156799,69.683105,,
2129.6003,85.973206,69.373734,,
2129.5003,85.849823,68.950729,,
2129.4003,86.726074,68.55748,,
2129.3003,88.280853,68.07756,,
2129.2003,90.410294,67.442108,,
2129.1003,92.200882,67.084686,,
2129.0003,92.96785,67.231918,,
2128.9003,92.376175,67.670197,,
2128.8003,90.41008,68.153,,
2128.7003,87.816605,68.516663,,
2128.6003,85.193237,68.753006,,
2128.5003,83.435883,68.862289,,
2128.4003,82.955551,68.842133,,
2128.3003,83.938934,68.70459,,
2128.2003,85.770706,68.354477,,
2128.1003,87.378098,67.716507,,
2128.0003,88.818634,66.838486,,
2127.9003,89.947678,66.074158,,
2127.8003,90.557541,65.804169,,
2127.7003,90.381866,65.970413,,
2127.6003,89.737259,66.441177,,
2127.5003,89.483932,67.009872,,
2127.4003,90.021255,67.516815,,
2127.3003,91.136871,67.816498,,
2127.2003,91.801208,67.843643,,
2127.1003,91.178619,67.640778,,
2127.0003,89.251129,67.305389,,
2126.9003,87.54213,67.023224,,
2126.8003,86.281952,66.966309,,
2126.7003,85.768768,67.264938,,
2126.6003,86.020126,67.897827,,
2126.5003,87.012955,68.658936,,
2126.4003,88.481583,69.264587,,
2126.3003,90.21933,69.404251,,
2126.2003,92.219803,69.045502,,
2126.1003,94.458221,68.43866,,
2126.0003,96.938034,68.093124,,
2125.9003,99.581085,68.227249,,
2125.8003,102.091705,68.792084,,
2125.7003,104.046494,69.394897,,
2125.6003,105.176971,69.79303,,
2125.5003,105.505737,69.981903,,
2125.4003,105.13269,70.197876,,
2125.3003,104.481705,70.377777,,
2125.2003,104.153473,70.430405,,
2125.1003,103.573502,70.498734,,
2125.0003,102.646027,70.450745,,
2124.9003,101.876709,70.162064,,
2124.8003,101.646118,69.911209,,
2124.7003,101.810944,69.831024,,
2124.6003,101.610321,69.936142,,
2124.5003,100.896729,70.19606,,
2124.4003,99.601578,70.610733,,
2124.3003,98.031479,70.988525,,
2124.2003,96.287079,70.963821,,
2124.1003,94.508682,70.656799,,
2124.0003,92.837357,70.399918,,
2123.9003,91.910736,70.076599,,
2123.8003,92.09169,69.653915,,
2123.7003,92.930161,69.299454,,
2123.6003,94.266037,69.204544,,
2123.5003,95.585678,69.282959,,
2123.4003,96.539612,69.310272,,
2123.3003,96.953201,69.330765,,
2123.2003,96.940781,69.417389,,
2123.1003,96.722641,69.560089,,
2123.0003,96.7659,69.733063,,
2122.9003,97.289856,69.759811,,
2122.8003,98.176956,69.526596,,
2122.7003,99.48848,69.237091,,
2122.6003,101.052551,68.974289,,
2122.5003,102.624069,68.69783,,
2122.4003,103.688599,68.660278,,
2122.3003,104.184402,68.906616,,
2122.2003,104.254791,69.242279,,
2122.1003,103.658615,69.531937,,
2122.0003,102.448212,69.815582,,
2121.9003,100.727631,70.18306,,
2121.8003,98.760254,70.546631,,
2121.7003,96.92157,70.665527,,
2121.6003,96.284485,70.370865,,
2121.5003,96.75412,70.217163,,
2121.4003,97.757385,70.392685,,
2121.3003,98.688705,70.632401,,
2121.2003,99.303177,70.750198,,
2121.1003,99.634354,70.708801,,
2121.0003,99.847107,70.504318,,
2120.9003,100.207367,69.998917,,
2120.8003,100.804764,69.350281,,
2120.7003,102.242691,68.89473,,
2120.6003,103.89476,68.710922,,
2120.5003,105.231094,68.707382,,
2120.4003,105.62941,68.887253,,
2120.3003,105.197388,69.213181,,
2120.2003,104.102966,69.555374,,
2120.1003,102.359985,69.686554,,
2120.0003,100.210403,69.615479,,
2119.9003,97.680222,69.486252,,
2119.8003,94.827454,69.428299,,
2119.7003,92.410904,69.325104,,
2119.6003,91.389084,69.073517,,
2119.5003,91.614182,68.774048,,
2119.4003,92.359863,68.463425,,
2119.3003,93.184631,68.13353,,
2119.2003,93.970871,67.963364,,
2119.1003,94.772888,68.085663,,
2119.0003,95.688934,68.470505,,
2118.9003,97.126144,68.851257,,
2118.8003,99.026215,69.216171,,
2118.7003,100.786209,69.727768,,
2118.6003,101.926392,69.945282,,
2118.5003,102.486145,69.891083,,
2118.4003,102.737,70.136368,,
2118.3003,103.30751,70.531891,,
2118.2003,104.496536,70.723267,,
2118.1003,106.050613,70.704346,,
2118.0003,107.627167,70.557495,,
2117.9003,108.980942,70.319443,,
2117.8003,110.212631,69.955551,,
2117.7003,111.027969,69.75412,,
2117.6003,111.014297,69.861099,,
2117.5003,109.507019,69.915375,,
2117.4003,106.884918,69.808823,,
2117.3003,104.542007,69.802155,,
2117.2003,103.037491,70.138947,,
2117.1003,102.558289,70.105896,,
2117.0003,102.572632,69.045914,,
2116.9003,102.972382,68.047195,,
2116.8003,103.399948,67.954514,,
2116.7003,103.511276,68.413437,,
2116.6003,103.404236,68.594925,,
2116.5003,103.379242,68.421356,,
2116.4003,103.550003,68.69223,,
2116.3003,104.010834,69.485504,,
2116.2003,104.776428,70.324219,,
2116.1003,105.888443,70.680939,,
2116.0003,107.414612,70.642639,,
2115.9003,109.26178,70.576187,,
2115.8003,111.276749,70.746033,,
2115.7003,112.73494,70.979065,,
2115.6003,112.718491,70.963791,,
2115.5003,111.342377,70.682846,,
2115.4003,109.064468,70.325653,,
2115.3003,107.175659,70.2883,,
2115.2003,106.004318,70.861786,,
2115.1003,105.878006,71.62883,,
2115.0003,106.437408,71.883606,,
2114.9003,107.509979,71.721817,,
2114.8003,108.965714,71.522018,,
2114.7003,110.662674,71.567902,,
2114.6003,112.251114,71.574844,,
2114.5003,113.055435,71.633423,,
2114.4003,112.486954,72.072449,,
2114.3003,110.084198,72.720764,,
2114.2003,105.636368,73.590317,,
2114.1003,99.743164,74.772751,,
2114.0003,91.838226,76.126404,,
2113.9003,82.484894,78.395538,,
2113.8003,74.366791,82.109726,,
2113.7003,70.683136,85.963806,,
2113.6003,72.662994,90.150314,,
2113.5003,77.204483,96.363403,,
2113.4003,83.936386,105.633682,,
2113.3003,91.559036,114.841812,,
2113.2003,98.971283,118.674042,,
2113.1003,105.714325,115.372543,,
2113.0003,111.407104,107.428009,,
2112.9003,115.824448,99.327332,,
2112.8003,118.001587,91.329163,,
2112.7003,118.223572,83.73288,,
2112.6003,117.662079,77.780106,,
2112.5003,116.944183,74.707703,,
2112.4003,116.397766,74.314926,,
2112.3003,116.157394,75.044266,,
2112.2003,116.379868,75.860046,,
2112.1003,116.962769,76.651245,,
2112.0003,117.555191,77.87001,,
2111.9003,117.871445,79.211212,,
2111.8003,117.901184,80.135788,,
2111.7003,117.740265,80.39151,,
2111.6003,117.402557,80.489822,,
2111.5003,116.891754,80.610001,,
2111.4003,116.258041,80.26738,,
2111.3003,115.538177,79.63797,,
2111.2003,114.737885,79.121643,,
2111.1003,113.940445,78.854935,,
2111.0003,113.135254,78.569748,,
2110.9003,112.296082,78.221466,,
2110.8003,111.517395,78.198196,,
2110.7003,110.890091,77.99086,,
2110.6003,110.505676,77.372711,,
2110.5003,111.03775,77.08345,,
2110.4003,111.987656,77.007507,,
2110.3003,112.579269,76.734222,,
2110.2003,112.47345,76.334869,,
2110.1003,112.015717,76.229279,,
2110.0003,111.631134,76.528641,,
2109.9003,111.46048,76.791122,,
2109.8003,111.406418,76.902267,,
2109.7003,111.333679,77.023468,,
2109.6003,111.165848,77.317734,,
2109.5003,110.807068,77.646469,,
2109.4003,109.929688,77.838745,,
2109.3003,107.674973,77.835693,,
2109.2003,104.364075,77.698898,,
2109.1003,101.196884,77.495453,,
2109.0003,99.854553,76.624481,,
2108.9003,100.453766,75.099579,,
2108.8003,102.287994,73.358322,,
2108.7003,103.527832,71.970291,,
2108.6003,103.24263,71.24968,,
2108.5003,99.9245,71.319519,,
2108.4003,93.676102,71.766724,,
2108.3003,85.457413,72.237778,,
2108.2003,76.241562,72.78511,,
2108.1003,67.598114,73.087692,,
2108.0003,59.855858,72.514893,,
2107.9003,53.024406,70.272125,,
2107.8003,48.48941,67.039658,,
2107.7003,47.741463,64.418121,,
2107.6003,51.641708,63.925072,,
2107.5003,58.515442,65.440491,,
2107.4003,66.328812,67.868713,,
2107.3003,75.038559,70.718689,,
2107.2003,83.912048,73.232758,,
2107.1003,91.456696,74.594543,,
2107.0003,96.40358,74.830597,,
2106.9003,99.108749,74.404236,,
2106.8003,100.491516,73.83046,,
2106.7003,101.115036,73.23288,,
2106.6003,101.648468,72.579803,,
2106.5003,101.961227,71.888107,,
2106.4003,102.054916,71.103638,,
2106.3003,102.014679,70.219437,,
2106.2003,101.760361,69.374557,,
2106.1003,101.258682,68.803055,,
2106.0003,100.729065,68.626282,,
2105.9003,100.581329,68.610428,,
2105.8003,100.702133,68.571655,,
2105.7003,100.47168,68.633347,,
2105.6003,99.988998,69.212372,,
2105.5003,99.374359,70.035782,,
2105.4003,98.923065,70.457733,,
2105.3003,99.099228,70.45163,,
2105.2003,100.119781,69.926941,,
2105.1003,101.356018,68.854294,,
2105.0003,102.71875,67.639099,,
2104.9003,104.192841,66.796768,,
2104.8003,105.780212,66.8517,,
2104.7003,107.246689,67.68042,,
2104.6003,108.254395,68.755524,,
2104.5003,108.847763,69.363815,,
2104.4003,108.908035,69.5495,,
2104.3003,108.485641,69.400726,,
2104.2003,107.915115,69.090424,,
2104.1003,107.177948,69.126572,,
2104.0003,106.255096,69.479584,,
2103.9003,105.127472,69.4841,,
2103.8003,103.922287,69.338852,,
2103.7003,102.872345,69.359299,,
2103.6003,102.160461,69.460831,,
2103.5003,102.130493,69.581482,,
2103.4003,102.860962,69.71965,,
2103.3003,104.091049,69.873611,,
2103.2003,105.640656,70.041931,,
2103.1003,107.058075,70.238556,,
2103.0003,107.760086,70.473175,,
2102.9003,107.253891,70.733307,,
2102.8003,105.783585,70.987411,,
2102.7003,104.004547,71.203384,,
2102.6003,102.295486,71.228958,,
2102.5003,100.761063,70.956955,,
2102.4003,99.522781,70.482956,,
2102.3003,98.679443,70.026123,,
2102.2003,98.165939,69.748566,,
2102.1003,98.106934,69.615875,,
2102.0003,98.37793,69.699814,,
2101.9003,98.729431,70.094315,,
2101.8003,99.143356,70.853043,,
2101.7003,99.635727,71.240051,,
2101.6003,100.207901,70.906937,,
2101.5003,101.027924,70.517181,,
2101.4003,101.733948,70.36264,,
2101.3003,101.905136,70.275589,,
2101.2003,101.363937,70.011749,,
2101.1003,100.441971,69.696075,,
2101.0003,99.44249,69.540283,,
2100.9003,99.636169,69.645889,,
2100.8003,100.784698,69.837311,,
2100.7003,102.074326,69.939926,,
2100.6003,102.834412,69.964737,,
2100.5003,102.993866,69.999786,,
2100.4003,102.588562,70.073044,,
2100.3003,101.987503,70.060364,,
2100.2003,101.436401,70.038177,,
2100.1003,101.040176,70.156036,,
2100.0003,100.788452,70.566208,,
2099.9003,100.617691,71.010361,,
2099.8003,100.527817,71.182602,,
2099.7003,100.508972,71.249802,,
2099.6003,100.471512,71.334671,,
2099.5003,100.126785,71.396637,,
2099.4003,99.586472,71.045044,,
2099.3003,99.055511,70.395142,,
2099.2003,98.922028,69.854111,,
2099.1003,99.273224,69.411758,,
2099.0003,99.950439,69.102631,,
2098.9003,100.228958,69.115952,,
2098.8003,100.019043,69.070755,,
2098.7003,99.49025,68.894608,,
2098.6003,98.474564,68.965637,,
2098.5003,97.473465,69.242111,,
2098.4003,96.914261,69.413986,,
2098.3003,97.592041,69.242828,,
2098.2003,99.163803,69.005585,,
2098.1003,101.039673,68.962936,,
2098.0003,102.891678,69.035492,,
2097.9003,104.445007,68.960678,,
2097.8003,105.559235,68.739532,,
2097.7003,106.039337,68.83548,,
2097.6003,106.168243,69.28537,,
2097.5003,106.35466,69.739792,,
2097.4003,106.810272,69.847717,,
2097.3003,107.459839,69.562927,,
2097.2003,108.146347,69.137619,,
2097.1003,109.079681,69.058304,,
2097.0003,110.283371,69.284653,,
2096.9003,111.569931,69.421188,,
2096.8003,112.511581,69.572906,,
2096.7003,112.924225,69.885406,,
2096.6003,112.733124,70.244217,,
2096.5003,112.091095,70.348618,,
2096.4003,111.36615,70.54837,,
2096.3003,110.674652,71.618286,,
2096.2003,110.099869,72.703079,,
2096.1003,109.639191,72.998932,,
2096.0003,109.398209,73.158173,,
2095.9003,109.459534,73.295044,,
2095.8003,109.78775,73.095993,,
2095.7003,110.513245,72.481781,,
2095.6003,111.636108,71.555664,,
2095.5003,112.945068,70.751236,,
2095.4003,114.507019,70.638184,,
2095.3003,116.137573,70.842606,,
2095.2003,117.360184,70.715927,,
2095.1003,117.749176,70.925278,,
2095.0003,117.210037,71.821564,,
2094.9003,116.454498,72.763748,,
2094.8003,115.318497,73.086502,,
2094.7002,113.856079,72.947998,,
2094.6002,112.7108,73.149948,,
2094.5002,112.045517,73.311035,,
2094.4002,111.591782,73.050629,,
2094.3002,110.590744,72.739441,,
2094.2002,108.459961,72.785583,,
2094.1002,104.320343,73.263046,,
2094.0002,97.284164,73.812027,,
2093.9002,88.41684,74.574585,,
2093.8002,80.730606,75.940933,,
2093.7002,73.151962,78.384415,,
2093.6002,66.194031,83.15863,,
2093.5002,60.903656,90.087952,,
2093.4002,55.928825,95.913544,,
2093.3002,51.124588,99.0728,,
2093.2002,47.519623,99.012573,,
2093.1002,46.769829,96.060867,,
2093.0002,49.600433,89.560028,,
2092.9002,54.082558,80.408936,,
2092.8002,59.439796,72.850418,,
2092.7002,65.27565,68.872009,,
2092.6002,71.37854,67.798187,,
2092.5002,75.513397,67.836807,,
2092.4002,76.483398,68.130875,,
2092.3002,75.808411,68.27655,,
2092.2002,73.688843,68.159882,,
2092.1002,71.154892,67.842102,,
2092.0002,69.276627,67.487457,,
2091.9002,67.894928,67.196915,,
2091.8002,66.712036,66.981277,,
2091.7002,65.619293,66.751877,,
2091.6002,64.544785,66.350327,,
2091.5002,63.335732,66.094208,,
2091.4002,61.924034,66.371475,,
2091.3002,60.72258,67.176102,,
2091.2002,60.061577,68.073837,,
2091.1002,60.103447,68.604568,,
2091.0002,60.916351,68.587494,,
2090.9002,62.008652,68.214966,,
2090.8002,62.754135,67.829056,,
2090.7002,62.72332,67.660278,,
2090.6002,62.164055,67.897064,,
2090.5002,61.57518,68.539368,,
2090.4002,61.96936,69.101852,,
2090.3002,63.44767,69.393112,,
2090.2002,65.725266,69.589722,,
2090.1002,68.18457,69.678589,,
2090.0002,70.228683,69.544449,,
2089.9002,70.770889,69.129654,,
2089.8002,69.941208,68.829086,,
2089.7002,68.417953,68.827179,,
2089.6002,66.738586,69.025543,,
2089.5002,65.213821,69.411697,,
2089.4002,63.855537,69.894852,,
2089.3002,62.709671,70.317062,,
2089.2002,61.975929,70.554626,,
2089.1002,61.708214,70.620468,,
2089.0002,62.269836,70.559174,,
2088.9002,63.486565,70.568604,,
2088.8002,65.181625,70.756042,,
2088.7002,67.492508,71.119553,,
2088.6002,69.614288,71.527283,,
2088.5002,70.815964,71.858719,,
2088.4002,70.252274,72.043411,,
2088.3002,68.722412,72.190765,,
2088.2002,67.074966,72.429108,,
2088.1002,64.394333,72.855972,,
2088.0002,60.854401,72.986252,,
2087.9002,57.15464,72.500229,,
2087.8002,54.558739,71.610718,,
2087.7002,53.249168,70.795074,,
2087.6002,53.106331,70.35614,,
2087.5002,54.175453,70.478638,,
2087.4002,56.093132,72.454636,,
2087.3002,58.510597,76.731888,,
2087.2002,61.329941,78.377167,,
2087.1002,64.125961,76.283295,,
2087.0002,65.738571,73.868195,,
2086.9002,66.159637,72.831909,,
2086.8002,65.941437,73.026169,,
2086.7002,65.105713,73.753418,,
2086.6002,63.846268,74.34761,,
2086.5002,62.519447,74.473389,,
2086.4002,61.671936,74.19574,,
2086.3002,61.682869,73.703598,,
2086.2002,62.430031,73.247986,,
2086.1002,64.346893,72.960709,,
2086.0002,67.339294,72.808609,,
2085.9002,70.772705,72.666641,,
2085.8002,73.869598,72.44989,,
2085.7002,75.847717,72.04863,,
2085.6002,76.736603,71.517044,,
2085.5002,76.193054,71.175995,,
2085.4002,74.237991,71.087494,,
2085.3002,71.316284,71.113083,,
2085.2002,67.719116,71.437485,,
2085.1002,64.255356,72.112061,,
2085.0002,61.553116,72.73262,,
2084.9002,60.555344,72.728058,,
2084.8002,61.38224,72.127014,,
2084.7002,62.782143,71.602005,,
2084.6002,64.272171,71.150925,,
2084.5002,65.531113,70.662628,,
2084.4002,66.773895,70.362457,,
2084.3002,67.883881,70.40213,,
2084.2002,68.643097,70.727142,,
2084.1002,68.860031,71.023392,,
2084.0002,68.258575,71.085342,,
2083.9002,66.894455,70.977036,,
2083.8002,65.066406,71.108627,,
2083.7002,62.949432,71.568268,,
2083.6002,60.787262,72.223663,,
2083.5002,58.59333,72.866562,,
2083.4002,56.373817,73.436066,,
2083.3002,54.338783,73.929565,,
2083.2002,53.014832,74.336792,,
2083.1002,52.572769,74.597397,,
2083.0002,52.32618,74.638901,,
2082.9002,52.223839,74.494217,,
2082.8002,52.228241,74.157532,,
2082.7002,52.333366,73.669312,,
2082.6002,52.659744,73.163406,,
2082.5002,53.292816,72.827866,,
2082.4002,54.112167,72.809479,,
2082.3002,54.934692,72.998322,,
2082.2002,55.493652,73.294449,,
2082.1002,55.746094,73.575562,,
2082.0002,55.596703,73.64682,,
2081.9002,55.162285,73.553131,,
2081.8002,54.70636,73.581207,,
2081.7002,54.239655,73.822845,,
2081.6002,53.75647,74.122925,,
2081.5002,53.228836,74.245483,,
2081.4002,52.670372,74.165451,,
2081.3002,52.134682,74.076248,,
2081.2002,51.662399,74.17981,,
2081.1002,51.378044,74.334229,,
2081.0002,51.396034,74.32756,,
2080.9002,51.986679,74.134552,,
2080.8002,53.46093,74.035934,,
2080.7002,55.681152,75.454285,,
2080.6002,58.36911,79.525803,,
2080.5002,62.183037,81.85994,,
2080.4002,67.508148,80.46167,,
2080.3002,74.872437,77.847656,,
2080.2002,82.90361,75.97226,,
2080.1002,90.071259,75.131729,,
2080.0002,94.890106,74.746902,,
2079.9002,98.087204,74.527145,,
2079.8002,100.793243,74.367386,,
2079.7002,104.063644,74.18541,,
2079.6002,107.760635,74.078995,,
2079.5002,111.326538,73.965012,,
2079.4002,116.191513,73.524902,,
2079.3002,121.158386,72.810684,,
2079.2002,124.866379,72.147095,,
2079.1002,127.287872,71.849487,,
2079.0002,129.081329,72.031281,,
2078.9002,130.590118,72.522385,,
2078.8002,132.307587,73.097824,,
2078.7002,133.596741,73.159515,,
2078.6002,133.551697,72.541107,,
2078.5002,132.37265,71.677307,,
2078.4002,130.881134,71.093185,,
2078.3002,129.614777,70.906128,,
2078.2002,128.526886,70.921906,,
2078.1002,127.574081,70.805481,,
2078.0002,126.830368,70.456985,,
2077.9002,126.309769,70.3759,,
2077.8002,125.903625,70.508926,,
2077.7002,125.511154,70.513657,,
2077.6002,125.139114,70.429901,,
2077.5002,124.805298,70.369736,,
2077.4002,124.565063,70.33609,,
2077.3002,124.45697,70.010071,,
2077.2002,124.465164,69.318268,,
2077.1002,124.659485,68.419525,,
2077.0002,125.040497,67.76828,,
2076.9002,125.531677,67.513992,,
2076.8002,125.853775,67.550797,,
2076.7002,125.894653,67.751526,,
2076.6002,125.703369,68.007629,,
2076.5002,125.205826,68.249634,,
2076.4002,124.635132,68.131699,,
2076.3002,124.233322,67.55748,,
2076.2002,124.225815,66.861176,,
2076.1002,124.542587,66.351868,,
2076.0002,124.981796,66.157928,,
2075.9002,125.716248,66.258682,,
2075.8002,126.665192,66.543854,,
2075.7002,127.607697,66.848679,,
2075.6002,128.517426,67.126083,,
2075.5002,129.383301,67.496445,,
2075.4002,130.192871,68.032944,,
2075.3002,130.849762,68.571014,,
2075.2002,131.150726,69.136337,,
2075.1002,130.849854,69.881363,,
2075.0002,130.225525,70.681747,,
2074.9002,129.879578,71.334183,,
2074.8002,129.999908,71.765503,,
2074.7002,130.591309,71.756271,,
2074.6002,131.317719,71.136353,,
2074.5002,131.945526,70.156784,,
2074.4002,132.390106,69.271133,,
2074.3002,132.68396,68.905106,,
2074.2002,132.804169,68.956573,,
2074.1002,132.654724,69.23671,,
2074.0002,132.195953,69.393829,,
2073.9002,131.448639,69.094284,,
2073.8002,130.76004,68.678589,,
2073.7002,130.602112,68.628784,,
2073.6002,130.618652,68.643646,,
2073.5002,130.469543,68.558807,,
2073.4002,130.02359,68.41481,,
2073.3002,129.107574,68.234558,,
2073.2002,127.586365,68.028564,,
2073.1002,125.602524,67.805374,,
2073.0002,122.880798,67.549347,,
2072.9002,119.28624,67.224808,,
2072.8002,115.29277,66.961823,,
2072.7002,110.578613,67.215134,,
2072.6002,105.187424,68.202225,,
2072.5002,100.260284,69.470032,,
2072.4002,96.899048,70.224518,,
2072.3002,96.057159,70.133484,,
2072.2002,97.303665,69.592514,,
2072.1002,99.981964,68.774445,,
2072.0002,102.530533,67.843811,,
2071.9002,104.331146,67.244598,,
2071.8002,105.465134,67.407684,,
2071.7002,106.623383,68.527512,,
2071.6002,108.241913,70.333694,,
2071.5002,110.734512,73.415344,,
2071.4002,114.080566,78.656967,,
2071.3002,117.994522,85.681427,,
2071.2002,122.180573,91.608047,,
2071.1002,125.52478,94.126877,,
2071.0002,125.611389,94.611908,,
2070.9002,120.534332,91.995453,,
2070.8002,111.851547,86.6418,,
2070.7002,102.579086,81.868622,,
2070.6002,93.797577,79.757919,,
2070.5002,85.422775,80.759048,,
2070.4002,83.277695,84.111588,,
2070.3002,87.587616,90.927338,,
2070.2002,94.163864,100.418152,,
2070.1002,103.996368,109.113449,,
2070.0002,113.669571,116.410233,,
2069.9002,120.247772,122.007446,,
2069.8002,124.438446,122.74144,,
2069.7002,127.427917,118.975555,,
2069.6002,129.665436,113.19606,,
2069.5002,130.119537,105.7388,,
2069.4002,129.357025,98.224503,,
2069.3002,128.26947,92.18399,,
2069.2002,126.925247,87.19606,,
2069.1002,125.434586,83.875671,,
2069.0002,123.922226,82.56633,,
2068.9002,123.104675,82.071274,,
2068.8002,123.10556,81.528198,,
2068.7002,123.913696,80.811935,,
2068.6002,125.207184,79.755646,,
2068.5002,126.465225,78.932907,,
2068.4002,127.136627,78.825439,,
2068.3002,126.993103,78.864563,,
2068.2002,126.323044,79.110825,,
2068.1002,125.496979,79.943771,,
2068.0002,124.821442,81.068726,,
2067.9002,124.388535,81.881592,,
2067.8002,124.325485,82.09761,,
2067.7002,124.721756,81.98291,,
2067.6002,125.374924,81.935333,,
2067.5002,125.618454,82.141861,,
2067.4002,125.020889,81.95462,,
2067.3002,123.696106,81.346466,,
2067.2002,121.940338,80.811478,,
2067.1002,120.184921,81.303864,,
2067.0002,118.680252,82.153824,,
2066.9002,118.437943,81.714676,,
2066.8002,119.053757,80.400345,,
2066.7002,119.905746,79.055466,,
2066.6002,119.602341,77.655319,,
2066.5002,118.136841,76.788086,,
2066.4002,115.972946,76.530289,,
2066.3002,113.381119,75.998367,,
2066.2002,111.167496,75.37796,,
2066.1002,109.92218,75.105118,,
2066.0002,109.697968,74.858322,,
2065.9002,109.831192,74.213943,,
2065.8002,109.734161,73.169983,,
2065.7002,109.321198,72.09314,,
2065.6002,108.841034,71.249725,,
2065.5002,108.621338,70.703339,,
2065.4002,108.641129,70.513474,,
2065.3002,108.572159,70.630707,,
2065.2002,107.967087,70.852341,,
2065.1002,106.798447,70.927231,,
2065.0002,105.414764,70.756256,,
2064.9002,104.113068,70.465012,,
2064.8002,102.859055,70.148117,,
2064.7002,101.493057,69.837936,,
2064.6002,100.113586,69.538437,,
2064.5002,98.652039,69.260483,,
2064.4002,97.010651,69.01683,,
2064.3002,95.25502,68.803345,,
2064.2002,93.445938,68.609482,,
2064.1002,91.678635,68.42215,,
2064.0002,89.930466,68.227066,,
2063.9002,88.121719,68.004257,,
2063.8002,86.2332,67.753082,,
2063.7002,83.862411,67.489334,,
2063.6002,80.787781,67.251343,,
2063.5002,77.712265,67.109009,,
2063.4002,75.906403,67.114334,,
2063.3002,76.083755,67.267609,,
2063.2002,76.689011,67.390823,,
2063.1002,77.810822,67.189438,,
2063.0002,79.35881,66.697464,,
2062.9002,81.09375,66.330429,,
2062.8002,83.231552,66.13913,,
2062.7002,86.080215,65.961609,,
2062.6002,89.779984,65.667267,,
2062.5002,94.160629,65.523117,,
2062.4002,98.45993,65.741333,,
2062.3002,102.245636,66.149002,,
2062.2002,105.027069,66.710266,,
2062.1002,106.620789,67.500519,,
2062.0002,107.0298,68.479782,,
2061.9002,106.233688,69.463455,,
2061.8002,104.840546,70.303619,,
2061.7002,103.087952,71.082123,,
2061.6002,101.126785,71.966461,,
2061.5002,99.335419,73.061493,,
2061.4002,98.591003,74.180038,,
2061.3002,99.263779,75.05368,,
2061.2002,100.605804,75.591705,,
2061.1002,102.49086,75.981995,,
2061.0002,104.586044,75.962357,,
2060.9002,106.265579,75.245163,,
2060.8002,106.507034,74.123688,,
2060.7002,105.241074,72.782959,,
2060.6002,103.699661,71.496613,,
2060.5002,102.335022,70.662308,,
2060.4002,101.395752,70.478104,,
2060.3002,100.728851,70.792328,,
2060.2002,100.038452,71.302429,,
2060.1002,99.037903,71.730331,,
2060.0002,97.729782,71.936935,,
2059.9002,96.019867,72.024826,,
2059.8002,94.079834,71.927597,,
2059.7002,92.063614,71.488403,,
2059.6002,90.45137,70.492996,,
2059.5002,89.728867,69.294983,,
2059.4002,90.209427,68.347824,,
2059.3002,91.592621,67.650543,,
2059.2002,93.287979,67.030548,,
2059.1002,95.164337,66.38179,,
2059.0002,96.826813,65.882904,,
2058.9002,98.141571,65.648666,,
2058.8002,99.247452,65.593491,,
2058.7002,100.315094,65.514755,,
2058.6002,101.396576,65.460907,,
2058.5002,102.357269,65.58606,,
2058.4002,102.357407,65.856583,,
2058.3002,101.275116,66.545013,,
2058.2002,99.243942,67.984741,,
2058.1002,96.390182,69.672012,,
2058.0002,93.148895,71.046112,,
2057.9002,91.463974,71.865707,,
2057.8002,91.7061,71.776276,,
2057.7002,93.347717,70.724594,,
2057.6002,96.080017,68.843948,,
2057.5002,99.028946,66.710999,,
2057.4002,101.708511,65.25502,,
2057.3002,103.840454,65.427368,,
2057.2002,105.570221,66.439987,,
2057.1002,106.964554,67.473358,,
2057.0002,107.674957,68.606094,,
2056.9002,108.236603,69.98616,,
2056.8002,109.151779,71.748672,,
2056.7002,110.733322,74.466171,,
2056.6002,112.721924,78.394836,,
2056.5002,114.804413,82.643997,,
2056.4002,116.924728,85.47612,,
2056.3002,118.776077,86.859756,,
2056.2002,119.952805,87.706085,,
2056.1002,120.233719,87.987457,,
2056.0002,119.912674,86.649429,,
2055.9002,119.238556,83.494247,,
2055.8002,117.996155,80.48381,,
2055.7002,116.24852,78.457596,,
2055.6002,114.0522,76.683472,,
2055.5002,111.412445,74.714294,,
2055.4002,108.875717,72.930405,,
2055.3002,107.71843,71.77536,,
2055.2002,107.833221,71.271133,,
2055.1002,108.397858,71.063446,,
2055.0002,109.200912,70.803314,,
2054.9002,110.008179,70.251694,,
2054.8002,110.720337,69.540817,,
2054.7002,111.163147,69.091751,,
2054.6002,111.133682,69.067444,,
2054.5002,110.567703,69.22435,,
2054.4002,108.728821,69.193085,,
2054.3002,105.90918,69.001419,,
2054.2002,102.892929,68.876541,,
2054.1002,98.166779,68.888855,,
2054.0002,91.828308,68.851227,,
2053.9002,85.776871,68.610184,,
2053.8002,80.827484,68.354431,,
2053.7002,76.89566,68.01976,,
2053.6002,72.977371,67.465469,,
2053.5002,69.311188,66.962219,,
2053.4002,65.865936,66.539719,,
2053.3002,62.424889,66.059326,,
2053.2002,59.228653,65.777954,,
2053.1002,56.59742,65.665207,,
2053.0002,54.686813,65.320938,,
2052.9002,53.439209,64.962143,,
2052.8002,52.62468,64.720779,,
2052.7002,52.481834,64.301041,,
2052.6002,53.413124,63.691277,,
2052.5002,55.499474,62.946754,,
2052.4002,58.343559,62.012955,,
2052.3002,61.278465,60.88356,,
2052.2002,63.362633,60.042618,,
2052.1002,65.257629,60.474274,,
2052.0002,67.277359,62.575089,,
2051.9002,69.360794,65.523346,,
2051.8002,71.349609,67.153824,,
2051.7002,73.156662,67.389023,,
2051.6002,74.781296,67.369446,,
2051.5002,76.403,67.678345,,
2051.4002,78.597366,68.110596,,
2051.3002,82.000076,68.258041,,
2051.2002,86.911575,68.260315,,
2051.1002,92.854218,68.173233,,
2051.0002,98.334702,68.037048,,
2050.9002,102.402771,68.07515,,
2050.8002,104.068268,68.179153,,
2050.7002,104.012268,68.141251,,
2050.6002,102.738876,68.290283,,
2050.5002,101.545929,68.836685,,
2050.4002,101.441299,69.627884,,
2050.3002,102.588013,70.428757,,
2050.2002,104.418274,71.159866,,
2050.1002,106.098007,71.833359,,
2050.0002,107.40535,72.390732,,
2049.9002,108.528778,72.733582,,
2049.8002,109.817078,72.908646,,
2049.7002,111.338638,73.344757,,
2049.6002,112.943558,74.218613,,
2049.5002,114.379608,75.280243,,
2049.4002,115.672562,76.693085,,
2049.3002,116.818115,78.131973,,
2049.2002,117.519501,79.057434,,
2049.1002,117.808578,80.564102,,
2049.0002,117.816757,82.623993,,
2048.9002,117.201797,83.980759,,
2048.8002,115.880402,84.50177,,
2048.7002,114.197861,84.355316,,
2048.6002,112.636322,83.497284,,
2048.5002,111.315659,82.507629,,
2048.4002,110.162186,81.381805,,
2048.3002,109.259216,79.467804,,
2048.2002,108.661301,77.462112,,
2048.1002,108.34668,76.034134,,
2048.0002,108.479965,75.044113,,
2047.9002,109.146942,74.607895,,
2047.8002,110.306625,74.798447,,
2047.7002,111.564056,75.613449,,
2047.6002,112.273941,76.182938,,
2047.5002,112.15773,76.119049,,
2047.4002,111.479263,75.764587,,
2047.3002,111.060822,75.324158,,
2047.2002,111.420197,74.73497,,
2047.1002,111.750992,73.805847,,
2047.0002,111.48819,72.961777,,
2046.9002,110.36824,72.611206,,
2046.8002,108.792053,72.889603,,
2046.7002,107.180267,74.244171,,
2046.6002,105.776855,76.844833,,
2046.5002,104.782425,80.646255,,
2046.4002,104.10231,84.797379,,
2046.3002,103.70813,88.260254,,
2046.2002,103.569916,89.317947,,
2046.1002,103.647949,87.635056,,
2046.0002,104.056183,84.039215,,
2045.9002,104.931885,79.325607,,
2045.8002,106.092606,74.995132,,
2045.7002,107.099319,72.22934,,
2045.6002,107.609863,71.111435,,
2045.5002,107.622025,70.767151,,
2045.4002,107.164108,70.313171,,
2045.3002,106.456573,69.795013,,
2045.2002,105.676086,69.500549,,
2045.1002,104.731339,69.509018,,
2045.0002,103.718597,69.520859,,
2044.9002,102.800797,69.382111,,
2044.8002,102.218765,69.24913,,
2044.7002,102.285156,69.189423,,
2044.6002,103.041077,69.046753,,
2044.5002,104.170792,68.552719,,
2044.4002,105.175552,68.016586,,
2044.3002,105.867416,67.764542,,
2044.2002,105.947571,67.648636,,
2044.1002,105.899719,67.688644,,
2044.0002,106.50322,67.910355,,
2043.9002,107.644958,68.050369,,
2043.8002,108.97493,68.048096,,
2043.7002,110.417923,68.052017,,
2043.6003,112.23584,68.076965,,
2043.5003,114.292191,68.387787,,
2043.4003,116.116638,69.150391,,
2043.3003,117.685577,69.755417,,
2043.2003,119.161911,70.108704,,
2043.1003,120.589432,70.805069,,
2043.0003,121.786667,71.433075,,
2042.9003,122.627304,71.491592,,
2042.8003,123.133743,71.233978,,
2042.7003,123.318619,71.070694,,
2042.6003,123.367432,71.10585,,
2042.5003,123.368561,71.023361,,
2042.4003,123.515884,70.959335,,
2042.3003,123.989212,71.05983,,
2042.2003,124.598267,70.949936,,
2042.1003,124.950104,70.672882,,
2042.0003,124.67543,70.448761,,
2041.9003,124.068573,70.217468,,
2041.8003,123.407074,70.189178,,
2041.7003,122.925812,70.488556,,
2041.6003,122.988495,70.504456,,
2041.5003,123.827225,70.10817,,
2041.4003,125.16568,69.648117,,
2041.3003,127.501007,69.292038,,
2041.2003,131.418274,69.149979,,
2041.1003,136.318115,69.215668,,
2041.0003,141.107117,69.186783,,
2040.9003,144.841858,69.328857,,
2040.8003,148.183014,70.520096,,
2040.7003,150.118622,73.357513,,
2040.6003,149.884979,78.188202,,
2040.5003,148.185608,84.049164,,
2040.4003,144.362366,88.740662,,
2040.3003,138.827576,90.264145,,
2040.2003,133.19693,88.749771,,
2040.1003,128.079803,84.982101,,
2040.0003,123.740082,80.630234,,
2039.9003,119.634155,77.696426,,
2039.8003,116.107758,75.921753,,
2039.7003,113.4534,74.734116,,
2039.6003,111.250458,74.091904,,
2039.5003,109.551147,73.566223,,
2039.4003,108.298264,72.861877,,
2039.3003,107.48703,72.283722,,
2039.2003,107.090775,72.035522,,
2039.1003,106.888504,71.855942,,
2039.0003,106.756531,71.272781,,
2038.9003,106.490082,70.633423,,
2038.8003,105.972321,70.36824,,
2038.7003,105.159714,70.387146,,
2038.6003,104.959991,70.503983,,
2038.5003,106.041916,70.996124,,
2038.4003,108.269608,72.537964,,
2038.3003,110.986191,74.351013,,
2038.2003,113.661606,75.567642,,
2038.1003,115.581696,76.339417,,
2038.0003,116.514694,76.755905,,
2037.9003,116.571106,76.731461,,
2037.8003,116.066711,76.074951,,
2037.7003,115.563995,75.671463,,
2037.6003,115.36644,75.919449,,
2037.5003,114.89003,75.842392,,
2037.4003,113.9711,75.489838,,
2037.3003,112.747223,75.356354,,
2037.2003,111.101944,75.297699,,
2037.1003,108.792419,74.90535,,
2037.0003,105.263672,74.208191,,
2036.9003,100.142578,74.154465,,
2036.8003,93.685257,75.337982,,
2036.7003,85.315765,77.648285,,
2036.6003,75.2966,81.059082,,
2036.5003,65.172272,85.470673,,
2036.4003,56.776947,90.539886,,
2036.3003,50.849854,92.382172,,
2036.2003,47.08638,90.645798,,
2036.1003,46.086105,87.375366,,
2036.0003,48.200806,81.876175,,
2035.9003,53.040573,75.368423,,
2035.8003,61.971962,70.283218,,
2035.7003,71.99118,67.109253,,
2035.6003,81.292877,65.456711,,
2035.5003,89.936508,65.404388,,
2035.4003,98.011871,66.501572,,
2035.3003,105.725235,67.955185,,
2035.2003,111.348648,69.248703,,
2035.1003,113.876038,70.661026,,
2035.0003,113.295212,74.962494,,
2034.9003,110.51358,86.885788,,
2034.8003,106.472046,95.665222,,
2034.7003,101.411087,94.503845,,
2034.6003,96.395004,90.180847,,
2034.5003,91.872681,87.011795,,
2034.4003,87.885925,84.571854,,
2034.3003,83.183075,81.636154,,
2034.2003,77.279053,78.798264,,
2034.1003,70.66507,76.98526,,
2034.0003,63.803009,75.543839,,
2033.9003,56.843269,73.849091,,
2033.8003,49.689125,71.948547,,
2033.7003,43.362961,69.761368,,
2033.6003,38.843712,67.938461,,
2033.5003,36.127235,67.192596,,
2033.4003,35.274788,67.603378,,
2033.3003,35.700562,68.672714,,
2033.2003,37.074303,69.665192,,
2033.1003,39.079811,70.245346,,
2033.0003,41.119431,70.467087,,
2032.9003,42.988739,70.666977,,
2032.8003,44.273521,70.837158,,
2032.7003,44.822525,70.762009,,
2032.6003,45.042747,70.337158,,
2032.5003,45.306229,69.647919,,
2032.4003,45.793091,68.937378,,
2032.3003,46.319534,68.388184,,
2032.2003,46.621666,68.138397,,
2032.1003,46.615997,68.174774,,
2032.0003,46.51828,68.331772,,
2031.9003,46.73661,68.689789,,
2031.8003,47.430069,69.233246,,
2031.7003,47.902702,69.449158,,
2031.6003,47.526237,69.199493,,
2031.5003,46.755455,68.762177,,
2031.4003,45.628624,68.105286,,
2031.3003,44.507881,67.396698,,
2031.2003,43.969856,67.082901,,
2031.1003,44.184631,67.103363,,
2031.0003,44.98291,67.1716,,
2030.9003,45.951126,67.057434,,
2030.8003,46.927109,66.939529,,
2030.7003,47.756004,66.87236,,
2030.6003,48.415085,66.601944,,
2030.5003,48.813896,66.111221,,
2030.4003,48.930801,65.435516,,
2030.3003,48.763878,64.684357,,
2030.2003,48.264977,64.238068,,
2030.1003,47.559738,64.303391,,
2030.0003,46.881859,64.503937,,
2029.9003,46.323318,64.830948,,
2029.8003,45.873299,65.417038,,
2029.7003,45.592537,66.122696,,
2029.6003,45.611496,66.605377,,
2029.5003,45.938301,66.681198,,
2029.4003,46.418663,66.72374,,
2029.3003,46.8386,66.84201,,
2029.2003,47.020576,67.043243,,
2029.1003,46.903938,67.460678,,
2029.0003,46.327881,68.179718,,
2028.9003,45.27562,68.943161,,
2028.8003,43.706711,69.247223,,
2028.7003,41.776375,69.145584,,
2028.6003,39.744118,69.051788,,
2028.5003,38.331306,69.152237,,
2028.4003,37.959137,69.464462,,
2028.3003,38.38179,69.934723,,
2028.2003,39.585121,70.556229,,
2028.1003,41.137192,71.141953,,
2028.0003,42.754601,71.533813,,
2027.9003,44.04612,71.758774,,
2027.8003,45.005913,71.825928,,
2027.7003,45.913925,71.734695,,
2027.6003,46.952744,71.425476,,
2027.5003,48.179031,70.914978,,
2027.4003,49.54982,70.285004,,
2027.3003,51.011398,69.50267,,
2027.2003,52.669289,68.696167,,
2027.1003,54.762505,68.052841,,
2027.0003,59.107071,67.57692,,
2026.9003,65.648849,67.287628,,
2026.8003,73.091873,67.20755,,
2026.7003,83.158646,67.265564,,
2026.6003,95.40802,67.279495,,
2026.5003,106.165283,67.122894,,
2026.4003,114.809509,66.862259,,
2026.3003,121.94104,66.743591,,
2026.2003,127.031387,66.956589,,
2026.1003,130.394592,67.528671,,
2026.0003,132.523682,68.358337,,
2025.9003,133.315125,69.399246,,
2025.8003,133.223572,70.514526,,
2025.7003,132.652649,71.577271,,
2025.6003,131.198242,72.587662,,
2025.5003,129.509369,73.727646,,
2025.4003,128.146179,74.988373,,
2025.3003,127.626221,76.220703,,
2025.2003,127.527008,76.939194,,
2025.1003,127.432632,77.00209,,
2025.0003,126.785065,76.496979,,
2024.9003,125.163895,75.684692,,
2024.8003,122.212891,74.768921,,
2024.7003,115.232483,73.810623,,
2024.6003,105.755447,73.337524,,
2024.5003,95.922684,73.551651,,
2024.4003,84.638824,74.040222,,
2024.3003,71.820221,74.61795,,
2024.2003,58.185982,75.265717,,
2024.1003,49.055206,75.5056,,
2024.0003,44.696541,74.69487,,
2023.9003,42.56163,72.664307,,
2023.8003,41.791878,69.826309,,
2023.7003,41.740791,67.218689,,
2023.6003,42.01387,65.682632,,
2023.5003,42.596153,65.180725,,
2023.4003,43.554321,65.394211,,
2023.3003,45.135971,66.189651,,
2023.2003,47.178085,67.415726,,
2023.1003,49.199394,68.635223,,
2023.0003,50.877106,69.443909,,
2022.9003,52.06517,70.007736,,
2022.8003,52.901245,70.657608,,
2022.7003,53.59375,71.443436,,
2022.6003,54.409767,71.938507,,
2022.5003,55.374496,71.837357,,
2022.4003,55.833862,71.436249,,
2022.3003,55.453201,70.975067,,
2022.2003,54.648102,70.524841,,
2022.1003,53.379456,70.001846,,
2022.0003,51.67469,69.598877,,
2021.9003,49.688766,69.630997,,
2021.8003,47.347603,69.976166,,
2021.7003,44.817513,70.268677,,
2021.6003,42.540833,70.190628,,
2021.5003,40.794556,69.970001,,
2021.4003,40.039879,69.725449,,
2021.3003,40.644005,69.313461,,
2021.2003,42.898384,68.799438,,
2021.1003,46.195168,68.364807,,
2021.0003,49.654701,68.107407,,
2020.9003,53.424591,67.98613,,
2020.8003,57.569595,68.056107,,
2020.7003,61.354362,68.426422,,
2020.6003,63.735023,68.908371,,
2020.5003,64.060333,69.296387,,
2020.4003,63.456314,69.694016,,
2020.3003,62.365379,70.134369,,
2020.2003,61.023956,70.59761,,
2020.1003,59.391441,71.031494,,
2020.0003,57.574409,71.240616,,
2019.9003,55.979233,71.075851,,
2019.8003,55.243256,70.753464,,
2019.7003,56.123528,70.414169,,
2019.6003,58.743973,70.01506,,
2019.5003,63.784767,69.334366,,
2019.4003,71.330826,68.330353,,
2019.3003,79.668274,67.324554,,
2019.2003,88.014328,66.804001,,
2019.1003,95.574768,66.714188,,
2019.0003,101.999359,66.695816,,
2018.9003,105.543472,66.871201,,
2018.8003,106.179825,67.494247,,
2018.7003,106.47171,68.396255,,
2018.6003,106.397614,68.862656,,
2018.5003,106.055099,68.723907,,
2018.4003,105.667725,68.438278,,
2018.3003,105.670517,68.179489,,
2018.2003,106.348358,67.903946,,
2018.1003,107.571045,67.606888,,
2018.0003,108.839523,67.497192,,
2017.9003,109.614456,67.628647,,
2017.8003,109.727341,67.868637,,
2017.7003,109.04126,68.389893,,
2017.6003,107.929306,69.076996,,
2017.5003,106.82637,69.598862,,
2017.4003,106.187668,69.906769,,
2017.3003,106.157761,70.14624,,
2017.2003,106.817612,70.463959,,
2017.1003,107.903183,70.74852,,
2017.0003,108.889435,70.862076,,
2016.9003,108.731949,70.783249,,
2016.8003,107.596375,70.832947,,
2016.7003,106.132446,71.024139,,
2016.6003,104.78447,71.073593,,
2016.5003,104.03624,71.037994,,
2016.4003,103.976654,70.911057,,
2016.3003,105.082825,70.506989,,
2016.2003,106.680847,69.80513,,
2016.1003,108.206406,69.027481,,
2016.0003,109.41095,68.464859,,
2015.9003,110.343124,67.965302,,
2015.8003,111.075653,67.481094,,
2015.7003,111.320984,67.284348,,
2015.6003,111.579086,67.625519,,
2015.5003,112.320816,68.36879,,
2015.4003,112.942429,69.145035,,
2015.3003,112.961243,69.797119,,
2015.2003,112.117523,70.275589,,
2015.1003,110.572189,70.427734,,
2015.0003,108.828812,70.476501,,
2014.9003,107.274109,70.66481,,
2014.8003,105.951187,70.978348,,
2014.7003,104.742493,71.317413,,
2014.6003,103.589874,71.583359,,
2014.5003,103.213821,71.496597,,
2014.4003,103.669159,71.094055,,
2014.3003,104.778931,70.560532,,
2014.2003,106.066162,69.709579,,
2014.1003,107.247696,68.68428,,
2014.0003,108.346069,67.7686,,
2013.9003,109.19928,67.152603,,
2013.8003,109.731201,66.813354,,
2013.7003,109.862564,66.619003,,
2013.6003,110.332672,66.915054,,
2013.5003,111.602722,67.760788,,
2013.4003,114.167313,68.908936,,
2013.3003,117.317932,70.150131,,
2013.2003,120.299988,71.397736,,
2013.1003,122.931259,72.657654,,
2013.0003,124.583984,73.398819,,
2012.9003,125.084671,73.606552,,
2012.8003,125.479782,73.949677,,
2012.7003,126.393417,75.194656,,
2012.6003,127.617706,77.241394,,
2012.5003,128.978149,79.286636,,
2012.4003,130.14682,82.686356,,
2012.3003,130.924377,88.414307,,
2012.2003,131.135925,94.162979,,
2012.1003,130.872772,97.649689,,
2012.0003,130.279449,98.329285,,
2011.9003,128.820892,97.046875,,
2011.8003,126.284897,93.714111,,
2011.7003,122.916626,88.22699,,
2011.6003,118.294601,82.191818,,
2011.5003,111.992508,77.140488,,
2011.4003,103.80368,73.671738,,
2011.3003,92.968689,71.84201,,
2011.2003,79.933304,71.753464,,
2011.1003,66.74115,73.103699,,
2011.0003,55.228851,75.90126,,
2010.9003,46.504868,80.136276,,
2010.8003,40.282356,85.053436,,
2010.7003,37.122147,91.052994,,
2010.6003,37.422676,99.093658,,
2010.5003,42.232185,108.727676,,
2010.4003,52.512764,117.11293,,
2010.3003,65.829163,120.857986,,
2010.2003,80.367844,121.856033,,
2010.1003,94.336929,121.688599,,
2010.0003,105.939011,120.966248,,
2009.9003,114.473145,118.878738,,
2009.8003,119.943146,114.900757,,
2009.7003,124.353256,109.345383,,
2009.6003,127.072861,102.748413,,
2009.5003,127.451248,95.867447,,
2009.4003,126.409149,89.562729,,
2009.3003,124.906967,84.182449,,
2009.2003,124.051437,80.358795,,
2009.1003,123.41449,78.076019,,
2009.0003,123.001907,76.2043,,
2008.9003,122.795593,74.213608,,
2008.8003,122.767105,72.161057,,
2008.7003,123.023148,69.536255,,
2008.6003,123.651672,65.011032,,
2008.5003,124.679535,59.089745,,
2008.4003,126.019379,57.568733,,
2008.3003,127.125748,62.100426,,
2008.2003,127.164185,66.690002,,
2008.1003,125.628891,68.901947,,
2008.0003,122.893402,69.27356,,
2007.9003,119.572922,69.271179,,
2007.8003,116.551788,69.349182,,
2007.7003,114.344864,69.346863,,
2007.6003,112.581131,69.070511,,
2007.5003,110.912048,68.667374,,
2007.4003,109.236923,68.402084,,
2007.3003,108.203064,68.36673,,
2007.2003,107.647125,68.334366,,
2007.1003,106.797974,68.219589,,
2007.0003,103.689682,68.221954,,
2006.9003,98.627045,68.452911,,
2006.8003,93.315567,68.759491,,
2006.7003,88.255112,68.8909,,
2006.6003,84.375,69.002594,,
2006.5003,82.114075,69.366028,,
2006.4003,82.443848,70.129715,,
2006.3003,84.454422,70.489273,,
2006.2003,87.043045,69.984589,,
2006.1003,91.066254,68.922607,,
2006.0003,95.818619,67.802368,,
2005.9003,100.496536,66.837936,,
2005.8003,103.805618,65.997589,,
2005.7003,105.933334,65.705109,,
2005.6003,107.554611,66.122269,,
2005.5003,108.576324,66.989944,,
2005.4003,109.1707,68.124908,,
2005.3003,109.5457,69.334885,,
2005.2003,110.241241,69.899841,,
2005.1003,111.328278,69.958298,,
2005.0003,112.682251,70.013062,,
2004.9003,114.455231,70.180008,,
2004.8003,116.700607,70.159683,,
2004.7003,119.561462,69.768219,,
2004.6003,122.633408,69.445801,,
2004.5003,125.578552,69.202637,,
2004.4003,127.809631,68.79158,,
2004.3003,129.488281,68.35437,,
2004.2003,130.871399,68.152618,,
2004.1003,131.77002,68.290604,,
2004.0003,132.327393,68.505096,,
2003.9003,132.726257,68.752991,,
2003.8003,133.053131,69.206131,,
2003.7003,133.482819,69.79129,,
2003.6003,134.089386,70.282349,,
2003.5003,134.932251,70.502884,,
2003.4003,136.003479,70.571411,,
2003.3003,137.223328,70.667145,,
2003.2003,138.336945,70.879532,,
2003.1003,139.006165,71.110809,,
2003.0003,139.083008,71.258362,,
2002.9003,138.653839,71.321579,,
2002.8003,137.870819,71.333557,,
2002.7003,136.798096,71.274307,,
2002.6003,135.654633,70.998459,,
2002.5003,134.707123,70.681763,,
2002.4003,134.066284,70.616135,,
2002.3003,134.165436,70.989899,,
2002.2003,134.731659,71.575073,,
2002.1003,135.06015,72.039963,,
2002.0003,134.206451,72.318634,,
2001.9003,131.780975,72.385696,,
2001.8003,127.633423,72.212433,,
2001.7003,121.159866,71.725479,,
2001.6003,112.269318,71.22551,,
2001.5003,100.275665,71.262283,,
2001.4003,87.404999,72.26445,,
2001.3003,76.909821,74.110184,,
2001.2003,70.019638,76.126648,,
2001.1003,67.91098,78.075943,,
2001.0003,69.114868,82.395187,,
2000.9003,72.594025,92.490585,,
2000.8003,77.15831,104.112259,,
2000.7003,81.587753,111.066742,,
2000.6003,85.918381,113.574692,,
2000.5003,90.165848,112.28302,,
2000.4003,94.273102,108.612701,,
2000.3003,96.916702,104.709961,,
2000.2003,97.429352,97.663483,,
2000.1003,97.005234,85.401779,,
2000.0003,95.883072,75.783752,,
1999.9003,94.643005,71.76355,,
1999.8003,93.881042,70.128174,,
1999.7003,93.682281,69.393219,,
1999.6003,94.026474,69.28714,,
1999.5003,94.755783,69.370865,,
1999.4003,95.98233,69.327148,,
1999.3003,97.719925,69.042343,,
1999.2003,99.684753,68.711395,,
1999.1003,101.41803,68.72937,,
1999.0003,102.260788,69.035309,,
1998.9003,102.080139,68.933121,,
1998.8003,101.003067,68.376602,,
1998.7003,99.708542,67.97142,,
1998.6003,98.442398,68.3992,,
1998.5003,97.525269,69.038132,,
1998.4003,97.296112,69.315796,,
1998.3003,97.781342,69.699173,,
1998.2003,98.881088,70.076492,,
1998.1003,100.139771,70.112396,,
1998.0003,101.589142,69.911072,,
1997.9003,103.095612,69.574936,,
1997.8003,104.117035,69.384171,,
1997.7003,103.544601,69.703598,,
1997.6003,101.301758,70.124405,,
1997.5003,98.65654,70.474121,,
1997.4003,95.532227,71.535202,,
1997.3003,92.419144,72.713669,,
1997.2003,89.901535,73.148895,,
1997.1003,88.627136,73.255524,,
1997.0003,88.533051,73.416946,,
1996.9003,88.776871,73.465546,,
1996.8003,89.536346,72.76944,,
1996.7003,90.802322,71.787689,,
1996.6003,92.398163,71.192093,,
1996.5003,94.33812,70.602127,,
1996.4003,96.641846,69.807632,,
1996.3003,99.286316,69.069031,,
1996.2003,101.879807,68.763962,,
1996.1003,104.22789,69.210892,,
1996.0003,106.362152,70.155426,,
1995.9003,107.566635,70.693817,,
1995.8003,107.901855,70.892136,,
1995.7003,107.828232,71.301575,,
1995.6003,107.482132,71.952759,,
1995.5003,106.983902,72.178802,,
1995.4003,106.390564,71.638245,,
1995.3003,105.5345,71.145813,,
1995.2003,104.417038,70.999191,,
1995.1003,103.025711,70.869354,,
1995.0003,101.357208,70.131836,,
1994.9003,99.502228,69.469437,,
1994.8003,97.382141,69.796814,,
1994.7003,95.056915,69.99855,,
1994.6003,92.77327,69.706497,,
1994.5003,91.063889,69.484314,,
1994.4003,90.096329,69.379196,,
1994.3003,89.71167,69.276154,,
1994.2003,90.082779,69.194687,,
1994.1003,91.12265,69.026428,,
1994.0003,92.674225,68.875458,,
1993.9003,94.779617,69.020615,,
1993.8003,97.067215,69.192947,,
1993.7003,99.360764,69.172333,,
1993.6003,101.612808,68.996765,,
1993.5003,103.792053,69.163544,,
1993.4003,105.858276,69.731354,,
1993.3003,106.929153,70.185104,,
1993.2003,107.185013,70.548599,,
1993.1003,106.981293,70.919769,,
1993.0003,106.496094,70.975861,,
1992.9003,105.831802,71.275146,,
1992.8003,104.974518,72.14827,,
1992.7003,103.784836,72.693436,,
1992.6003,102.187485,72.598114,,
1992.5002,100.090042,72.255829,,
1992.4002,98.062958,72.165268,,
1992.3002,96.385529,72.039658,,
1992.2002,94.902679,71.480209,,
1992.1002,93.993362,71.265167,,
1992.0002,93.602631,71.402969,,
1991.9002,93.133087,71.147507,,
1991.8002,92.410492,70.737503,,
1991.7002,91.586044,70.52298,,
1991.6002,90.781952,70.396973,,
1991.5002,90.411377,70.49173,,
1991.4002,90.659302,70.916016,,
1991.3002,91.483398,71.549042,,
1991.2002,92.418091,72.096771,,
1991.1002,92.901031,72.257767,,
1991.0002,92.810059,72.00853,,
1990.9002,92.043472,71.471497,,
1990.8002,90.739899,70.949463,,
1990.7002,88.730682,70.692032,,
1990.6002,86.404877,70.826996,,
1990.5002,84.575821,71.35994,,
1990.4002,83.480942,72.253632,,
1990.3002,83.266937,73.226822,,
1990.2002,83.647385,73.822113,,
1990.1002,84.6147,73.73555,,
1990.0002,85.933624,72.702957,,
1989.9002,87.368118,70.936768,,
1989.8002,88.810867,69.219009,,
1989.7002,89.975113,68.284348,,
1989.6002,90.591522,68.268814,,
1989.5002,90.472961,68.717941,,
1989.4002,89.818985,69.208389,,
1989.3002,89.10881,69.645172,,
1989.2002,88.736847,70.308136,,
1989.1002,89.092834,71.304794,,
1989.0002,90.242691,72.170425,,
1988.9002,92.199265,72.445251,,
1988.8002,94.406189,71.885376,,
1988.7002,96.141052,70.910583,,
1988.6002,97.025116,70.18042,,
1988.5002,97.297272,69.909485,,
1988.4002,97.327148,69.378586,,
1988.3002,97.328339,68.951767,,
1988.2002,97.362595,69.247955,,
1988.1002,97.3479,69.714142,,
1988.0002,97.167755,70.145691,,
1987.9002,96.751389,70.607834,,
1987.8002,96.019989,71.023071,,
1987.7002,94.969513,71.193542,,
1987.6002,93.892197,70.964401,,
1987.5002,93.184052,70.494492,,
1987.4002,93.218994,69.940948,,
1987.3002,93.983002,69.576263,,
1987.2002,96.312851,69.7173,,
1987.1002,100.03331,70.231781,,
1987.0002,103.642166,70.600067,,
1986.9002,107.084213,70.564072,,
1986.8002,110.189636,70.096985,,
1986.7002,112.914642,69.519958,,
1986.6002,114.358383,69.447174,,
1986.5002,114.280289,70.160446,,
1986.4002,113.343292,71.299545,,
1986.3002,110.958282,72.220718,,
1986.2002,107.246872,72.701004,,
1986.1002,102.869843,73.067749,,
1986.0002,97.854309,73.82457,,
1985.9002,92.514481,74.655472,,
1985.8002,87.65123,74.902008,,
1985.7002,85.088638,74.861954,,
1985.6002,84.85762,74.715683,,
1985.5002,86.01123,74.283447,,
1985.4002,87.997513,73.540451,,
1985.3002,90.387222,72.538406,,
1985.2002,93.033981,71.353363,,
1985.1002,95.758209,70.612076,,
1985.0002,98.403503,70.460098,,
1984.9002,100.645874,70.525269,,
1984.8002,102.69783,70.829224,,
1984.7002,104.727234,71.441116,,
1984.6002,106.080444,72.300735,,
1984.5002,106.754517,73.267548,,
1984.4002,106.983856,74.08139,,
1984.3002,106.744064,74.515778,,
1984.2002,105.77504,74.665237,,
1984.1002,103.990158,74.850342,,
1984.0002,101.609741,75.399048,,
1983.9002,98.979523,75.63501,,
1983.8002,96.30809,75.156189,,
1983.7002,95.279953,74.139557,,
1983.6002,95.713928,74.032608,,
1983.5002,97.033905,75.003662,,
1983.4002,99.088837,75.216354,,
1983.3002,101.420197,74.13446,,
1983.2002,103.767075,72.585098,,
1983.1002,104.122971,71.905991,,
1983.0002,102.473557,72.28215,,
1982.9002,99.273941,73.145615,,
1982.8002,94.023758,73.945343,,
1982.7002,88.479416,75.270157,,
1982.6002,85.715515,77.785507,,
1982.5002,87.001236,81.824997,,
1982.4002,91.299454,87.682449,,
1982.3002,98.200394,95.284439,,
1982.2002,105.808624,103.549026,,
1982.1002,113.131256,111.065125,,
1982.0002,120.108398,116.836533,,
1981.9002,127.200226,117.281128,,
1981.8002,135.217896,112.258377,,
1981.7002,146.774445,104.476227,,
1981.6002,161.372314,97.547043,,
1981.5002,176.774841,93.863861,,
1981.4002,187.908813,93.799271,,
1981.3002,193.52005,96.792236,,
1981.2002,195.286682,101.008621,,
1981.1002,192.553864,104.422867,,
1981.0002,187.368622,105.999283,,
1980.9002,182.568298,105.182755,,
1980.8002,176.850494,101.39357,,
1980.7002,170.034302,95.278519,,
1980.6002,163.484406,89.222855,,
1980.5002,157.15332,84.876083,,
1980.4002,151.622406,82.760925,,
1980.3002,148.084808,82.056259,,
1980.2002,147.501282,81.699738,,
1980.1002,149.301056,81.364487,,
1980.0002,151.556213,81.153198,,
1979.9002,153.516937,80.866348,,
1979.8002,154.600769,80.360413,,
1979.7002,154.791809,79.758301,,
1979.6002,154.156647,79.137024,,
1979.5002,153.191833,78.55162,,
1979.4002,152.131561,78.064575,,
1979.3002,151.214569,77.867584,,
1979.2002,150.583435,78.138458,,
1979.1002,149.852753,78.713028,,
1979.0002,148.705231,79.340179,,
1978.9002,147.122711,79.926956,,
1978.8002,145.43515,80.657135,,
1978.7002,143.887451,81.1492,,
1978.6002,142.541626,81.181458,,
1978.5002,141.535522,81.560165,,
1978.4002,140.958008,82.112869,,
1978.3002,140.543243,81.974472,,
1978.2002,140.230408,81.024765,,
1978.1002,139.978058,79.95755,,
1978.0002,139.771484,79.513168,,
1977.9002,139.678436,79.038391,,
1977.8002,139.782593,78.357956,,
1977.7002,140.105194,77.84111,,
1977.6002,140.8685,77.40863,,
1977.5002,142.143646,76.770111,,
1977.4002,143.484741,75.786346,,
1977.3002,144.389008,74.819016,,
1977.2002,144.378876,74.150223,,
1977.1002,143.647797,73.824051,,
1977.0002,142.514191,73.871902,,
1976.9002,141.458862,74.243607,,
1976.8002,140.443726,74.701431,,
1976.7002,139.207214,75.133591,,
1976.6002,137.579803,75.541183,,
1976.5002,135.829742,75.904785,,
1976.4002,134.4711,75.950562,,
1976.3002,133.707306,75.512268,,
1976.2002,132.95874,74.784058,,
1976.1002,132.441315,73.939331,,
1976.0002,132.435242,73.099899,,
1975.9002,132.744537,72.291901,,
1975.8002,133.377258,71.684174,,
1975.7002,134.184662,71.404602,,
1975.6002,134.720001,71.363159,,
1975.5002,134.620331,71.313583,,
1975.4002,134.005219,71.130936,,
1975.3002,133.366821,70.906631,,
1975.2002,133.026184,70.735046,,
1975.1002,132.948181,70.6427,,
1975.0002,132.748505,70.605423,,
1974.9002,132.485138,70.638077,,
1974.8002,132.339386,70.67688,,
1974.7002,131.501282,70.587204,,
1974.6002,130.650482,70.36171,,
1974.5002,130.61145,70.049088,,
1974.4002,131.36969,69.649567,,
1974.3002,132.575287,69.077957,,
1974.2002,134.020721,68.407379,,
1974.1002,135.611908,67.916138,,
1974.0002,137.022247,67.703979,,
1973.9002,137.9086,67.674637,,
1973.8002,138.137482,67.702957,,
1973.7002,137.988556,67.71701,,
1973.6002,137.661011,67.709656,,
1973.5002,137.110687,67.721298,,
1973.4002,136.615814,67.800552,,
1973.3002,136.658875,67.929535,,
1973.2002,137.589813,67.949646,,
1973.1002,139.179199,67.908356,,
1973.0002,141.160889,67.933182,,
1972.9002,143.141052,68.063828,,
1972.8002,144.995972,68.296555,,
1972.7002,146.80249,68.607162,,
1972.6002,148.277832,68.891479,,
1972.5002,148.881897,69.162903,,
1972.4002,146.57309,69.510788,,
1972.3002,140.454956,70.045197,,
1972.2002,131.564514,70.63205,,
1972.1002,120.846207,71.085052,,
1972.0002,109.512894,71.459106,,
1971.9002,98.60643,71.89267,,
1971.8002,90.55571,72.47435,,
1971.7002,84.903732,72.946548,,
1971.6002,80.193253,73.303665,,
1971.5002,77.455688,73.855911,,
1971.4002,76.727219,74.278137,,
1971.3002,77.423309,74.250931,,
1971.2002,78.875626,73.797119,,
1971.1002,80.170456,73.223587,,
1971.0002,80.950577,72.691116,,
1970.9002,80.511337,72.037338,,
1970.8002,79.227417,71.496445,,
1970.7002,77.92627,71.329681,,
1970.6002,76.748215,71.30069,,
1970.5002,75.641571,71.079163,,
1970.4002,74.651413,70.51593,,
1970.3002,73.75531,69.459778,,
1970.2002,72.865891,67.968994,,
1970.1002,71.972397,66.335358,,
1970.0002,71.133331,64.7388,,
1969.9002,70.383347,63.468781,,
1969.8002,69.773575,62.881546,,
1969.7002,69.412582,63.286095,,
1969.6002,69.348663,64.536896,,
1969.5002,69.667694,65.847855,,
1969.4002,70.417297,66.783813,,
1969.3002,71.439957,67.262329,,
1969.2002,72.595428,67.537796,,
1969.1002,73.769379,67.685623,,
1969.0002,74.777328,67.776016,,
1968.9002,75.185181,68.025894,,
1968.8002,74.713181,68.526276,,
1968.7002,73.719818,69.208008,,
1968.6002,72.389969,69.906738,,
1968.5002,70.915878,70.338287,,
1968.4002,69.472397,70.094818,,
1968.3002,68.129074,69.043457,,
1968.2002,67.062164,67.320343,,
1968.1002,66.54657,65.477646,,
1968.0002,66.896667,63.900032,,
1967.9002,67.929947,62.922523,,
1967.8002,68.561264,62.668015,,
1967.7002,69.019974,63.017868,,
1967.6002,69.671707,63.88063,,
1967.5002,70.506256,65.124817,,
1967.4002,71.825714,66.825485,,
1967.3002,73.743027,68.856598,,
1967.2002,75.831802,70.802277,,
1967.1002,77.876785,72.614059,,
1967.0002,79.455185,74.33493,,
1966.9002,80.207397,75.900177,,
1966.8002,79.957932,76.810959,,
1966.7002,79.249252,76.768631,,
1966.6002,78.847244,76.220535,,
1966.5002,79.622879,75.439377,,
1966.4002,81.96991,74.650681,,
1966.3002,85.580658,74.145706,,
1966.2002,90.363831,74.045761,,
1966.1002,95.941086,74.304825,,
1966.0002,102.221848,74.722168,,
1965.9002,109.120209,75.040359,,
1965.8002,116.075485,74.949951,,
1965.7002,121.909439,74.343536,,
1965.6002,125.931427,73.65535,,
1965.5002,128.493683,73.20726,,
1965.4002,128.980194,72.644989,,
1965.3002,127.402191,71.450958,,
1965.2002,124.650452,69.792938,,
1965.1002,124.157837,68.550812,,
1965.0002,125.929672,67.994019,,
1964.9002,127.238403,67.877396,,
1964.8002,128.316437,68.088684,,
1964.7002,129.430908,68.273956,,
1964.6002,130.616669,68.197632,,
1964.5002,132.060699,68.115814,,
1964.4002,133.489563,68.08342,,
1964.3002,134.496185,68.008499,,
1964.2002,134.824982,67.942032,,
1964.1002,134.69812,67.985046,,
1964.0002,134.395447,68.14212,,
1963.9002,134.37439,68.299316,,
1963.8002,134.822479,68.406113,,
1963.7002,135.865631,68.480606,,
1963.6002,136.194366,68.472,,
1963.5002,134.78714,68.418884,,
1963.4002,130.092407,68.404099,,
1963.3002,120.005493,68.522537,,
1963.2002,105.493179,68.621719,,
1963.1002,88.426987,68.515305,,
1963.0002,71.623703,68.243942,,
1962.9002,55.874962,68.016083,,
1962.8002,42.676125,67.9897,,
1962.7002,32.875671,68.579361,,
1962.6002,26.026398,70.383774,,
1962.5002,24.706303,73.815552,,
1962.4002,27.025791,81.168839,,
1962.3002,31.019424,91.18515,,
1962.2002,38.678116,100.357758,,
1962.1002,47.688637,108.930191,,
1962.0002,55.861977,116.376465,,
1961.9002,64.535355,120.059326,,
1961.8002,74.423386,122.136444,,
1961.7002,85.340836,124.614502,,
1961.6002,97.039825,126.703354,,
1961.5002,107.838303,127.750931,,
1961.4002,116.126343,127.861771,,
1961.3002,123.330704,126.83699,,
1961.2002,129.770386,122.974686,,
1961.1002,134.480377,116.312897,,
1961.0002,137.528168,109.072205,,
1960.9002,139.976715,102.764023,,
1960.8002,142.79892,97.339905,,
1960.7002,145.946594,92.563782,,
1960.6002,148.417267,88.264221,,
1960.5002,148.83252,84.044617,,
1960.4002,146.873383,79.784866,,
1960.3002,143.514709,76.428345,,
1960.2002,139.102234,74.658203,,
1960.1002,133.834778,74.202774,,
1960.0002,128.191132,74.298599,,
1959.9002,122.761658,74.499237,,
1959.8002,118.987503,74.818268,,
1959.7002,117.608383,75.024185,,
1959.6002,119.343109,74.664551,,
1959.5002,123.479767,73.824799,,
1959.4002,128.105927,72.680359,,
1959.3002,132.605865,71.134506,,
1959.2002,136.422913,69.558517,,
1959.1002,139.73703,68.469452,,
1959.0002,142.622559,68.039719,,
1958.9002,144.786224,68.45372,,
1958.8002,145.914276,69.507126,,
1958.7002,146.142761,70.428604,,
1958.6002,145.849548,70.85022,,
1958.5002,145.35556,70.886703,,
1958.4002,144.591278,70.814102,,
1958.3002,143.530151,70.727386,,
1958.2002,142.214325,70.662674,,
1958.1002,140.474518,70.819107,,
1958.0002,138.165253,71.191208,,
1957.9002,135.366974,71.452728,,
1957.8002,131.734497,71.510803,,
1957.7002,127.126617,71.405746,,
1957.6002,121.969711,71.293716,,
1957.5002,115.221512,71.332535,,
1957.4002,106.359131,71.485489,,
1957.3002,97.708435,71.466339,,
1957.2002,90.09967,71.299103,,
1957.1002,83.673782,71.160065,,
1957.0002,78.714081,71.148254,,
1956.9002,75.495972,71.111786,,
1956.8002,73.592667,70.984222,,
1956.7002,72.284134,71.046295,,
1956.6002,71.186981,71.319489,,
1956.5002,70.117081,71.709106,,
1956.4002,69.136276,72.236099,,
1956.3002,68.280533,72.871674,,
1956.2002,67.503372,73.565109,,
1956.1002,66.741867,74.368301,,
1956.0002,65.99971,75.214142,,
1955.9002,65.314377,75.739761,,
1955.8002,64.741684,75.39212,,
1955.7002,64.312012,74.125595,,
1955.6002,63.946884,72.579483,,
1955.5002,63.712753,71.449356,,
1955.4002,63.687027,70.868347,,
1955.3002,63.864464,70.513763,,
1955.2002,64.267059,70.280396,,
1955.1002,64.849319,70.047684,,
1955.0002,65.546112,69.567459,,
1954.9002,66.322388,68.572189,,
1954.8002,66.886765,67.29454,,
1954.7002,66.844086,66.341141,,
1954.6002,66.944397,66.145065,,
1954.5002,67.862717,66.80513,,
1954.4002,69.583145,68.045502,,
1954.3002,73.223785,69.884903,,
1954.2002,78.5112,72.076645,,
1954.1002,84.067154,74.112213,,
1954.0002,88.469101,75.767151,,
1953.9002,91.202621,76.938004,,
1953.8002,91.961517,77.647934,,
1953.7002,91.449173,77.989258,,
1953.6002,90.572266,78.105743,,
1953.5002,89.459198,78.125519,,
1953.4002,88.263077,77.887283,,
1953.3002,87.147491,77.47493,,
1953.2002,86.327301,77.128555,,
1953.1002,85.813202,76.684204,,
1953.0002,85.570511,76.182343,,
1952.9002,86.203293,75.861557,,
1952.8002,87.862137,75.604599,,
1952.7002,90.298752,75.35437,,
1952.6002,93.686386,75.234207,,
1952.5002,97.392319,75.009064,,
1952.4002,101.068115,74.502701,,
1952.3002,104.503769,73.728012,,
1952.2002,107.888031,73.011749,,
1952.1002,111.484283,72.454178,,
1952.0002,112.205505,71.88945,,
1951.9002,111.107346,71.401718,,
1951.8002,109.915939,71.116684,,
1951.7002,109.00882,71.150406,,
1951.6002,108.220566,71.572861,,
1951.5002,107.428253,72.260208,,
1951.4002,106.294128,72.886276,,
1951.3002,104.768326,73.314377,,
1951.2002,102.860382,73.568054,,
1951.1002,101.050308,73.595505,,
1951.0002,99.888458,73.374924,,
1950.9002,100.287689,72.959198,,
1950.8002,102.162598,72.355576,,
1950.7002,104.707535,71.860275,,
1950.6002,107.118195,71.735519,,
1950.5002,109.26593,71.680298,,
1950.4002,111.254959,71.51561,,
1950.3002,112.972092,71.344208,,
1950.2002,114.612549,71.352173,,
1950.1002,116.338379,71.39241,,
1950.0002,118.206955,71.156281,,
1949.9002,119.775391,70.944366,,
1949.8002,120.583084,71.074112,,
1949.7002,119.218201,71.517014,,
1949.6002,115.458557,71.920319,,
1949.5002,110.573151,72.158051,,
1949.4002,106.707916,72.572174,,
1949.3002,104.568344,72.869308,,
1949.2002,103.104523,72.656998,,
1949.1002,104.493637,72.023239,,
1949.0002,109.038147,71.387268,,
1948.9002,114.895386,71.000107,,
1948.8002,121.691895,70.517563,,
1948.7002,128.099854,69.873764,,
1948.6002,133.248779,69.351929,,
1948.5002,136.163757,69.148361,,
1948.4002,135.954529,69.068695,,
1948.3002,132.399811,68.775208,,
1948.2002,126.026291,68.500793,,
1948.1002,119.058746,68.570618,,
1948.0002,112.754684,69.02002,,
1947.9002,107.634033,69.749237,,
1947.8002,103.344543,70.765274,,
1947.7002,99.58345,72.463333,,
1947.6002,96.466675,76.303711,,
1947.5002,93.815308,83.56485,,
1947.4002,91.332413,93.142075,,
1947.3002,88.892014,102.549545,,
1947.2002,86.461914,110.011353,,
1947.1002,84.561172,115.945023,,
1947.0002,83.569717,120.128036,,
1946.9002,83.228485,121.874283,,
1946.8002,83.443954,120.961884,,
1946.7002,84.167984,116.497635,,
1946.6002,85.189316,108.46228,,
1946.5002,86.310486,100.161713,,
1946.4002,87.282104,92.867508,,
1946.3002,87.953369,86.241211,,
1946.2002,88.409119,79.863083,,
1946.1002,88.740662,74.953705,,
1946.0002,88.903458,73.124817,,
1945.9002,88.531723,72.613998,,
1945.8002,87.355591,72.305344,,
1945.7002,85.860229,72.07608,,
1945.6002,84.888733,71.910843,,
1945.5002,85.528198,71.832062,,
1945.4002,88.25264,71.802078,,
1945.3002,95.177277,71.610916,,
1945.2002,105.735992,71.198761,,
1945.1002,115.577591,70.75354,,
1945.0002,122.795624,70.404572,,
1944.9002,126.249939,70.19545,,
1944.8002,126.074814,70.096268,,
1944.7002,122.83812,70.210052,,
1944.6002,118.590286,70.507065,,
1944.5002,114.020081,70.770981,,
1944.4002,109.542435,70.984314,,
1944.3002,105.394958,71.291656,,
1944.2002,101.491165,71.803207,,
1944.1002,97.109665,72.340988,,
1944.0002,91.985397,72.770874,,
1943.9002,87.866562,73.151382,,
1943.8002,85.299942,73.323059,,
1943.7002,83.542618,73.36972,,
1943.6002,82.723206,73.609024,,
1943.5002,82.588821,73.822617,,
1943.4002,82.721756,73.777359,,
1943.3002,83.256348,73.537582,,
1943.2002,84.119293,73.506058,,
1943.1002,85.142914,73.57756,,
1943.0002,86.168808,73.123947,,
1942.9002,87.097107,72.491653,,
1942.8002,87.889191,72.191956,,
1942.7002,88.143555,72.250839,,
1942.6002,87.845871,72.380081,,
1942.5002,87.130234,72.358978,,
1942.4002,86.086731,72.125839,,
1942.3002,84.85144,71.778915,,
1942.2002,83.490707,71.472153,,
1942.1002,81.958649,71.355118,,
1942.0002,80.461105,71.489288,,
1941.9002,79.268631,71.809021,,
1941.8002,78.321411,72.251404,,
1941.7002,77.252716,72.753296,,
1941.6002,75.577591,73.265121,,
1941.5002,73.459686,73.673477,,
1941.4004,71.113098,73.81781,,
1941.3004,68.33493,73.717728,,
1941.2004,65.398102,73.894669,,
1941.1004,62.610817,74.457321,,
1941.0004,60.115692,75.185181,,
1940.9004,58.485458,75.692261,,
1940.8004,57.70462,75.922836,,
1940.7004,57.664543,76.015854,,
1940.6004,58.126602,76.082336,,
1940.5004,58.897285,75.954559,,
1940.4004,60.064552,75.391754,,
1940.3004,61.755295,74.473038,,
1940.2004,63.884712,73.432312,,
1940.1004,65.595703,72.43045,,
1940.0004,66.205185,71.520905,,
1939.9004,65.732162,70.846039,,
1939.8004,64.424118,70.714767,,
1939.7004,62.784439,71.454391,,
1939.6004,61.109917,72.980911,,
1939.5004,59.718857,74.943222,,
1939.4004,58.483887,76.619339,,
1939.3004,57.150284,77.478867,,
1939.2004,55.723602,77.42926,,
1939.1004,54.108482,76.954895,,
1939.0004,52.251678,76.658813,,
1938.9004,50.786514,76.773941,,
1938.8004,50.206032,77.312286,,
1938.7004,50.507141,78.097031,,
1938.6004,51.904961,78.979263,,
1938.5004,54.477097,79.793716,,
1938.4004,58.460312,80.324661,,
1938.3004,64.081589,80.245865,,
1938.2004,71.132874,79.467041,,
1938.1004,79.723251,78.354858,,
1938.0004,87.479126,77.189133,,
1937.9004,92.101486,76.084213,,
1937.8004,95.707138,74.963516,,
1937.7004,98.850525,73.910629,,
1937.6004,101.26947,73.283188,,
1937.5004,102.759888,73.318588,,
1937.4004,102.433609,73.818497,,
1937.3004,100.014297,74.280579,,
1937.2004,96.586502,74.378143,,
1937.1004,93.03215,73.966339,,
1937.0004,89.856003,72.976578,,
1936.9004,86.824615,71.473495,,
1936.8004,83.812897,69.874969,,
1936.7004,80.706085,68.809753,,
1936.6004,77.524277,68.478134,,
1936.5004,74.332336,68.801163,,
1936.4004,71.054749,69.414536,,
1936.3004,67.934799,70.124237,,
1936.2004,65.416077,70.912674,,
1936.1004,63.629219,71.823441,,
1936.0004,62.992264,72.799515,,
1935.9004,63.731903,73.663773,,
1935.8004,65.761719,74.18605,,
1935.7004,69.907211,74.409561,,
1935.6004,75.983597,74.450607,,
1935.5004,82.122284,74.466263,,
1935.4004,89.107529,74.616226,,
1935.3004,97.670013,74.971252,,
1935.2004,105.69075,75.407639,,
1935.1004,112.63562,75.80394,,
1935.0004,118.85347,76.053421,,
1934.9004,124.615005,76.089233,,
1934.8004,130.356964,75.818649,,
1934.7004,136.173889,75.138153,,
1934.6004,140.571136,74.144012,,
1934.5004,142.853668,73.060928,,
1934.4004,143.807343,72.118195,,
1934.3004,144.229584,71.366394,,
1934.2004,144.66983,70.788345,,
1934.1004,145.356567,70.428253,,
1934.0004,146.585724,70.323746,,
1933.9004,148.266937,70.271118,,
1933.8004,149.85849,70.054001,,
1933.7004,150.634277,69.713913,,
1933.6004,150.494904,69.381805,,
1933.5004,149.99054,69.138733,,
1933.4004,149.382568,68.948135,,
1933.3004,149.016937,68.797531,,
1933.2004,148.993988,68.802917,,
1933.1004,149.787659,69.243835,,
1933.0004,151.393799,69.86084,,
1932.9004,153.585205,70.241165,,
1932.8004,154.972076,70.263336,,
1932.7004,154.274902,70.037781,,
1932.6004,150.774384,69.735413,,
1932.5004,144.3461,69.398743,,
1932.4004,136.539612,69.096146,,
1932.3004,128.83017,68.921295,,
1932.2004,120.531082,69.014938,,
1932.1004,112.402252,69.478043,,
1932.0004,106.891312,70.297714,,
1931.9004,103.537201,71.575089,,
1931.8004,101.007217,73.795349,,
1931.7004,99.0616,77.30925,,
1931.6004,97.873169,84.165421,,
1931.5004,97.43338,93.052383,,
1931.4004,98.038101,101.145691,,
1931.3004,99.48584,105.204575,,
1931.2004,101.337799,103.969101,,
1931.1004,103.086029,98.108307,,
1931.0004,104.40007,89.985275,,
1930.9004,105.191711,82.500519,,
1930.8004,105.031662,77.072495,,
1930.7004,104.557037,74.037094,,
1930.6004,104.284775,72.674454,,
1930.5004,104.537537,72.237289,,
1930.4004,105.224472,72.234711,,
1930.3004,106.16304,72.369019,,
1930.2004,107.272186,72.567322,,
1930.1004,108.169952,72.522125,,
1930.0004,108.65065,72.145294,,
1929.9004,108.059372,71.609161,,
1929.8004,106.563553,71.120819,,
1929.7004,104.425522,70.837677,,
1929.6004,101.462372,71.024399,,
1929.5004,97.90448,71.61142,,
1929.4004,93.803772,72.2724,,
1929.3004,89.866623,72.592834,,
1929.2004,87.192261,72.677734,,
1929.1004,86.793854,73.150513,,
1929.0004,89.254135,75.524216,,
1928.9004,94.110809,79.641785,,
1928.8004,101.584503,84.244644,,
1928.7004,109.867233,89.291626,,
1928.6004,117.453354,95.596771,,
1928.5004,123.624329,102.958878,,
1928.4004,127.815277,108.720062,,
1928.3004,130.339142,110.794647,,
1928.2004,131.281494,109.558517,,
1928.1004,130.891998,105.764572,,
1928.0004,129.824341,99.906693,,
1927.9004,128.216797,92.543793,,
1927.8004,126.313461,84.391815,,
1927.7004,124.45929,77.087723,,
1927.6004,122.951996,72.370941,,
1927.5004,121.889511,70.491409,,
1927.4004,121.124908,70.316223,,
1927.3004,120.882645,70.324783,,
1927.2004,121.137558,70.32431,,
1927.1004,121.549118,70.523224,,
1927.0004,122.095398,70.569504,,
1926.9004,122.67514,70.314941,,
1926.8004,123.164993,69.937622,,
1926.7004,123.787033,69.551407,,
1926.6004,124.697311,69.143143,,
1926.5004,125.664322,68.705765,,
1926.4004,126.653976,68.356094,,
1926.3004,127.650085,68.256577,,
1926.2004,128.699615,68.426285,,
1926.1004,129.792603,68.625519,,
1926.0004,130.840027,68.784088,,
1925.9004,131.821838,69.132385,,
1925.8004,132.74823,69.753723,,
1925.7004,133.528595,70.478851,,
1925.6004,133.909943,70.958435,,
1925.5004,133.756561,71.160522,,
1925.4004,133.19162,71.118805,,
1925.3004,132.367615,70.903229,,
1925.2004,131.412292,70.764374,,
1925.1004,130.535645,70.832062,,
1925.0004,129.819733,70.83934,,
1924.9004,129.325104,70.778046,,
1924.8004,128.960876,70.737015,,
1924.7004,128.730377,70.599548,,
1924.6004,128.672638,70.12294,,
1924.5004,128.765747,69.277191,,
1924.4004,129.000397,68.508728,,
1924.3004,129.27713,67.734741,,
1924.2004,129.421631,66.778809,,
1924.1004,129.353333,66.090851,,
1924.0004,129.042786,65.961502,,
1923.9004,128.584167,66.28302,,
1923.8004,127.963943,66.693253,,
1923.7004,127.66539,67.118912,,
1923.6004,128.324585,67.531876,,
1923.5004,130.09906,67.638,,
1923.4004,132.668427,67.348938,,
1923.3004,135.456573,66.947067,,
1923.2004,138.432526,66.799194,,
1923.1004,141.271027,66.843628,,
1923.0004,143.506531,66.867447,,
1922.9004,143.486542,67.185791,,
1922.8004,140.845093,67.869873,,
1922.7004,136.107727,68.845825,,
1922.6004,129.136749,70.962082,,
1922.5004,120.514084,75.694336,,
1922.4004,109.79866,83.422958,,
1922.3004,99.928741,92.885101,,
1922.2004,92.700958,101.852554,,
1922.1004,87.587967,109.137558,,
1922.0004,83.477325,112.51973,,
1921.9004,79.590759,110.57872,,
1921.8004,75.889481,103.955948,,
1921.7004,72.535583,94.35199,,
1921.6004,69.5047,84.342026,,
1921.5004,66.921799,75.88295,,
1921.4004,64.64299,71.518646,,
1921.3004,62.455116,70.716553,,
1921.2004,60.578606,71.566788,,
1921.1004,59.124359,72.95018,,
1921.0004,57.985847,74.272736,,
1920.9004,57.192154,75.187927,,
1920.8004,56.514557,75.646652,,
1920.7004,55.800842,75.854767,,
1920.6004,55.21579,76.025574,,
1920.5004,54.7369,76.157959,,
1920.4004,54.306671,76.190033,,
1920.3004,53.818573,76.082062,,
1920.2004,53.255066,75.868423,,
1920.1004,52.646057,75.516754,,
1920.0004,52.082443,74.788452,,
1919.9004,51.613205,73.655838,,
1919.8004,51.274849,72.373566,,
1919.7004,51.198067,71.218292,,
1919.6004,51.328316,70.337723,,
1919.5004,51.580597,69.718307,,
1919.4004,51.906815,69.357986,,
1919.3004,52.266167,69.234238,,
1919.2004,52.63485,69.279861,,
1919.1004,53.003464,69.536316,,
1919.0004,53.325165,69.928635,,
1918.9004,53.50396,70.342545,,
1918.8004,53.461563,70.814667,,
1918.7004,53.204918,71.322495,,
1918.6004,52.617828,71.801056,,
1918.5004,51.677948,72.247223,,
1918.4004,50.520233,72.617599,,
1918.3004,49.121498,72.865784,,
1918.2004,47.533829,72.870636,,
1918.1004,45.879608,72.69339,,
1918.0004,44.565536,72.532654,,
1917.9004,43.816017,72.470947,,
1917.8004,43.417717,72.433975,,
1917.7004,43.262474,72.31282,,
1917.6004,43.20491,72.204605,,
1917.5004,43.187859,72.163559,,
1917.4004,43.705696,72.035187,,
1917.3004,44.719536,71.73613,,
1917.2004,45.668213,71.330063,,
1917.1004,46.457153,70.943512,,
1917.0004,46.973953,70.668732,,
1916.9004,47.127617,70.555679,,
1916.8004,46.812111,70.63739,,
1916.7004,46.284966,70.908234,,
1916.6004,46.048424,71.264709,,
1916.5004,46.352882,71.564987,,
1916.4004,47.186592,71.789734,,
1916.3004,48.333321,72.003067,,
1916.2004,49.781837,72.112442,,
1916.1004,51.393929,72.070892,,
1916.0004,52.820427,72.033844,,
1915.9004,53.733856,72.152237,,
1915.8004,54.026657,72.538239,,
1915.7004,54.044487,73.160324,,
1915.6004,53.987358,73.977905,,
1915.5004,53.945465,74.974258,,
1915.4004,53.626022,76.031494,,
1915.3004,52.785881,76.867523,,
1915.2004,51.520668,77.19632,,
1915.1004,49.981148,77.240982,,
1915.0004,48.239494,77.078674,,
1914.9004,46.463821,76.646988,,
1914.8004,44.818138,75.976425,,
1914.7004,43.36647,75.456589,,
1914.6004,41.973602,75.392639,,
1914.5004,40.505318,75.149246,,
1914.4004,38.983208,74.814651,,
1914.3004,37.751564,75.10173,,
1914.2004,36.948792,76.097687,,
1914.1004,36.652557,77.373947,,
1914.0004,36.606224,78.321686,,
1913.9004,36.822273,78.990662,,
1913.8004,37.219376,79.414948,,
1913.7004,37.692703,79.563812,,
1913.6004,38.300514,79.496704,,
1913.5004,39.043823,79.33345,,
1913.4004,39.842545,79.250366,,
1913.3004,40.664803,79.317932,,
1913.2004,41.493607,79.321411,,
1913.1004,42.310287,78.941895,,
1913.0004,43.062859,78.176895,,
1912.9004,43.960274,77.181488,,
1912.8004,45.534477,76.176392,,
1912.7004,49.176529,75.267624,,
1912.6004,54.974754,74.493713,,
1912.5004,61.424095,73.859497,,
1912.4004,71.015854,73.307739,,
1912.3004,84.743759,72.849976,,
1912.2004,100.316971,72.541245,,
1912.1004,120.586395,72.218826,,
1912.0004,145.980377,71.769394,,
1911.9004,169.979004,71.258224,,
1911.8004,192.548157,70.743561,,
1911.7004,214.402344,70.33432,,
1911.6004,223.719666,70.130936,,
1911.5004,222.160645,70.058762,,
1911.4004,216.921082,70.212387,,
1911.3004,209.008148,70.895493,,
1911.2004,200.603821,71.712601,,
1911.1004,193.24704,72.291122,,
1911.0004,181.552612,72.725632,,
1910.9004,167.516754,72.838806,,
1910.8004,154.309906,72.507965,,
1910.7004,145.081268,71.742645,,
1910.6004,138.756561,71.410294,,
1910.5004,133.403625,71.676605,,
1910.4004,130.06424,71.494812,,
1910.3004,128.232941,71.075851,,
1910.2004,126.985184,70.939789,,
1910.1004,126.012634,70.903259,,
1910.0004,125.14241,70.871475,,
1909.9004,124.315582,70.888596,,
1909.8004,123.401367,70.843735,,
1909.7004,122.537292,70.607422,,
1909.6004,122.131363,70.201981,,
1909.5004,122.482285,69.961029,,
1909.4004,123.355896,69.752823,,
1909.3004,124.427322,69.3125,,
1909.2004,125.575912,68.794998,,
1909.1004,126.562744,68.475845,,
1909.0004,126.457138,68.469513,,
1908.9004,125.21582,68.450043,,
1908.8004,123.316162,68.313324,,
1908.7004,121.302475,68.211685,,
1908.6004,119.996063,68.070145,,
1908.5004,119.652069,67.815521,,
1908.4004,120.108505,67.484497,,
1908.3004,120.822525,67.370972,,
1908.2004,121.450089,67.47673,,
1908.1004,121.827789,67.506622,,
1908.0004,121.870209,67.607315,,
1907.9004,121.600739,67.866226,,
1907.8004,122.160583,68.030426,,
1907.7004,123.853271,67.590317,,
1907.6004,126.204742,66.704514,,
1907.5004,129.329071,66.311798,,
1907.4004,132.296753,66.409134,,
1907.3004,134.178131,66.427017,,
1907.2004,133.729156,66.400681,,
1907.1004,131.148895,66.51416,,
1907.0004,127.404129,66.739944,,
1906.9004,122.530151,66.840668,,
1906.8004,117.428696,66.756409,,
1906.7004,113.113449,66.712509,,
1906.6004,110.978699,67.045334,,
1906.5004,111.223175,67.743393,,
1906.4004,112.565079,68.395477,,
1906.3004,114.568924,68.680374,,
1906.2004,116.946121,68.571594,,
1906.1004,120.010101,68.330536,,
1906.0004,123.756622,67.847168,,
1905.9004,127.751709,67.014236,,
1905.8004,131.683777,66.109711,,
1905.7004,135.296021,65.449646,,
1905.6004,138.483551,65.195084,,
1905.5004,140.420441,65.211578,,
1905.4004,140.774292,65.442993,,
1905.3004,140.504852,65.913956,,
1905.2004,139.561462,66.62532,,
1905.1004,137.857849,67.42807,,
1905.0004,135.46048,68.12442,,
1904.9004,132.149902,68.769226,,
1904.8004,128.03772,69.380753,,
1904.7004,124.002808,69.825195,,
1904.6004,120.243454,69.905533,,
1904.5004,116.602859,69.611053,,
1904.4004,112.643311,69.180618,,
1904.3004,109.289352,68.74147,,
1904.2004,107.527054,68.391312,,
1904.1004,107.045898,68.302795,,
1904.0004,107.836426,68.612854,,
1903.9004,109.363571,69.389587,,
1903.8004,111.034027,70.439255,,
1903.7004,113.212646,71.591599,,
1903.6004,116.081299,72.824921,,
1903.5004,118.854568,74.169907,,
1903.4004,121.331711,75.609314,,
1903.3004,123.442795,77.202362,,
1903.2004,125.211899,79.265732,,
1903.1004,126.276398,82.216446,,
1903.0004,126.517166,85.525436,,
1902.9004,126.496658,87.750015,,
1902.8004,126.678558,88.439072,,
1902.7004,127.295135,87.915527,,
1902.6004,128.107574,86.861221,,
1902.5004,128.946747,83.860855,,
1902.4004,129.769714,78.884979,,
1902.3004,130.634064,75.005966,,
1902.2004,131.352142,72.70343,,
1902.1004,131.74057,71.071945,,
1902.0004,131.693512,69.995697,,
1901.9004,131.440033,69.562469,,
1901.8004,131.328033,69.638458,,
1901.7004,131.671448,70.098038,,
1901.6004,132.363708,70.972794,,
1901.5004,133.072266,71.932007,,
1901.4004,132.94043,72.285309,,
1901.3004,131.677429,72.181107,,
1901.2004,129.510315,72.067764,,
1901.1004,125.641022,71.921173,,
1901.0004,120.578964,71.730057,,
1900.9004,115.26828,71.521408,,
1900.8004,111.410217,71.174286,,
1900.7004,109.242233,70.779083,,
1900.6004,108.388016,70.383011,,
1900.5004,109.741516,69.552719,,
1900.4004,112.831924,68.476227,,
1900.3004,116.883957,67.586472,,
1900.2004,121.264053,66.877518,,
1900.1004,125.310104,66.243103,,
1900.0004,128.430542,65.601562,,
1899.9004,130.295166,64.729187,,
1899.8004,130.835449,63.966133,,
1899.7004,129.12912,63.677567,,
1899.6004,126.749588,63.834251,,
1899.5004,125.028076,64.339188,,
1899.4004,125.022995,65.173065,,
1899.3004,126.111572,66.222778,,
1899.2004,127.544357,67.222351,,
1899.1004,129.173035,68.02066,,
1899.0004,130.587372,69.184052,,
1898.9004,131.5784,71.871048,,
1898.8004,131.240845,77.122864,,
1898.7004,129.853363,83.168747,,
1898.6004,127.870941,88.043228,,
1898.5004,125.050827,90.642746,,
1898.4004,120.970352,90.248901,,
1898.3004,115.380096,87.004654,,
1898.2004,108.738724,80.897888,,
1898.1004,102.435944,75.22226,,
1898.0004,97.490219,72.208862,,
1897.9004,94.757187,71.125519,,
1897.8004,93.686829,70.513,,
1897.7004,93.779633,69.582199,,
1897.6004,95.576218,68.133804,,
1897.5004,98.864487,66.442017,,
1897.4004,103.354782,64.839798,,
1897.3004,107.946243,63.274246,,
1897.2004,112.033798,62.120132,,
1897.1004,115.798157,61.753822,,
1897.0004,119.200928,61.966331,,
1896.9004,122.312927,62.650948,,
1896.8004,125.117722,63.730553,,
1896.7004,127.069504,64.757874,,
1896.6004,127.938492,65.50177,,
1896.5004,128.087158,66.212479,,
1896.4004,127.700882,67.156128,,
1896.3004,127.036896,68.084427,,
1896.2004,126.24234,68.471909,,
1896.1004,125.299362,68.468994,,
1896.0004,124.205582,68.511017,,
1895.9004,123.011002,68.73349,,
1895.8004,121.801941,69.023712,,
1895.7004,120.706894,69.243195,,
1895.6004,119.86467,69.428238,,
1895.5004,119.438446,69.583817,,
1895.4004,119.43428,69.658768,,
1895.3004,119.892395,69.624878,,
1895.2004,120.468979,69.568573,,
1895.1004,120.389725,69.556198,,
1895.0004,118.810577,69.438553,,
1894.9004,115.923492,69.342865,,0.089487
1894.8004,113.83847,69.505524,,0.097848
1894.7004,112.911575,69.656036,,0.105482
1894.6004,112.851974,69.641312,2.687589,0.109574
1894.5004,112.294662,69.565231,2.699177,0.102166
1894.4004,110.511154,69.327179,2.7086,0.079838
1894.3004,107.396942,68.763458,2.710876,0.05135
1894.2004,104.344162,67.939789,2.705791,0.021289
1894.1004,102.610626,67.266403,2.697482,-0.001255
1894.0004,102.963989,67.124084,2.689124,-0.005211
1893.9004,104.37114,67.468323,2.67873,0.007386
1893.8004,106.752045,67.851944,2.664727,0.0145
1893.7004,109.441742,67.856766,2.6454,0.003841
1893.6004,110.863998,67.436142,2.61839,-0.024314
1893.5004,109.824005,66.657913,2.581431,-0.038427
1893.4004,106.254044,,2.51424,-0.033034
1893.3004,100.689423,,2.378808,-0.026531
1893.2004,94.390366,,2.165765,-0.01743
1893.1004,90.198303,,1.923335,-0.005503
1893.0004,90.375595,,1.746695,0.005922
1892.9004,95.348923,,1.676097,0.016393
1892.8004,102.328156,,1.67667,0.022816
1892.7004,112.421356,,1.714949,0.02777
1892.6004,123.893509,,1.787919,0.042359
1892.5004,131.991425,,1.902051,0.044839
1892.4004,136.17627,,2.006547,0.016125
1892.3004,136.839661,,2.118751,-0.01452
1892.2004,136.074524,,2.30208,-0.028699
1892.1004,134.635834,,2.481154,-0.025971
1892.0004,133.196594,,2.582264,-0.02364
1891.9004,131.759979,,2.628768,-0.021602
1891.8004,130.321411,,2.648872,-0.021813
1891.7004,129.09201,,2.656989,-0.0262
1891.6004,128.289062,,2.658463,-0.031851
1891.5004,128.031952,,2.658346,-0.035203
1891.4004,128.183411,,2.656734,-0.037205
1891.3004,128.541351,,2.6529,-0.039212
1891.2004,129.704224,,2.652337,-0.040271
1891.1004,131.501923,,2.656215,-0.03463
1891.0004,133.269592,,2.658479,-0.023431
1890.9004,134.348083,,2.658106,-0.013286
1890.8004,134.486023,,2.660142,-0.011512
1890.7004,133.584442,,2.668675,-0.015552
1890.6004,132.724274,,2.678894,-0.019922
1890.5004,132.585785,,2.684605,-0.024338
1890.4004,133.149872,,2.685572,-0.028437
1890.3003,134.010742,,2.687139,-0.029628
1890.2003,134.510437,,2.689211,-0.028422
1890.1003,133.443268,,2.684817,-0.026533
1890.0003,130.530304,,2.673622,-0.023134
1889.9003,126.123123,,2.606971,-0.01667
1889.8003,119.444717,,2.427262,-0.00889
1889.7003,109.776596,,2.211823,-0.000964
1889.6003,98.18924,,2.043181,0.006966
1889.5003,89.103745,62.655159,1.891951,0.014719
1889.4003,82.421555,62.074409,1.771407,0.022243
1889.3003,77.107956,61.389404,1.727438,0.023234
1889.2003,76.630707,60.734039,1.739293,-0.007106
1889.1003,80.656845,60.302971,1.772339,-0.016463
1889.0003,87.599503,60.471458,1.826147,-0.001985
1888.9003,96.097351,61.698463,1.933051,0.001428
1888.8003,104.418335,64.380829,2.113469,-0.006502
1888.7003,111.694229,68.398041,2.322554,-0.016803
1888.6003,118.054688,73.846664,2.468062,-0.026398
1888.5003,123.271774,79.661743,2.531625,-0.026935
1888.4003,126.894363,85.277374,2.558989,-0.02158
1888.3003,128.542053,91.685608,2.577547,-0.014776
1888.2003,129.292816,97.532166,2.589539,-0.007172
1888.1003,130.105927,101.504456,2.590616,-0.006442
1888.0003,131.275879,102.749176,2.575927,-0.016164
1887.9003,132.657928,101.603607,2.553662,-0.007834
1887.8003,134.146515,99.117264,2.541436,-0.004252
1887.7003,135.245178,96.038895,2.54623,-0.011541
1887.6003,135.551331,92.363922,2.562313,-0.020203
1887.5003,134.572357,88.000916,2.577528,-0.028405
1887.4003,131.799683,83.739227,2.584555,-0.032802
1887.3003,127.822998,80.13063,2.582861,-0.031567
1887.2003,123.489059,77.214035,2.580288,-0.027816
1887.1003,119.759842,75.209717,2.595069,-0.024023
1887.0003,116.846039,74.221954,2.640127,-0.021503
1886.9003,114.950684,74.119186,2.705497,-0.025732
1886.8003,114.153381,74.532181,2.759302,-0.034224
1886.7003,114.110153,75.056198,2.783569,-0.041698
1886.6003,114.907684,75.491608,2.786865,-0.041308
1886.5003,116.438019,76.132492,2.776635,-0.03501
1886.4003,118.40097,76.680725,2.753937,-0.028294
1886.3003,120.517334,76.348282,2.730072,-0.02168
1886.2003,122.26918,74.984222,2.712868,-0.015716
1886.1003,123.235046,73.222733,2.702313,-0.014421
1886.0003,122.58046,71.810989,2.693711,-0.018685
1885.9003,120.209183,70.541153,2.684089,-0.022306
1885.8003,116.824936,69.093506,2.676492,-0.021013
1885.7003,112.718597,67.6922,2.675248,-0.017223
1885.6003,108.389038,66.304276,2.678543,-0.01357
1885.5003,104.273895,64.927872,2.68602,-0.011816
1885.4003,101.185837,63.956833,2.708244,-0.02
1885.3003,99.770401,63.611259,2.742904,-0.03731
1885.2003,99.993637,63.63974,2.765808,-0.046925
1885.1003,102.505661,63.561409,2.767271,-0.043629
1885.0003,106.551147,63.277626,2.754342,-0.034325
1884.9003,109.891678,63.011368,2.735534,-0.027459
1884.8003,112.017334,62.75338,2.712257,-0.030574
1884.7003,112.974197,62.355911,2.683191,-0.042738
1884.6003,113.120117,61.678955,2.656115,-0.052423
1884.5003,112.591522,60.624809,2.637917,-0.052749
1884.4003,111.790665,59.287834,2.639602,-0.03723
1884.3003,110.806061,57.987267,2.675364,-0.012213
1884.2003,109.538788,56.864944,2.738135,5.8e-05
1884.1003,107.546585,55.958839,2.78978,-0.005923
1884.0003,103.857773,55.210007,2.788805,-0.012518
1883.9003,98.594208,54.919395,2.734972,-0.018159
1883.8003,93.060883,55.680885,2.669909,-0.017545
1883.7003,85.981094,57.603668,2.622346,-0.005914
1883.6003,76.705536,60.00042,2.598154,0.023085
1883.5003,66.662155,61.990028,2.561479,0.056202
1883.4003,57.323753,63.516968,2.457932,0.037791
1883.3003,49.381332,64.38942,2.293697,0.010979
1883.2003,42.14933,64.471558,2.112349,0.020141
1883.1003,38.398888,64.196548,1.906178,0.017002
1883.0003,39.697929,63.900818,1.718482,0.005996
1882.9003,43.750496,63.901688,1.639564,0.005448
1882.8003,53.642593,64.374573,1.669006,0.005594
1882.7003,69.433182,65.421829,1.756996,0.010568
1882.6003,84.334198,67.138306,1.896174,0.023146
1882.5003,95.977905,69.592926,2.082842,0.042924
1882.4003,103.561417,72.776245,2.284162,0.070851
1882.3003,109.796677,76.723373,2.43846,0.091259
1882.2003,113.389008,81.832153,2.52973,0.077165
1882.1003,114.037918,87.729248,2.585328,0.03639
1882.0003,113.272263,93.037811,2.618262,0.003448
1881.9003,110.888947,96.955887,2.64013,-0.011327
1881.8003,107.169357,99.178482,2.656751,-0.01006
1881.7003,102.750336,99.873993,2.670752,-0.009756
1881.6003,98.227234,99.103195,2.681947,-0.012259
1881.5003,94.354919,96.62645,2.685185,-0.016636
1881.4003,91.461044,92.932236,2.678142,-0.020924
1881.3003,90.433258,89.073914,2.670364,-0.025203
1881.2003,91.111115,84.788879,2.668157,-0.029526
1881.1003,92.418106,79.521225,2.666378,-0.033786
1881.0003,93.704926,75.171234,2.666723,-0.037959
1880.9003,94.406113,72.772308,2.672297,-0.041378
1880.8003,93.953918,71.190338,2.677455,-0.041968
1880.7003,92.479172,69.695145,2.677951,-0.040593
1880.6003,90.625214,68.133347,2.674676,-0.039226
1880.5003,88.358994,66.501846,2.671145,-0.037857
1880.4003,86.673676,65.012421,2.669675,-0.036334
1880.3003,86.333099,63.778702,2.669618,-0.034749
1880.2003,88.050888,62.644348,2.669201,-0.033168
1880.1003,90.988083,61.675987,2.669928,-0.031586
1880.0003,94.049316,60.960793,2.6726,-0.029995
1879.9003,96.846909,60.500732,2.673479,-0.028387
1879.8003,99.190948,60.425644,2.672279,-0.026805
1879.7003,101.20018,60.757828,2.671231,-0.025225
1879.6003,102.341095,61.450211,2.670628,-0.023999
1879.5003,102.823044,62.179337,2.67186,-0.025088
1879.4003,103.062241,62.66993,2.67673,-0.027713
1879.3003,103.091782,62.803482,2.683955,-0.030483
1879.2003,103.027725,62.430038,2.690006,-0.032767
1879.1003,102.953323,61.660301,2.690865,-0.032649
1879.0003,103.074951,60.768944,2.686164,-0.031116
1878.9003,103.482666,60.089958,2.679635,-0.027984
1878.8003,104.20726,59.774651,2.677431,-0.016379
1878.7003,105.901886,59.85144,2.68248,-0.000171
1878.6003,108.260925,60.426758,2.693917,0.014461
1878.5003,110.813431,61.358894,2.705381,0.01396
1878.4003,111.679825,62.197678,2.707708,0.004374
1878.3003,111.11969,62.793747,2.700522,-0.00684
1878.2003,109.946945,63.27224,2.692144,-0.017623
1878.1003,108.891388,63.91037,2.687691,-0.024835
1878.0003,108.329346,64.820618,2.689528,-0.027325
1877.9003,108.62973,65.904724,2.696221,-0.02789
1877.8003,109.439484,67.036407,2.701834,-0.028232
1877.7003,110.398987,67.943237,2.70257,-0.028583
1877.6003,111.396881,68.424255,2.699641,-0.02894
1877.5003,112.642105,68.057816,2.694254,-0.02932
1877.4003,114.116943,67.029602,2.689141,-0.029715
1877.3003,115.690582,65.773758,2.68785,-0.030115
1877.2003,116.816544,64.087341,2.688526,-0.030519
1877.1003,117.225281,62.222664,2.68871,-0.030917
1877.0003,116.436172,60.606461,2.689123,-0.031319
1876.9003,114.896667,59.389404,2.688783,-0.031723
1876.8003,113.239441,58.526817,2.68733,-0.032121
1876.7003,111.87645,57.940109,2.687425,-0.032516
1876.6003,110.749832,57.760941,2.689442,-0.032738
1876.5003,109.714661,57.962997,2.692601,-0.031873
1876.4003,109.188614,58.396423,2.697893,-0.030241
1876.3003,109.272278,58.943756,2.705306,-0.028535
1876.2003,109.777817,59.448036,2.710918,-0.026804
1876.1003,110.348633,59.723816,2.708408,-0.025297
1876.0003,110.751801,59.815926,2.698987,-0.025863
1875.9003,111.026947,59.848885,2.689365,-0.028597
1875.8003,111.215454,59.790672,2.682275,-0.031732
1875.7003,111.393555,59.629959,2.677174,-0.033589
1875.6003,111.590179,59.410194,2.672956,-0.032689
1875.5003,111.747864,59.136551,2.667253,-0.03023
1875.4003,111.842468,58.800713,2.659006,-0.027803
1875.3003,111.895966,58.41832,2.651118,-0.025363
1875.2003,111.794373,58.027298,2.649745,-0.023095
1875.1003,111.61615,57.736053,2.656557,-0.021733
1875.0003,111.668213,57.651672,2.666425,-0.021737
1874.9003,112.279587,57.792984,2.673944,-0.022404
1874.8003,113.439117,58.1026,2.678737,-0.023515
1874.7003,114.793991,58.468727,2.683125,-0.025942
1874.6003,116.002625,58.832909,2.68867,-0.029458
1874.5003,116.792084,59.073547,2.695015,-0.032988
1874.4003,117.165436,59.059433,2.701417,-0.036148
1874.3003,117.22583,58.928894,2.707843,-0.037471
1874.2003,117.23999,58.932823,2.714404,-0.034819
1874.1003,117.220245,59.197021,2.719424,-0.029573
1874.0003,117.039291,59.635178,2.72045,-0.026049
1873.9003,116.470337,60.08741,2.71614,-0.026693
1873.8003,115.30629,60.451088,2.708663,-0.030905
1873.7003,113.629547,60.71685,2.70058,-0.035079
1873.6003,112.112976,60.889694,2.692737,-0.038632
1873.5003,111.295563,60.964737,2.687457,-0.039379
1873.4003,111.371613,60.968956,2.68611,-0.03616
1873.3003,111.640976,60.980766,2.686988,-0.031734
1873.2003,111.994415,61.071655,2.685307,-0.02732
1873.1003,112.36084,61.241577,2.678647,-0.023063
1873.0003,112.769791,61.423363,2.669841,-0.020165
1872.9003,113.177261,61.56488,2.66177,-0.021032
1872.8003,113.535538,61.632576,2.657512,-0.025621
1872.7003,113.848007,61.607956,2.659386,-0.0302
1872.6003,114.113434,61.500298,2.664044,-0.034241
1872.5003,114.32515,61.31736,2.66662,-0.03561
1872.4003,114.478821,61.097366,2.667746,-0.031949
1872.3003,114.503525,60.907448,2.669831,-0.025085
1872.2003,114.323456,60.805092,2.672684,-0.019257
1872.1003,113.93808,60.797264,2.671953,-0.01652
1872.0003,113.311554,60.866898,2.667526,-0.016953
1871.9003,112.635178,61.006927,2.664965,-0.017387
1871.8003,112.319016,61.178955,2.670186,-0.01737
1871.7003,112.66037,61.290024,2.683908,-0.016379
1871.6003,113.673843,61.274849,2.701922,-0.015078
1871.5003,115.195267,61.174332,2.719119,-0.015381
1871.4003,117.21701,61.075676,2.728758,-0.017212
1871.3003,119.544617,61.031387,2.727612,-0.019051
1871.2003,121.892273,61.019554,2.718076,-0.021823
1871.1003,123.643921,61.022781,2.705475,-0.029374
1871.0003,124.171463,60.993378,2.693686,-0.041517
1870.9003,122.553146,60.872963,2.685572,-0.050468
1870.8003,118.25174,60.659721,2.680258,-0.052828
1870.7003,112.095245,60.378944,2.664377,-0.049846
1870.6003,104.377243,60.06041,2.614028,-0.040117
1870.5003,95.774368,59.661514,2.49872,-0.025633
1870.4003,87.093155,59.225052,2.319196,-0.01043
1870.3003,77.933487,58.899048,2.142737,0.007642
1870.2003,69.981506,58.918304,2.000714,0.028455
1870.1003,65.1147,59.263367,1.89123,0.039931
1870.0003,65.929977,59.65416,1.832386,0.026181
1869.9003,71.264664,60.102142,1.845499,-0.000947
1869.8003,78.086212,60.665466,1.921648,-0.016471
1869.7003,88.002563,61.307404,1.998196,-0.022994
1869.6003,100.336044,62.028374,2.052394,-0.028389
1869.5003,113.339722,63.07254,2.122246,-0.028558
1869.4003,123.210144,65.046402,2.246611,-0.02515
1869.3003,129.326752,68.299835,2.39223,-0.024624
1869.2003,133.08783,72.598572,2.495467,-0.026327
1869.1003,134.35199,77.545685,2.556929,-0.028179
1869.0003,134.011414,83.40329,2.597567,-0.02993
1868.9003,132.757355,89.991684,2.632102,-0.031024
1868.8003,131.215271,95.394592,2.667577,-0.030036
1868.7003,129.83905,97.889664,2.701223,-0.02795
1868.6003,128.781097,97.309357,2.72849,-0.025731
1868.5003,128.554779,92.626404,2.748463,-0.023682
1868.4003,129.083466,85.81134,2.760196,-0.023391
1868.3003,130.238251,79.215256,2.764819,-0.024924
1868.2003,131.718506,73.54715,2.766538,-0.025889
1868.1003,133.084839,69.052826,2.766079,-0.015399
1868.0003,133.565277,65.890228,2.759954,0.012852
1867.9003,132.615021,64.027252,2.744785,0.048061
1867.8003,130.661285,62.832741,2.718884,0.080384
1867.7003,128.556824,61.761711,2.687012,0.091331
1867.6003,126.735062,60.788757,2.660323,0.089701
1867.5003,125.274719,59.950027,2.643768,0.086193
1867.4003,124.91629,59.250397,2.632907,0.08395
1867.3003,125.381973,58.634354,2.626961,0.080545
1867.2003,126.22403,58.143654,2.628707,0.063152
1867.1003,127.26767,57.871918,2.636743,0.036588
1867.0003,128.402313,57.814011,2.648046,0.017145
1866.9003,129.519135,58.330391,2.658478,0.006297
1866.8003,129.373779,59.977455,2.66396,-0.001638
1866.7003,128.371063,62.488174,2.664828,-0.009478
1866.6003,127.179474,65.266968,2.663994,-0.017977
1866.5003,125.889603,68.154129,2.6641,-0.021506
1866.4003,125.035965,70.835403,2.665807,-0.018899
1866.3003,125.066406,72.783127,2.668973,-0.017715
1866.2003,126.599472,73.41127,2.674057,-0.020145
1866.1003,129.118195,72.746017,2.677306,-0.023845
1866.0003,131.876526,71.379395,2.67356,-0.027597
1865.9003,133.971649,69.565201,2.664982,-0.031372
1865.8003,134.38327,67.495148,2.654986,-0.035104
1865.7003,132.20752,65.411499,2.644994,-0.036995
1865.6003,124.465179,63.331566,2.634906,-0.028848
1865.5003,111.87999,61.447372,2.627269,-0.013737
1865.4003,96.478699,59.92112,2.626417,0.001501
1865.3003,80.286331,58.849091,2.632565,0.013875
1865.2003,66.232452,58.222534,2.642315,0.008471
1865.1003,55.544022,57.863335,2.652485,-0.010083
1865.0003,48.206848,58.001434,2.66164,-0.024089
1864.9003,42.77597,58.655312,2.669318,-0.02928
1864.8003,39.755157,59.52874,2.673566,-0.030083
1864.7003,38.505486,60.739838,2.672051,-0.030963
1864.6003,37.566582,62.580414,2.664149,-0.031842
1864.5003,36.847664,65.029022,2.65387,-0.032656
1864.4003,36.288956,66.750381,2.649852,-0.032092
1864.3003,35.774879,66.621384,2.656878,-0.024883
1864.2003,35.273003,64.934723,2.670783,-0.011332
1864.1003,34.810005,61.847107,2.68469,-0.005967
1864.0003,34.428139,58.042061,2.696392,-0.011716
1863.9003,34.195854,54.803856,2.705086,-0.016849
1863.8003,34.139435,52.295647,2.709484,-0.015104
1863.7003,34.135597,50.248276,2.708602,-0.007816
1863.6003,34.029579,49.242958,2.704588,-0.003664
1863.5003,33.661469,49.476952,2.699532,-0.00547
1863.4003,33.022896,50.430962,2.693104,-0.010333
1863.3003,32.00264,51.565788,2.687574,-0.015114
1863.2003,30.584808,52.575996,2.688078,-0.019741
1863.1003,29.007034,53.213058,2.699311,-0.022832
1863.0003,27.435844,53.336426,2.717121,-0.01982
1862.9003,25.97253,52.909485,2.731019,-0.01078
1862.8003,24.582161,52.126213,2.735389,-0.008103
1862.7003,23.806061,51.285347,2.735233,-0.014515
1862.6003,24.151642,50.64753,2.735993,-0.015831
1862.5003,25.225685,50.406258,2.730711,-0.013389
1862.4003,26.846359,50.517426,2.718017,-0.017539
1862.3003,28.479057,50.970238,2.702768,-0.025904
1862.2003,29.689583,51.74324,2.688874,-0.031406
1862.1003,30.444504,52.773811,2.677033,-0.034271
1862.0003,31.002869,53.648659,2.666255,-0.037127
1861.9003,31.390118,53.654305,2.659599,-0.039942
1861.8003,31.550617,52.900398,2.661278,-0.042398
1861.7003,31.562325,51.724976,2.672501,-0.042683
1861.6003,31.741489,50.356155,2.687001,-0.037342
1861.5003,32.250168,49.084831,2.695801,-0.027013
1861.4003,33.014313,48.326805,2.695531,-0.017655
1861.3003,34.055481,48.19899,2.691753,-0.012274
1861.2003,35.38591,48.640289,2.69249,-0.011753
1861.1003,36.799042,49.496864,2.698951,-0.012342
1861.0003,38.105698,50.554886,2.704561,-0.012958
1860.9003,39.127762,51.514725,2.702804,-0.013601
1860.8003,39.792175,52.080559,2.691641,-0.014262
1860.7003,39.871178,52.327835,2.671985,-0.014519
1860.6003,39.357346,52.266235,2.650058,-0.012714
1860.5003,38.633987,51.953239,2.632697,-0.010776
1860.4003,37.706444,51.546677,2.622567,-0.010951
1860.3003,36.631668,51.15258,2.616705,-0.01101
1860.2003,35.432213,50.842575,2.61023,-0.011141
1860.1003,33.939957,50.680809,2.602163,-0.011846
1860.0003,32.230255,50.778519,2.595335,-0.013509
1859.9003,30.577187,51.142647,2.591578,-0.01437
1859.8003,29.910252,51.659714,2.588164,-0.014056
1859.7003,30.361176,52.31916,2.584263,-0.012858
1859.6003,31.287975,53.164207,2.583219,-0.011782
1859.5003,32.428345,54.28582,2.584813,-0.010079
1859.4003,33.434349,55.387375,2.587457,-0.008354
1859.3003,34.068779,56.09417,2.589955,-0.008023
1859.2003,34.291962,56.407272,2.590425,-0.008016
1859.1003,34.309158,56.478058,2.589374,-0.008016
1859.0003,34.279579,56.478943,2.588707,
1858.9003,34.214615,56.592766,2.586412,
1858.8003,34.080902,56.860229,2.579915,
1858.7003,33.808372,57.195984,2.570646,
1858.6003,33.347481,57.517151,2.562238,
1858.5003,32.754547,57.736259,2.55645,
1858.4003,32.098389,57.814934,2.551548,
1858.3003,31.470783,57.724358,2.545096,
1858.2003,30.932064,57.561798,2.538748,
1858.1003,30.563213,57.438599,2.536521,
1858.0003,30.357143,57.296936,2.53718,
1857.9003,30.273418,57.155136,2.537282,
1857.8003,30.391823,57.091156,2.535648,
1857.7003,30.668324,57.287697,2.532786,
1857.6003,31.017368,57.68,2.530467,
1857.5003,31.343334,58.097794,2.530745,
1857.4003,31.687843,58.461876,2.535172,
1857.3003,32.106789,58.742821,2.542792,
1857.2003,32.865295,58.895683,2.549282,
1857.1003,33.8339,58.947571,2.552701,
1857.0003,34.889565,58.96862,2.553854,
1856.9003,36.113632,59.00325,2.554117,
1856.8003,37.463974,59.033234,2.554864,
1856.7003,38.93615,59.033455,2.55678,
1856.6003,38.92514,58.987259,2.558904,
1856.5003,37.591034,58.857224,2.558932,
1856.4003,35.519791,58.676979,2.553994,
1856.3003,33.678207,58.579857,2.543483,
1856.2003,32.261253,58.585381,2.527182,
1856.1003,31.17701,58.629585,2.507443,
1856.0003,30.611244,58.642555,2.490127,
1855.9003,30.375832,58.590744,2.477718,
1855.8003,30.221333,58.474358,2.469234,
1855.7003,30.179134,58.281487,2.463636,
1855.6003,30.222042,58.060341,2.460875,
1855.5003,30.248737,57.883133,2.461314,
1855.4003,30.088436,57.822456,2.465574,
1855.3003,29.695274,57.981583,2.471953,
1855.2003,29.058064,58.392883,2.476067,
1855.1003,28.407642,59.095695,2.477974,
1855.0003,27.963848,60.03231,2.479128,
1854.9003,27.96508,61.048462,2.479185,
1854.8003,28.439926,62.14843,2.48,
1854.7003,29.14814,63.147331,2.484628,
1854.6003,29.734325,63.835617,2.493104,
1854.5003,29.955914,64.031982,2.500256,
1854.4003,29.84296,63.844284,2.500312,
1854.3003,29.237648,63.55793,2.493924,
1854.2003,28.29908,63.255775,2.486035,
1854.1003,27.412628,62.918106,2.47994,
1854.0003,26.553219,62.510338,2.473841,
1853.9003,25.638733,62.191292,2.468289,-0.012951
1853.8003,24.641285,62.050713,2.467915,-0.012771
1853.7003,24.072792,61.859245,2.473297,-0.012727
1853.6003,24.18314,61.536064,2.482398,-0.01277
1853.5003,24.528191,61.206383,2.493087,-0.005951
1853.4003,25.048149,60.995895,2.501173,0.006827
1853.3003,25.58036,60.949646,2.503688,0.00618
1853.2003,26.024639,61.039253,2.501696,-0.002069
1853.1003,26.2771,61.334305,2.497746,-0.00278
1853.0003,26.22654,61.881042,2.494017,-0.003896
1852.9003,25.880272,62.556725,2.49076,-0.005261
1852.8003,25.451118,63.15522,2.487021,-0.004148
1852.7003,25.276947,63.448059,2.481237,-0.001463
1852.6003,25.325962,63.346527,2.472872,-0.002801
1852.5003,25.648071,62.931839,2.46385,-0.002101
1852.4003,26.209545,62.384438,2.456063,0.005699
1852.3003,26.937611,61.960213,2.449688,0.004078
1852.2003,27.673977,61.763992,2.446184,0.004073
1852.1003,28.179115,61.808723,2.448327,0.003652
1852.0003,28.428265,62.001274,2.457741,0.002201
1851.9003,28.453503,62.20256,2.472708,0.000403
1851.8003,28.459961,62.327438,2.487276,-0.000304
1851.7003,28.459961,62.448257,2.49204,-0.00179
1851.6003,28.460953,62.56147,2.485426,-0.00352
1851.5003,28.475201,62.660774,2.475094,-0.003663
1851.4003,28.546902,62.860886,2.468756,-0.003226
1851.3003,28.720173,63.236038,2.47156,-0.002346
1851.2003,28.969799,63.630539,2.483027,-0.000733
1851.1003,29.225307,63.60865,2.496142,0.001236
1851.0003,29.466454,63.162758,2.504325,0.00282
1850.9003,29.768856,62.604706,2.50701,0.005443
1850.8003,30.201977,62.095383,2.50502,0.006136
1850.7003,30.816177,61.74614,2.501292,0.000595
1850.6003,31.530666,61.687553,2.498177,-0.008503
1850.5003,32.40519,61.917023,2.495408,-0.013846
1850.4003,33.476189,62.216644,2.49466,-0.012736
1850.3003,34.647095,62.273911,2.499708,-0.005714
1850.2003,35.806427,62.123505,2.506468,-0.003133
1850.1003,36.727234,61.824745,2.511037,-0.005376
1850.0003,37.232849,61.399155,2.515933,-0.005812
1849.9003,37.366806,60.845879,2.521044,-0.005943
1849.8003,37.35186,60.296295,2.524332,-0.006068
1849.7003,37.323357,59.920799,2.52607,-0.006396
1849.6003,37.255272,59.743782,2.529146,-0.007325
1849.5003,37.121513,59.669533,2.533236,-0.008019
1849.4003,36.929375,59.550819,2.533577,-0.008045
1849.3003,36.654602,59.358696,2.53027,-0.008104
1849.2003,36.236237,59.105667,2.527533,-0.007594
1849.1003,35.496216,58.816757,2.528554,-0.003041
1849.0003,34.615852,58.550545,2.532966,0.000193
1848.9003,33.928497,58.345375,2.5372,-0.000623
1848.8003,33.864174,58.20256,2.537744,-0.002666
1848.7003,34.025566,58.160751,2.535572,-0.004092
1848.6003,33.904228,58.233719,2.533643,-0.005052
1848.5003,33.354683,58.392754,2.533096,-0.005813
1848.4003,32.808403,58.556709,2.533552,-0.005966
1848.3003,32.5896,58.677414,2.532762,-0.005996
1848.2003,32.724167,58.76062,2.528389,-0.006013
1848.1003,33.0606,58.859703,2.522645,-0.006018
1848.0003,33.453606,58.992867,2.520935,-0.006118
1847.9003,33.906975,59.133385,2.525726,-0.006579
1847.8003,34.221298,59.231949,2.532806,-0.004088
1847.7003,34.263519,59.253662,2.536843,0.00288
1847.6003,33.666039,59.180771,2.538134,0.003037
1847.5003,32.665031,59.03904,2.537611,-0.00285
1847.4003,31.559525,58.893784,2.535016,-0.006225
1847.3003,30.645264,58.803955,2.53062,-0.006914
1847.2003,30.092911,58.823738,2.524153,-0.006998
1847.1003,29.974503,58.943489,2.515193,-0.00702
1847.0003,30.251587,59.133377,2.504006,-0.007038
1846.9003,30.637569,59.320625,2.4934,-0.00709
1846.8003,30.91119,59.454376,2.487131,-0.007043
1846.7003,30.855343,59.524261,2.484812,-0.005699
1846.6003,30.488796,59.531166,2.484832,-0.003656
1846.5003,29.816242,59.492538,2.485642,-0.001648
1846.4003,28.87883,59.426102,2.487031,-0.00094
1846.3003,27.820663,59.442459,2.487854,-0.000925
1846.2003,26.690327,59.598564,2.4862,-0.001024
1846.1003,25.634834,59.846672,2.481962,-0.002033
1846.0003,24.800152,60.142593,2.475728,-0.00616
1845.9003,24.388519,60.477867,2.468386,-0.010247
1845.8003,24.372467,60.803284,2.46181,-0.012525
1845.7003,24.565792,61.071281,2.458437,-0.012858
1845.6003,24.858025,61.278488,2.459016,-0.011072
1845.5003,25.218826,61.371063,2.461364,-0.007777
1845.4003,25.647461,61.376808,2.464256,-0.003972
1845.3003,26.197285,61.364639,2.468042,-0.000526
1845.2003,26.803474,61.395058,2.469767,0.000881
1845.1003,27.369862,61.512436,2.466734,0.00102
1845.0003,27.508842,61.740379,2.461405,0.000581
1844.9003,27.302387,61.841927,2.460521,-0.002018
1844.8003,27.011215,61.723625,2.469365,-0.002299
1844.7003,26.998192,61.497429,2.486041,0.002855
1844.6003,27.190716,61.323181,2.505631,0.008582
1844.5003,27.351746,61.254608,2.52376,0.011379
1844.4003,27.339314,61.233559,2.537405,0.011989
1844.3003,27.107868,61.282127,2.54665,0.011575
1844.2003,26.701767,61.429382,2.551088,0.009399
1844.1003,26.088539,61.646057,2.550693,0.007397
1844.0003,25.335049,61.834633,2.544766,0.006523
1843.9003,24.573235,61.862946,2.534172,0.003755
1843.8003,23.8088,61.618385,2.522949,0.001151
1843.7003,23.036774,61.003212,2.51328,0.000478
1843.6003,22.283176,60.097839,2.503622,0.000378
1843.5003,21.639004,59.025887,2.49151,0.001784
1843.4003,21.206436,57.888992,2.477714,0.005593
1843.3003,21.052677,56.862564,2.466631,0.008126
1843.2003,21.179543,56.196381,2.45928,0.005054
1843.1003,21.44503,56.110176,2.452853,-0.000327
1843.0003,21.700993,56.508842,2.444275,-0.003686
1842.9003,21.840477,57.110603,2.432715,-0.006106
1842.8003,21.776478,57.759415,2.419476,-0.007934
1842.7003,21.448444,58.477531,2.405944,-0.008152
1842.6003,20.869854,59.264503,2.394704,-0.009125
1842.5003,20.222214,60.060143,2.387303,-0.010156
1842.4003,19.546352,60.837608,2.381984,-0.010072
1842.3003,18.881279,61.603287,2.379416,-0.009881
1842.2003,18.298241,62.310776,2.382671,-0.008951
1842.1003,17.845543,62.908775,2.390316,-0.006972
1842.0003,17.564346,63.41069,2.399287,-0.004845
1841.9003,17.417793,63.869591,2.406561,-0.003033
1841.8003,17.416805,64.340195,2.407923,-0.001225
1841.7003,17.572971,64.812256,2.402721,0.000782
1841.6003,17.816044,65.259323,2.395236,0.003391
1841.5003,18.104729,65.667831,2.390029,0.004033
1841.4003,18.42308,65.994019,2.38979,0.003452
1841.3003,18.813114,66.20137,2.393648,0.000996
1841.2003,19.24696,66.288574,2.399304,-0.003807
1841.1003,19.693279,66.229507,2.405557,-0.008279
1841.0003,20.157349,66.015686,2.4132,-0.008759
1840.9003,20.585903,65.690323,2.419739,-0.004064
1840.8003,20.955433,65.328873,2.423184,-0.000736
1840.7003,21.330292,65.0466,2.425229,-8.7e-05
1840.6003,21.614159,64.907852,2.427299,0.000124
1840.5003,21.680775,64.968674,2.428172,0.000719
1840.4003,21.502769,65.213791,2.424786,0.00185
1840.3003,21.083916,65.482117,2.417756,0.003022
1840.2003,20.612595,65.545486,2.409552,0.004188
1840.1003,20.332253,65.289352,2.400643,0.005359
1840.0003,20.272022,64.922485,2.392072,0.00653
1839.9003,20.322983,64.633621,2.385574,0.007719
1839.8003,20.46077,64.402313,2.38345,0.0089
1839.7003,20.663284,64.056335,2.385469,0.010074
1839.6003,20.870804,63.711403,2.390754,0.010986
1839.5003,21.027702,63.746445,2.398362,0.010411
1839.4003,20.939838,64.118317,2.403657,0.007884
1839.3003,20.570831,64.611816,2.403591,0.004768
1839.2002,20.236347,65.099579,2.401668,0.001776
1839.1002,20.15115,65.591888,2.401006,-0.000362
1839.0002,20.314823,66.08371,2.400413,-0.001029
1838.9002,20.659565,66.547928,2.397367,-0.001018
1838.8002,21.060783,67.025558,2.391478,-0.001024
1838.7002,21.399075,67.356903,2.386319,-0.001181
1838.6002,21.665363,67.238663,2.386644,-0.002252
1838.5002,21.853153,67.158936,2.392012,-0.004013
1838.4002,21.98444,67.427505,2.397486,-0.005737
1838.3002,22.214294,67.652313,2.399828,-0.007442
1838.2002,22.614246,67.438477,2.401427,-0.009124
1838.1002,23.146343,66.83548,2.40666,-0.010733
1838.0002,23.729649,66.210892,2.415434,-0.01063
1837.9002,24.139935,65.726624,2.426175,-0.002804
1837.8002,24.253078,65.345444,2.436644,0.001693
1837.7002,23.72657,65.030136,2.442583,0.000505
1837.6002,22.804012,65.004715,2.440561,-0.000948
1837.5002,21.808231,65.286026,2.431368,-0.002151
1837.4002,21.170475,65.576782,2.421434,-0.002035
1837.3002,20.882755,65.730576,2.413355,-0.000895
1837.2002,20.777519,65.773712,2.406085,0.000469
1837.1002,20.778316,65.728714,2.400021,0.001834
1837.0002,20.811054,65.454971,2.398142,0.003209
1836.9002,20.840397,64.91655,2.403164,0.0046
1836.8002,20.891796,64.304459,2.412514,0.005969
1836.7002,20.916981,63.761635,2.422053,0.006926
1836.6002,20.798965,63.342758,2.428394,0.005031
1836.5002,20.499084,63.162567,2.432061,0.000939
1836.4002,20.256157,63.363922,2.433986,-0.003598
1836.3002,20.601776,63.937622,2.435538,-0.006757
1836.2002,21.514786,64.776505,2.440869,-0.005616
1836.1002,22.732075,65.654007,2.45039,-0.002211
1836.0002,24.085678,66.395279,2.45861,0.001433
1835.9002,25.276409,66.82428,2.463111,0.004873
1835.8002,26.151714,66.852783,2.463989,0.006541
1835.7002,26.411652,66.510452,2.462754,0.005808
1835.6002,26.322227,65.957413,2.460271,0.004096
1835.5002,26.151466,65.412842,2.456616,0.002293
1835.4002,26.068115,64.991837,2.451843,0.000483
1835.3002,26.037342,64.693192,2.446424,-0.001033
1835.2002,26.001514,64.459351,2.442817,-0.000586
1835.1002,26.007576,64.246857,2.444226,0.001107
1835.0002,26.074059,64.050507,2.451976,0.003007
1834.9002,26.188171,63.878517,2.464396,0.004884
1834.8002,26.411961,63.732903,2.477932,0.006679
1834.7002,26.726807,63.640938,2.48991,0.007427
1834.6002,27.103271,63.628265,2.498127,0.004515
1834.5002,27.31163,63.734543,2.500144,-0.000692
1834.4002,27.325932,63.986679,2.496729,-0.006043
1834.3002,27.234352,64.30455,2.492181,-0.011418
1834.2002,27.072289,64.505234,2.490768,-0.016915
1834.1002,26.894047,64.39975,2.494891,-0.021067
1834.0002,26.721813,64.014679,2.503985,-0.015857
1833.9002,26.744068,63.544456,2.514019,-0.008436
1833.8002,27.065407,63.021187,2.522098,-0.006898
1833.7002,27.741806,62.381569,2.528387,-0.007485
1833.6002,28.245735,61.671532,2.534333,-0.008097
1833.5002,28.300423,61.115692,2.539165,-0.008722
1833.4002,28.074856,60.937477,2.539028,-0.009223
1833.3002,27.918694,61.114586,2.533159,-0.008675
1833.2002,28.064255,61.485634,2.524316,-0.005552
1833.1002,28.450962,61.878685,2.516247,-0.000711
1833.0002,28.843464,62.195496,2.510115,0.00404
1832.9002,29.003185,62.350616,2.504905,0.008681
1832.8002,28.851921,62.29052,2.501032,0.012082
1832.7002,28.329506,62.016701,2.498547,0.010198
1832.6002,27.528271,61.616875,2.497311,0.003341
1832.5002,26.528355,61.252701,2.497092,-0.003536
1832.4002,25.499527,60.998787,2.495483,-0.010615
1832.3002,24.673141,60.869011,2.489442,-0.017959
1832.2002,24.183411,60.818367,2.479206,-0.021514
1832.1002,24.079243,60.820091,2.467084,-0.016658
1832.0002,24.200539,60.810394,2.455556,-0.007435
1831.9002,24.47773,60.696785,2.447728,-0.00095
1831.8002,24.799911,60.554039,2.444665,0.000256
1831.7002,25.062874,60.554443,2.445402,-0.002056
1831.6002,25.300514,60.694298,2.44807,-0.004329
1831.5002,25.567848,60.913536,2.451626,-0.006619
1831.4002,25.889488,61.209885,2.456983,-0.008897
1831.3002,26.272957,61.818275,2.464997,-0.011286
1831.2002,26.696072,62.980728,2.47444,-0.014258
1831.1002,27.09866,64.572037,2.482619,-0.018099
1831.0002,27.522247,66.072311,2.490618,-0.021526
1830.9002,27.996429,67.162842,2.499994,-0.021322
1830.8002,28.481857,67.966904,2.507484,-0.016808
1830.7002,28.962868,68.381622,2.508411,-0.011883
1830.6002,29.381096,68.091095,2.501858,-0.007653
1830.5002,29.693329,67.101807,2.493001,-0.004114
1830.4002,29.924225,65.927795,2.485494,-0.000473
1830.3002,30.132298,64.96051,2.478738,0.003101
1830.2002,30.266041,64.064987,2.47156,0.006249
1830.1002,30.228096,63.226387,2.465237,0.007521
1830.0002,30.009808,62.532661,2.464139,0.005089
1829.9002,29.806545,61.95916,2.471006,0.000198
1829.8002,29.680676,61.477112,2.482315,-0.004485
1829.7002,29.615677,61.178978,2.491383,-0.008269
1829.6002,29.712143,61.252991,2.495447,-0.008758
1829.5002,29.902668,61.641006,2.496543,-0.006241
1829.4002,29.965061,62.183723,2.498978,-0.006313
1829.3002,29.887814,62.818909,2.503921,-0.01088
1829.2002,29.657379,63.582031,2.509659,-0.016963
1829.1002,29.317543,64.444244,2.511891,-0.018761
1829.0002,28.856724,65.20462,2.506185,-0.015244
1828.9002,28.302608,65.644302,2.494489,-0.010423
1828.8002,27.741287,65.630508,2.484694,-0.005573
1828.7002,27.229778,65.235321,2.48308,-0.001585
1828.6002,26.819366,64.547836,2.48967,-0.001755
1828.5002,26.51849,63.731903,2.500146,-0.005559
1828.4002,26.510605,62.914398,2.51035,-0.009482
1828.3002,26.626888,62.358948,2.5187,-0.013463
1828.2002,26.506958,62.268936,2.523685,-0.017423
1828.1002,25.956421,62.619133,2.521841,-0.021058
1828.0002,25.098892,63.131889,2.510522,-0.02162
1827.9002,24.227154,63.45536,2.491825,-0.018473
1827.8002,23.5476,63.448128,2.472742,-0.014212
1827.7002,23.163094,63.274788,2.458249,-0.009989
1827.6002,23.090508,63.142418,2.449475,-0.006875
1827.5002,23.367035,62.978561,2.445027,-0.007158
1827.4002,23.943356,62.664215,2.443116,-0.009465
1827.3002,24.888027,62.194313,2.442173,-0.011883
1827.2002,26.214035,61.632751,2.441928,-0.014327
1827.1002,27.733448,61.151047,2.445235,-0.016736
1827.0002,29.371662,60.861099,2.455939,-0.019137
1826.9002,30.985645,60.885132,2.474957,-0.021543
1826.8002,32.427383,61.311966,2.498174,-0.022255
1826.7002,33.584099,62.0914,2.519247,-0.011012
1826.6002,34.484245,62.887627,2.535685,0.009063
1826.5002,35.23745,63.733543,2.546986,0.015649
1826.4002,35.807358,64.825333,2.553216,0.01044
1826.3002,36.147171,65.569839,2.557449,0.002894
1826.2002,36.280014,65.843552,2.562893,-0.005129
1826.1002,36.034088,65.952286,2.570052,-0.013851
1826.0002,35.51297,65.825455,2.577529,-0.015095
1825.9002,34.828941,65.265427,2.581892,-0.008633
1825.8002,33.826691,64.160736,2.579614,-0.006445
1825.7002,32.674698,62.85331,2.573566,-0.008001
1825.6002,31.486996,61.502968,2.568956,-0.009937
1825.5002,30.130226,60.043282,2.567894,-0.010654
1825.4002,28.811455,58.598869,2.568951,-0.009149
1825.3002,27.709496,57.481987,2.569287,-0.006919
1825.2002,27.006062,57.038361,2.567294,-0.007181
1825.1002,26.617374,56.824493,2.565131,-0.012805
1825.0002,26.485348,56.545998,2.564981,-0.019579
1824.9002,26.764835,56.445984,2.564507,-0.021232
1824.8002,27.342381,56.403625,2.565682,-0.019898
1824.7002,28.100037,56.278023,2.57152,-0.018175
1824.6002,29.045612,56.218025,2.578025,-0.016427
1824.5002,30.050812,56.357117,2.581749,-0.014869
1824.4002,30.957111,56.592262,2.582806,-0.014992
1824.3002,31.81913,56.604881,2.582891,-0.016479
1824.2002,32.662544,56.403069,2.58297,-0.018315
1824.1002,33.429718,56.190712,2.583206,-0.020167
1824.0002,33.854691,56.057724,2.583547,-0.021824
1823.9002,34.011963,55.989639,2.584046,-0.02184
1823.8002,34.201714,55.945305,2.585169,-0.020373
1823.7002,34.514946,55.913956,2.587953,-0.018518
1823.6002,34.924492,55.912979,2.592431,-0.016659
1823.5002,35.485191,55.952774,2.59664,-0.014788
1823.4002,35.805298,56.033669,2.597459,-0.012897
1823.3002,35.613876,56.09919,2.591812,-0.011031
1823.2002,34.753937,56.093521,2.579075,-0.009153
1823.1002,33.431656,56.061211,2.561747,-0.007289
1823.0002,32.031029,56.09449,2.542678,-0.005465
1822.9002,30.666214,56.235855,2.52403,-0.004369
1822.8002,29.148472,56.482666,2.50739,-0.00698
1822.7002,27.330242,56.734352,2.492545,-0.012543
1822.6002,25.652252,56.853249,2.478252,-0.018178
1822.5002,24.44379,56.785248,2.468525,-0.023719
1822.4002,23.576687,56.665642,2.468143,-0.028298
1822.3002,22.922417,56.715515,2.472993,-0.027947
1822.2002,22.391678,56.847389,2.473462,-0.022463
1822.1002,21.955727,56.900253,2.465153,-0.016184
1822.0002,21.61758,56.984383,2.453136,-0.010106
1821.9002,21.389797,57.282387,2.44239,-0.005824
1821.8002,21.289585,57.869034,2.431628,-0.007124
1821.7002,21.368408,58.629524,2.422828,-0.014074
1821.6002,21.620628,59.484261,2.417815,-0.021394
1821.5002,21.974194,60.316833,2.416135,-0.025268
1821.4002,22.343307,60.877899,2.417178,-0.023966
1821.3002,22.614594,61.080162,2.419852,-0.020737
1821.2002,22.759884,61.104111,2.423142,-0.017464
1821.1002,22.728828,61.133713,2.427451,-0.014189
1821.0002,22.552197,61.294579,2.432729,-0.010874
1820.9002,22.367085,61.648529,2.436168,-0.00758
1820.8002,22.32386,62.246445,2.437244,-0.004328
1820.7002,22.536942,63.021233,2.437838,-0.001526
1820.6002,22.88073,63.654526,2.439222,-0.000764
1820.5002,23.254814,64.040939,2.442232,-0.002714
1820.4002,23.48428,64.21759,2.44676,-0.00542
1820.3002,23.421124,64.343048,2.451855,-0.0081
1820.2002,22.978436,64.492065,2.456583,-0.010408
1820.1002,22.352219,64.627731,2.460959,-0.011161
1820.0002,21.871117,64.649216,2.465525,-0.009261
1819.9002,21.707947,64.651443,2.470655,-0.005965
1819.8002,21.723278,64.692383,2.475042,-0.00319
1819.7002,21.762005,64.551697,2.476754,-0.002262
1819.6002,21.687469,64.308975,2.476281,-0.003589
1819.5002,21.462139,64.212479,2.475308,-0.005295
1819.4002,21.086586,64.232147,2.472435,-0.007004
1819.3002,20.696228,64.175644,2.466934,-0.008703
1819.2002,20.589954,63.885384,2.460485,-0.010158
1819.1002,20.977444,63.516479,2.454299,-0.010439
1819.0002,21.711094,63.161942,2.449316,-0.008382
1818.9002,22.130611,62.76976,2.446481,-0.004825
1818.8002,22.097954,62.237602,2.446709,-0.001409
1818.7002,21.703045,61.625969,2.448788,0.000958
1818.6002,21.331299,61.138985,2.451087,-0.00036
1818.5002,21.076008,60.925247,2.455513,-0.004891
1818.4002,21.01149,61.021912,2.46066,-0.009308
1818.3002,21.121429,61.309258,2.460665,-0.01376
1818.2002,21.536148,61.716316,2.457654,-0.017763
1818.1002,22.23317,62.162315,2.456763,-0.019087
1818.0002,23.033882,62.531174,2.459185,-0.017855
1817.9002,23.777386,62.763115,2.465495,-0.016507
1817.8002,24.28194,62.86721,2.473401,-0.015152
1817.7002,24.386395,62.889992,2.478469,-0.013775
1817.6002,24.201908,62.780373,2.480495,-0.012416
1817.5002,23.998848,62.583534,2.482155,-0.011055
1817.4002,23.882381,62.440247,2.484335,-0.009695
1817.3002,23.793983,62.430298,2.485975,-0.008334
1817.2002,23.656639,62.445175,2.485299,-0.006956
1817.1002,23.486298,62.328102,2.482399,-0.005595
1817.0002,23.284714,62.036339,2.479874,-0.004232
1816.9002,23.061535,61.63105,2.479057,-0.00286
1816.8002,22.83025,61.203529,2.478288,-0.001592
1816.7002,22.611809,60.916473,2.476985,-0.001085
1816.6002,22.420723,60.830612,2.47654,-0.002855
1816.5002,22.268436,60.883667,2.478061,-0.005951
1816.4002,22.198952,61.01548,2.480131,-0.009159
1816.3002,22.227489,61.121559,2.480357,-0.012313
1816.2002,22.42067,61.108788,2.478225,-0.015483
1816.1002,22.806866,61.007568,2.475163,-0.018675
1816.0002,23.350441,60.919701,2.474313,-0.021816
1815.9002,24.039772,60.920441,2.47822,-0.024766
1815.8002,24.835453,61.020836,2.484716,-0.025997
1815.7002,25.733665,61.171448,2.490716,-0.023577
1815.6002,26.729084,61.314461,2.496468,-0.019372
1815.5002,27.536488,61.336624,2.501289,-0.015032
1815.4002,27.967625,61.206459,2.502425,-0.010653
1815.3002,27.798145,60.947357,2.497669,-0.006589
1815.2002,27.234978,60.617516,2.488168,-0.005766
1815.1002,26.439938,60.30571,2.476392,-0.008741
1815.0002,25.577587,60.171928,2.463033,-0.01288
1814.9002,24.757557,60.170555,2.452645,-0.014455
1814.8002,23.995953,60.1782,2.449175,-0.012118
1814.7002,23.291523,60.129768,2.447984,-0.008178
1814.6002,22.608154,60.036156,2.446902,-0.003999
1814.5002,21.93433,59.915871,2.447971,-0.000352
1814.4002,21.438995,59.720802,2.45122,-0.001282
1814.3002,21.225216,59.465614,2.455118,-0.005266
1814.2002,21.513721,59.221687,2.457806,-0.009717
1814.1002,22.533333,59.184181,2.458441,-0.012751
1814.0002,23.945507,59.41684,2.458007,-0.011377
1813.9002,24.964142,59.844681,2.458418,-0.007621
1813.8002,25.570187,60.350426,2.459826,-0.003618
1813.7002,25.994904,60.850426,2.46196,0.000392
1813.6002,26.258118,61.313087,2.465626,0.004143
1813.5002,26.39135,61.758995,2.473424,0.006233
1813.4002,26.447681,62.069023,2.485792,0.005108
1813.3002,26.480232,62.083961,2.498041,0.002453
1813.2002,26.500401,61.992844,2.50808,-0.000281
1813.1002,26.498806,61.907135,2.515167,-0.003025
1813.0002,26.443195,61.719429,2.518351,-0.005723
1812.9002,26.356064,61.35627,2.519282,-0.008288
1812.8002,26.272556,60.923988,2.520334,-0.009718
1812.7002,26.155148,60.593727,2.521999,-0.008716
1812.6002,25.988739,60.438538,2.522865,-0.006335
1812.5002,25.796112,60.382744,2.522973,-0.004039
1812.4002,25.620041,60.28067,2.526058,-0.001776
1812.3002,25.491428,60.099899,2.534371,-0.000182
1812.2002,25.407761,59.886635,2.545009,-0.000755
1812.1002,25.606167,59.664352,2.552323,-0.002847
1812.0002,25.891895,59.442772,2.55363,-0.004944
1811.9002,25.798237,59.253654,2.550126,-0.006594
1811.8002,26.187767,59.16713,2.542514,-0.005688
1811.7002,27.412041,59.138115,2.531721,-0.002239
1811.6002,28.562031,59.03746,2.519351,0.001425
1811.5002,29.104256,58.861649,2.506517,0.004846
1811.4002,28.896667,58.723572,2.494587,0.006516
1811.3002,28.375286,58.694847,2.485881,0.004187
1811.2002,27.721165,58.613647,2.482429,-0.0011
1811.1002,27.119534,58.382088,2.485332,-0.006303
1811.0002,26.569019,58.128082,2.493909,-0.011463
1810.9002,26.141216,57.965652,2.504729,-0.015885
1810.8002,25.858273,58.006462,2.514568,-0.018196
1810.7002,25.669224,58.311333,2.521635,-0.018503
1810.6002,25.553185,58.804672,2.525516,-0.018767
1810.5002,25.47644,59.443024,2.526288,-0.019033
1810.4002,25.473244,60.263733,2.523323,-0.0193
1810.3002,25.579952,61.030289,2.518435,-0.019527
1810.2002,25.781307,61.449516,2.514058,-0.019338
1810.1002,26.07642,61.569115,2.51019,-0.017319
1810.0002,26.449928,61.511971,2.506939,-0.012239
1809.9002,26.8437,61.381065,2.505572,-0.00646
1809.8002,27.213539,61.131744,2.506658,-0.002655
1809.7002,27.510235,60.740555,2.510193,0.00118
1809.6002,27.726807,60.285515,2.515404,0.004813
1809.5002,27.889343,59.930733,2.51902,0.007193
1809.4002,28.022606,59.787483,2.52039,0.006923
1809.3002,28.124432,59.816956,2.523654,0.004613
1809.2002,28.256138,59.774124,2.531345,0.002358
1809.1002,28.481953,59.601227,2.540852,8.9e-05
1809.0002,28.76181,59.465828,2.546074,-0.002155
1808.9002,29.094421,59.445717,2.545613,-0.004391
1808.8002,29.442669,59.419418,2.54415,-0.006653
1808.7002,29.747463,59.196129,2.546721,-0.008898
1808.6002,30.047756,58.910088,2.552937,-0.011143
1808.5002,30.354244,58.788368,2.558518,-0.013385
1808.4002,30.523132,58.892059,2.560836,-0.015167
1808.3002,30.283192,58.916183,2.558444,-0.014692
1808.2002,29.571499,58.739502,2.551775,-0.011295
1808.1002,28.734154,58.581642,2.542743,-0.00712
1808.0002,27.853054,58.424759,2.53474,-0.002875
1807.9002,26.994949,58.195206,2.531243,0.001315
1807.8002,26.188656,57.916016,2.533378,0.005293
1807.7002,25.505756,57.608727,2.537179,0.00802
1807.6002,24.990181,57.336777,2.53697,0.00737
1807.5002,24.610493,57.173012,2.530799,0.004338
1807.4002,24.320759,57.194984,2.521597,0.00135
1807.3002,24.053291,57.475563,2.514406,-0.001623
1807.2002,23.804447,57.992752,2.512345,-0.004615
1807.1002,23.591736,58.511009,2.51532,-0.007127
1807.0002,23.41502,58.769135,2.520803,-0.006418
1806.9002,23.286915,58.698273,2.525002,-0.002662
1806.8002,23.200623,58.366463,2.524281,0.001493
1806.7002,23.130875,57.966019,2.518583,0.005661
1806.6002,23.105442,57.669846,2.512624,0.009667
1806.5002,23.182758,57.618279,2.508584,0.012356
1806.4002,23.382229,57.792747,2.507328,0.011916
1806.3002,23.693707,58.063255,2.51164,0.009806
1806.2002,24.104435,58.356567,2.521319,0.007649
1806.1002,24.604561,58.646812,2.533144,0.005482
1806.0002,25.186985,58.926666,2.543873,0.003352
1805.9002,25.86792,59.171928,2.55077,0.001213
1805.8002,26.649933,59.339401,2.551355,-0.000909
1805.7002,27.541718,59.372673,2.546415,-0.003043
1805.6002,28.319878,59.240379,2.537639,-0.005197
1805.5002,28.732841,58.984322,2.528367,-0.007324
1805.4002,28.547604,58.640137,2.522967,-0.009461
1805.3002,28.023632,58.259003,2.520196,-0.011608
1805.2002,27.478951,57.895714,2.516416,-0.013646
1805.1002,27.124771,57.587624,2.514455,-0.015012
1805.0002,26.963791,57.426041,2.51612,-0.014442
1804.9002,26.972263,57.445801,2.518841,-0.012905
1804.8002,27.083118,57.651009,2.520628,-0.011253
1804.7002,27.183254,57.980705,2.520603,-0.009619
1804.6002,27.125481,58.373161,2.518377,-0.007979
1804.5002,26.877689,58.809166,2.513445,-0.006323
1804.4002,26.515121,59.198486,2.507105,-0.004688
1804.3002,26.082058,59.475212,2.502573,-0.003044
1804.2002,25.579971,59.502701,2.502391,-0.001388
1804.1002,25.053829,59.340302,2.506707,-0.000531
1804.0002,24.609703,59.122276,2.513164,-0.004895
1803.9002,24.286873,58.941399,2.52082,-0.012221
1803.8002,24.060898,58.837395,2.528135,-0.015918
1803.7002,23.974415,58.824615,2.531816,-0.016889
1803.6002,23.961445,59.022385,2.530943,-0.017435
1803.5002,23.957989,59.317299,2.52688,-0.017971
1803.4002,23.921707,59.466293,2.52205,-0.018501
1803.3002,23.786732,59.54866,2.518268,-0.019013
1803.2002,23.530357,59.659729,2.515504,-0.01929
1803.1002,23.273457,59.745049,2.512586,-0.017708
1803.0002,23.094345,59.61631,2.511725,-0.013226
1802.9002,23.003719,59.294533,2.517272,-0.011384
1802.8002,23.187298,59.026871,2.529185,-0.012422
1802.7002,23.68705,58.933983,2.54191,-0.013743
1802.6002,24.478176,58.916229,2.549057,-0.014879
1802.5002,25.434849,58.741669,2.551407,-0.014129
1802.4002,26.326756,58.592773,2.552356,-0.010923
1802.3002,26.969875,58.680038,2.552685,-0.006725
1802.2002,27.17532,58.835503,2.550674,-0.002563
1802.1002,27.054379,58.821716,2.545239,0.001602
1802.0002,26.779125,58.603615,2.539121,0.005057
1801.9002,26.415054,58.36116,2.536986,0.005087
1801.8002,26.047516,58.110924,2.538519,0.002432
1801.7002,25.723862,57.75959,2.537838,-0.000223
1801.6002,25.483932,57.403038,2.533455,-0.002882
1801.5002,25.334278,57.217659,2.526455,-0.005582
1801.4002,25.284172,57.272514,2.517738,-0.008257
1801.3002,25.348396,57.501511,2.51094,-0.010923
1801.2002,25.513729,57.815498,2.510109,-0.013204
1801.1002,25.810734,58.152084,2.515504,-0.013373
1801.0002,26.279091,58.480782,2.524016,-0.011155
1800.9002,26.89883,58.75824,2.533624,-0.008528
1800.8002,27.725662,58.95977,2.544777,-0.00589
1800.7002,28.65551,59.042877,2.554432,-0.003232
1800.6002,29.358658,58.994919,2.5568,-0.000846
1800.5002,29.577625,58.912598,2.551688,0.000243
1800.4002,29.169777,58.97348,2.543061,-0.001361
1800.3002,28.447872,59.210678,2.534204,-0.004806
1800.2002,27.670197,59.293083,2.52529,-0.008189
1800.1002,27.053192,59.015564,2.516559,-0.011581
1800.0002,26.573895,58.458336,2.510572,-0.014938
1799.9002,26.177917,57.9468,2.508801,-0.018064
1799.8002,25.772362,57.641212,2.509977,-0.019934
1799.7002,25.285347,57.506126,2.511279,-0.019842
1799.6002,24.819798,57.536201,2.511702,-0.01879
1799.5002,24.508698,57.811111,2.512639,-0.017754
1799.4002,24.30368,58.363884,2.515663,-0.016728
1799.3002,24.221973,59.074112,2.520082,-0.015705
1799.2002,24.271374,59.746719,2.524729,-0.014679
1799.1002,24.445141,60.199081,2.530626,-0.013344
1799.0002,24.738384,60.443016,2.537359,-0.010799
1798.9002,25.103127,60.505547,2.542583,-0.006736
1798.8002,25.501415,60.406044,2.543614,-0.002976
1798.7002,25.862865,60.217789,2.540961,-0.00157
1798.6002,26.125626,60.039017,2.537204,-0.003077
1798.5002,26.335686,59.945686,2.532898,-0.005137
1798.4002,26.467411,59.87989,2.528354,-0.007209
1798.3002,26.504654,59.72644,2.524745,-0.009314
1798.2002,26.464439,59.413513,2.524296,-0.011399
1798.1002,26.351898,58.89077,2.525295,-0.013335
1798.0002,26.192356,58.299652,2.524458,-0.014561
1797.9002,25.979702,57.993538,2.522271,-0.014707
1797.8002,25.730316,57.881943,2.519771,-0.014457
1797.7002,25.466396,57.741318,2.516437,-0.014196
1797.6002,25.10844,57.579865,2.511703,-0.013934
1797.5002,24.59605,57.52253,2.507337,-0.013673
1797.4002,24.030968,57.679626,2.507006,-0.01342
1797.3002,23.796017,58.023514,2.512461,-0.013352
1797.2002,24.032104,58.440262,2.521305,-0.014246
1797.1002,24.471992,58.794395,2.528727,-0.01618
1797.0002,25.082272,59.08062,2.531349,-0.018306
1796.9002,25.690899,59.327202,2.529056,-0.020456
1796.8002,26.10825,59.576645,2.524436,-0.022483
1796.7002,26.163368,59.891808,2.520914,-0.023619
1796.6002,25.94648,60.323402,2.518949,-0.021922
1796.5002,25.708801,60.890968,2.517033,-0.018194
1796.4002,25.480522,61.603706,2.515961,-0.014405
1796.3002,25.354218,62.123718,2.517896,-0.010678
1796.2002,25.398987,62.235245,2.524075,-0.006947
1796.1002,25.76305,62.116776,2.532941,-0.003175
1796.0002,26.466087,61.974052,2.540263,9.5e-05
1795.9002,27.514751,61.860168,2.543031,3.9e-05
1795.8002,29.044582,61.62439,2.543749,-0.002454
1795.7002,30.942535,61.277306,2.545336,-0.005196
1795.6002,33.05349,60.928101,2.549091,-0.007979
1795.5002,34.97139,60.556938,2.556323,-0.010729
1795.4002,36.397095,59.992897,2.566769,-0.013495
1795.3002,36.906754,59.159554,2.577075,-0.016282
1795.2002,36.498497,58.121933,2.583427,-0.019034
1795.1002,35.575943,57.477386,2.585701,-0.021803
1795.0002,34.363449,57.655632,2.58725,-0.024603
1794.9002,33.169319,58.184677,2.590073,-0.027385
1794.8002,32.102493,58.593475,2.5934,-0.029954
1794.7002,31.230392,58.787254,2.595177,-0.030503
1794.6002,30.465393,58.792961,2.595348,-0.028939
1794.5002,29.778393,58.62133,2.593244,-0.02663
1794.4002,29.42767,58.28035,2.588344,-0.024259
1794.3002,29.816113,57.821327,2.585132,-0.021874
1794.2002,30.988739,57.367004,2.58719,-0.019467
1794.1002,33.07373,57.022408,2.591899,-0.017094
1794.0002,35.651833,56.770157,2.597552,-0.014697
1793.9002,38.32251,56.491196,2.602041,-0.012531
1793.8002,40.738045,56.055717,2.602252,-0.012027
1793.7002,42.464485,55.652176,2.598214,-0.012857
1793.6002,43.352997,55.41362,2.591717,-0.014035
1793.5002,42.632401,55.304253,2.583541,-0.015341
1793.4002,41.021294,55.458099,2.572213,-0.017433
1793.3002,39.263359,55.774269,2.557573,-0.02006
1793.2002,37.303375,55.920227,2.542691,-0.022848
1793.1002,35.357407,56.093567,2.53114,-0.025626
1793.0002,33.60289,56.467499,2.522861,-0.02818
1792.9002,32.129166,56.862068,2.513613,-0.028719
1792.8002,30.90144,57.160065,2.504236,-0.025303
1792.7002,29.860088,57.444275,2.499217,-0.019946
1792.6002,29.048183,57.906319,2.499287,-0.014342
1792.5002,28.471638,58.61998,2.502105,-0.008793
1792.4002,28.152042,59.508255,2.504904,-0.003369
1792.3002,28.076694,60.37645,2.507063,0.000534
1792.2002,28.11422,61.054855,2.508937,-0.000377
1792.1002,28.158794,61.540779,2.510417,-0.004041
1792.0002,27.93895,61.861794,2.511024,-0.007799
1791.9002,27.454903,62.087517,2.51263,-0.011537
1791.8002,26.955177,62.279793,2.518774,-0.015245
1791.7002,26.663353,62.34687,2.529175,-0.01777
1791.6002,26.580273,62.261879,2.539707,-0.014286
1791.5002,26.61092,62.104538,2.544477,-0.006613
1791.4002,26.803104,61.923271,2.541287,-0.001219
1791.3002,27.191677,61.694313,2.532074,-0.003975
1791.2002,27.834984,61.374977,2.521049,-0.012607
1791.1002,28.62669,61.050789,2.510502,-0.021285
1791.0002,29.372967,60.78096,2.502413,-0.029717
1790.9002,29.880909,60.506294,2.501805,-0.035598
1790.8002,30.117863,60.117409,2.510082,-0.034793
1790.7002,30.224659,59.65934,2.5233,-0.029339
1790.6002,30.197582,59.385696,2.533503,-0.024315
1790.5002,30.092609,59.376472,2.536368,-0.019324
1790.4002,29.997402,59.526871,2.53378,-0.014332
1790.3002,29.96941,59.699318,2.530399,-0.009357
1790.2002,30.012558,59.873604,2.528298,-0.004332
1790.1002,30.045094,60.053757,2.526165,0.000646
1790.0002,30.0928,60.173256,2.525586,0.005598
1789.9002,30.155197,60.206833,2.528515,0.010491
1789.8002,30.179993,60.209038,2.533702,0.014166
1789.7002,30.179756,60.235802,2.537673,0.013808
1789.6002,30.177536,60.306366,2.537063,0.009353
1789.5002,30.15929,60.405083,2.531369,0.0049
1789.4002,30.065258,60.537193,2.523767,0.000459
1789.3002,29.883553,60.734016,2.518168,-0.00401
1789.2002,29.771149,61.031647,2.514893,-0.008469
1789.1002,29.917,61.472527,2.510394,-0.012952
1789.0002,30.446991,61.994179,2.502332,-0.016815
1788.9002,31.172836,62.387321,2.493564,-0.018304
1788.8002,31.760948,62.51403,2.485209,-0.016675
1788.7002,31.752033,62.313576,2.478255,-0.014334
1788.6002,31.240005,61.917618,2.477427,-0.011981
1788.5002,30.405266,61.412369,2.483628,-0.009601
1788.4002,29.691143,60.877892,2.492898,-0.00722
1788.3002,29.074596,60.421371,2.501645,-0.004838
1788.2002,28.552967,60.196518,2.508244,-0.003006
1788.1003,28.034004,60.258858,2.515739,-0.003458
1788.0003,27.411743,60.383804,2.527973,-0.007008
1787.9003,26.658016,60.481659,2.544466,-0.011348
1787.8003,25.846878,60.566093,2.562246,-0.015646
1787.7003,24.902,60.658661,2.581952,-0.019141
1787.6003,23.917366,60.721558,2.603461,-0.018907
1787.5003,23.131573,60.667847,2.6239,-0.014393
1787.4003,22.621822,60.442665,2.638637,-0.009472
1787.3003,22.438168,60.073959,2.64684,-0.004583
1787.2003,22.421936,59.643341,2.652544,-0.000547
1787.1003,22.363564,59.163795,2.657157,-0.00087
1787.0003,22.067158,58.544357,2.658226,-0.00612
1786.9003,21.619446,57.669838,2.653104,-0.011136
1786.8003,21.302994,56.497284,2.645853,-0.012107
1786.7003,21.251743,55.011429,2.64179,-0.009626
1786.6003,21.231594,53.403198,2.641061,-0.007257
1786.5003,21.203114,51.989029,2.640424,-0.005974
1786.4003,21.152847,50.990921,2.639427,-0.00934
1786.3003,21.103683,50.429886,2.642332,-0.014892
1786.2003,21.021648,50.227066,2.650076,-0.017323
1786.1003,20.83638,50.273918,2.662418,-0.018368
1786.0003,20.466461,50.396896,2.678505,-0.019424
1785.9003,19.887676,50.477493,2.693843,-0.020487
1785.8003,19.272781,50.529022,2.705627,-0.021119
1785.7003,18.862793,50.618286,2.71596,-0.018724
1785.6003,18.662067,50.698921,2.727026,-0.013607
1785.5003,18.57584,50.673759,2.736857,-0.008133
1785.4003,18.624302,50.51902,2.742141,-0.002465
1785.3003,18.864353,50.396187,2.743469,0.003958
1785.2003,19.239529,50.287209,2.742174,0.006865
1785.1003,19.643597,50.038475,2.737853,0.00324
1785.0003,19.969215,49.694443,2.729136,-0.002874
1784.9003,20.189293,49.329773,2.717687,-0.006137
1784.8003,20.317032,48.93502,2.708926,-0.005135
1784.7003,20.555954,48.456039,2.70607,-0.00241
1784.6003,21.037739,47.915825,2.70981,0.000493
1784.5003,22.074631,47.393135,2.718889,0.003407
1784.4003,23.366493,47.078735,2.733231,0.005874
1784.3003,24.621693,47.064926,2.753435,0.005014
1784.2003,25.298962,47.371101,2.776711,-0.002636
1784.1003,25.45179,47.897713,2.798142,-0.013313
1784.0003,25.300125,48.565689,2.81485,-0.023148
1783.9003,25.071899,49.379349,2.827546,-0.023031
1783.8003,24.885452,50.154488,2.841146,-0.017097
1783.7003,24.766418,50.662148,2.857436,-0.015801
1783.6003,24.89175,50.692123,2.869908,-0.019304
1783.5003,25.251278,50.276016,2.872536,-0.02472
1783.4003,25.810741,49.57386,2.865847,-0.026348
1783.3003,26.504646,48.656464,2.859689,-0.021563
1783.2003,27.223568,47.672462,2.859532,-0.015556
1783.1003,27.861916,46.765831,2.8647,-0.015774
1783.0003,27.972263,45.929901,2.8719,-0.019546
1782.9003,27.486706,45.195953,2.877573,-0.02381
1782.8003,26.404137,44.600319,2.880313,-0.027685
1782.7003,25.138588,44.157204,2.883777,-0.028525
1782.6003,23.988522,43.815636,2.888914,-0.025881
1782.5003,23.11871,43.523537,2.893363,-0.022186
1782.4003,22.653194,43.337082,2.89817,-0.019889
1782.3003,22.559082,43.310951,2.899981,-0.020926
1782.2003,22.879082,43.410973,2.893229,-0.023556
1782.1003,23.709206,43.437141,2.88256,-0.026401
1782.0003,24.976582,43.31575,2.874403,-0.029768
1781.9003,26.802792,43.109268,2.86972,-0.034395
1781.8003,28.856495,42.868477,2.867454,-0.039312
1781.7003,30.748554,42.621506,2.867543,-0.040781
1781.6003,32.211349,42.369392,2.870021,-0.038706
1781.5003,33.114662,42.176514,2.872944,-0.035498
1781.4003,33.552727,42.113342,2.875848,-0.032246
1781.3003,33.41111,42.201477,2.881681,-0.028979
1781.2003,32.843819,42.274841,2.891498,-0.02598
1781.1003,32.09903,42.207817,2.901184,-0.025221
1781.0003,31.158997,42.035446,2.904083,-0.028026
1780.9003,30.183205,41.858971,2.900298,-0.03228
1780.8003,29.257389,41.756836,2.894936,-0.035815
1780.7003,28.514904,41.772072,2.890062,-0.035168
1780.6003,27.964798,41.83934,2.888439,-0.031208
1780.5003,27.497803,41.870956,2.89162,-0.027585
1780.4003,27.063869,41.863022,2.894305,-0.026485
1780.3003,26.833336,41.825966,2.892257,-0.02802
1780.2003,27.104473,41.769676,2.886686,-0.030146
1780.1003,27.647846,41.712845,2.879529,-0.032939
1780.0003,28.0546,41.677414,2.872248,-0.037205
1779.9003,28.155426,41.65818,2.86564,-0.041867
1779.8003,27.732243,41.587952,2.85968,-0.042794
1779.7003,26.864029,41.437714,2.855885,-0.038898
1779.6003,25.884949,41.257851,2.856575,-0.03336
1779.5003,24.979153,41.105186,2.857547,-0.027871
1779.4003,24.217709,41.002068,2.854743,-0.022607
1779.3003,23.536839,40.938408,2.850848,-0.018827
1779.2003,22.94836,40.93145,2.84692,-0.019267
1779.1003,22.487732,41.016632,2.843385,-0.023951
1779.0003,22.280418,41.192902,2.843558,-0.029243
1778.9003,22.393642,41.435791,2.84578,-0.034533
1778.8003,22.697079,41.721367,2.845908,-0.039894
1778.7003,23.031635,42.0214,2.844368,-0.045212
1778.6003,23.304028,42.320129,2.841391,-0.050454
1778.5003,23.533585,42.609253,2.838029,-0.055006
1778.4003,23.830986,42.898254,2.839631,-0.056452
1778.3003,24.268585,43.204689,2.846359,-0.052931
1778.2003,24.690426,43.529144,2.853346,-0.04708
1778.1003,24.740185,43.833931,2.861617,-0.041314
1778.0003,24.205399,43.994522,2.871494,-0.035465
1777.9003,23.46582,43.877457,2.878764,-0.029519
1777.8003,22.62492,43.583054,2.881368,-0.02382
1777.7003,21.824379,43.206284,2.88122,-0.021462
1777.6003,21.181644,42.854393,2.880946,-0.025313
1777.5003,20.822117,42.595528,2.879294,-0.030767
1777.4003,20.822636,42.47789,2.875016,-0.03377
1777.3003,20.984272,42.480789,2.86999,-0.032955
1777.2003,21.266495,42.522491,2.864598,-0.030256
1777.1003,21.561073,42.536774,2.857247,-0.027552
1777.0003,21.803116,42.487297,2.846457,-0.023756
1776.9003,21.954094,42.377174,2.835363,-0.014802
1776.8003,21.986366,42.21843,2.830306,0.000559
1776.7003,21.907314,42.040405,2.832754,0.016741
1776.6003,21.698799,41.895935,2.834896,0.027805
1776.5003,21.366043,41.891411,2.832852,0.021686
1776.4003,20.882774,42.10965,2.834382,0.003179
1776.3003,20.235786,42.554245,2.838461,-0.006064
1776.2003,19.502239,43.141136,2.838511,-0.008107
1776.1003,18.813442,43.6968,2.833334,-0.009965
1776.0003,18.361622,44.090912,2.823359,-0.011783
1775.9003,18.223385,44.347862,2.810257,-0.013578
1775.8003,18.400784,44.591705,2.798011,-0.015345
1775.7003,18.783932,44.669601,2.789355,-0.016816
1775.6003,19.158192,44.512344,2.785071,-0.015997
1775.5003,19.423023,44.301216,2.784944,-0.009723
1775.4003,19.511147,44.176353,2.785684,-0.003151
1775.3003,19.451435,44.20295,2.78625,-0.006107
1775.2003,19.236935,44.366531,2.789412,-0.014446
1775.1003,18.879898,44.652512,2.793513,-0.022446
1775.0003,18.43573,45.137886,2.794981,-0.03011
1774.9003,17.986885,45.940582,2.794628,-0.033661
1774.8003,17.698307,46.882698,2.792762,-0.032455
1774.7003,17.647026,47.605949,2.788865,-0.029766
1774.6003,17.999229,47.874535,2.784369,-0.027262
1774.5003,18.644306,47.627998,2.780626,-0.027358
1774.4003,19.399548,47.05587,2.779088,-0.030361
1774.3003,20.144051,46.356941,2.781225,-0.034038
1774.2003,20.846684,45.841339,2.787686,-0.035173
1774.1003,21.517483,45.60685,2.79742,-0.031441
1774.0003,22.112961,45.486038,2.807971,-0.025575
1773.9003,22.473812,45.61544,2.816873,-0.021071
1773.8003,22.441502,46.076057,2.822102,-0.02134
1773.7003,21.940437,46.742378,2.822709,-0.025252
1773.6003,21.188007,47.277809,2.818422,-0.030076
1773.5003,20.329636,47.525482,2.808718,-0.035036
1773.4003,19.681881,47.483147,2.792447,-0.039492
1773.3003,19.28429,47.171898,2.773029,-0.039442
1773.2003,19.060013,46.636696,2.756803,-0.03651
1773.1003,18.657845,45.893196,2.746415,-0.03314
1773.0003,18.062912,45.134567,2.741703,-0.030301
1772.9003,17.475025,44.545921,2.740584,-0.029564
1772.8003,17.085579,44.247452,2.739864,-0.031565
1772.7003,16.903191,44.169174,2.739713,-0.034627
1772.6003,16.990746,44.21711,2.743469,-0.037801
1772.5003,17.354515,44.599464,2.753259,-0.040658
1772.4003,17.916313,45.4254,2.764446,-0.041102
1772.3003,18.629536,46.620781,2.768069,-0.038945
1772.2003,19.399075,47.955307,2.76523,-0.035905
1772.1003,20.187222,49.020912,2.762431,-0.032738
1772.0003,20.944004,49.464973,2.764547,-0.029593
1771.9003,21.740589,49.315727,2.77255,-0.026425
1771.8003,22.615078,48.696854,2.782405,-0.023518
1771.7003,23.585072,47.640923,2.787232,-0.022627
1771.6003,24.612698,46.357384,2.788205,-0.023028
1771.5003,25.656025,45.217834,2.789247,-0.02333
1771.4003,26.672234,44.548599,2.790026,-0.021318
1771.3003,27.533066,44.426086,2.788476,-0.015719
1771.2003,28.134537,44.652969,2.783868,-0.008027
1771.1003,28.097755,44.988754,2.777953,-0.005996
1771.0003,27.566727,45.324036,2.771445,-0.014172
1770.9003,26.870991,45.588516,2.76673,-0.025235
1770.8003,26.544907,45.681656,2.769727,-0.031671
1770.7003,26.772652,45.50589,2.781765,-0.035058
1770.6003,27.414555,45.110603,2.797074,-0.037892
1770.5003,28.394657,44.605705,2.810791,-0.03813
1770.4003,29.364876,44.185753,2.817469,-0.035196
1770.3003,30.033401,43.945175,2.813671,-0.031117
1770.2003,29.904362,43.849602,2.803131,-0.029078
1770.1003,29.08947,43.8862,2.792016,-0.029039
1770.0003,28.106461,44.045532,2.782712,-0.028871
1769.9003,27.022167,44.282776,2.774217,-0.027405
1769.8003,25.865883,44.498383,2.766903,-0.024136
1769.7003,24.594418,44.599464,2.764316,-0.021505
1769.6003,23.139584,44.455177,2.76741,-0.025308
1769.5003,21.605755,44.154167,2.771055,-0.032944
1769.4003,20.20359,44.00248,2.767916,-0.036251
1769.3003,19.127735,44.169357,2.757781,-0.03411
1769.2003,18.427601,44.610352,2.74732,-0.031036
1769.1003,18.11441,45.095459,2.741613,-0.031633
1769.0003,18.122906,45.512466,2.742486,-0.032231
1768.9003,18.210804,45.843864,2.749771,-0.032114
1768.8003,18.385067,46.084145,2.763844,-0.032109
1768.7003,18.595566,46.156059,2.779895,-0.032226
1768.6003,18.718109,46.060966,2.788618,-0.032745
1768.5003,18.620949,45.992943,2.782499,-0.033586
1768.4003,18.238888,46.090233,2.763897,-0.034037
1768.3003,17.751087,46.377411,2.743577,-0.034055
1768.2003,17.291969,46.710747,2.731431,-0.034075
1768.1003,16.965363,46.91806,2.72788,-0.034334
1768.0003,16.69381,46.880943,2.7265,-0.035549
1767.9003,16.445976,46.703964,2.724223,-0.037347
1767.8003,16.177307,46.471611,2.721643,-0.036416
1767.7003,15.910881,46.238762,2.720263,-0.031618
1767.6003,15.754471,46.089348,2.721477,-0.027725
1767.5003,15.82498,46.131119,2.725506,-0.026763
1767.4003,16.088093,46.405556,2.731023,-0.025807
1767.3003,16.560608,46.77198,2.734984,-0.024864
1767.2003,17.150967,47.105293,2.734256,-0.023995
1767.1003,17.671005,47.320992,2.727845,-0.023488
1767.0003,18.072468,47.358528,2.719004,-0.023657
1766.9003,18.367691,47.233482,2.712359,-0.024276
1766.8003,18.555473,47.107231,2.709768,-0.024877
1766.7003,18.586418,47.049171,2.709743,-0.02548
1766.6003,18.413597,47.084496,2.709239,-0.026117
1766.5003,17.95108,47.21022,2.707504,-0.026819
1766.4003,17.116196,47.40052,2.707086,-0.027503
1766.3003,16.153545,47.610512,2.709621,-0.027818
1766.2003,15.54064,47.797501,2.711234,-0.027659
1766.1003,15.375935,47.934013,2.709853,-0.027381
1766.0003,15.342302,47.999443,2.709268,-0.027148
1765.9003,15.385473,48.00872,2.715086,-0.027048
1765.8003,15.453398,47.968445,2.726832,-0.027052
1765.7003,15.504017,47.903122,2.740343,-0.027053
1765.6003,15.551613,47.858757,2.754869,-0.027055
1765.5003,15.580746,47.847954,2.768442,-0.027056
1765.4003,15.567625,47.866402,2.781278,-0.027055
1765.3003,15.505659,47.914452,2.798129,-0.027025
1765.2003,15.361382,47.977417,2.817711,-0.026808
1765.1003,15.11801,47.965752,2.835797,-0.026306
1765.0003,14.886587,47.744751,2.854256,-0.025768
1764.9003,15.388155,47.415337,2.871362,-0.025983
1764.8003,17.227394,47.139641,2.87924,-0.02802
1764.7003,21.288403,46.882484,2.875026,-0.031064
1764.6003,27.836826,46.562866,2.860431,-0.034093
1764.5003,36.615547,46.166061,2.839467,-0.037157
1764.4003,47.107941,45.731049,2.819348,-0.0402
1764.3003,58.152176,45.357567,2.800852,-0.042933
1764.2003,68.969162,45.139336,2.783151,-0.042949
1764.1003,77.35791,45.16861,2.773014,-0.040231
1764.0003,83.502884,45.4235,2.772377,-0.036743
1763.9003,88.311172,45.824692,2.77645,-0.033245
1763.8003,91.280762,46.478233,2.782894,-0.028804
1763.7003,92.674957,47.675529,2.789811,-0.015858
1763.6003,92.644684,49.454651,2.793341,0.00657
1763.5003,92.374954,51.701843,2.791126,0.014282
1763.4003,92.610733,54.214043,2.782879,0.003847
1763.3003,93.550323,56.779572,2.771339,-0.00898
1763.2003,95.001114,59.481308,2.75939,-0.010629
1763.1003,96.679688,61.899422,2.749328,-0.0093
1763.0003,98.61348,63.692451,2.742115,-0.012188
1762.9003,100.57933,64.73848,2.737952,-0.017113
1762.8003,102.334473,64.973633,2.737351,-0.022078
1762.7003,103.523392,64.416382,2.739541,-0.025254
1762.6003,103.74707,63.431747,2.741414,-0.019495
1762.5003,103.120224,62.825684,2.741422,-0.008712
1762.4003,101.97081,63.176254,2.741358,-0.000434
1762.3003,100.646957,64.186142,2.742332,-0.001166
1762.2003,99.343338,65.358368,2.742076,-0.005938
1762.1003,98.468536,66.549179,2.737135,-0.011079
1762.0003,97.945663,67.557098,2.729406,-0.016149
1761.9003,97.595581,68.249405,2.724324,-0.020706
1761.8003,97.766495,68.524033,2.72537,-0.020999
1761.7003,98.458679,68.432587,2.727618,-0.017824
1761.6003,99.582016,68.112946,2.726645,-0.013583
1761.5003,101.089539,67.613724,2.726799,-0.010028
1761.4003,102.731216,66.882935,2.731138,-0.013117
1761.3003,104.393845,65.983917,2.739398,-0.018653
1761.2003,106.141266,65.125,2.750372,-0.016697
1761.1003,107.989548,64.779724,2.757458,-0.010508
1761.0003,109.915894,65.034576,2.755898,-0.008735
1760.9003,111.611023,65.429153,2.755094,-0.010191
1760.8003,112.711517,65.879486,2.757646,-0.012113
1760.7003,112.704773,66.485535,2.756919,-0.012948
1760.6003,111.520386,67.10881,2.751963,-0.001313
1760.5003,109.707779,67.608139,2.744058,-0.001935
1760.4003,107.715683,67.977188,2.734231,-0.006074
1760.3003,105.800995,68.352722,2.724927,0.000467
1760.2003,103.956955,68.829178,2.717468,0.01066
1760.1003,102.028091,69.356583,2.711604,0.010893
1760.0003,99.70993,69.707214,2.707274,0.002421
1759.9003,96.945679,69.825455,2.705749,-0.005811
1759.8003,93.533844,69.893417,2.707429,-0.013913
1759.7003,89.355515,69.708725,2.711653,-0.022371
1759.6003,84.878464,69.24437,2.718895,-0.031022
1759.5003,80.742432,68.791138,2.72992,-0.03363
1759.4003,78.340195,68.24762,2.742067,-0.029623
1759.3003,78.313675,67.600342,2.749534,-0.024649
1759.2003,80.229828,67.105316,2.748649,-0.01966
1759.1003,83.927078,66.727966,2.742061,-0.014789
1759.0003,88.913467,66.314819,2.736554,-0.011517
1758.9003,94.870834,65.832214,2.735933,-0.013465
1758.8003,100.986206,65.074066,2.737547,-0.01935
1758.7003,106.130432,63.823753,2.736334,-0.020756
1758.6003,109.170273,62.106758,2.732975,-0.016261
1758.5003,108.836273,60.353966,2.731277,-0.011907
1758.4003,105.461594,59.295105,2.733458,-0.011123
1758.3003,100.946335,59.282295,2.738577,-0.012125
1758.2003,97.79599,60.217468,2.742905,-0.013106
1758.1003,95.873871,61.630409,2.74437,-0.01414
1758.0003,94.883041,63.595825,2.745142,-0.015711
1757.9003,94.07045,66.184189,2.749086,-0.019731
1757.8003,92.991287,68.950867,2.756793,-0.028512
1757.7003,91.654953,71.067154,2.765631,-0.039438
1757.6003,90.47757,71.762634,2.770378,-0.044925
1757.5003,90.024094,70.965973,2.767816,-0.043391
1757.4003,90.554398,68.921814,2.760897,-0.04015
1757.3003,91.851456,66.234009,2.755231,-0.037022
1757.2003,93.649567,63.946327,2.751764,-0.03464
1757.1003,95.773407,62.250404,2.749974,-0.034319
1757.0003,97.920776,61.184868,2.747857,-0.035816
1756.9003,99.974884,61.02636,2.742858,-0.036624
1756.8003,101.651596,61.65078,2.732843,-0.033898
1756.7003,102.824631,62.544098,2.718027,-0.022624
1756.6003,103.677109,63.069435,2.703112,-0.003464
1756.5003,104.326675,63.208908,2.697016,0.014964
1756.4003,104.998459,63.288033,2.701622,0.02379
1756.3003,105.729691,63.548355,2.7058,0.015746
1756.2003,106.611053,64.030792,2.702927,0.003154
1756.1003,107.653427,64.51622,2.698347,-0.009453
1756.0003,108.670685,64.629929,2.696049,-0.021192
1755.9003,109.49498,64.685394,2.697972,-0.029184
1755.8003,110.058746,65.209,2.703833,-0.030505
1755.7003,110.076675,66.047272,2.711761,-0.027866
1755.6003,109.281509,67.089096,2.719448,-0.025286
1755.5003,107.832809,68.214066,2.725994,-0.022804
1755.4003,105.68457,69.22963,2.732425,-0.021112
1755.3003,103.039032,69.84726,2.740597,-0.022625
1755.2003,100.32457,69.847244,2.749212,-0.025788
1755.1003,97.178925,69.284256,2.752588,-0.026858
1755.0003,93.544495,68.435257,2.748775,-0.027422
1754.9003,89.822784,67.701843,2.741917,-0.027982
1754.8003,86.7005,67.188858,2.735253,-0.028544
1754.7003,84.784561,66.817993,2.73141,-0.029096
1754.6003,84.020096,66.476364,2.731649,-0.029693
1754.5003,84.365372,66.285431,2.732007,-0.030603
1754.4003,85.427475,66.028641,2.729605,-0.031901
1754.3003,87.184113,65.324097,2.725677,-0.033332
1754.2003,89.576492,64.109482,2.720503,-0.034763
1754.1003,92.427582,62.538231,2.712011,-0.036111
1754.0003,96.130402,60.879616,2.699189,-0.035882
1753.9003,100.871445,59.865585,2.687777,-0.026451
1753.8003,105.86821,59.698128,2.68322,-0.010371
1753.7003,109.490829,59.948509,2.685138,0.004551
1753.6003,110.814255,60.538101,2.690064,0.008653
1753.5003,110.417816,61.514977,2.696614,0.003704
1753.4003,108.668991,62.824944,2.704986,-0.002843
1753.3003,106.012375,64.346863,2.712563,-0.007
1753.2003,102.887833,65.992691,2.720089,-0.002023
1753.1003,99.634491,67.671295,2.729974,0.001745
1753.0003,96.661484,69.013046,2.732945,-0.000568
1752.9003,94.238281,69.892258,2.722419,-0.004932
1752.8003,93.699097,70.439041,2.708452,-0.007316
1752.7003,94.769135,70.650131,2.699628,0.008434
1752.6003,96.74202,70.371628,2.695755,0.035245
1752.5003,99.67749,69.428574,2.690773,0.042348
1752.4003,103.399506,68.398331,2.686996,0.035556
1752.3003,107.598526,67.486633,2.687537,0.026122
1752.2003,111.26651,66.234573,2.686987,0.01484
1752.1003,113.656342,65.001434,2.685707,0.010101
1752.0003,114.499756,64.239441,2.69055,0.009759
1751.9003,113.951294,64.030594,2.705287,0.010375
1751.8003,112.895645,64.212631,2.722991,0.009295
1751.7003,111.91362,64.584549,2.732955,0.001257
1751.6003,110.885498,65.111771,2.734805,-0.009545
1751.5003,109.682205,65.937744,2.7328,-0.016504
1751.4003,108.265274,67.029388,2.730414,-0.020408
1751.3003,106.818008,68.215744,2.726441,-0.023771
1751.2003,105.71492,69.178223,2.721217,-0.026165
1751.1003,105.363907,69.787735,2.717791,-0.027011
1751.0003,106.019577,69.939606,2.718264,-0.027039
1750.9003,107.334869,69.710815,2.722065,-0.026464
1750.8003,109.06662,69.282654,2.725749,-0.025098
1750.7003,110.746155,68.8302,2.725118,-0.01485
1750.6003,111.994461,68.378723,2.7213,-0.01755
1750.5003,112.40155,67.884933,2.717548,-0.023006
1750.4003,112.069641,67.558624,2.708655,-0.023629
1750.3003,111.348999,67.420059,2.677727,-0.024366
1750.2003,110.338837,67.332092,2.615689,-0.0264
1750.1003,109.680573,67.514175,2.549208,-0.03158
1750.0003,109.659119,68.029541,2.512753,-0.035479
1749.9003,110.36586,68.714264,2.517795,-0.014061
1749.8003,111.143494,69.283936,2.542243,0.021633
1749.7003,111.528259,69.530655,2.559767,0.05454
1749.6003,111.60376,69.360672,2.562823,0.079199
1749.5003,111.748779,69.070236,2.563302,0.063343
1749.4003,112.17717,69.032791,2.574305,0.018849
1749.3003,112.259369,69.401627,2.594088,0.002774
1749.2003,111.883759,70.137466,2.615242,0.011826
1749.1003,111.390945,71.036621,2.625862,0.013829
1749.0003,110.556259,71.917679,2.61377,-0.001859
1748.9003,109.515045,72.683533,2.585644,-0.029301
1748.8003,108.669983,73.29187,2.563947,-0.04942
1748.7003,108.838196,73.743317,2.564787,-0.045698
1748.6003,110.030106,73.971863,2.581042,-0.028409
1748.5003,111.383835,73.872543,2.599373,-0.014353
1748.4003,112.36586,73.322128,2.624347,-0.007748
1748.3003,112.440811,72.430344,2.663916,-0.008929
1748.2003,111.526138,71.654327,2.705775,-0.009229
1748.1003,110.072754,71.329025,2.729624,-0.005293
1748.0003,108.817993,71.35733,2.727965,0.007238
1747.9003,107.891464,71.331314,2.713808,0.053996
1747.8003,107.513794,71.406815,2.698769,0.087638
1747.7003,107.682114,71.691467,2.68864,0.058968
1747.6003,108.114136,71.867172,2.688835,0.04797
1747.5003,108.674591,71.681717,2.695107,0.03791
1747.4003,109.109833,71.213821,2.700819,0.030078
1747.3003,109.13591,70.907181,2.709772,0.024185
1747.2003,108.269089,70.746536,2.727647,0.018179
1747.1003,106.197952,70.534943,2.754879,0.012221
1747.0003,102.799774,70.279633,2.784308,0.006307
1746.9003,97.999603,70.207214,2.807621,0.000339
1746.8003,92.774429,70.365021,2.821379,-0.005591
1746.7003,87.696915,70.303009,2.827416,-0.011481
1746.6003,83.32695,70.153915,2.826819,-0.017253
1746.5003,79.842941,70.117569,2.820529,-0.023005
1746.4003,76.973557,69.663193,2.817649,-0.028455
1746.3003,74.685394,68.725342,2.822313,-0.03215
1746.2003,72.852798,67.688095,2.829652,-0.032565
1746.1003,71.280945,66.734543,2.839929,-0.03058
1746.0003,69.734695,65.704285,2.851769,-0.028177
1745.9003,67.998505,64.384369,2.860483,-0.0257
1745.8003,66.166687,63.101074,2.864238,-0.023292
1745.7003,64.366394,62.05323,2.861866,-0.021514
1745.6003,62.598915,61.186539,2.851385,-0.021805
1745.5003,61.266113,60.559525,2.83626,-0.024205
1745.4003,60.789612,60.302994,2.824233,-0.026593
1745.3003,61.184586,60.369194,2.818998,-0.028862
1745.2003,62.605942,60.391579,2.813922,-0.030401
1745.1003,64.853607,60.074753,2.804184,-0.030702
1745.0003,67.543076,59.3899,2.796569,-0.030348
1744.9003,70.440369,58.406433,2.7932,-0.030005
1744.8003,73.253235,57.281067,2.792267,-0.029657
1744.7003,75.894379,56.374428,2.794682,-0.029204
1744.6003,78.475204,56.178131,2.802698,-0.028101
1744.5003,80.724274,56.814659,2.816611,-0.026086
1744.4003,81.538467,57.769821,2.831555,-0.023788
1744.3003,80.957687,58.751144,2.842349,-0.021641
1744.2003,80.106094,59.486633,2.846416,-0.0205
1744.1003,79.839783,59.758774,2.843468,-0.021997
1744.0003,80.422607,59.653671,2.834235,-0.025251
1743.9003,81.576126,59.441322,2.812902,-0.028481
1743.8003,83.585388,59.350159,2.773015,-0.031694
1743.7003,86.79071,59.396217,2.730358,-0.034897
1743.6003,90.764236,59.221649,2.70562,-0.037589
1743.5003,94.641174,58.411057,2.697305,-0.035396
1743.4003,98.260178,56.875465,2.695003,-0.016493
1743.3003,101.717377,55.339264,2.693469,0.011742
1743.2003,104.449371,54.667091,2.69289,0.031738
1743.1003,106.757462,54.894997,2.693024,0.029086
1743.0003,109.171021,55.562935,2.694052,0.014631
1742.9003,110.808655,56.339691,2.698547,0.001207
1742.8003,111.731857,58.032791,2.707452,-0.00797
1742.7003,112.468887,60.664711,2.717453,-0.014511
1742.6003,112.993256,63.131645,2.722387,-0.020247
1742.5003,113.322037,64.894928,2.724508,-0.022108
1742.4003,113.500092,66.145813,2.728627,-0.021479
1742.3003,113.416214,67.002914,2.731602,-0.020553
1742.2003,113.107315,67.56395,2.730694,-0.019591
1742.1003,112.622437,67.937744,2.72498,-0.018895
1742.0003,111.742859,68.132782,2.713826,-0.020611
1741.9003,110.068939,68.246643,2.703753,-0.024912
1741.8003,107.082565,68.386093,2.70578,-0.030143
1741.7003,101.891861,68.605057,2.721404,-0.035408
1741.6003,94.713074,68.891006,2.749237,-0.040704
1741.5003,85.642426,69.201736,2.783141,-0.046198
1741.4003,76.711258,69.498413,2.811706,-0.052295
1741.3003,68.992279,69.781311,2.828436,-0.054928
1741.2003,63.579689,70.046097,2.832757,-0.051821
1741.1003,60.979393,70.224701,2.827135,-0.046256
1741.0003,60.614014,70.229355,2.812356,-0.040513
1740.9003,62.531639,70.006561,2.79212,-0.036318
1740.8003,67.102661,69.021057,2.773647,-0.036975
1740.7003,73.595108,67.282867,2.759297,-0.041539
1740.6003,80.77829,65.212082,2.745611,-0.045219
1740.5003,87.536728,62.631668,2.733439,-0.039288
1740.4003,93.331909,59.900925,2.723795,-0.02747
1740.3003,97.307632,57.539581,2.714406,-0.024703
1740.2003,99.081085,56.621399,2.708676,-0.03092
1740.1003,99.009979,57.080086,2.715267,-0.036306
1740.0003,97.01297,58.132362,2.737683,-0.026116
1739.9003,91.669449,59.525101,2.768931,-0.004896
1739.8003,82.809692,61.225853,2.803357,0.002481
1739.7003,72.881378,63.286049,2.844401,-0.001972
1739.6003,63.723938,65.374817,2.884034,-0.00825
1739.5003,55.472389,67.179993,2.909799,-0.014696
1739.4003,46.626801,68.580795,2.922355,-0.021256
1739.3003,37.988525,69.356506,2.93018,-0.027717
1739.2003,30.721138,69.454742,2.94044,-0.034198
1739.1003,25.147224,68.753708,2.953484,-0.040246
1739.0003,21.486572,67.020889,2.961203,-0.042705
1738.9003,19.938057,64.291977,2.95637,-0.041878
1738.8003,21.895504,60.743233,2.943264,-0.040404
1738.7003,26.849945,56.837036,2.925048,-0.038919
1738.6003,33.795341,53.20607,2.901177,-0.037427
1738.5003,42.9925,50.440781,2.879355,-0.035935
1738.4003,53.151726,48.852432,2.861323,-0.034409
1738.3003,62.129723,48.182182,2.842641,-0.032674
1738.2003,67.008057,48.03331,2.830779,-0.030519
1738.1003,67.311447,48.06398,2.835495,-0.028097
1738.0003,64.161652,48.110062,2.856614,-0.025658
1737.9003,57.555862,48.3946,2.885447,-0.023249
1737.8003,49.152313,49.245247,2.912566,-0.021219
1737.7003,41.39579,50.723221,2.931477,-0.02133
1737.6003,34.576294,52.771973,2.941362,-0.024613
1737.5003,27.537617,55.404427,2.945254,-0.029279
1737.4003,20.93232,58.419144,2.946043,-0.033928
1737.3003,15.792028,60.911568,2.949774,-0.038533
1737.2003,12.662376,61.778183,2.9603,-0.042319
1737.1003,11.231941,60.933922,2.973698,-0.042107
1737.0002,10.926947,58.772522,2.983344,-0.037392
1736.9002,10.816471,55.776993,2.986407,-0.033345
1736.8002,10.857658,52.3004,2.985013,-0.031271
1736.7002,10.981508,48.930969,2.982232,-0.029245
1736.6002,11.10799,46.528625,2.977135,-0.027521
1736.5002,11.234697,45.325142,2.968704,-0.027367
1736.4002,11.353138,45.056816,2.959213,-0.030377
1736.3002,11.453413,45.100296,2.954255,-0.034475
1736.2002,11.612494,45.154541,2.955437,-0.034972
1736.1002,12.030132,45.177643,2.958849,-0.032526
1736.0002,12.985966,45.183083,2.959317,-0.030408
1735.9002,15.037287,45.18103,2.955988,-0.029428
1735.8002,18.72224,45.18251,2.948657,-0.030466
1735.7002,24.143459,45.206413,2.933783,-0.032752
1735.6002,33.091835,45.263885,2.912229,-0.035039
1735.5002,45.637749,45.366966,2.887932,-0.037249
1735.4002,57.992569,45.519447,2.86166,-0.038495
1735.3002,67.749054,45.713188,2.834591,-0.035584
1735.2002,74.405777,45.922623,2.807065,-0.026835
1735.1002,82.671509,46.108795,2.778517,-0.017008
1735.0002,91.486542,46.275917,2.753564,-0.007411
1734.9002,97.631531,46.591202,2.738083,0.003916
1734.8002,102.035736,47.388588,2.73094,0.01519
1734.7002,103.735443,49.015335,2.729151,0.025814
1734.6002,102.503357,51.651772,2.732488,0.032912
1734.5002,99.561996,54.863434,2.742044,0.029063
1734.4002,96.053314,58.119171,2.752917,0.015804
1734.3002,93.341843,61.206429,2.758734,0.003279
1734.2002,92.099991,64.278503,2.75952,-0.009288
1734.1002,92.46051,66.932083,2.759828,-0.021111
1734.0002,93.550491,68.508865,2.761093,-0.028886
1733.9002,95.465332,68.750717,2.758311,-0.025959
1733.8002,98.027069,68.031052,2.750695,-0.017328
1733.7002,100.737122,67.015411,2.743295,-0.01876
1733.6002,103.172821,65.935669,2.739964,-0.028319
1733.5002,104.894928,64.850937,2.743174,-0.031262
1733.4002,105.818771,64.129089,2.75312,-0.028628
1733.3002,105.485245,64.351837,2.76527,-0.03229
1733.2002,104.087997,65.294205,2.776099,-0.039857
1733.1002,102.255554,66.387177,2.784458,-0.037004
1733.0002,99.972473,67.633438,2.789504,-0.025838
1732.9002,97.9879,68.709412,2.788587,-0.01914
1732.8002,97.099152,69.268066,2.778912,-0.018237
1732.7002,97.539932,69.392181,2.76326,-0.019024
1732.6002,98.912018,69.282532,2.74615,-0.019865
1732.5002,100.841934,69.06926,2.731577,-0.020155
1732.4002,103.494965,68.643524,2.721095,-0.017303
1732.3002,106.380508,67.78241,2.713498,-0.01235
1732.2002,108.963455,66.534744,2.707737,-0.006773
1732.1002,110.394714,65.353195,2.706453,-0.005641
1732.0002,110.612915,64.901306,2.71244,-0.012522
1731.9002,109.712875,65.305222,2.72655,-0.016441
1731.8002,107.74913,66.10498,2.748657,-0.016345
1731.7002,104.991882,67.132111,2.773803,-0.015877
1731.6002,101.176529,68.446884,2.795,-0.015497
1731.5002,96.749023,69.857147,2.811851,-0.015556
1731.4002,92.277863,70.914124,2.824269,-0.016511
1731.3002,87.887604,71.414627,2.832138,-0.017893
1731.2002,83.988876,71.246048,2.838662,-0.019303
1731.1002,80.485229,70.549942,2.842312,-0.020719
1731.0002,76.998611,69.548508,2.837641,-0.022145
1730.9002,73.991531,68.030685,2.826812,-0.023554
1730.8002,71.712128,66.214386,2.814276,-0.024968
1730.7002,71.068558,64.538971,2.802764,-0.026391
1730.6002,71.964279,63.048424,2.793162,-0.027679
1730.5002,73.955154,61.720764,2.784791,-0.028052
1730.4002,77.33429,60.7062,2.776877,-0.0268
1730.3002,81.549805,59.953957,2.770117,-0.024808
1730.2002,86.062592,59.276321,2.767112,-0.022731
1730.1002,89.883041,58.534889,2.769525,-0.020692
1730.0002,93.192291,57.70414,2.776983,-0.018665
1729.9002,96.329666,57.000175,2.784641,-0.016954
1729.8002,98.938156,56.806358,2.784726,-0.016914
1729.7002,101.417511,57.634621,2.778836,-0.017842
1729.6002,104.10228,59.264595,2.773017,-0.018915
1729.5002,106.917862,60.963676,2.768067,-0.020349
1729.4002,109.635223,62.67955,2.763096,-0.022719
1729.3002,112.040207,64.44162,2.75945,-0.025558
1729.2002,113.210983,65.796204,2.75982,-0.028451
1729.1002,112.82225,66.515701,2.76553,-0.031192
1729.0002,110.754013,66.811081,2.774664,-0.032425
1728.9002,107.617126,66.941864,2.784055,-0.030739
1728.8002,104.207657,67.229187,2.791873,-0.027551
1728.7002,100.844345,67.840851,2.798303,-0.024366
1728.6002,98.31955,68.725525,2.804895,-0.021185
1728.5002,96.96991,69.621277,2.808593,-0.018013
1728.4002,96.895905,70.289581,2.804433,-0.014834
1728.3002,97.784637,70.420349,2.79543,-0.01181
1728.2002,98.866501,69.788132,2.789929,-0.010523
1728.1002,99.706207,68.469803,2.792216,-0.011897
1728.0002,99.404572,66.88382,2.798998,-0.014471
1727.9002,97.807709,65.483856,2.803541,-0.017005
1727.8002,95.449936,64.413361,2.803116,-0.01953
1727.7002,92.846954,64.069794,2.799954,-0.022057
1727.6002,90.662415,64.508789,2.797815,-0.02458
1727.5002,90.305862,65.197708,2.796826,-0.02714
1727.4002,92.121231,65.815491,2.79253,-0.029681
1727.3002,94.811523,66.19902,2.78392,-0.032204
1727.2002,97.879913,66.25,2.778436,-0.034086
1727.1002,100.56575,65.88858,2.777305,-0.032602
1727.0002,102.486115,65.203384,2.773965,-0.028122
1726.9002,103.133316,64.425735,2.768632,-0.026501
1726.8002,102.452515,63.749763,2.764499,-0.029028
1726.7002,101.311707,63.406387,2.762418,-0.03231
1726.6002,99.891891,63.68396,2.761762,-0.034934
1726.5002,98.615158,64.551956,2.762795,-0.036933
1726.4002,97.858856,65.582962,2.767354,-0.039003
1726.3002,97.686646,66.441605,2.774146,-0.04102
1726.2002,97.697754,67.026581,2.782305,-0.042524
1726.1002,97.193192,67.395279,2.79356,-0.042116
1726.0002,95.953552,67.55011,2.805827,-0.03942
1725.9002,94.042236,67.377777,2.815928,-0.036386
1725.8002,91.832184,66.779053,2.822816,-0.033334
1725.7002,89.959824,65.814758,2.826113,-0.030288
1725.6002,89.220139,64.738205,2.825492,-0.02722
1725.5002,89.574799,64.023071,2.82027,-0.024341
1725.4002,90.991241,63.693985,2.812696,-0.022106
1725.3002,93.097412,63.602852,2.805165,-0.020577
1725.2002,96.067169,63.535316,2.797019,-0.019062
1725.1002,100.214401,63.314941,2.785884,-0.01758
1725.0002,105.029892,62.873978,2.770578,-0.016581
1724.9002,109.076874,62.421463,2.754326,-0.017792
1724.8002,111.831268,62.255287,2.742327,-0.022244
1724.7002,113.827713,62.534538,2.738634,-0.027411
1724.6002,114.915024,62.973717,2.742754,-0.030764
1724.5002,115.059494,63.66259,2.749435,-0.031842
1724.4002,114.76651,64.823502,2.753989,-0.032274
1724.3002,114.197968,66.313675,2.756579,-0.031883
1724.2002,113.654221,67.73085,2.758689,-0.029217
1724.1002,113.433197,68.65271,2.758703,-0.024618
1724.0002,113.268692,69.246002,2.752685,-0.020402
1723.9002,112.735703,69.476944,2.740712,-0.018277
1723.8002,111.51825,69.23558,2.728429,-0.021507
1723.7002,109.047852,68.662659,2.721699,-0.028813
1723.6002,105.480362,67.896637,2.723695,-0.035975
1723.5002,101.822174,67.139801,2.733365,-0.042575
1723.4002,98.675003,66.630936,2.745761,-0.045895
1723.3002,96.987534,66.463318,2.755129,-0.044789
1723.2002,97.106827,66.459915,2.75919,-0.04227
1723.1002,98.98085,66.369659,2.759197,-0.039403
1723.0002,101.397873,66.119629,2.758101,-0.03388
1722.9002,103.06897,65.802322,2.757528,-0.025668
1722.8002,103.377365,65.481079,2.757068,-0.018888
1722.7002,102.414734,65.013596,2.757137,-0.018853
1722.6002,100.409546,64.321167,2.760255,-0.023646
1722.5002,97.413589,63.687012,2.766883,-0.02892
1722.4002,94.345016,63.482101,2.772698,-0.030648
1722.3002,92.651855,63.787849,2.771208,-0.026336
1722.2002,92.745392,64.416016,2.762059,-0.024239
1722.1002,93.957855,65.144623,2.748393,-0.027154
1722.0002,95.838806,65.796509,2.734337,-0.031312
1721.9002,98.640167,65.85466,2.723539,-0.035593
1721.8002,101.977371,64.988846,2.718872,-0.039327
1721.7002,104.552658,63.393692,2.721325,-0.038772
1721.6002,104.551346,61.890778,2.729866,-0.034624
1721.5002,101.879608,61.028748,2.74026,-0.029663
1721.4002,96.999634,60.780441,2.746392,-0.024706
1721.3002,91.823059,61.245041,2.749345,-0.020022
1721.2002,87.363205,62.219246,2.752388,-0.017773
1721.1002,82.640198,63.396004,2.755911,-0.020346
1721.0002,78.536255,64.639084,2.758281,-0.025207
1720.9002,75.780884,65.510529,2.758896,-0.030204
1720.8002,74.14209,65.502106,2.75962,-0.035098
1720.7002,72.209122,64.233917,2.761727,-0.03828
1720.6002,69.291428,62.139946,2.763539,-0.033682
1720.5002,64.090103,59.804062,2.761292,-0.024527
1720.4002,57.684349,57.758743,2.750841,-0.021813
1720.3002,50.969185,56.222809,2.730825,-0.023785
1720.2002,44.638275,55.369362,2.706604,-0.02545
1720.1002,38.476707,55.306129,2.685388,-0.024215
1720.0002,31.88905,55.589729,2.670981,-0.021745
1719.9002,26.78788,55.379601,2.66187,-0.020827
1719.8002,23.580891,54.57032,2.655183,-0.02277
1719.7002,21.985817,53.459084,2.648154,-0.025963
1719.6002,21.363831,52.190514,2.639928,-0.029273
1719.5002,21.110428,50.9729,2.632527,-0.032325
1719.4002,21.053867,49.971451,2.627911,-0.032823
1719.3002,21.235332,49.282249,2.623526,-0.030313
1719.2002,21.575401,48.92041,2.616119,-0.027008
1719.1002,21.982117,48.838539,2.604414,-0.024161
1719.0002,22.338715,48.961319,2.589557,-0.021606
1718.9002,22.630463,49.16272,2.576154,-0.019064
1718.8002,22.878838,49.357483,2.570424,-0.016502
1718.7002,22.911572,49.631104,2.572274,-0.013981
1718.6002,22.681225,50.06382,2.576617,-0.011451
1718.5002,22.145466,50.633224,2.578201,-0.009194
1718.4002,21.885323,51.306259,2.578295,-0.008598
1718.3002,22.274887,51.956116,2.581312,-0.009204
1718.2002,23.549442,52.450615,2.589998,-0.009908
1718.1002,25.643494,52.687904,2.607288,-0.010618
1718.0002,28.245117,52.703926,2.633221,-0.011339
1717.9002,31.095695,52.628571,2.660856,-0.012051
1717.8002,33.883881,52.569695,2.688638,-0.012767
1717.7002,36.306763,52.567245,2.718173,-0.013471
1717.6002,37.879288,52.588463,2.749494,-0.01419
1717.5002,38.405388,52.611542,2.77675,-0.014946
1717.4002,38.230057,52.614761,2.79567,-0.015805
1717.3002,37.333435,52.564133,2.810983,-0.01674
1717.2002,36.038124,52.325989,2.825056,-0.01769
1717.1002,34.799042,51.805344,2.834914,-0.018636
1717.0002,33.605415,51.012947,2.842246,-0.019593
1716.9002,32.487228,50.120155,2.849625,-0.020567
1716.8002,31.503029,49.310341,2.858291,-0.021529
1716.7002,30.847317,48.472336,2.869368,-0.021406
1716.6002,30.646847,47.470734,2.8799,-0.015435
1716.5002,30.792828,46.345085,2.883951,-0.003806
1716.4002,31.229782,45.388962,2.879076,0.001968
1716.3002,31.648266,44.873238,2.868158,-0.00045
1716.2002,31.687862,44.671913,2.855506,-0.002962
1716.1002,30.984516,44.447655,2.843983,-0.00551
1716.0002,29.595688,44.130272,2.833818,-0.008053
1715.9002,28.087017,43.95253,2.824132,-0.010593
1715.8002,26.641453,43.817772,2.81375,-0.013029
1715.7002,25.440903,43.592491,2.8017,-0.014897
1715.6002,24.732925,43.379074,2.78706,-0.015953
1715.5002,24.63327,43.330299,2.771269,-0.016697
1715.4002,24.854481,43.502274,2.757697,-0.017384
1715.3002,25.29797,43.747009,2.751288,-0.017529
1715.2002,25.865059,43.990067,2.755992,-0.014636
1715.1002,26.405571,44.233406,2.76879,-0.006063
1715.0002,26.924973,44.503357,2.779671,0.000522
1714.9002,27.432396,44.778473,2.783729,-0.003894
1714.8002,27.938232,45.026886,2.785319,-0.008376
1714.7002,28.314705,45.249428,2.785201,-0.012814
1714.6002,28.47451,45.428123,2.783857,-0.017229
1714.5002,28.495586,45.522369,2.780828,-0.021534
1714.4002,28.382717,45.512138,2.773936,-0.024672
1714.3002,28.120129,45.387749,2.765303,-0.024392
1714.2002,27.712944,45.173706,2.760599,-0.02082
1714.1002,27.202389,44.935204,2.76087,-0.017388
1714.0002,26.648235,44.728432,2.764314,-0.014091
1713.9002,26.110237,44.60321,2.770099,-0.011776
1713.8002,25.598335,44.550591,2.77593,-0.012038
1713.7002,25.107601,44.577484,2.777866,-0.01453
1713.6002,24.632336,44.693893,2.77295,-0.016964
1713.5002,24.213833,44.904495,2.764486,-0.019354
1713.4002,23.872795,45.224503,2.758269,-0.021162
1713.3002,23.599876,45.604088,2.757134,-0.020137
1713.2002,23.564072,45.93158,2.761194,-0.016557
1713.1002,23.87336,46.083466,2.770434,-0.016018
1713.0002,24.458477,46.037079,2.785728,-0.019834
1712.9002,25.234516,45.929398,2.802873,-0.024728
1712.8002,25.91251,45.88298,2.817656,-0.029596
1712.7002,26.197243,45.920441,2.833124,-0.034466
1712.6002,25.760223,46.055229,2.855642,-0.039124
1712.5002,25.012669,46.286362,2.879681,-0.042195
1712.4002,25.257938,46.575302,2.887175,-0.043584
1712.3002,27.101608,46.83139,2.87399,-0.044617
1712.2002,30.475807,46.920341,2.84684,-0.045215
1712.1002,36.444389,46.78537,2.813722,-0.042669
1712.0002,44.506439,46.568474,2.781629,-0.03746
1711.9002,53.060936,46.408531,2.751984,-0.031976
1711.8002,59.916183,46.314117,2.725769,-0.026443
1711.7002,65.076981,46.263741,2.703997,-0.021619
1711.6002,69.919464,46.298935,2.686812,-0.02089
1711.5002,74.354706,46.49955,2.673816,-0.023087
1711.4002,78.821381,47.08287,2.66576,-0.025487
1711.3002,83.813522,48.163254,2.6627,-0.027736
1711.2002,89.038147,49.699234,2.661818,-0.02885
1711.1002,93.66745,51.463867,2.66055,-0.02905
1711.0002,97.245209,53.382713,2.657774,-0.02907
1710.9002,99.966522,55.658302,2.654002,-0.029067
1710.8002,102.078537,57.909309,2.652382,-0.02891
1710.7002,103.587097,59.750862,2.656056,-0.027548
1710.6002,103.564209,61.128227,2.663364,-0.023939
1710.5002,101.850967,62.122032,2.667747,-0.019269
1710.4002,98.495651,62.865692,2.666033,-0.014557
1710.3002,94.003311,63.523972,2.665754,-0.010172
1710.2002,89.282745,64.073288,2.671918,-0.008663
1710.1002,84.963089,64.464218,2.681575,-0.011077
1710.0002,81.581604,64.707336,2.687966,-0.014945
1709.9002,79.157059,64.962921,2.686614,-0.017568
1709.8002,77.83316,65.311295,2.678521,-0.017533
1709.7002,76.817474,65.636856,2.669251,-0.016309
1709.6002,75.621429,65.653625,2.663595,-0.014966
1709.5002,74.020096,65.242401,2.663341,-0.01362
1709.4002,72.105927,64.363586,2.667414,-0.01227
1709.3002,70.160126,62.999306,2.674511,-0.010948
1709.2002,68.421356,61.235168,2.68199,-0.009708
1709.1002,67.484695,59.953835,2.684207,-0.009432
1709.0002,67.415604,59.488289,2.678114,-0.012657
1708.9002,68.292099,59.54393,2.667269,-0.01776
1708.8002,69.800888,59.936012,2.658499,-0.02159
1708.7002,71.574341,60.362907,2.654045,-0.019486
1708.6002,73.546341,60.577477,2.650147,-0.013542
1708.5002,75.423935,60.198776,2.645627,-0.006926
1708.4002,76.889374,59.291481,2.642551,-0.000378
1708.3002,75.906921,58.167694,2.643638,0.004213
1708.2002,72.687775,57.449646,2.651341,0.000801
1708.1002,68.174164,57.370911,2.668465,-0.00663
1708.0002,61.124947,57.847931,2.694003,-0.010622
1707.9002,52.770721,58.783768,2.718264,-0.012047
1707.8002,44.413338,60.142479,2.73164,-0.013231
1707.7002,40.904144,61.992882,2.733688,-0.014396
1707.6002,41.690559,63.162209,2.72772,-0.015522
1707.5002,43.746307,62.767776,2.716042,-0.016014
1707.4002,47.062508,61.061958,2.702184,-0.013141
1707.3002,51.797943,58.059204,2.688013,-0.007928
1707.2002,58.081329,54.345871,2.674243,-0.003304
1707.1002,64.519226,51.400558,2.660263,-0.00275
1707.0002,70.406876,50.145325,2.647982,-0.006335
1706.9002,75.881577,50.397003,2.642026,-0.010766
1706.8002,80.445679,51.50441,2.641765,-0.015239
1706.7002,84.208878,53.195679,2.646592,-0.019388
1706.6002,87.728348,55.229843,2.655281,-0.020697
1706.5002,91.085373,57.236496,2.659764,-0.018222
1706.4002,93.987228,58.849205,2.656446,-0.014302
1706.3002,95.645477,59.971252,2.651691,-0.011028
1706.2002,95.576019,60.842278,2.64932,-0.011194
1706.1002,94.093567,61.652946,2.649311,-0.015611
1706.0002,91.654953,62.395622,2.652055,-0.0211
1705.9002,88.382385,63.013802,2.657436,-0.026592
1705.8002,84.727997,63.480545,2.662422,-0.030873
1705.7002,81.247604,63.850037,2.661313,-0.029593
1705.6002,78.356689,64.045883,2.653735,-0.023861
1705.5002,76.357559,63.869316,2.646578,-0.024235
1705.4002,75.82579,63.238968,2.64616,-0.03064
1705.3002,77.037659,62.237587,2.651969,-0.036825
1705.2002,79.06842,61.088921,2.657642,-0.041704
1705.1002,81.43634,59.946198,2.660579,-0.041888
1705.0002,83.611176,59.080154,2.662575,-0.036455
1704.9002,85.237869,58.788895,2.666843,-0.030097
1704.8002,86.123749,58.966934,2.672978,-0.023652
1704.7002,86.177917,59.675629,2.678862,-0.017279
1704.6002,85.836929,60.955956,2.683468,-0.011691
1704.5002,85.03685,62.513649,2.6858,-0.009238
1704.4002,84.236298,63.975243,2.685222,-0.010694
1704.3002,84.361832,64.987228,2.682192,-0.012351
1704.2002,85.050323,65.403381,2.678942,-0.013988
1704.1002,85.407974,65.104813,2.677011,-0.015483
1704.0002,84.831467,64.202377,2.675502,-0.0168
1703.9002,83.345901,62.97393,2.674386,-0.018037
1703.8002,81.434799,61.812447,2.673914,-0.01927
1703.7002,79.472183,61.197304,2.673565,-0.020517
1703.6002,77.591858,61.224625,2.672969,-0.021735
1703.5002,76.01825,61.698341,2.674736,-0.022852
1703.4002,75.223145,62.175888,2.683906,-0.023742
1703.3002,75.678757,62.456863,2.699254,-0.024381
1703.2002,77.197983,62.335342,2.711653,-0.024769
1703.1002,79.080704,61.662605,2.711305,-0.024701
1703.0002,81.219284,60.656166,2.697837,-0.024365
1702.9002,83.807785,59.55835,2.680326,-0.024039
1702.8002,87.124802,58.494392,2.667456,-0.023695
1702.7002,90.88649,57.657623,2.663242,-0.022751
1702.6002,94.225998,57.300331,2.666723,-0.018496
1702.5002,96.632751,57.503838,2.675224,-0.009814
1702.4002,98.078217,58.655785,2.68237,-0.003807
1702.3002,99.060867,60.819084,2.683674,-0.00322
1702.2002,99.285568,63.344322,2.680934,-0.005274
1702.1002,98.593018,65.494934,2.680477,-0.012754
1702.0002,97.252579,66.771332,2.686336,-0.02209
1701.9002,94.990829,67.382034,2.696167,-0.024177
1701.8002,91.961823,67.278107,2.705524,-0.020427
1701.7002,88.799164,66.556381,2.710395,-0.017197
1701.6002,87.111893,65.542511,2.70826,-0.018282
1701.5002,86.851562,64.67778,2.703242,-0.021836
1701.4002,86.756073,64.029907,2.700201,-0.023095
1701.3002,86.884872,63.121033,2.697533,-0.023076
1701.2002,87.262909,62.164612,2.694483,-0.023063
1701.1002,87.890167,61.500267,2.693034,-0.023059
1701.0002,88.518967,61.058159,2.693712,-0.023064
1700.9002,88.78299,61.15699,2.69523,-0.023256
1700.8002,88.46344,61.884872,2.696755,-0.024379
1700.7002,87.244843,62.825371,2.699656,-0.025087
1700.6002,85.46109,63.636604,2.704866,-0.02499
1700.5002,83.448059,64.234039,2.710811,-0.023886
1700.4002,81.586792,64.505188,2.713789,-0.023142
1700.3002,80.43367,64.337311,2.710898,-0.023049
1700.2002,80.805893,63.81266,,-0.023046
1700.1002,82.792892,63.202217,,-0.023046
1700.0002,85.948532,62.603073,,
1699.9002,90.349808,61.990501,,
1699.8002,95.051987,61.384956,,
1699.7002,99.449753,61.039841,,
1699.6002,102.930634,61.154457,,
1699.5002,105.416183,61.867477,,
1699.4002,107.101837,63.009735,,
1699.3002,107.60582,64.299286,,
1699.2002,107.218155,65.60849,,
1699.1002,106.356033,66.717926,,
1699.0002,105.223709,67.435501,,
1698.9002,103.915955,67.693649,,
1698.8002,102.504501,67.567429,,
1698.7002,101.128418,67.150253,,
1698.6002,99.750793,66.597076,,
1698.5002,98.35611,66.011612,,
1698.4002,96.755096,65.37114,,
1698.3002,94.955215,64.674469,,
1698.2002,93.050369,64.013596,,
1698.1002,90.531113,63.493233,,
1698.0002,87.459702,63.314392,,
1697.9002,84.120331,63.379486,,
1697.8002,80.604004,63.322479,,
1697.7002,77.2453,62.936195,,
1697.6002,74.237137,62.373802,,
1697.5002,72.487045,62.050674,,
1697.4002,72.217941,61.898247,,
1697.3002,73.418793,61.608063,,
1697.2002,75.722366,60.991814,,
1697.1002,78.365417,60.203545,,
1697.0002,81.094742,59.457848,,
1696.9002,83.617661,58.843925,,
1696.8002,86.032288,58.519722,,
1696.7002,88.840164,58.601776,,
1696.6002,92.158005,59.088928,,
1696.5002,95.848465,59.915009,,
1696.4002,99.342651,60.936012,,
1696.3002,101.305756,61.97039,,
1696.2002,101.260239,62.813126,,
1696.1002,99.133133,63.332535,,
1696.0002,95.112778,63.659363,,
1695.9002,90.144028,64.033905,,
1695.8002,85.079102,64.540543,,
1695.7002,80.407761,65.027161,,
1695.6002,75.912964,65.18811,,
1695.5002,71.570648,64.808929,,
1695.4002,67.653137,63.965492,,
1695.3002,64.675705,62.796265,,
1695.2002,63.045753,61.260025,,
1695.1002,62.857971,59.683647,,
1695.0002,63.589226,58.631172,,
1694.9002,65.217499,58.161774,,
1694.8002,67.870331,57.960579,,
1694.7002,71.62056,57.624603,,
1694.6002,75.923203,57.289085,,
1694.5002,80.210464,57.120087,,
1694.4002,84.857468,57.17981,,
1694.3002,89.97406,57.674812,,
1694.2002,95.239349,58.903633,,
1694.1002,99.748657,60.791496,,
1694.0002,103.56395,62.749184,,
1693.9002,107.041718,64.144577,,
1693.8002,110.071426,64.845963,,
1693.7002,111.959488,64.967712,,
1693.6002,112.036896,64.690948,,
1693.5002,110.766724,64.423264,,
1693.4002,108.349747,64.504684,,
1693.3002,105.609299,65.092117,,
1693.2002,102.841873,65.889313,,
1693.1002,100.346466,66.6064,,
1693.0002,98.490479,66.967468,,
1692.9002,97.540268,66.903458,,
1692.8002,97.448486,66.419525,,
1692.7002,97.40509,65.724426,,
1692.6002,97.231323,65.231018,,
1692.5002,96.907303,64.92926,,
1692.4002,96.693542,64.649841,,
1692.3002,96.915955,64.491791,,
1692.2002,97.695847,64.511566,,
1692.1002,98.689728,64.565887,,
1692.0002,99.862991,64.430847,,
1691.9002,100.928314,64.317261,,
1691.8002,101.470459,64.515762,,
1691.7002,100.790024,64.823639,,
1691.6002,98.594955,64.983871,,
1691.5002,95.372437,64.987305,,
1691.4002,90.933609,65.139786,,
1691.3002,85.760941,65.31044,,
1691.2002,80.634964,65.22226,,
1691.1002,78.009903,65.090134,,
1691.0002,78.375839,64.844757,,
1690.9002,80.198029,64.228821,,
1690.8002,83.815018,63.073456,,
1690.7002,88.574158,61.90831,,
1690.6002,93.320419,61.371864,,
1690.5002,96.056,61.509567,,
1690.4002,96.62706,62.132637,,
1690.3002,96.150986,63.052483,,
1690.2002,95.266815,64.257553,,
1690.1002,94.553421,65.211578,,
1690.0002,94.831833,65.40715,,
1689.9002,95.883606,64.661392,,
1689.8002,97.164871,63.492393,,
1689.7002,98.547424,62.460869,,
1689.6002,99.330017,61.837036,,
1689.5002,99.248032,61.661278,,
1689.4002,97.980362,61.910461,,
1689.3002,95.701523,62.760361,,
1689.2002,92.705063,64.116028,,
1689.1002,89.207413,65.73175,,
1689.0002,86.54274,66.814148,,
1688.9002,85.26825,67.077637,,
1688.8002,85.733124,66.644821,,
1688.7002,87.147064,65.446198,,
1688.6002,88.921631,63.968811,,
1688.5002,90.88028,63.162361,,
1688.4002,92.074524,63.274277,,
1688.3002,91.686188,63.871918,,
1688.2002,89.697525,64.389862,,
1688.1002,87.073822,65.40834,,
1688.0002,84.495209,67.113144,,
1687.9002,82.529205,68.589233,,
1687.8002,80.976181,69.023254,,
1687.7002,79.589844,68.41301,,
1687.6002,78.402695,67.1362,,
1687.5002,77.499527,65.674149,,
1687.4002,77.05513,64.330124,,
1687.3002,77.661926,63.089119,,
1687.2002,79.222412,62.065819,,
1687.1002,81.400772,61.420403,,
1687.0002,84.484085,61.408417,,
1686.9002,88.203888,61.761284,,
1686.8002,91.951889,62.003036,,
1686.7002,95.272202,61.974548,,
1686.6002,98.054199,61.908287,,
1686.5002,100.31926,62.068268,,
1686.4002,102.085953,62.544586,,
1686.3002,103.397949,63.140648,,
1686.2002,103.934769,63.629326,,
1686.1002,103.665497,63.990631,,
1686.0002,102.938553,64.350388,,
1685.9004,101.788101,64.793579,,
1685.8004,100.405304,65.201279,,
1685.7004,98.99559,65.467484,,
1685.6004,97.588867,65.652084,,
1685.5004,96.414093,65.792252,,
1685.4004,95.62294,65.878525,,
1685.3004,95.43605,65.852371,,
1685.2004,95.821259,65.641693,,
1685.1004,96.502014,65.227982,,
1685.0004,97.667221,64.626495,,
1684.9004,99.251175,63.987228,,
1684.8004,100.920654,63.521454,,
1684.7004,102.495834,63.287155,,
1684.6004,103.837769,63.353233,,
1684.5004,104.899292,63.768936,,
1684.4004,105.600189,64.468445,,
1684.3004,106.007736,65.363342,,
1684.2004,106.16774,66.307144,,
1684.1004,106.029633,67.105591,,
1684.0004,105.585892,67.576767,,
1683.9004,104.790527,67.663803,,
1683.8004,103.721252,67.432434,,
1683.7004,102.691452,66.97168,,
1683.6004,101.844025,66.456757,,
1683.5004,101.191849,66.05925,,
1683.4004,100.592819,65.867172,,
1683.3004,100.099106,65.726547,,
1683.2004,99.591782,65.510773,,
1683.1004,98.796021,65.144592,,
1683.0004,97.655502,64.657059,,
1682.9004,96.213394,64.10881,,
1682.8004,94.855316,63.689781,,
1682.7004,93.691467,63.593407,,
1682.6004,92.581848,63.669052,,
1682.5004,91.119461,63.605835,,
1682.4004,89.373642,63.523392,,
1682.3004,87.647049,63.636688,,
1682.2004,86.409332,63.912888,,
1682.1004,85.934372,63.848343,,
1682.0004,86.263687,63.209694,,
1681.9004,86.898819,62.222992,,
1681.8004,87.777786,61.114777,,
1681.7004,88.898026,60.174507,,
1681.6004,90.516922,59.595573,,
1681.5004,92.778595,59.229355,,
1681.4004,95.37265,59.106842,,
1681.3004,97.726776,59.404922,,
1681.2004,99.48822,60.209793,,
1681.1004,100.622452,61.400192,,
1681.0004,101.167786,62.62014,,
1680.9004,101.227783,63.586723,,
1680.8004,100.993637,64.231644,,
1680.7004,100.172089,64.663681,,
1680.6004,98.375122,64.76622,,
1680.5004,95.601318,64.704971,,
1680.4004,91.806625,64.852661,,
1680.3004,86.899719,64.884171,,
1680.2004,81.452774,64.699936,,
1680.1004,77.155045,64.653519,,
1680.0004,74.769257,64.36795,,
1679.9004,73.923569,63.372055,,
1679.8004,74.997604,61.638626,,
1679.7004,77.401535,59.574608,,
1679.6004,80.298523,57.985573,,
1679.5004,83.608017,57.48896,,
1679.4004,87.029129,57.974243,,
1679.3004,90.273346,58.911514,,
1679.2004,92.601807,60.012321,,
1679.1004,93.891144,61.041641,,
1679.0004,94.304245,61.825493,,
1678.9004,94.528687,62.297966,,
1678.8004,95.178558,62.405128,,
1678.7004,96.5298,62.291801,,
1678.6004,98.523468,62.22406,,
1678.5004,100.687332,62.412086,,
1678.4004,102.763062,62.800148,,
1678.3004,104.922333,63.092346,,
1678.2004,106.757278,63.445717,,
1678.1004,107.638611,64.105194,,
1678.0004,107.052505,65.200211,,
1677.9004,105.498764,66.361404,,
1677.8004,103.398376,67.28743,,
1677.7004,100.745132,67.890823,,
1677.6004,97.769684,68.08255,,
1677.5004,94.917816,67.830017,,
1677.4004,92.752655,67.150726,,
1677.3004,91.427536,66.011765,,
1677.2004,91.682068,64.443832,,
1677.1004,93.235733,63.140526,,
1677.0004,95.531647,62.509857,,
1676.9004,98.517868,62.533989,,
1676.8004,101.20076,62.84655,,
1676.7004,103.030823,63.278061,,
1676.6004,103.829544,63.902267,,
1676.5004,104.049255,64.997696,,
1676.4004,104.087006,66.212479,,
1676.3004,104.080444,66.790512,,
1676.2004,104.062958,66.882568,,
1676.1004,104.019073,66.972473,,
1676.0004,103.671616,67.259384,,
1675.9004,103.04985,67.437851,,
1675.8004,102.370483,67.281601,,
1675.7004,101.594116,66.934799,,
1675.6004,100.731522,66.578659,,
1675.5004,99.796509,66.282974,,
1675.4004,98.597839,66.003464,,
1675.3004,97.02858,65.738922,,
1675.2004,95.061829,65.505753,,
1675.1004,92.903564,65.279068,,
1675.0004,91.352585,64.973282,,
1674.9004,91.371033,64.506516,,
1674.8004,92.992111,63.834984,,
1674.7004,95.596924,63.027824,,
1674.6004,99.307037,62.278893,,
1674.5004,103.937073,61.91732,,
1674.4004,108.414642,62.108162,,
1674.3004,111.885361,62.591309,,
1674.2004,113.801346,63.214951,,
1674.1004,114.429993,64.029404,,
1674.0004,114.105835,65.167679,,
1673.9004,113.088821,66.465607,,
1673.8004,111.889816,67.588303,,
1673.7004,110.601807,68.318649,,
1673.6004,109.275848,68.577179,,
1673.5004,107.779114,68.446182,,
1673.4004,105.768539,68.107056,,
1673.3004,102.987717,67.627411,,
1673.2004,99.791412,67.053268,,
1673.1004,97.032928,66.465637,,
1673.0004,95.316528,65.922913,,
1672.9004,93.824448,65.348907,,
1672.8004,92.404755,64.55574,,
1672.7004,90.790237,63.688759,,
1672.6004,88.892212,63.167992,,
1672.5004,86.621567,63.02272,,
1672.4004,83.998108,63.012428,,
1672.3004,81.345886,62.852295,,
1672.2004,78.887482,62.690193,,
1672.1004,76.767792,62.562195,,
1672.0004,74.947723,62.342766,,
1671.9004,73.580917,62.246437,,
1671.8004,72.813248,62.245773,,
1671.7004,72.739471,61.978882,,
1671.6004,73.631195,61.592552,,
1671.5004,75.587845,61.3097,,
1671.4004,78.77594,61.105896,,
1671.3004,83.257965,60.841705,,
1671.2004,88.082077,60.625404,,
1671.1004,92.209015,60.792412,,
1671.0004,94.785522,61.318077,,
1670.9004,95.898834,61.961296,,
1670.8004,96.485062,62.536003,,
1670.7004,96.83963,63.101471,,
1670.6004,96.953705,63.642273,,
1670.5004,96.927597,63.990402,,
1670.4004,96.657639,63.991379,,
1670.3004,96.057861,63.642265,,
1670.2004,95.255508,63.122406,,
1670.1004,94.574371,62.868866,,
1670.0004,94.256622,62.965416,,
1669.9004,95.24855,62.930054,,
1669.8004,97.25592,62.907219,,
1669.7004,99.367279,63.101036,,
1669.6004,101.508652,63.272835,,
1669.5004,103.315216,62.979164,,
1669.4004,104.501755,62.396149,,
1669.3004,105.372787,62.438423,,
1669.2004,106.166092,63.160294,,
1669.1004,106.825119,64.039474,,
1669.0004,107.256516,64.790833,,
1668.9004,107.479202,65.540359,,
1668.8004,107.493088,66.335663,,
1668.7004,107.267944,66.871353,,
1668.6004,106.8694,66.984146,,
1668.5004,106.335831,66.798767,,
1668.4004,105.710663,66.482498,,
1668.3004,105.11972,66.069214,,
1668.2004,104.742096,65.575897,,
1668.1004,104.567795,65.143051,,
1668.0004,104.522171,64.943298,,
1667.9004,104.614731,64.990753,,
1667.8004,104.861511,64.909973,,
1667.7004,105.089874,64.883331,,
1667.6004,104.777557,65.274857,,
1667.5004,103.762985,65.85733,,
1667.4004,102.352386,66.155853,,
1667.3004,101.178009,65.940094,,
1667.2004,100.494171,65.777847,,
1667.1004,100.242874,65.88623,,
1667.0004,100.525314,66.056061,,
1666.9004,101.098953,66.16124,,
1666.8004,101.761169,66.225082,,
1666.7004,102.284637,66.295624,,
1666.6004,102.639267,66.356964,,
1666.5004,102.887344,66.381454,,
1666.4004,102.277557,66.351135,,
1666.3004,100.875717,66.158371,,
1666.2004,98.934662,65.845901,,
1666.1004,96.6539,65.627823,,
1666.0004,94.366623,65.492416,,
1665.9004,92.314835,65.290024,,
1665.8004,90.713928,64.877945,,
1665.7004,89.486679,64.443375,,
1665.6004,88.586151,64.167801,,
1665.5004,88.007339,63.922943,,
1665.4004,87.477341,63.571434,,
1665.3004,86.696548,63.143669,,
1665.2004,85.639755,62.830475,,
1665.1004,84.743362,62.651741,,
1665.0004,84.858139,62.513206,,
1664.9004,86.320114,62.505165,,
1664.8004,88.581238,62.541275,,
1664.7004,90.928299,62.372108,,
1664.6004,93.177826,61.841911,,
1664.5004,95.285538,61.231194,,
1664.4004,96.879242,61.061745,,
1664.3004,97.788437,61.441833,,
1664.2004,98.197388,62.084099,,
1664.1004,98.198715,62.588364,,
1664.0004,97.784409,63.102623,,
1663.9004,97.04744,63.841583,,
1663.8004,96.148544,64.617035,,
1663.7004,95.332977,65.008408,,
1663.6004,94.910904,64.834167,,
1663.5004,95.465469,64.593231,,
1663.4004,97.118958,64.531372,,
1663.3004,98.967728,64.577042,,
1663.2004,100.906845,64.560471,,
1663.1004,102.844894,64.509949,,
1663.0004,104.925934,64.575806,,
1662.9004,106.712784,64.707596,,
1662.8004,107.675537,64.751099,,
1662.7004,108.046341,64.655487,,
1662.6004,107.924545,64.696304,,
1662.5004,107.607056,65.027481,,
1662.4004,107.241745,65.471054,,
1662.3004,106.88559,65.867889,,
1662.2004,106.561203,66.100342,,
1662.1004,106.159485,66.181732,,
1662.0004,105.694382,66.304016,,
1661.9004,105.296234,66.505005,,
1661.8004,105.097855,66.550934,,
1661.7004,105.020264,66.492233,,
1661.6004,104.628311,66.423737,,
1661.5004,103.455688,66.274521,,
1661.4004,101.435165,66.069702,,
1661.3004,99.237793,65.976501,,
1661.2004,97.262756,66.123306,,
1661.1004,95.499222,66.115204,,
1661.0004,93.498154,65.582748,,
1660.9004,91.107193,64.892334,,
1660.8004,88.321243,64.195633,,
1660.7004,85.465057,63.531357,,
1660.6004,82.755905,63.013313,,
1660.5004,80.328506,62.453087,,
1660.4004,78.20874,61.669403,,
1660.3004,77.072861,60.875832,,
1660.2004,77.3806,60.212669,,
1660.1004,78.811157,59.751312,,
1660.0004,81.590851,59.565033,,
1659.9004,85.243286,59.915382,,
1659.8004,88.836334,60.845528,,
1659.7004,91.766357,62.066025,,
1659.6004,94.117722,63.183792,,
1659.5004,96.643951,63.967239,,
1659.4004,99.154648,64.509842,,
1659.3004,101.349655,64.783661,,
1659.2004,103.232437,64.784576,,
1659.1004,104.596893,64.598373,,
1659.0004,105.446091,64.518921,,
1658.9004,105.867661,64.753983,,
1658.8004,105.589401,65.205536,,
1658.7004,104.72847,65.620117,,
1658.6004,103.527237,65.81781,,
1658.5004,102.063553,65.685654,,
1658.4004,100.561844,65.246246,,
1658.3004,99.568161,64.619354,,
1658.2004,99.881958,63.963226,,
1658.1004,101.26004,63.455368,,
1658.0004,102.697037,63.201492,,
1657.9004,103.352921,63.287331,,
1657.8004,103.24646,63.641579,,
1657.7004,102.860199,64.138962,,
1657.6004,102.615189,64.55394,,
1657.5004,102.569733,64.738159,,
1657.4004,102.161728,64.664001,,
1657.3004,101.244888,64.464096,,
1657.2004,99.934097,64.234375,,
1657.1004,98.396088,63.972717,,
1657.0004,96.989746,63.714745,,
1656.9004,95.925873,63.577896,,
1656.8004,96.386963,63.716049,,
1656.7004,97.855316,64.03244,,
1656.6004,99.60643,64.368195,,
1656.5004,101.061584,64.690811,,
1656.4004,102.012894,65.004318,,
1656.3004,102.38562,65.299683,,
1656.2004,102.452194,65.565445,,
1656.1004,102.441437,65.687744,,
1656.0004,102.41095,65.620758,,
1655.9004,101.435242,65.382828,,
1655.8004,99.703751,65.092941,,
1655.7004,97.828598,64.832962,,
1655.6004,96.628632,64.601364,,
1655.5004,96.167999,64.413452,,
1655.4004,96.184982,64.288513,,
1655.3004,96.409912,64.279739,,
1655.2004,96.675903,64.310287,,
1655.1004,97.028214,64.269012,,
1655.0004,97.403015,64.148682,,
1654.9004,97.714081,64.078629,,
1654.8004,97.818283,64.182465,,
1654.7004,97.676544,64.374924,,
1654.6004,97.432068,64.526291,,
1654.5004,97.518082,64.590912,,
1654.4004,98.144165,64.647156,,
1654.3004,99.136688,64.759918,,
1654.2004,100.176666,64.91478,,
1654.1004,101.076981,65.089417,,
1654.0004,101.897583,65.292847,,
1653.9004,102.8582,65.553345,,
1653.8004,104.012024,65.751358,,
1653.7004,105.176819,65.772049,,
1653.6004,106.034653,65.687576,,
1653.5004,106.339584,65.59848,,
1653.4004,106.098938,65.583954,,
1653.3004,105.1745,65.68042,,
1653.2004,103.676895,65.911331,,
1653.1004,101.964401,66.256882,,
1653.0004,100.115982,66.682373,,
1652.9004,98.290451,67.039108,,
1652.8004,96.699738,67.103867,,
1652.7004,95.405396,66.872711,,
1652.6004,94.433456,66.442001,,
1652.5004,93.908478,65.988647,,
1652.4004,93.861298,65.511169,,
1652.3004,94.145065,64.924377,,
1652.2004,94.783203,64.266754,,
1652.1004,95.920074,63.838799,,
1652.0004,97.482712,63.857185,,
1651.9004,99.286575,63.991226,,
1651.8004,101.176086,64.054382,,
1651.7004,102.80542,64.062683,,
1651.6004,103.865005,64.202484,,
1651.5004,104.071869,64.53981,,
1651.4004,103.601746,65.022476,,
1651.3004,102.70192,65.519318,,
1651.2004,101.623962,65.94194,,
1651.1004,100.627441,66.152847,,
1651.0004,99.91806,65.975723,,
1650.9004,99.828735,65.520142,,
1650.8004,100.316757,65.154495,,
1650.7004,100.800995,65.056595,,
1650.6004,100.739914,65.250229,,
1650.5004,100.366272,65.610031,,
1650.4004,99.921173,65.982361,,
1650.3004,99.754807,66.282455,,
1650.2004,99.9664,66.468063,,
1650.1004,100.571625,66.512772,,
1650.0004,101.427734,66.412628,,
1649.9004,102.378632,66.21785,,
1649.8004,103.447647,65.975128,,
1649.7004,104.634521,65.740799,,
1649.6004,105.843277,65.596802,,
1649.5004,106.952484,65.647018,,
1649.4004,107.692719,65.924942,,
1649.3004,107.616074,66.318588,,
1649.2004,106.632675,66.711609,,
1649.1004,105.196014,67.01976,,
1649.0004,103.718079,67.211563,,
1648.9004,102.338089,67.19368,,
1648.8004,101.035797,66.977264,,
1648.7004,99.651794,66.693115,,
1648.6004,98.254425,66.387909,,
1648.5004,96.99176,66.056351,,
1648.4004,95.897736,65.675064,,
1648.3004,94.96376,65.298279,,
1648.2004,94.213852,64.942703,,
1648.1004,94.116837,64.55127,,
1648.0004,94.613556,64.170547,,
1647.9004,95.362625,63.892052,,
1647.8004,96.0177,63.757156,,
1647.7004,96.382889,63.846527,,
1647.6004,96.469589,64.064041,,
1647.5004,96.011566,64.199875,,
1647.4004,95.242218,64.21962,,
1647.3004,94.400391,64.189987,,
1647.2004,93.902725,64.147461,,
1647.1004,93.719238,64.115509,,
1647.0004,93.698364,64.119354,,
1646.9004,94.015045,64.19957,,
1646.8004,94.592773,64.34848,,
1646.7004,95.324203,64.516083,,
1646.6004,96.139328,64.637421,,
1646.5004,97.092056,64.656204,,
1646.4004,98.300827,64.569427,,
1646.3004,99.464111,64.40332,,
1646.2004,100.25029,64.153839,,
1646.1004,100.196579,63.8517,,
1646.0004,99.384125,63.62825,,
1645.9004,98.209488,63.569115,,
1645.8004,96.98909,63.632278,,
1645.7004,95.981842,63.56398,,
1645.6004,95.278915,63.446526,,
1645.5004,95.063492,63.491501,,
1645.4004,94.995728,63.584259,,
1645.3004,94.762848,63.662537,,
1645.2004,93.99147,63.786972,,
1645.1004,93.640381,63.962814,,
1645.0004,94.165466,64.023666,,
1644.9004,95.035416,63.797943,,
1644.8004,96.006088,63.328293,,
1644.7004,97.065384,62.76532,,
1644.6004,98.362381,62.159836,,
1644.5004,99.781143,61.612503,,
1644.4004,101.134277,61.343513,,
1644.3004,102.428986,61.595627,,
1644.2004,103.705444,62.182487,,
1644.1004,105.003922,62.754021,,
1644.0004,106.18959,63.196304,,
1643.9004,106.945938,63.524055,,
1643.8004,107.123459,63.801704,,
1643.7004,106.887146,63.991249,,
1643.6004,106.626495,64.071777,,
1643.5004,106.546677,64.09079,,
1643.4004,106.733444,64.096573,,
1643.3004,107.152802,64.081406,,
1643.2004,107.750687,64.03862,,
1643.1004,108.4534,64.065109,,
1643.0004,109.019958,64.255035,,
1642.9004,109.087173,64.601669,,
1642.8004,108.370224,65.026749,,
1642.7004,107.091599,65.397278,,
1642.6004,105.770309,65.586929,,
1642.5004,104.738007,65.578461,,
1642.4004,104.083557,65.415298,,
1642.3004,103.851822,65.165253,,
1642.2004,104.148987,64.85527,,
1642.1004,104.740341,64.509949,,
1642.0004,105.035812,64.215668,,
1641.9004,104.660675,64.144989,,
1641.8004,103.87085,64.394089,,
1641.7004,103.22023,64.723282,,
1641.6004,103.23082,65.045563,,
1641.5004,103.827866,65.368134,,
1641.4004,104.382431,65.662231,,
1641.3004,104.306778,65.88179,,
1641.2004,103.751556,65.963181,,
1641.1004,102.966125,65.902344,,
1641.0004,102.235977,65.768387,,
1640.9004,101.626358,65.651245,,
1640.8004,101.212112,65.441208,,
1640.7004,101.084091,65.059998,,
1640.6004,101.281036,64.564713,,
1640.5004,101.943298,64.051041,,
1640.4004,103.02681,63.694992,,
1640.3004,104.147949,63.68103,,
1640.2004,104.87616,64.03186,,
1640.1004,104.883682,64.673279,,
1640.0004,104.604858,65.374634,,
1639.9004,104.139801,65.914597,,
1639.8004,103.75618,66.046036,,
1639.7004,103.798676,65.725067,,
1639.6004,104.350037,65.186447,,
1639.5004,105.100922,64.561111,,
1639.4004,105.683868,63.787651,,
1639.3004,105.878418,63.078064,,
1639.2004,105.71727,62.725288,,
1639.1004,105.216492,62.790009,,
1639.0004,104.578598,63.163551,,
1638.9004,104.12149,63.65757,,
1638.8004,104.057983,64.124878,,
1638.7004,104.637344,64.539948,,
1638.6004,105.658569,64.970139,,
1638.5004,106.106995,65.481308,,
1638.4004,105.377991,65.89566,,
1638.3004,103.722137,66.104202,,
1638.2004,101.077957,66.242035,,
1638.1004,97.929642,65.952332,,
1638.0004,94.891251,65.128723,,
1637.9004,93.634857,64.161118,,
1637.8004,94.186783,63.190651,,
1637.7004,95.58522,62.216774,,
1637.6004,97.91571,61.238098,,
1637.5004,100.793442,60.649094,,
1637.4004,103.815582,60.658813,,
1637.3004,107.160019,61.136131,,
1637.2004,110.405792,61.890594,,
1637.1004,112.906311,62.76561,,
1637.0004,114.824265,63.774445,,
1636.9004,116.248932,64.5858,,
1636.8004,116.931137,64.983124,,
1636.7004,116.794113,65.040771,,
1636.6004,116.117416,65.079849,,
1636.5004,114.999649,65.30603,,
1636.4004,113.8125,65.682678,,
1636.3004,112.752655,65.901657,,
1636.2004,111.789764,65.791443,,
1636.1004,110.611755,65.520203,,
1636.0004,109.200363,65.25621,,
1635.9004,107.843353,65.042465,,
1635.8004,106.71579,64.866501,,
1635.7004,105.651093,64.746826,,
1635.6004,104.06778,64.717545,,
1635.5004,102.037262,64.806183,,
1635.4004,99.664688,64.901627,,
1635.3004,96.324356,64.865509,,
1635.2004,92.521301,64.617111,,
1635.1004,88.709869,64.265732,,
1635.0004,86.203934,63.983772,,
1634.9004,85.231964,63.629578,,
1634.8003,85.512817,63.067772,,
1634.7003,87.069534,62.297081,,
1634.6003,89.379669,61.5131,,
1634.5003,92.074738,60.918999,,
1634.4003,95.214783,60.653427,,
1634.3003,98.403458,60.713409,,
1634.2003,101.151184,61.081642,,
1634.1003,102.690613,61.946388,,
1634.0003,103.115646,62.982071,,
1633.9003,102.837906,63.736649,,
1633.8003,101.973053,64.190369,,
1633.7003,100.871017,64.315704,,
1633.6003,99.876053,64.143326,,
1633.5003,98.902847,63.901794,,
1633.4003,97.983627,63.643135,,
1633.3003,97.335648,63.26461,,
1633.2003,97.289871,62.817863,,
1633.1003,97.898376,62.424751,,
1633.0003,99.195557,62.139404,,
1632.9003,100.898849,62.014565,,
1632.8003,102.50972,62.066566,,
1632.7003,104.079681,62.232697,,
1632.6003,105.560394,62.484077,,
1632.5003,106.867935,62.81089,,
1632.4003,107.996063,63.215775,,
1632.3003,108.90094,63.708443,,
1632.2003,109.576126,64.258865,,
1632.1003,109.917038,64.805008,,
1632.0003,109.89537,65.250381,,
1631.9003,109.503311,65.521225,,
1631.8003,107.649658,65.603836,,
1631.7003,103.823959,65.502625,,
1631.6003,99.088989,65.309357,,
1631.5003,93.297958,65.155823,,
1631.4003,87.150894,65.048676,,
1631.3003,81.982651,64.798157,,
1631.2003,77.91246,64.11972,,
1631.1003,75.127823,62.880302,,
1631.0003,74.155548,61.266769,,
1630.9003,75.133743,59.595787,,
1630.8003,77.470718,58.092438,,
1630.7003,80.460297,57.000137,,
1630.6003,83.52887,56.756218,,
1630.5003,85.968826,57.59053,,
1630.4003,87.867569,58.978279,,
1630.3003,89.508667,60.3423,,
1630.2003,91.526047,61.334312,,
1630.1003,94.123123,61.888405,,
1630.0003,97.398514,61.958199,,
1629.9003,101.004883,61.577942,,
1629.8003,104.370071,61.156822,,
1629.7003,107.338699,61.082993,,
1629.6003,109.794937,61.488327,,
1629.5003,110.77951,62.013138,,
1629.4003,110.257782,62.554527,,
1629.3003,109.542938,63.14917,,
1629.2003,108.868347,63.785835,,
1629.1003,108.358459,64.247742,,
1629.0003,107.984161,64.327744,,
1628.9003,107.836212,64.184357,,
1628.8003,107.93512,63.952538,,
1628.7003,108.091293,63.726006,,
1628.6003,107.719772,63.533676,,
1628.5003,106.118607,63.457748,,
1628.4003,103.158386,63.597488,,
1628.3003,98.952866,63.983635,,
1628.2003,93.797714,64.332443,,
1628.1003,87.743866,64.312698,,
1628.0003,82.781418,63.918037,,
1627.9003,79.380325,63.111618,,
1627.8003,76.009918,61.921303,,
1627.7003,73.784515,60.403694,,
1627.6003,72.891434,58.789032,,
1627.5003,72.707993,57.416962,,
1627.4003,72.941452,56.599747,,
1627.3003,73.288315,56.372276,,
1627.2003,73.738434,56.529991,,
1627.1003,74.300613,57.019653,,
1627.0003,74.978683,57.695175,,
1626.9003,75.806274,58.324783,,
1626.8003,76.863159,58.633392,,
1626.7003,78.109879,58.732475,,
1626.6003,79.476196,58.898048,,
1626.5003,80.81546,59.257713,,
1626.4003,81.96756,59.827423,,
1626.3003,82.540863,60.559357,,
1626.2003,82.346008,61.403946,,
1626.1003,81.549286,62.105995,,
1626.0003,80.206955,62.457909,,
1625.9003,78.586761,62.41674,,
1625.8003,76.917114,62.027336,,
1625.7003,75.229248,61.29142,,
1625.6003,74.137878,60.07888,,
1625.5003,73.925858,58.663307,,
1625.4003,74.901428,57.412201,,
1625.3003,76.572525,56.684349,,
1625.2003,78.58342,56.442642,,
1625.1003,80.862839,56.535042,,
1625.0003,83.470444,56.825203,,
1624.9003,86.548889,57.267746,,
1624.8003,90.425049,57.941368,,
1624.7003,94.579514,58.78476,,
1624.6003,98.671402,59.670227,,
1624.5003,102.541473,60.449135,,
1624.4003,106.021133,61.105209,,
1624.3003,109.009369,61.706657,,
1624.2003,111.361664,62.244583,,
1624.1003,113.038742,62.688217,,
1624.0003,113.730927,63.024132,,
1623.9003,113.073624,63.18634,,
1623.8003,111.539886,63.163162,,
1623.7003,109.679382,63.020477,,
1623.6003,107.652008,62.929199,,
1623.5003,105.511993,62.838074,,
1623.4003,103.409012,62.617165,,
1623.3003,101.596664,62.453201,,
1623.2003,100.106918,62.524178,,
1623.1003,98.898132,62.798409,,
1623.0003,97.829865,63.172058,,
1622.9003,96.814957,63.575676,,
1622.8003,95.799728,64.018677,,
1622.7003,94.732895,64.134781,,
1622.6003,93.655991,63.713211,,
1622.5003,92.633316,63.005165,,
1622.4003,91.62059,62.426346,,
1622.3003,90.580307,62.209152,,
1622.2003,89.669693,62.2006,,
1622.1003,88.947693,62.392113,,
1622.0003,88.320999,62.702583,,
1621.9003,87.68251,62.819328,,
1621.8003,86.783478,62.570595,,
1621.7003,85.402222,62.083527,,
1621.6003,83.112244,61.609261,,
1621.5003,80.288376,61.244179,,
1621.4003,78.296478,60.895279,,
1621.3003,77.947495,60.400795,,
1621.2003,79.299088,59.73114,,
1621.1003,81.205582,59.016327,,
1621.0003,83.68898,58.341576,,
1620.9003,86.704224,57.844086,,
1620.8003,90.250778,57.683952,,
1620.7003,94.517426,58.057045,,
1620.6003,99.175858,59.067429,,
1620.5003,103.497406,60.391479,,
1620.4003,107.104706,61.575722,,
1620.3003,110.03862,62.462639,,
1620.2003,111.991623,63.390579,,
1620.1003,112.593597,64.298019,,
1620.0003,112.194168,64.911194,,
1619.9003,111.042786,65.163773,,
1619.8003,109.450317,65.260864,,
1619.7003,108.009705,65.382797,,
1619.6003,106.901001,65.319427,,
1619.5003,106.163605,65.01651,,
1619.4003,105.399643,64.629532,,
1619.3003,104.459747,64.38089,,
1619.2003,103.188614,64.40271,,
1619.1003,101.666367,64.662628,,
1619.0003,100.036072,64.882065,,
1618.9003,98.413437,64.85553,,
1618.8003,96.80484,64.545654,,
1618.7003,95.158005,64.096893,,
1618.6003,93.654816,63.535858,,
1618.5003,92.750107,62.918861,,
1618.4003,92.414017,62.492821,,
1618.3003,92.333389,62.584518,,
1618.2003,92.163544,63.251755,,
1618.1003,91.633713,64.137329,,
1618.0003,90.817032,64.778839,,
1617.9003,90.209686,64.8862,,
1617.8003,90.174133,64.524582,,
1617.7003,90.765381,63.815628,,
1617.6003,91.824875,62.941208,,
1617.5003,93.700699,62.227089,,
1617.4003,96.296387,61.907585,,
1617.3003,99.351807,61.918709,,
1617.2003,102.486511,62.213829,,
1617.1003,105.369644,62.686226,,
1617.0003,108.212997,63.197021,,
1616.9003,110.348022,63.673546,,
1616.8003,111.446594,64.207199,,
1616.7003,111.478745,64.926437,,
1616.6003,110.747284,65.403793,,
1616.5003,109.700455,65.492706,,
1616.4003,108.4758,65.445221,,
1616.3003,107.20401,65.241867,,
1616.2003,105.921478,64.844528,,
1616.1003,104.804916,64.314133,,
1616.0003,103.906219,63.847878,,
1615.9003,103.186432,63.560631,,
1615.8003,102.809875,63.442863,,
1615.7003,102.746872,63.511887,,
1615.6003,102.924286,63.68158,,
1615.5003,103.42955,63.78595,,
1615.4003,103.927094,63.923508,,
1615.3003,104.127121,64.132965,,
1615.2003,104.101334,64.268646,,
1615.1003,103.961578,64.240295,,
1615.0003,103.734497,64.193665,,
1614.9003,103.364868,64.506851,,
1614.8003,102.878479,65.021194,,
1614.7003,102.305069,65.458496,,
1614.6003,101.665131,65.85701,,
1614.5003,100.972382,66.100906,,
1614.4003,100.222763,66.115509,,
1614.3003,99.441528,66.103485,,
1614.2003,98.656998,66.199631,,
1614.1003,97.84024,66.378128,,
1614.0003,96.947403,66.461487,,
1613.9003,95.988297,66.317917,,
1613.8003,94.922516,65.948837,,
1613.7003,93.784958,65.445389,,
1613.6003,92.627472,64.981155,,
1613.5003,91.343872,64.648956,,
1613.4003,89.774628,64.48111,,
1613.3003,87.863266,64.421402,,
1613.2003,85.423706,64.405487,,
1613.1003,82.501755,64.063583,,
1613.0003,79.209167,63.408997,,
1612.9003,75.575638,62.808945,,
1612.8003,72.121643,62.446938,,
1612.7003,69.062836,62.213364,,
1612.6003,66.930984,61.956512,,
1612.5003,65.738693,61.712135,,
1612.4003,65.164169,61.402313,,
1612.3003,65.554581,60.69751,,
1612.2003,67.489029,59.702255,,
1612.1003,71.361526,58.748436,,
1612.0003,76.389389,57.836357,,
1611.9003,82.081055,57.197929,,
1611.8003,88.795624,57.179108,,
1611.7003,95.560043,57.915695,,
1611.6003,101.370956,58.871979,,
1611.5003,105.930481,59.383194,,
1611.4003,109.014511,59.731812,,
1611.3003,110.828918,60.132149,,
1611.2003,111.223938,60.376343,,
1611.1003,110.31929,60.486252,,
1611.0003,108.902878,60.940872,,
1610.9003,107.575012,62.215309,,
1610.8003,106.821945,63.850273,,
1610.7003,106.824814,65.286804,,
1610.6003,107.322403,66.473877,,
1610.5003,108.075363,67.434448,,
1610.4003,108.693542,67.996429,,
1610.3003,109.105362,67.996109,,
1610.2003,109.180771,67.351883,,
1610.1003,108.891998,66.281784,,
1610.0003,108.257034,65.38446,,
1609.9003,107.268555,64.880402,,
1609.8003,106.070847,64.72905,,
1609.7003,104.628036,64.729187,,
1609.6003,102.999298,64.874069,,
1609.5003,101.464386,65.16069,,
1609.4003,100.067886,65.336014,,
1609.3003,98.883514,65.145172,,
1609.2003,97.833969,64.591141,,
1609.1003,97.06633,64.108444,,
1609.0003,96.74939,63.937851,,
1608.9003,96.719223,63.929955,,
1608.8003,96.685425,63.82605,,
1608.7003,96.197861,63.566177,,
1608.6003,95.191574,63.281471,,
1608.5003,93.864639,62.966125,,
1608.4003,92.785889,62.6259,,
1608.3003,92.418045,62.389038,,
1608.2003,92.894104,62.402084,,
1608.1003,93.958115,62.674179,,
1608.0003,95.48053,62.970078,,
1607.9003,97.554352,63.023361,,
1607.8003,99.752563,62.782448,,
1607.7003,100.995499,62.491272,,
1607.6003,101.224823,62.235359,,
1607.5003,101.177063,62.038391,,
1607.4003,101.028732,61.941856,,
1607.3003,100.870087,62.019958,,
1607.2003,100.733688,62.17453,,
1607.1003,100.624374,62.168274,,
1607.0003,100.547821,62.288284,,
1606.9003,100.499924,62.640709,,
1606.8003,100.492447,62.843536,,
1606.7003,100.577682,62.792053,,
1606.6003,100.784393,62.745384,,
1606.5003,101.295517,63.029907,,
1606.4003,102.254654,63.501266,,
1606.3003,103.573074,63.928825,,
1606.2003,104.456284,64.357437,,
1606.1003,104.325989,64.739365,,
1606.0003,103.153305,64.96701,,
1605.9003,101.05751,64.942062,,
1605.8003,98.584274,64.700867,,
1605.7003,95.991684,64.389587,,
1605.6003,94.493423,64.143585,,
1605.5003,94.265839,63.904358,,
1605.4003,95.005142,63.636101,,
1605.3003,96.534531,63.525749,,
1605.2003,98.432495,63.342857,,
1605.1003,100.401672,62.8592,,
1605.0003,102.256699,62.189575,,
1604.9003,103.975494,61.788353,,
1604.8003,105.477875,61.887779,,
1604.7003,106.504013,62.290657,,
1604.6003,107.078308,62.835663,,
1604.5003,107.114822,63.467674,,
1604.4003,106.404831,64.072327,,
1604.3003,105.143509,64.645859,,
1604.2003,103.632935,65.210083,,
1604.1003,102.032852,65.452576,,
1604.0003,100.390152,65.515244,,
1603.9003,98.68364,65.752136,,
1603.8003,96.968597,65.890854,,
1603.7003,95.376053,65.698883,,
1603.6003,94.529938,65.208267,,
1603.5003,94.389908,64.627136,,
1603.4003,94.705444,64.075836,,
1603.3003,95.50293,63.528557,,
1603.2003,96.694107,63.083336,,
1603.1003,98.092407,62.847694,,
1603.0003,97.719177,62.862198,,
1602.9003,95.817871,62.834015,,
1602.8003,93.406448,62.604691,,
1602.7003,90.342957,62.301704,,
1602.6003,87.605301,62.095932,,
1602.5003,86.141357,61.969818,,
1602.4003,87.422287,61.727448,,
1602.3003,90.919067,61.128632,,
1602.2003,95.647934,60.168495,,
1602.1003,100.636978,59.065842,,
1602.0003,105.105682,57.842682,,
1601.9003,109.158768,56.499901,,
1601.8003,112.23938,55.636459,,
1601.7003,114.386932,55.736862,,
1601.6003,115.856094,56.673782,,
1601.5003,116.244705,58.176994,,
1601.4003,115.687531,60.086235,,
1601.3003,114.700302,62.245232,,
1601.2003,113.647903,64.143127,,
1601.1003,112.769302,65.425262,,
1601.0003,112.086823,66.171432,,
1600.9003,111.280594,66.461731,,
1600.8003,109.958313,66.564301,,
1600.7003,108.080017,66.821106,,
1600.6003,106.094727,67.086914,,
1600.5003,104.761093,67.142822,,
1600.4003,104.472046,67.123367,,
1600.3003,105.051498,67.056015,,
1600.2003,105.577164,66.910614,,
1600.1003,105.749771,66.745987,,
1600.0003,105.394928,66.557358,,
1599.9003,104.711639,66.29982,,
1599.8003,103.635101,65.987274,,
1599.7003,102.332352,65.729935,,
1599.6003,101.498886,65.654495,,
1599.5003,101.963806,65.644699,,
1599.4003,103.910095,65.561905,,
1599.3003,105.539734,65.367615,,
1599.2003,106.449234,65.217636,,
1599.1003,106.538544,65.242264,,
1599.0003,106.454391,65.396469,,
1598.9003,106.490692,65.490463,,
1598.8003,106.933578,65.504532,,
1598.7003,107.662582,65.643646,,
1598.6003,108.559479,65.907883,,
1598.5003,109.340668,66.137222,,
1598.4003,109.946915,66.127884,,
1598.3003,110.286545,65.802658,,
1598.2003,110.38147,65.202988,,
1598.1003,110.403946,64.555344,,
1598.0003,110.435684,64.062271,,
1597.9003,110.509354,63.904457,,
1597.8003,110.581497,64.064194,,
1597.7003,110.598328,64.457092,,
1597.6003,110.499405,64.966476,,
1597.5003,110.169022,65.474609,,
1597.4003,109.535965,65.879471,,
1597.3003,108.715469,66.108261,,
1597.2003,107.843124,66.182083,,
1597.1003,107.055878,66.248108,,
1597.0003,106.344406,66.409119,,
1596.9003,105.608078,66.528442,,
1596.8003,104.741898,66.548141,,
1596.7003,103.721359,66.498535,,
1596.6003,102.509079,66.388138,,
1596.5003,101.065338,66.218994,,
1596.4003,99.428528,66.047089,,
1596.3003,98.128708,65.972351,,
1596.2003,97.630905,65.942886,,
1596.1003,98.026154,65.834702,,
1596.0003,99.37175,65.58606,,
1595.9003,101.342407,65.295578,,
1595.8003,103.680847,65.019775,,
1595.7003,106.190628,64.491852,,
1595.6003,108.560608,63.909233,,
1595.5003,110.511551,63.63932,,
1595.4003,111.238693,63.729805,,
1595.3003,110.808304,64.046066,,
1595.2003,109.568008,64.472961,,
1595.1003,108.394394,65.103958,,
1595.0003,107.721542,65.596542,,
1594.9003,107.531403,65.618652,,
1594.8003,107.561172,65.397797,,
1594.7003,107.556595,65.127777,,
1594.6003,107.277496,64.787506,,
1594.5003,106.474976,64.20726,,
1594.4003,105.286758,63.501617,,
1594.3003,104.107788,62.864258,,
1594.2003,103.30304,62.399757,,
1594.1003,102.896881,62.169975,,
1594.0003,102.924942,62.241486,,
1593.9003,103.032455,62.480537,,
1593.8003,102.965286,62.736809,,
1593.7003,101.919205,62.955994,,
1593.6003,100.328568,63.071693,,
1593.5003,98.63205,63.060356,,
1593.4003,97.875778,62.913948,,
1593.3003,98.119598,62.810738,,
1593.2003,99.167465,62.729614,,
1593.1003,100.704178,62.374031,,
1593.0003,102.496948,61.824875,,
1592.9003,104.494507,61.288521,,
1592.8003,105.649109,60.835434,,
1592.7003,105.810806,60.6064,,
1592.6003,105.081635,60.703186,,
1592.5003,104.42366,61.215378,,
1592.4003,104.364075,62.039185,,
1592.3003,105.005692,62.938446,,
1592.2003,106.382874,63.746147,,
1592.1003,108.279999,64.324417,,
1592.0003,110.553085,64.619827,,
1591.9003,113.112579,64.533417,,
1591.8003,115.713577,64.155945,,
1591.7003,118.003204,63.728439,,
1591.6003,119.13002,63.457939,,
1591.5003,118.862473,63.426941,,
1591.4003,117.126984,63.582642,,
1591.3003,114.526779,63.933739,,
1591.2003,112.021576,64.406921,,
1591.1003,109.830734,64.90036,,
1591.0003,107.892654,65.23317,,
1590.9003,105.918732,65.255127,,
1590.8003,103.813034,64.959335,,
1590.7003,101.580536,64.6185,,
1590.6003,99.288666,64.426834,,
1590.5003,96.60025,64.200027,,
1590.4003,93.567917,63.839233,,
1590.3003,90.537842,63.399391,,
1590.2003,87.790451,62.964134,,
1590.1003,85.470215,62.473244,,
1590.0003,83.246063,61.786423,,
1589.9003,81.153763,60.872734,,
1589.8003,79.100616,59.874947,,
1589.7003,76.799637,59.109612,,
1589.6003,74.558533,58.897362,,
1589.5003,72.864136,59.013847,,
1589.4003,72.07399,58.841133,,
1589.3003,72.715622,58.456047,,
1589.2003,74.662933,58.008446,,
1589.1003,77.088318,57.374855,,
1589.0003,79.954575,56.41954,,
1588.9003,83.728897,55.413864,,
1588.8003,89.140091,55.009369,,
1588.7003,95.509171,55.059364,,
1588.6003,100.95813,55.163193,,
1588.5003,105.203308,55.234848,,
1588.4003,108.140717,55.54995,,
1588.3003,110.359848,56.465195,,
1588.2003,112.05748,57.868797,,
1588.1003,113.029541,59.317841,,
1588.0003,113.100113,60.490753,,
1587.9003,112.58873,61.670853,,
1587.8003,111.75798,62.814468,,
1587.7003,110.989868,63.615105,,
1587.6003,110.637894,64.120102,,
1587.5003,111.036789,64.472916,,
1587.4003,111.945908,64.751038,,
1587.3003,112.704758,64.802643,,
1587.2003,112.626404,64.564377,,
1587.1003,111.712967,64.195953,,
1587.0003,110.22403,63.960159,,
1586.9003,108.914322,64.027954,,
1586.8003,108.470657,64.406647,,
1586.7003,109.186905,65.013123,,
1586.6003,110.728561,65.693512,,
1586.5003,112.252716,66.211441,,
1586.4003,113.374023,66.331329,,
1586.3003,113.682724,65.974442,,
1586.2003,113.019943,65.372528,,
1586.1003,111.379486,64.848999,,
1586.0003,109.206757,64.62088,,
1585.9003,106.831573,64.663361,,
1585.8003,104.914597,64.867691,,
1585.7003,103.769119,65.155716,,
1585.6003,103.352386,65.476852,,
1585.5003,103.476685,65.768524,,
1585.4003,103.790268,65.934021,,
1585.3003,104.266678,65.911591,,
1585.2003,104.792755,65.601578,,
1585.1003,105.225235,64.988373,,
1585.0003,105.36084,64.18602,,
1584.9003,105.230286,63.587006,,
1584.8003,105.056717,63.496819,,
1584.7003,105.335327,63.917397,,
1584.6003,106.092697,64.547882,,
1584.5003,107.032043,64.939407,,
1584.4003,107.336761,64.799774,,
1584.3003,106.718277,64.24292,,
1584.2003,105.375046,63.697777,,
1584.1003,103.436081,63.528229,,
1584.0003,101.480377,63.550446,,
1583.9003,99.865234,63.485085,,
1583.8003,98.63649,63.240814,,
1583.7002,97.552338,62.845688,,
1583.6002,96.482727,62.389,,
1583.5002,95.406738,61.928864,,
1583.4002,94.250137,61.533203,,
1583.3002,92.902374,61.297722,,
1583.2002,90.950226,61.465569,,
1583.1002,88.875565,61.987938,,
1583.0002,87.229721,62.63327,,
1582.9002,86.213791,63.150986,,
1582.8002,85.485199,63.375221,,
1582.7002,84.643738,63.349121,,
1582.6002,83.421539,63.241539,,
1582.5002,81.812973,63.019249,,
1582.4002,79.789032,62.588303,,
1582.3002,77.857147,61.862648,,
1582.2002,76.221268,61.023705,,
1582.1002,74.993118,60.292198,,
1582.0002,74.189545,59.676071,,
1581.9002,73.665726,59.012932,,
1581.8002,73.434143,58.210915,,
1581.7002,73.337311,57.600632,,
1581.6002,73.192307,57.266121,,
1581.5002,72.687805,57.043221,,
1581.4002,71.709183,57.011299,,
1581.3002,70.443604,57.198402,,
1581.2002,69.801132,57.47966,,
1581.1002,70.142487,57.608955,,
1581.0002,71.310867,57.505333,,
1580.9002,74.378769,57.30706,,
1580.8002,78.852737,56.991806,,
1580.7002,83.455521,56.627937,,
1580.6002,88.494232,56.464592,,
1580.5002,94.515015,56.580032,,
1580.4002,101.79567,56.890182,,
1580.3002,108.946289,57.428741,,
1580.2002,114.248428,58.42897,,
1580.1002,116.912262,59.94072,,
1580.0002,116.608002,61.787445,,
1579.9002,114.506317,63.780014,,
1579.8002,112.185822,65.732834,,
1579.7002,110.091156,67.565628,,
1579.6002,108.816208,68.809784,,
1579.5002,108.816422,69.073776,,
1579.4002,109.733109,68.42601,,
1579.3002,110.498138,67.184677,,
1579.2002,110.830322,65.833572,,
1579.1002,110.652908,64.706833,,
1579.0002,110.200363,64.143005,,
1578.9002,109.592743,64.208725,,
1578.8002,108.993317,64.768784,,
1578.7002,108.715088,65.530228,,
1578.6002,109.052399,66.145081,,
1578.5002,109.875793,66.457382,,
1578.4002,110.338623,66.373459,,
1578.3002,109.969254,65.925003,,
1578.2002,108.599548,65.593872,,
1578.1002,107.014053,65.849365,,
1578.0002,105.735382,66.249985,,
1577.9002,105.273605,66.482391,,
1577.8002,105.419678,66.498749,,
1577.7002,105.885696,66.420868,,
1577.6002,106.396866,66.180832,,
1577.5002,106.904968,65.691666,,
1577.4002,107.012619,65.234177,,
1577.3002,106.315979,64.974594,,
1577.2002,104.971573,64.829407,,
1577.1002,102.922211,64.623245,,
1577.0002,100.419678,64.476242,,
1576.9002,98.083908,64.62767,,
1576.8002,96.358017,64.725052,,
1576.7002,95.799545,64.373032,,
1576.6002,96.661819,63.540321,,
1576.5002,98.522888,62.466652,,
1576.4002,100.140015,61.437927,,
1576.3002,100.707672,60.693573,,
1576.2002,99.930862,60.235107,,
1576.1002,98.557373,60.071785,,
1576.0002,97.830704,60.177574,,
1575.9002,98.309723,60.327332,,
1575.8002,99.610779,60.241913,,
1575.7002,101.091522,59.82151,,
1575.6002,102.430252,59.0811,,
1575.5002,103.54866,58.281097,,
1575.4002,104.546936,57.75782,,
1575.3002,105.375061,58.075134,,
1575.2002,105.98436,59.250328,,
1575.1002,106.239777,60.584114,,
1575.0002,106.187378,61.889244,,
1574.9002,106.020233,63.191048,,
1574.8002,105.778015,64.386108,,
1574.7002,105.563187,64.996414,,
1574.6002,105.429733,64.922562,,
1574.5002,105.389038,64.492569,,
1574.4002,105.144699,64.199493,,
1574.3002,104.464325,64.180298,,
1574.2002,103.295013,64.117584,,
1574.1002,101.771683,63.943161,,
1574.0002,100.007416,63.793816,,
1573.9002,98.175797,63.789627,,
1573.8002,96.571014,63.754227,,
1573.7002,95.456055,63.493301,,
1573.6002,95.041824,62.911179,,
1573.5002,95.23024,62.158638,,
1573.4002,96.027557,61.469437,,
1573.3002,97.543091,61.04081,,
1573.2002,99.491196,60.87133,,
1573.1002,101.567398,60.909264,,
1573.0002,103.591614,61.452797,,
1572.9002,105.316376,62.476723,,
1572.8002,106.239609,63.67305,,
1572.7002,106.480408,64.734894,,
1572.6002,106.344177,65.563828,,
1572.5002,105.899048,66.233261,,
1572.4002,105.303879,66.647186,,
1572.3002,104.723175,66.611099,,
1572.2002,104.333084,66.055557,,
1572.1002,104.266037,65.356659,,
1572.0002,104.510803,64.78241,,
1571.9002,105.246002,64.314056,,
1571.8002,105.772049,64.143677,,
1571.7002,105.736145,64.301987,,
1571.6002,105.621002,64.672333,,
1571.5002,105.903915,64.919189,,
1571.4002,106.675735,64.906281,,
1571.3002,107.454544,64.70192,,
1571.2002,108.038025,64.461563,,
1571.1002,108.496948,64.286438,,
1571.0002,108.846252,64.217743,,
1570.9002,108.936813,64.341934,,
1570.8002,108.630264,64.606995,,
1570.7002,107.689362,64.804916,,
1570.6002,106.442245,64.880295,,
1570.5002,105.339294,64.928879,,
1570.4002,104.803375,65.072067,,
1570.3002,104.800522,65.12619,,
1570.2002,105.113663,64.90625,,
1570.1002,105.612823,64.594498,,
1570.0002,106.033615,64.29216,,
1569.9002,106.056305,63.985519,,
1569.8002,105.414673,63.727859,,
1569.7002,104.431885,63.63134,,
1569.6002,103.967789,63.713501,,
1569.5002,104.393463,63.778961,,
1569.4002,105.506638,63.805077,,
1569.3002,106.992783,63.964226,,
1569.2002,108.645905,64.02951,,
1569.1002,110.220367,63.897339,,
1569.0002,111.480942,63.909431,,
1568.9002,112.437302,64.265732,,
1568.8002,113.289734,64.87587,,
1568.7002,113.873947,65.399155,,
1568.6002,114.01329,65.725845,,
1568.5002,113.692841,65.924515,,
1568.4002,112.841827,66.144211,,
1568.3002,111.85347,66.425613,,
1568.2002,111.622772,66.646561,,
1568.1002,112.325897,66.589676,,
1568.0002,113.945847,66.186905,,
1567.9002,115.904434,65.591293,,
1567.8002,118.024261,64.975113,,
1567.7002,119.585312,64.435501,,
1567.6002,119.752655,64.067551,,
1567.5002,118.026855,64.083466,,
1567.4002,114.22644,64.520981,,
1567.3002,108.873749,65.03537,,
1567.2002,102.335556,65.349457,,
1567.1002,95.967606,65.267105,,
1567.0002,90.487579,64.781387,,
1566.9002,85.83992,64.014664,,
1566.8002,81.543228,63.04364,,
1566.7002,78.309235,61.960403,,
1566.6002,76.821304,60.938019,,
1566.5002,76.782013,60.074905,,
1566.4002,77.241699,59.273842,,
1566.3002,77.788727,58.384117,,
1566.2002,78.145462,57.345139,,
1566.1002,78.23317,56.375969,,
1566.0002,78.118134,55.806305,,
1565.9002,78.041107,55.685501,,
1565.8002,77.977081,55.571869,,
1565.7002,77.854996,55.373268,,
1565.6002,77.670517,55.24678,,
1565.5002,77.721588,55.314667,,
1565.4002,78.489319,55.588615,,
1565.3002,80.073105,55.979012,,
1565.2002,82.083481,56.386589,,
1565.1002,84.023834,56.768791,,
1565.0002,85.635529,57.012047,,
1564.9002,87.704056,56.929512,,
1564.8002,90.54985,56.556381,,
1564.7002,93.715485,56.205215,,
1564.6002,97.189835,56.217903,,
1564.5002,101.01976,56.525787,,
1564.4002,105.384216,56.833572,,
1564.3002,109.165909,57.003555,,
1564.2002,112.034134,57.05751,,
1564.1002,114.651077,57.127029,,
1564.0002,116.646774,57.402451,,
1563.9002,118.026199,58.013321,,
1563.8002,119.086716,58.926178,,
1563.7002,119.316986,60.059525,,
1563.6002,118.757324,61.236603,,
1563.5002,117.654663,62.369087,,
1563.4002,116.160934,63.484634,,
1563.3002,114.705597,64.401031,,
1563.2002,114.043365,64.940369,,
1563.1002,114.339691,65.108566,,
1563.0002,115.126266,65.062988,,
1562.9002,115.790497,64.931839,,
1562.8002,115.742935,64.707108,,
1562.7002,114.882385,64.353577,,
1562.6002,112.82045,63.879227,,
1562.5002,110.029312,63.538239,,
1562.4002,107.01207,63.547318,,
1562.3002,104.027115,63.957962,,
1562.2002,101.707047,64.344513,,
1562.1002,100.341187,64.296051,,
1562.0002,100.58429,63.642532,,
1561.9002,101.821732,62.44957,,
1561.8002,103.442352,61.101974,,
1561.7002,105.085571,59.947174,,
1561.6002,106.535553,59.136818,,
1561.5002,107.715729,58.714531,,
1561.4002,108.807022,58.808418,,
1561.3002,109.887512,59.366989,,
1561.2002,110.925766,60.076355,,
1561.1002,111.603958,60.610123,,
1561.0002,111.615631,61.053711,,
1560.9002,110.708832,61.621727,,
1560.8002,109.122604,62.472549,,
1560.7002,107.327591,63.160553,,
1560.6002,105.542007,63.405403,,
1560.5002,104.004959,63.594955,,
1560.4002,102.769897,63.815414,,
1560.3002,101.762375,63.873993,,
1560.2002,100.790314,63.65564,,
1560.1002,99.706223,63.238258,,
1560.0002,98.375443,62.750809,,
1559.9002,96.815277,62.230186,,
1559.8002,95.110107,61.830978,,
1559.7002,93.155853,61.704323,,
1559.6002,91.010361,61.380112,,
1559.5002,88.708664,60.693275,,
1559.4002,86.488831,60.060196,,
1559.3002,84.664597,59.529297,,
1559.2002,83.373108,58.988052,,
1559.1002,83.217697,58.454231,,
1559.0002,84.031738,58.108337,,
1558.9002,84.977554,58.050056,,
1558.8002,85.797318,58.204193,,
1558.7002,86.305618,58.425453,,
1558.6002,86.556442,58.529289,,
1558.5002,86.437576,58.452347,,
1558.4002,85.865875,58.574013,,
1558.3002,84.92659,59.221596,,
1558.2002,83.995728,59.958939,,
1558.1002,83.534393,60.415024,,
1558.0002,83.558807,60.526291,,
1557.9002,83.559998,60.414864,,
1557.8002,82.830093,60.072792,,
1557.7002,81.382431,59.44799,,
1557.6002,79.464264,58.660439,,
1557.5002,77.590286,58.037819,,
1557.4002,75.940933,57.952721,,
1557.3002,74.619171,58.17337,,
1557.2002,73.76239,58.298676,,
1557.1002,73.712143,58.097511,,
1557.0002,74.720596,57.75592,,
1556.9002,76.517822,57.446632,,
1556.8002,78.808807,57.061249,,
1556.7002,81.771103,56.642418,,
1556.6002,85.178726,56.368042,,
1556.5002,88.066025,56.362411,,
1556.4002,89.775986,56.735008,,
1556.3002,90.400482,57.384148,,
1556.2002,90.377304,57.843315,,
1556.1002,90.10791,58.054138,,
1556.0002,90.075577,58.274231,,
1555.9002,90.493317,58.757057,,
1555.8002,91.523865,59.371246,,
1555.7002,92.960236,59.856537,,
1555.6002,94.652252,60.262444,,
1555.5002,96.392578,60.597168,,
1555.4002,98.138947,60.742264,,
1555.3002,100.00798,60.543747,,
1555.2002,102.09317,60.234047,,
1555.1002,104.333115,60.299049,,
1555.0002,106.244965,60.854897,,
1554.9002,107.000839,61.825623,,
1554.8002,106.021255,62.940887,,
1554.7002,102.900436,63.91069,,
1554.6002,98.15686,64.529297,,
1554.5002,92.679031,64.740311,,
1554.4002,86.171173,64.498001,,
1554.3002,78.93367,63.855293,,
1554.2002,71.900848,63.040558,,
1554.1002,65.475952,62.162834,,
1554.0002,60.195244,61.107315,,
1553.9002,57.282066,59.749756,,
1553.8002,56.368507,57.853264,,
1553.7002,56.095284,55.728279,,
1553.6002,55.883377,53.951035,,
1553.5002,55.439758,52.46241,,
1553.4002,54.74543,51.238174,,
1553.3002,53.723549,50.369888,,
1553.2002,53.156654,50.089134,,
1553.1002,53.514488,50.211693,,
1553.0002,55.191643,50.332588,,
1552.9002,58.488205,50.437408,,
1552.8002,62.975471,50.416588,,
1552.7002,68.086212,50.035789,,
1552.6002,73.286346,49.610069,,
1552.5002,78.553619,49.728676,,
1552.4002,84.941544,50.876663,,
1552.3002,91.257568,53.121651,,
1552.2002,96.692734,55.785072,,
1552.1002,100.334808,57.910721,,
1552.0002,102.132965,59.25914,,
1551.9002,102.321762,60.154091,,
1551.8002,101.92395,60.78109,,
1551.7002,101.762238,61.039879,,
1551.6002,102.150223,60.972618,,
1551.5002,103.362503,60.815834,,
1551.4002,105.566864,60.80571,,
1551.3002,109.058594,61.003555,,
1551.2002,112.312424,61.364227,,
1551.1002,114.933243,61.916183,,
1551.0002,117.112778,62.686584,,
1550.9002,118.64238,63.755363,,
1550.8002,119.671143,65.045059,,
1550.7002,120.286316,66.353912,,
1550.6002,120.486389,67.463333,,
1550.5002,120.349274,68.18219,,
1550.4002,119.845596,68.496918,,
1550.3002,118.943405,68.564407,,
1550.2002,117.762192,68.512039,,
1550.1002,116.461884,68.38678,,
1550.0002,115.083664,68.113953,,
1549.9002,113.667526,67.760162,,
1549.8002,112.18161,67.461487,,
1549.7002,110.531433,67.411148,,
1549.6002,108.694962,67.551682,,
1549.5002,106.286438,67.662308,,
1549.4002,102.36879,67.620392,,
1549.3002,96.791245,67.409637,,
1549.2002,89.757904,67.035049,,
1549.1002,82.268585,66.595596,,
1549.0002,74.758316,66.102798,,
1548.9002,71.489807,65.406876,,
1548.8002,72.710663,64.034698,,
1548.7002,75.052124,61.78109,,
1548.6002,79.421982,58.905113,,
1548.5002,85.367676,56.06469,,
1548.4002,91.655777,53.801666,,
1548.3002,96.664932,52.390182,,
1548.2002,99.823914,52.089378,,
1548.1002,102.760498,52.770439,,
1548.0002,105.998993,54.231583,,
1547.9002,109.359589,56.594543,,
1547.8002,111.79628,59.731812,,
1547.7002,112.522614,62.44796,,
1547.6002,111.690491,64.01738,,
1547.5002,110.003357,64.835449,,
1547.4002,107.681122,64.999115,,
1547.3002,105.118286,64.553391,,
1547.2002,102.595825,63.900978,,
1547.1002,100.257736,63.384125,,
1547.0002,98.095428,63.189804,,
1546.9002,96.442444,63.203438,,
1546.8002,95.647186,63.249237,,
1546.7002,95.831085,63.264,,
1546.6002,97.311264,63.399719,,
1546.5002,100.372864,63.622513,,
1546.4002,104.466339,63.766312,,
1546.3002,108.882568,63.75412,,
1546.2002,112.878998,63.57119,,
1546.1002,115.750443,63.335747,,
1546.0002,116.170197,63.347328,,
1545.9002,113.633865,63.758339,,
1545.8002,110.491028,64.468964,,
1545.7002,107.353439,65.22226,,
1545.6002,105.007538,65.826904,,
1545.5002,103.637985,66.014603,,
1545.4002,103.402435,65.426987,,
1545.3002,104.096115,63.913132,,
1545.2002,105.143646,61.830467,,
1545.1002,106.391891,59.623802,,
1545.0002,107.57608,58.069992,,
1544.9002,108.661758,57.910896,,
1544.8002,109.480713,59.200241,,
1544.7002,109.909012,61.565544,,
1544.6002,110.057831,64.129669,,
1544.5002,110.052338,66.141434,,
1544.4002,110.089005,67.149307,,
1544.3002,110.196152,67.369141,,
1544.2002,110.426239,66.991959,,
1544.1002,110.815536,66.355453,,
1544.0002,111.413879,65.92276,,
1543.9002,111.727921,65.866623,,
1543.8002,111.39151,66.088669,,
1543.7002,110.668427,66.364578,,
1543.6002,109.768707,66.53595,,
1543.5002,108.82515,66.519608,,
1543.4002,107.853836,66.325531,,
1543.3002,106.929108,65.982361,,
1543.2002,106.070602,65.550781,,
1543.1002,105.143738,65.090042,,
1543.0002,103.879272,64.541748,,
1542.9002,102.178741,63.973671,,
1542.8002,99.765091,63.593315,,
1542.7002,97.373489,63.554802,,
1542.6002,95.732437,63.857903,,
1542.5002,96.867142,64.479385,,
1542.4002,100.240555,64.93985,,
1542.3002,104.542542,64.835892,,
1542.2002,108.735336,64.020233,,
1542.1002,112.206131,62.895485,,
1542.0002,114.729767,62.076622,,
1541.9002,115.646606,62.166054,,
1541.8002,115.688126,62.91835,,
1541.7002,115.733414,63.897186,,
1541.6002,115.875092,65.204376,,
1541.5002,115.931366,66.402359,,
1541.4002,115.705063,67.110855,,
1541.3002,114.985672,67.301239,,
1541.2002,113.825012,67.159622,,
1541.1002,112.131821,66.893082,,
1541.0002,109.456238,66.854233,,
1540.9002,105.8862,67.066299,,
1540.8002,101.222672,67.362854,,
1540.7002,94.142654,67.577744,,
1540.6002,85.178299,67.599258,,
1540.5002,76.820694,67.381989,,
1540.4002,69.750519,66.42244,,
1540.3002,63.371849,64.582886,,
1540.2002,57.614304,62.066368,,
1540.1002,53.263481,59.344711,,
1540.0002,50.431908,56.588173,,
1539.9002,50.029724,53.789368,,
1539.8002,51.271805,51.331345,,
1539.7002,53.231529,49.545021,,
1539.6002,56.117126,48.566139,,
1539.5002,58.981384,48.338524,,
1539.4002,60.991188,48.632362,,
1539.3002,60.620338,49.235527,,
1539.2002,58.83036,50.010757,,
1539.1002,57.0457,50.907852,,
1539.0002,56.440125,52.061348,,
1538.9002,57.205994,52.996773,,
1538.8002,58.866776,53.207817,,
1538.7002,61.287437,52.70063,,
1538.6002,63.907173,51.794403,,
1538.5002,66.318039,50.951469,,
1538.4002,68.500458,50.548668,,
1538.3002,70.674988,50.810455,,
1538.2002,73.23439,51.656631,,
1538.1002,76.131821,53.217789,,
1538.0002,79.070862,55.394547,,
1537.9002,82.033203,57.660683,,
1537.8002,86.018021,59.257675,,
1537.7002,91.400909,59.773438,,
1537.6002,97.204742,59.653748,,
1537.5002,102.56723,59.307709,,
1537.4002,106.777908,59.01516,,
1537.3002,109.856918,58.880745,,
1537.2002,111.664749,59.24752,,
1537.1002,112.53389,60.463905,,
1537.0002,112.836731,62.368309,,
1536.9002,112.938736,64.503677,,
1536.8002,113.152603,66.316788,,
1536.7002,113.405838,67.634781,,
1536.6002,113.556946,68.558853,,
1536.5002,113.459274,69.315506,,
1536.4002,112.974106,69.80217,,
1536.3002,112.443344,69.887512,,
1536.2002,112.832031,69.644806,,
1536.1002,114.35289,69.292007,,
1536.0002,116.480545,68.912186,,
1535.9002,117.748581,68.521179,,
1535.8002,118.083313,68.228363,,
1535.7002,117.774826,68.14209,,
1535.6002,117.242828,68.247101,,
1535.5002,116.755219,68.353729,,
1535.4002,116.666214,68.416641,,
1535.3002,116.970764,68.578003,,
1535.2002,117.507553,68.845245,,
1535.1002,117.894455,69.181442,,
1535.0002,117.99884,69.500076,,
1534.9002,117.790619,69.619553,,
1534.8002,117.379318,69.374573,,
1534.7002,116.798508,68.84375,,
1534.6002,116.136948,68.19751,,
1534.5002,115.562973,67.512146,,
1534.4002,115.112823,66.76709,,
1534.3002,114.800079,66.208618,,
1534.2002,114.58783,66.090775,,
1534.1002,114.506622,66.234558,,
1534.0002,114.675888,66.374832,,
1533.9002,115.187912,66.311874,,
1533.8002,116.23027,66.078247,,
1533.7002,117.008301,65.66832,,
1533.6002,116.508652,65.111343,,
1533.5002,115.004578,64.494247,,
1533.4002,112.861343,63.961418,,
1533.3002,110.413879,63.675476,,
1533.2002,107.708633,63.704674,,
1533.1002,104.932938,64.032486,,
1533.0002,102.116989,64.529984,,
1532.9002,99.983551,65.087189,,
1532.8002,98.97084,65.295776,,
1532.7002,98.882843,64.92691,,
1532.6003,100.119934,64.137589,,
1532.5003,102.180969,63.431961,,
1532.4003,104.358475,63.145012,,
1532.3003,106.810425,63.132301,,
1532.2003,109.449753,63.392845,,
1532.1003,111.935791,63.937134,,
1532.0003,113.370163,64.552612,,
1531.9003,113.825623,64.871506,,
1531.8003,113.689377,64.751526,,
1531.7003,113.017807,64.358963,,
1531.6003,112.013718,64.013306,,
1531.5003,110.848465,63.874123,,
1531.4003,109.535568,63.775635,,
1531.3003,108.115738,63.650452,,
1531.2003,106.627655,63.558487,,
1531.1003,105.343948,63.563599,,
1531.0003,104.392502,63.563911,,
1530.9003,103.968201,63.437332,,
1530.8003,103.866974,63.448631,,
1530.7003,103.876129,63.537262,,
1530.6003,103.873611,63.433884,,
1530.5003,103.782425,63.06636,,
1530.4003,103.595688,62.581764,,
1530.3003,103.271683,62.105316,,
1530.2003,102.811569,61.766815,,
1530.1003,102.244873,61.607658,,
1530.0003,101.285751,61.610802,,
1529.9003,99.945221,61.786987,,
1529.8003,98.289764,62.010162,,
1529.7003,95.805908,62.049011,,
1529.6003,92.774323,61.9543,,
1529.5003,89.455872,61.806305,,
1529.4003,85.395813,61.501549,,
1529.3003,80.923615,61.167732,,
1529.2003,76.292374,60.898102,,
1529.1003,71.609695,60.556816,,
1529.0003,66.925598,59.764153,,
1528.9003,62.366432,58.416077,,
1528.8003,59.557785,56.839005,,
1528.7003,58.734177,55.121544,,
1528.6003,59.706223,53.23835,,
1528.5003,62.198074,51.428726,,
1528.4003,65.354004,50.188705,,
1528.3003,68.387436,49.819092,,
1528.2003,71.343079,50.073921,,
1528.1003,74.649185,50.492081,,
1528.0003,78.647079,50.794426,,
1527.9003,82.956436,51.266975,,
1527.8003,87.10112,52.051666,,
1527.7003,91.867249,52.917206,,
1527.6003,96.985519,53.922989,,
1527.5003,101.741608,55.328156,,
1527.4003,106.290878,57.236649,,
1527.3003,110.393661,59.106827,,
1527.2003,113.656586,60.477371,,
1527.1003,115.586075,61.611122,,
1527.0003,115.929276,62.618958,,
1526.9003,115.093414,63.439644,,
1526.8003,112.781281,64.132874,,
1526.7003,109.188889,64.655319,,
1526.6003,105.356644,64.92244,,
1526.5003,101.618561,64.951706,,
1526.4003,98.011551,64.732941,,
1526.3003,94.174149,64.26239,,
1526.2003,90.78537,63.479774,,
1526.1003,88.808701,62.369797,,
1526.0003,88.064896,61.101692,,
1525.9003,88.437943,59.92672,,
1525.8003,89.397476,58.973801,,
1525.7003,90.708679,58.145256,,
1525.6003,92.305847,57.560196,,
1525.5003,94.116074,57.475327,,
1525.4003,96.477814,57.874138,,
1525.3003,99.366821,58.445869,,
1525.2003,102.224335,58.957741,,
1525.1003,104.740479,59.53463,,
1525.0003,106.945282,60.357841,,
1524.9003,109.241379,61.371284,,
1524.8003,111.324036,62.142723,,
1524.7003,112.760742,62.681213,,
1524.6003,113.402756,63.224152,,
1524.5003,113.344589,63.795746,,
1524.4003,112.600906,64.249069,,
1524.3003,111.501724,64.425797,,
1524.2003,110.34433,64.366409,,
1524.1003,109.384918,64.148575,,
1524.0003,108.584457,63.859016,,
1523.9003,107.457413,63.542038,,
1523.8003,105.260864,63.217041,,
1523.7003,101.819061,62.902565,,
1523.6003,97.592056,62.590111,,
1523.5003,92.865372,62.230415,,
1523.4003,87.565018,61.73822,,
1523.3003,80.779129,60.97348,,
1523.2003,72.62735,59.814873,,
1523.1003,64.849396,58.330887,,
1523.0003,59.181793,56.596512,,
1522.9003,55.934456,54.779556,,
1522.8003,53.639236,53.121552,,
1522.7003,52.172615,51.574921,,
1522.6003,51.203079,50.351837,,
1522.5003,50.507126,49.668289,,
1522.4003,50.187675,49.381073,,
1522.3003,50.553596,49.386772,,
1522.2003,52.284599,49.617165,,
1522.1003,55.779358,50.009583,,
1522.0003,60.020836,50.303635,,
1521.9003,63.592674,50.284302,,
1521.8003,66.152176,49.98188,,
1521.7003,68.069077,49.789558,,
1521.6003,69.330185,50.072037,,
1521.5003,71.482346,50.939651,,
1521.4003,75.151474,52.408844,,
1521.3003,79.543854,54.441505,,
1521.2003,83.539566,55.581795,,
1521.1003,86.770279,55.62233,,
1521.0003,88.451401,55.466499,,
1520.9003,88.856796,55.553093,,
1520.8003,88.551758,55.534286,,
1520.7003,87.731339,54.839348,,
1520.6003,86.646698,54.448128,,
1520.5003,85.450882,54.672798,,
1520.4003,84.592606,54.735954,,
1520.3003,84.820908,54.524681,,
1520.2003,86.541077,54.316177,,
1520.1003,90.414215,54.264816,,
1520.0003,95.321823,54.464592,,
1519.9003,100.234711,54.879349,,
1519.8003,104.677399,55.42981,,
1519.7003,108.695496,56.126015,,
1519.6003,112.287018,57.069641,,
1519.5003,115.083405,58.661018,,
1519.4003,117.07547,60.793884,,
1519.3003,118.208176,62.992676,,
1519.2003,117.298264,64.814255,,
1519.1003,114.867798,66.031448,,
1519.0003,111.841339,66.724045,,
1518.9003,109.11647,66.791275,,
1518.8003,106.937408,66.46344,,
1518.7003,105.109009,66.06395,,
1518.6003,104.592178,65.517181,,
1518.5003,105.519592,64.649765,,
1518.4003,107.70813,63.421814,,
1518.3003,110.728546,61.992668,,
1518.2003,113.984421,61.666168,,
1518.1003,117.099625,63.638313,,
1518.0003,119.463272,65.0737,,
1517.9003,121.018921,64.872299,,
1517.8003,122.002914,64.954437,,
1517.7003,122.931152,65.756989,,
1517.6003,124.143768,66.617355,,
1517.5003,125.487595,67.110504,,
1517.4003,126.899887,67.258972,,
1517.3003,128.397827,67.242386,,
1517.2003,129.875732,67.130722,,
1517.1003,130.782104,67.245026,,
1517.0003,130.641174,67.676453,,
1516.9003,129.7052,67.900162,,
1516.8003,128.567474,67.713959,,
1516.7003,127.568207,67.337463,,
1516.6003,126.654068,67.001511,,
1516.5003,125.768738,66.720383,,
1516.4003,125.033447,66.373459,,
1516.3003,124.628006,65.903229,,
1516.2003,124.508865,65.590912,,
1516.1003,124.319321,65.81749,,
1516.0003,123.745956,66.347626,,
1515.9003,122.597488,66.722061,,
1515.8003,121.059189,66.661697,,
1515.7003,119.259003,66.419922,,
1515.6003,117.583588,66.216614,,
1515.5003,116.477203,65.933823,,
1515.4003,116.033279,65.438187,,
1515.3003,115.879791,64.779938,,
1515.2003,115.853149,64.278381,,
1515.1003,115.861343,64.059555,,
1515.0003,115.850098,64.164368,,
1514.9003,115.811005,64.530563,,
1514.8003,115.645157,65.021378,,
1514.7003,115.074127,65.462051,,
1514.6003,113.447968,65.851089,,
1514.5003,110.125153,66.160721,,
1514.4003,105.46286,66.241058,,
1514.3003,99.571533,65.941071,,
1514.2003,93.115051,65.360657,,
1514.1003,87.055817,64.863159,,
1514.0003,81.491974,64.634018,,
1513.9003,76.9021,64.494614,,
1513.8003,73.525909,64.034912,,
1513.7003,71.244659,63.205261,,
1513.6003,69.772568,62.075783,,
1513.5003,68.753067,60.729286,,
1513.4003,68.079758,59.140717,,
1513.3003,67.458435,57.321152,,
1513.2003,66.751785,55.475121,,
1513.1003,65.978943,53.82856,,
1513.0003,65.296249,52.560547,,
1512.9003,64.954666,51.741089,,
1512.8003,65.152054,51.402565,,
1512.7003,65.921951,51.349586,,
1512.6003,67.339722,51.249321,,
1512.5003,69.781738,51.245323,,
1512.4003,73.133286,51.48291,,
1512.3003,76.844681,51.823486,,
1512.2003,80.853058,52.217819,,
1512.1003,84.970871,52.663055,,
1512.0003,88.550674,53.127411,,
1511.9003,92.544769,53.652618,,
1511.8003,97.616776,54.250107,,
1511.7003,103.019852,54.890343,,
1511.6003,108.391159,55.526245,,
1511.5003,113.610565,56.074791,,
1511.4003,119.120224,56.502029,,
1511.3003,123.823853,56.870178,,
1511.2003,126.843887,57.308075,,
1511.1003,128.56543,57.941635,,
1511.0003,129.575104,58.916389,,
1510.9003,130.21228,60.186401,,
1510.8003,129.727844,61.555099,,
1510.7003,128.164337,62.804245,,
1510.6003,125.813583,63.813873,,
1510.5003,122.592407,64.416977,,
1510.4003,118.920319,64.66539,,
1510.3003,115.007599,64.83783,,
1510.2003,111.760345,65.256668,,
1510.1003,109.159149,65.993561,,
1510.0003,106.742737,66.77919,,
1509.9003,104.918213,66.899033,,
1509.8003,103.942963,66.214386,,
1509.7003,104.190948,65.077377,,
1509.6003,105.903992,63.866783,,
1509.5003,108.718231,62.711044,,
1509.4003,112.542862,61.604774,,
1509.3003,115.926971,60.52037,,
1509.2003,118.585144,59.837273,,
1509.1003,120.755814,59.853203,,
1509.0003,122.691101,60.294785,,
1508.9003,124.439011,60.874184,,
1508.8003,125.70282,61.501526,,
1508.7003,126.214691,62.245598,,
1508.6003,126.170578,63.097328,,
1508.5003,126.2854,63.976723,,
1508.4003,126.725296,64.810913,,
1508.3003,127.325516,65.469635,,
1508.2003,127.774902,65.871811,,
1508.1003,128.03595,65.760895,,
1508.0003,128.197998,65.390457,,
1507.9003,128.255676,65.308777,,
1507.8003,128.259766,65.411896,,
1507.7003,128.259766,65.480316,,
1507.6003,128.078674,65.618179,,
1507.5003,127.329834,65.740067,,
1507.4003,125.795135,65.64946,,
1507.3003,123.559967,65.206818,,
1507.2003,121.0439,64.585449,,
1507.1003,118.513885,64.021805,,
1507.0003,115.871643,63.519279,,
1506.9003,113.281662,63.146172,,
1506.8003,110.793365,63.07296,,
1506.7003,108.391937,63.751808,,
1506.6003,106.267288,64.75177,,
1506.5003,104.850845,65.211716,,
1506.4003,104.563644,64.919281,,
1506.3003,105.257324,64.00238,,
1506.2003,106.62114,62.749367,,
1506.1003,108.715118,61.509109,,
1506.0003,111.320526,60.449081,,
1505.9003,113.941406,59.559532,,
1505.8003,115.857544,59.053589,,
1505.7003,116.631012,59.058022,,
1505.6003,116.072067,59.364624,,
1505.5003,114.63681,59.747429,,
1505.4003,113.46785,60.145279,,
1505.3003,112.684418,60.710304,,
1505.2003,112.385254,61.465286,,
1505.1003,112.445892,62.309868,,
1505.0003,112.940063,63.076767,,
1504.9003,113.86908,63.526962,,
1504.8003,115.007462,63.417328,,
1504.7003,116.240509,62.807999,,
1504.6003,117.18132,61.869865,,
1504.5003,117.175766,60.998642,,
1504.4003,115.401917,60.654015,,
1504.3003,111.574677,60.963951,,
1504.2003,107.243439,61.64502,,
1504.1003,101.954407,62.440216,,
1504.0003,95.570374,63.27755,,
1503.9003,89.236877,64.129547,,
1503.8003,83.415009,64.966629,,
1503.7003,79.011047,65.581482,,
1503.6003,77.145004,65.598038,,
1503.5003,78.248764,64.79068,,
1503.4003,81.320404,62.910072,,
1503.3003,85.02504,60.117813,,
1503.2003,89.854431,57.056465,,
1503.1003,95.96933,54.442841,,
1503.0003,102.334824,52.512505,,
1502.9003,108.423798,51.546104,,
1502.8003,113.579605,51.80349,,
1502.7003,117.516495,52.902596,,
1502.6003,120.364822,54.47937,,
1502.5003,122.852524,56.266525,,
1502.4003,125.056519,58.148476,,
1502.3003,127.036987,59.926476,,
1502.2003,128.960907,61.405304,,
1502.1003,130.481018,62.504326,,
1502.0003,130.903687,63.140091,,
1501.9003,130.085266,63.372643,,
1501.8003,128.641907,63.367142,,
1501.7003,127.137543,63.349075,,
1501.6003,125.804825,63.527351,,
1501.5003,125.157883,63.91777,,
1501.4003,124.976547,64.490707,,
1501.3003,124.638519,65.17984,,
1501.2003,123.584808,65.935181,,
1501.1003,121.683075,66.562317,,
1501.0003,119.246155,66.878098,,
1500.9003,117.43663,66.83754,,
1500.8003,116.938965,66.543823,,
1500.7003,117.727448,66.172928,,
1500.6003,119.34343,65.799667,,
1500.5003,121.241455,65.400116,,
1500.4003,123.283615,64.944382,,
1500.3003,124.809341,64.380585,,
1500.2003,125.312729,63.664642,,
1500.1003,124.294342,62.851929,,
1500.0003,122.449585,62.093185,,
1499.9003,120.556061,61.718559,,
1499.8003,118.847961,61.863091,,
1499.7003,117.654755,62.440735,,
1499.6003,117.036774,63.047112,,
1499.5003,117.119446,63.410469,,
1499.4003,116.972748,63.732513,,
1499.3003,116.092163,64.08725,,
1499.2003,113.979446,64.390533,,
1499.1003,111.135864,64.329529,,
1499.0003,108.038452,64.005219,,
1498.9003,105.012222,63.709244,,
1498.8003,102.228821,63.371208,,
1498.7003,99.699005,62.91568,,
1498.6003,98.582382,62.390411,,
1498.5003,98.917984,61.823151,,
1498.4003,100.296768,61.137085,,
1498.3003,103.025681,60.240044,,
1498.2003,106.897949,59.296883,,
1498.1003,111.645889,58.500008,,
1498.0003,116.154526,57.949852,,
1497.9003,120.264984,57.714096,,
1497.8003,124.079697,57.792877,,
1497.7003,125.438721,58.183662,,
1497.6003,124.400864,58.819954,,
1497.5003,121.583191,59.583466,,
1497.4003,118.560333,60.386658,,
1497.3003,115.948151,61.162521,,
1497.2003,113.604218,61.853699,,
1497.1003,112.101028,62.455948,,
1497.0003,111.435074,62.905388,,
1496.9003,111.278305,63.132607,,
1496.8003,110.813171,62.970901,,
1496.7003,109.478424,62.218941,,
1496.6003,106.989304,60.957169,,
1496.5003,103.041092,59.566208,,
1496.4003,98.388748,58.530609,,
1496.3003,94.007523,57.997849,,
1496.2003,91.050888,58.3666,,
1496.1003,89.837662,59.37368,,
1496.0003,90.564926,60.199989,,
1495.9003,92.901184,60.283676,,
1495.8003,95.970352,59.57222,,
1495.7003,100.654404,58.465263,,
1495.6003,106.809448,57.131447,,
1495.5003,113.1073,55.946945,,
1495.4003,118.48317,55.513374,,
1495.3003,121.749466,56.158325,,
1495.2003,123.257004,57.695793,,
1495.1003,124.011124,59.694054,,
1495.0003,124.77153,61.726372,,
1494.9003,125.293304,63.450089,,
1494.8003,125.089523,64.725586,,
1494.7003,123.791702,65.447739,,
1494.6003,121.762817,65.660278,,
1494.5003,119.179825,65.400314,,
1494.4003,116.41333,64.769241,,
1494.3003,113.521484,64.084457,,
1494.2003,110.824417,63.57412,,
1494.1003,108.800308,63.29071,,
1494.0003,107.814438,63.179947,,
1493.9003,108.198456,63.302185,,
1493.8003,109.537949,63.47776,,
1493.7003,110.806442,63.199936,,
1493.6003,111.021194,62.361435,,
1493.5003,109.305145,61.132111,,
1493.4003,105.876923,59.983521,,
1493.3003,101.107452,59.183182,,
1493.2003,96.282623,58.958557,,
1493.1003,92.14978,59.364861,,
1493.0003,89.502579,60.17318,,
1492.9003,88.480972,60.963997,,
1492.8003,88.569016,61.329025,,
1492.7003,89.654678,61.203278,,
1492.6003,91.690964,60.651642,,
1492.5003,95.181,59.788376,,
1492.4003,100.505234,58.794037,,
1492.3003,106.821411,57.939232,,
1492.2003,113.763947,57.288879,,
1492.1003,120.152557,57.030365,,
1492.0003,124.386261,57.234207,,
1491.9003,125.289658,57.550812,,
1491.8003,122.737885,57.935158,,
1491.7003,118.511856,58.544434,,
1491.6003,113.105316,59.408966,,
1491.5003,107.624268,60.291145,,
1491.4003,102.604965,60.806892,,
1491.3003,99.730331,60.645973,,
1491.2003,99.480377,59.649254,,
1491.1003,100.554321,58.095444,,
1491.0003,102.661942,56.557152,,
1490.9003,105.157837,55.319191,,
1490.8003,107.673599,54.405029,,
1490.7003,109.902634,54.255989,,
1490.6003,111.882095,55.095093,,
1490.5003,113.804443,56.600609,,
1490.4003,115.221054,58.430199,,
1490.3003,115.673843,60.044212,,
1490.2003,114.33699,61.051613,,
1490.1003,110.877289,61.475746,,
1490.0003,106.12645,61.703148,,
1489.9003,101.162827,62.047722,,
1489.8003,96.862885,62.530266,,
1489.7003,93.708191,63.23912,,
1489.6003,93.242218,64.275192,,
1489.5003,95.153229,64.876907,,
1489.4003,98.300156,64.528046,,
1489.3003,101.856308,63.314827,,
1489.2003,105.187897,61.105637,,
1489.1003,108.020477,58.674156,,
1489.0003,110.032898,57.03196,,
1488.9003,111.769165,56.595703,,
1488.8003,113.631851,57.114899,,
1488.7003,115.993225,58.357567,,
1488.6003,118.572861,59.977066,,
1488.5003,121.052536,61.481339,,
1488.4003,123.508087,62.496346,,
1488.3003,125.10881,62.941765,,
1488.2003,125.200882,63.101143,,
1488.1003,122.700974,63.320808,,
1488.0003,118.204086,63.594521,,
1487.9003,112.077774,63.825905,,
1487.8003,104.54808,64.007751,,
1487.7003,96.875259,64.207794,,
1487.6003,89.900955,64.48819,,
1487.5003,83.794373,64.929611,,
1487.4003,78.909744,65.177673,,
1487.3003,76.116562,64.844757,,
1487.2003,75.720276,63.225792,,
1487.1003,77.0215,60.824242,,
1487.0003,79.877899,58.543175,,
1486.9003,83.65062,56.491272,,
1486.8003,87.683609,54.768921,,
1486.7003,91.537277,53.628914,,
1486.6003,94.93161,53.379631,,
1486.5003,98.077591,53.79882,,
1486.4003,101.209381,54.456627,,
1486.3003,104.400467,55.111755,,
1486.2003,107.58902,55.748878,,
1486.1003,110.477005,56.448677,,
1486.0003,113.169403,57.435921,,
1485.9003,115.774673,58.66259,,
1485.8003,118.024002,59.838463,,
1485.7003,119.798584,60.429817,,
1485.6003,121.081039,60.362503,,
1485.5003,121.518234,60.232887,,
1485.4003,121.131699,60.215286,,
1485.3003,120.349243,60.240883,,
1485.2003,119.183472,60.411308,,
1485.1003,117.811554,60.838745,,
1485.0003,116.479767,61.47303,,
1484.9003,115.201523,62.193634,,
1484.8003,114.126343,62.86113,,
1484.7003,113.539169,63.372925,,
1484.6003,113.789856,63.770828,,
1484.5003,114.797195,63.950462,,
1484.4003,115.852966,63.772087,,
1484.3003,116.078506,63.354805,,
1484.2003,114.708984,62.877144,,
1484.1003,111.988953,62.493706,,
1484.0003,107.917114,62.422256,,
1483.9003,103.272888,62.816681,,
1483.8003,98.712585,63.447037,,
1483.7003,94.6129,63.861816,,
1483.6003,91.231445,63.494446,,
1483.5003,88.587952,62.157173,,
1483.4003,87.148788,60.061005,,
1483.3003,87.0121,57.675957,,
1483.2003,88.005371,55.555672,,
1483.1003,89.986191,53.997353,,
1483.0003,92.336517,53.183525,,
1482.9003,94.859924,53.156487,,
1482.8003,97.612747,53.629677,,
1482.7003,100.962463,54.083633,,
1482.6003,104.624603,54.447632,,
1482.5003,108.590057,54.872322,,
1482.4003,112.903778,55.454834,,
1482.3003,116.360367,56.006737,,
1482.2003,118.237396,56.456802,,
1482.1003,119.580795,56.906639,,
1482.0003,120.277298,57.462463,,
1481.9003,120.569153,58.123383,,
1481.8003,121.031952,58.755821,,
1481.7003,122.07579,59.261795,,
1481.6003,123.827911,59.758896,,
1481.5002,125.712662,60.43866,,
1481.4002,127.537476,61.233086,,
1481.3002,129.108948,61.997681,,
1481.2002,130.340393,62.633705,,
1481.1002,131.172882,63.169777,,
1481.0002,131.582184,63.488396,,
1480.9002,131.339355,63.468216,,
1480.8002,130.532593,63.397331,,
1480.7002,129.573303,63.435249,,
1480.6002,128.582703,63.439499,,
1480.5002,127.753967,63.433418,,
1480.4002,127.272415,63.548126,,
1480.3002,127.435333,63.838554,,
1480.2002,128.256287,63.931015,,
1480.1002,129.200775,63.826721,,
1480.0002,129.174225,63.968956,,
1479.9002,128.159851,64.570053,,
1479.8002,126.739716,65.447952,,
1479.7002,124.83374,66.277924,,
1479.6002,123.069427,67.140869,,
1479.5002,121.870712,68.085541,,
1479.4002,121.533005,68.93219,,
1479.3002,122.130203,69.111115,,
1479.2002,123.502243,68.5952,,
1479.1002,125.472443,67.831985,,
1479.0002,127.52272,66.959015,,
1478.9002,129.317352,65.84436,,
1478.8002,130.771606,64.245178,,
1478.7002,131.82959,62.864937,,
1478.6002,132.375671,62.320961,,
1478.5002,131.455811,62.727638,,
1478.4002,129.352142,63.634544,,
1478.3002,126.561295,64.656601,,
1478.2002,123.584396,65.959259,,
1478.1002,120.816345,67.155457,,
1478.0002,118.538025,67.821365,,
1477.9002,116.787125,67.803146,,
1477.8002,115.612503,67.240753,,
1477.7002,115.373123,66.409332,,
1477.6002,116.188004,65.511536,,
1477.5002,117.702087,64.655594,,
1477.4002,119.639313,63.877373,,
1477.3002,121.355148,63.218315,,
1477.2002,122.593399,62.889687,,
1477.1002,123.263779,63.007683,,
1477.0002,123.231506,63.301544,,
1476.9002,122.604752,63.680161,,
1476.8002,121.312347,64.26712,,
1476.7002,119.686005,65.296814,,
1476.6002,118.071075,66.496063,,
1476.5002,116.742416,67.459213,,
1476.4002,115.883575,68.089859,,
1476.3002,115.461914,68.395157,,
1476.2002,115.661514,68.275772,,
1476.1002,115.905853,67.667709,,
1476.0002,115.71199,66.696213,,
1475.9002,114.260254,65.505539,,
1475.8002,111.690643,64.318253,,
1475.7002,108.46286,63.396271,,
1475.6002,105.040955,63.099945,,
1475.5002,102.120331,63.372536,,
1475.4002,100.098267,63.854523,,
1475.3002,100.52124,64.326828,,
1475.2002,103.027771,64.590836,,
1475.1002,106.157867,64.442062,,
1475.0002,109.256805,63.686958,,
1474.9002,112.163712,62.492729,,
1474.8002,115.29628,61.295082,,
1474.7002,118.535034,60.356369,,
1474.6002,121.527283,59.894707,,
1474.5002,123.758606,60.042526,,
1474.4002,125.244888,60.832275,,
1474.3002,126.488525,62.133675,,
1474.2002,127.666504,63.556679,,
1474.1002,128.751617,64.876251,,
1474.0002,129.587494,65.979568,,
1473.9002,129.885864,66.840164,,
1473.8002,129.26059,67.42392,,
1473.7002,127.719833,67.633865,,
1473.6002,125.61882,67.462814,,
1473.5002,123.258057,67.092102,,
1473.4002,121.122345,66.762802,,
1473.3002,119.638672,66.455841,,
1473.2002,119.03978,66.135315,,
1473.1002,118.959915,65.751984,,
1473.0002,119.452438,65.157257,,
1472.9002,120.190475,64.258499,,
1472.8002,120.297211,63.159271,,
1472.7002,119.495163,62.160164,,
1472.6002,117.653809,61.649376,,
1472.5002,115.353973,61.877304,,
1472.4002,112.954819,62.701675,,
1472.3002,111.229034,63.938896,,
1472.2002,110.536697,65.199982,,
1472.1002,111.345428,65.914658,,
1472.0002,113.796921,65.763535,,
1471.9002,117.357986,65.052643,,
1471.8002,121.829742,64.089691,,
1471.7002,126.400803,63.027596,,
1471.6002,130.424835,62.001015,,
1471.5002,133.104645,61.341492,,
1471.4002,134.23175,61.275398,,
1471.3002,134.400726,61.654182,,
1471.2002,134.00885,62.425224,,
1471.1002,133.706757,63.616371,,
1471.0002,133.528564,65.076767,,
1470.9002,133.227417,66.506226,,
1470.8002,132.398224,67.686691,,
1470.7002,130.763245,68.636887,,
1470.6002,127.971329,69.321838,,
1470.5002,124.2173,69.610794,,
1470.4002,119.848877,69.456055,,
1470.3002,115.324814,68.934372,,
1470.2002,111.17894,68.239365,,
1470.1002,108.142899,67.516678,,
1470.0002,106.214783,66.667542,,
1469.9002,104.767227,65.550919,,
1469.8002,104.261047,64.063477,,
1469.7002,104.669815,62.515495,,
1469.6002,105.531372,61.286049,,
1469.5002,107.016891,60.337395,,
1469.4002,108.378433,59.678757,,
1469.3002,108.809296,59.374481,,
1469.2002,108.241653,59.526283,,
1469.1002,106.994446,60.006172,,
1469.0002,105.249054,60.56955,,
1468.9002,104.220245,61.11039,,
1468.8002,104.34819,61.551544,,
1468.7002,105.470474,61.851486,,
1468.6002,107.145416,61.893623,,
1468.5002,108.792114,61.604515,,
1468.4002,110.132233,61.081711,,
1468.3002,110.642914,60.595848,,
1468.2002,110.36763,60.083115,,
1468.1002,109.371826,59.375206,,
1468.0002,108.000671,58.430481,,
1467.9002,106.425964,57.347672,,
1467.8002,104.494247,56.287682,,
1467.7002,103.04834,55.722878,,
1467.6002,102.428787,55.73243,,
1467.5002,103.001511,56.115326,,
1467.4002,104.648132,56.680519,,
1467.3002,107.025864,57.380806,,
1467.2002,109.999527,58.217163,,
1467.1002,113.393173,59.183464,,
1467.0002,116.708847,60.233124,,
1466.9002,117.034637,61.319794,,
1466.8002,114.563324,62.562737,,
1466.7002,110.333679,63.90686,,
1466.6002,103.965454,65.147873,,
1466.5002,96.986389,66.142014,,
1466.4002,90.690613,66.733963,,
1466.3002,84.88092,66.727448,,
1466.2002,81.531769,66.403732,,
1466.1002,82.323685,65.911591,,
1466.0002,87.781311,64.84198,,
1465.9002,94.741882,62.833206,,
1465.8002,100.28093,60.215706,,
1465.7002,103.072662,57.533417,,
1465.6002,102.463852,55.927284,,
1465.5002,97.589386,55.849358,,
1465.4002,90.341293,57.100189,,
1465.3002,83.388046,59.039352,,
1465.2002,77.573792,61.147865,,
1465.1002,73.003189,63.386665,,
1465.0002,69.654709,65.146545,,
1464.9002,68.058945,65.901245,,
1464.8002,67.903549,65.47345,,
1464.7002,67.945053,64.11319,,
1464.6002,67.247177,62.27092,,
1464.5002,65.516251,60.271477,,
1464.4002,63.10479,58.438187,,
1464.3002,60.083099,56.949181,,
1464.2002,56.923241,55.976173,,
1464.1002,53.93129,55.777176,,
1464.0002,50.703453,56.537666,,
1463.9002,47.737305,57.474281,,
1463.8002,45.810616,57.735275,,
1463.7002,45.45015,57.438644,,
1463.6002,46.528152,56.76046,,
1463.5002,47.966446,55.8452,,
1463.4002,49.636414,54.874367,,
1463.3002,51.359253,54.033211,,
1463.2002,52.960678,53.577774,,
1463.1002,54.219353,53.717308,,
1463.0002,55.173019,54.52755,,
1462.9002,56.279121,55.781868,,
1462.8002,57.762459,57.050362,,
1462.7002,59.994194,58.068428,,
1462.6002,63.044273,58.724274,,
1462.5002,66.886139,59.076569,,
1462.4002,70.867706,59.028687,,
1462.3002,73.739243,58.561646,,
1462.2002,74.746506,58.139572,,
1462.1002,73.793198,58.243538,,
1462.0002,71.802536,58.909248,,
1461.9002,68.953384,59.739647,,
1461.8002,65.709045,60.591896,,
1461.7002,62.467628,61.721443,,
1461.6002,59.444756,62.881226,,
1461.5002,56.936584,63.446014,,
1461.4002,55.137657,63.045135,,
1461.3002,54.362091,61.637558,,
1461.2002,54.582397,59.488808,,
1461.1002,55.657097,57.248993,,
1461.0002,57.436485,55.482132,,
1460.9002,59.400215,54.658478,,
1460.8002,61.348038,54.56266,,
1460.7002,62.884125,54.796516,,
1460.6002,63.911552,55.043587,,
1460.5002,65.100052,55.532196,,
1460.4002,67.048615,56.721008,,
1460.3002,69.878677,58.509811,,
1460.2002,74.281845,59.837616,,
1460.1002,80.484711,60.347977,,
1460.0002,87.680786,60.331223,,
1459.9002,94.727524,59.822899,,
1459.8002,100.976303,58.880043,,
1459.7002,106.877365,58.020149,,
1459.6002,111.622101,58.08725,,
1459.5002,115.153244,59.400299,,
1459.4002,118.001434,61.643166,,
1459.3002,120.20166,64.766876,,
1459.2002,121.974197,67.731674,,
1459.1002,123.253906,69.423584,,
1459.0002,123.830994,70.360794,,
1458.9002,123.456131,70.820511,,
1458.8002,121.539734,70.624969,,
1458.7002,116.757706,69.584137,,
1458.6002,110.020767,68.118393,,
1458.5002,103.491196,66.870895,,
1458.4002,97.506531,66.011887,,
1458.3002,91.532776,65.615768,,
1458.2002,84.311295,65.657684,,
1458.1002,78.528534,65.758636,,
1458.0002,76.001602,65.424637,,
1457.9002,78.212646,64.427628,,
1457.8002,83.388092,62.212624,,
1457.7002,89.345444,59.406593,,
1457.6002,95.475479,56.968941,,
1457.5002,101.279388,55.987343,,
1457.4002,106.75708,56.398415,,
1457.3002,111.78566,57.599487,,
1457.2002,114.802429,59.542984,,
1457.1002,115.240997,61.931557,,
1457.0002,111.585678,64.198364,,
1456.9002,105.493484,65.618774,,
1456.8002,98.29808,66.204605,,
1456.7002,89.605682,66.283188,,
1456.6002,80.646713,65.963623,,
1456.5002,72.127899,65.438385,,
1456.4002,65.483734,65.052734,,
1456.3002,59.770142,65.368118,,
1456.2002,53.87912,66.229187,,
1456.1002,49.028976,66.562515,,
1456.0002,45.226456,65.959244,,
1455.9002,42.195175,64.6073,,
1455.8002,40.385803,62.444733,,
1455.7002,39.481743,59.911957,,
1455.6002,39.195786,57.63913,,
1455.5002,39.589302,56.074097,,
1455.4002,40.589958,55.225464,,
1455.3002,42.243179,54.820641,,
1455.2002,44.064301,54.641846,,
1455.1002,45.675636,54.585403,,
1455.0002,46.942162,54.600273,,
1454.9002,47.845268,54.71833,,
1454.8002,48.447243,54.969406,,
1454.7002,48.62133,55.328468,,
1454.6002,48.509781,55.774551,,
1454.5002,48.31723,56.140511,,
1454.4002,48.044022,56.243034,,
1454.3002,47.502602,55.926155,,
1454.2002,46.662888,55.326172,,
1454.1002,46.086494,54.69873,,
1454.0002,46.03537,54.141876,,
1453.9002,46.286819,53.6754,,
1453.8002,46.540329,53.331619,,
1453.7002,46.67276,53.180191,,
1453.6002,46.812355,53.204079,,
1453.5002,47.001465,53.293175,,
1453.4002,47.274872,53.33342,,
1453.3002,47.635597,53.348099,,
1453.2002,48.13047,53.578941,,
1453.1002,48.731926,54.135086,,
1453.0002,49.370819,54.913551,,
1452.9002,49.987068,55.868027,,
1452.8002,50.486443,56.905792,,
1452.7002,50.827461,57.857224,,
1452.6002,50.946899,58.601448,,
1452.5002,50.873505,59.123688,,
1452.4002,50.731659,59.519073,,
1452.3002,50.899429,59.802872,,
1452.2002,51.740814,59.884789,,
1452.1002,53.025787,59.66716,,
1452.0002,54.354546,59.205063,,
1451.9002,55.132477,58.563728,,
1451.8002,55.260071,57.799637,,
1451.7002,54.793198,57.201591,,
1451.6002,54.199104,57.405823,,
1451.5002,53.505104,58.820381,,
1451.4002,52.680267,60.571564,,
1451.3002,51.701286,61.456993,,
1451.2002,50.575447,61.705933,,
1451.1002,49.432388,61.575287,,
1451.0002,48.596367,61.086128,,
1450.9002,48.310654,60.157692,,
1450.8002,48.409279,58.917244,,
1450.7002,48.043419,57.900749,,
1450.6002,46.975212,57.563889,,
1450.5002,45.217018,57.807175,,
1450.4002,43.475555,58.036324,,
1450.3002,42.234924,57.985687,,
1450.2002,41.884727,57.9132,,
1450.1002,42.157471,58.134529,,
1450.0002,42.985435,58.171104,,
1449.9002,44.071655,57.659859,,
1449.8002,45.179375,56.844536,,
1449.7002,45.908463,56.280792,,
1449.6002,46.028923,56.378479,,
1449.5002,45.888618,57.008202,,
1449.4002,45.770256,57.68792,,
1449.3002,45.941147,58.205215,,
1449.2002,46.402054,58.694092,,
1449.1002,46.901192,58.941063,,
1449.0002,47.138245,58.7789,,
1448.9002,47.05407,58.400414,,
1448.8002,46.571518,58.120575,,
1448.7002,45.916565,58.169998,,
1448.6002,45.618271,58.534035,,
1448.5002,45.908417,58.940636,,
1448.4002,46.522453,59.074944,,
1448.3002,46.937759,58.827271,,
1448.2002,46.802406,58.331261,,
1448.1002,46.185333,57.722786,,
1448.0002,45.298653,57.017921,,
1447.9002,44.570984,56.494492,,
1447.8002,44.238327,56.464897,,
1447.7002,44.606857,57.048592,,
1447.6002,45.126564,57.98481,,
1447.5002,45.29818,58.706161,,
1447.4002,44.944885,58.720024,,
1447.3002,44.351494,58.347725,,
1447.2002,43.781769,58.023727,,
1447.1002,43.2164,57.782516,,
1447.0002,42.598579,57.512459,,
1446.9002,41.910622,57.24633,,
1446.8002,41.069626,57.178665,,
1446.7002,40.128899,57.054588,,
1446.6002,39.174179,56.662079,,
1446.5002,38.401543,56.058113,,
1446.4002,37.945938,55.497208,,
1446.3002,37.93116,55.09433,,
1446.2002,38.380608,54.813278,,
1446.1002,38.989738,54.650375,,
1446.0002,39.461433,54.604698,,
1445.9002,39.66996,54.690483,,
1445.8002,39.690697,54.893959,,
1445.7002,39.593719,55.192795,,
1445.6002,39.482338,55.635887,,
1445.5002,39.407898,56.217926,,
1445.4002,39.408058,56.875793,,
1445.3002,39.551003,57.46492,,
1445.2002,39.82592,57.853172,,
1445.1002,40.205528,57.974625,,
1445.0002,40.42347,57.812416,,
1444.9002,40.363388,57.517586,,
1444.8002,39.87429,57.264351,,
1444.7002,39.166794,56.95105,,
1444.6002,38.496429,56.646408,,
1444.5002,38.397903,56.617012,,
1444.4002,38.795044,57.125504,,
1444.3002,39.39064,57.99501,,
1444.2002,40.090294,58.742516,,
1444.1002,40.727798,59.070267,,
1444.0002,41.189209,59.015709,,
1443.9002,40.930847,58.798431,,
1443.8002,40.156487,58.501228,,
1443.7002,39.429756,58.158745,,
1443.6002,38.797371,57.817627,,
1443.5002,38.2892,57.671028,,
1443.4002,37.923622,57.810898,,
1443.3002,37.757515,58.088173,,
1443.2002,37.778122,58.353767,,
1443.1002,37.950302,58.578773,,
1443.0002,38.359444,58.9235,,
1442.9002,39.002312,59.448425,,
1442.8002,39.798515,60.028755,,
1442.7002,40.710487,60.611374,,
1442.6002,41.657921,61.195839,,
1442.5002,42.702667,61.795517,,
1442.4002,43.807983,62.259331,,
1442.3002,44.771523,62.51136,,
1442.2002,45.393829,62.758911,,
1442.1002,45.527534,63.121132,,
1442.0002,45.333656,63.612556,,
1441.9002,45.097153,64.171921,,
1441.8002,44.980583,64.70195,,
1441.7002,44.978233,65.054993,,
1441.6002,45.114647,65.164673,,
1441.5002,45.462822,65.086014,,
1441.4002,46.036964,64.858154,,
1441.3002,46.775497,64.353638,,
1441.2002,47.546883,63.831947,,
1441.1002,48.17836,63.737251,,
1441.0002,48.428421,63.95565,,
1440.9002,48.104454,64.398483,,
1440.8002,47.477829,65.05838,,
1440.7002,46.612907,65.840378,,
1440.6002,45.687805,66.461365,,
1440.5002,44.879005,66.578064,,
1440.4002,44.25322,66.309357,,
1440.3002,43.828209,65.778931,,
1440.2002,43.566811,65.015839,,
1440.1002,43.453232,64.010315,,
1440.0002,43.383896,62.96476,,
1439.9002,43.279839,62.335564,,
1439.8002,43.140343,62.126282,,
1439.7002,43.057144,62.174896,,
1439.6002,43.206833,62.236908,,
1439.5002,43.80677,62.047462,,
1439.4002,44.969223,61.532097,,
1439.3002,46.718628,60.962135,,
1439.2002,49.125938,60.467735,,
1439.1002,51.880539,59.933113,,
1439.0002,54.600624,59.155678,,
1438.9002,57.244804,58.484596,,
1438.8002,59.796478,58.249245,,
1438.7002,61.978722,58.187172,,
1438.6002,63.821541,57.905891,,
1438.5002,65.565216,57.420151,,
1438.4002,67.229172,57.213058,,
1438.3002,68.923248,57.254128,,
1438.2002,70.754211,57.367798,,
1438.1002,72.549255,57.644691,,
1438.0002,74.188568,58.256409,,
1437.9002,75.76123,59.153442,,
1437.8002,76.841614,60.0839,,
1437.7002,77.359985,60.746872,,
1437.6002,77.563232,61.025391,,
1437.5002,77.61528,60.915146,,
1437.4002,77.735153,60.335495,,
1437.3002,78.029327,59.556885,,
1437.2002,78.581924,59.277763,,
1437.1002,79.389023,59.487206,,
1437.0002,80.452805,59.80677,,
1436.9002,81.758911,60.170586,,
1436.8002,83.27771,60.679497,,
1436.7002,85.038742,61.2658,,
1436.6002,87.227707,61.459274,,
1436.5002,89.666183,61.365898,,
1436.4002,91.946671,61.367805,,
1436.3002,93.952972,61.77343,,
1436.2002,95.356674,62.406715,,
1436.1002,95.109909,62.967705,,
1436.0002,94.077789,63.438148,,
1435.9002,93.070541,64.114853,,
1435.8002,92.366653,65.185608,,
1435.7002,91.901123,66.292511,,
1435.6002,91.577362,67.016739,,
1435.5002,91.397034,67.240356,,
1435.4002,91.335388,66.936661,,
1435.3002,91.380692,66.161255,,
1435.2002,91.758224,64.926651,,
1435.1002,92.18042,63.889519,,
1435.0002,92.357925,63.316154,,
1434.9002,91.244812,62.966675,,
1434.8002,88.339111,62.947083,,
1434.7002,83.726532,63.363861,,
1434.6002,78.737,64.233917,,
1434.5002,73.861298,65.295166,,
1434.4002,68.766937,66.114441,,
1434.3002,65.354507,66.11441,,
1434.2002,63.505272,65.115646,,
1434.1002,62.263321,63.412384,,
1434.0002,61.668053,61.26609,,
1433.9002,61.514175,59.148247,,
1433.8002,61.569328,57.503044,,
1433.7002,61.993095,57.076416,,
1433.6002,62.794044,57.855637,,
1433.5002,63.939674,59.146156,,
1433.4002,65.78006,60.258621,,
1433.3002,68.241928,60.793228,,
1433.2002,70.90918,60.681709,,
1433.1002,73.892563,59.925964,,
1433.0002,77.316513,58.960274,,
1432.9002,80.899796,58.426903,,
1432.8002,84.03009,58.476425,,
1432.7002,86.31102,59.072746,,
1432.6002,87.721603,60.092567,,
1432.5002,88.143463,61.603783,,
1432.4002,87.886047,63.273949,,
1432.3002,87.644852,64.351791,,
1432.2002,87.869415,64.895828,,
1432.1002,88.542114,65.125793,,
1432.0002,89.586777,64.893173,,
1431.9002,90.863266,64.057434,,
1431.8002,92.110321,62.915825,,
1431.7002,93.283493,62.079697,,
1431.6002,94.38176,61.766441,,
1431.5002,95.51004,61.862099,,
1431.4002,97.163193,62.219246,,
1431.3002,99.852463,62.72065,,
1431.2002,103.429581,63.212166,,
1431.1002,108.185135,63.684181,,
1431.0002,114.001389,64.043503,,
1430.9002,119.872696,64.137726,,
1430.8002,125.150253,64.09108,,
1430.7002,128.896301,64.212616,,
1430.6002,131.210693,64.702377,,
1430.5002,131.701538,65.203033,,
1430.4004,130.45694,65.796524,,
1430.3004,128.161133,67.122299,,
1430.2004,125.209793,68.839691,,
1430.1004,122.415848,70.239578,,
1430.0004,119.771347,71.050201,,
1429.9004,117.335159,71.534515,,
1429.8004,115.082047,71.741837,,
1429.7004,113.160797,71.254974,,
1429.6004,111.595871,70.298096,,
1429.5004,109.992111,69.468979,,
1429.4004,108.005386,69.095627,,
1429.3004,105.460434,68.963257,,
1429.2004,102.274323,68.793854,,
1429.1004,97.862045,68.724564,,
1429.0004,92.615082,68.616867,,
1428.9004,88.089111,68.095734,,
1428.8004,85.3004,67.017899,,
1428.7004,84.616989,65.390015,,
1428.6004,85.087814,63.493767,,
1428.5004,86.883224,61.815071,,
1428.4004,90.085159,60.787987,,
1428.3004,94.25766,60.409294,,
1428.2004,98.946442,60.097519,,
1428.1004,103.79007,60.25605,,
1428.0004,108.67511,61.353027,,
1427.9004,112.855957,62.805733,,
1427.8004,115.884018,64.985275,,
1427.7004,117.924072,68.048645,,
1427.6004,119.28447,70.61969,,
1427.5004,120.347427,72.085831,,
1427.4004,121.103622,72.861465,,
1427.3004,120.986069,72.850357,,
1427.2004,120.031647,72.161011,,
1427.1004,118.597,71.317459,,
1427.0004,117.391571,70.859497,,
1426.9004,116.760071,70.799942,,
1426.8004,116.61937,70.786652,,
1426.7004,116.20369,70.473053,,
1426.6004,115.156021,69.571289,,
1426.5004,113.404495,68.10405,,
1426.4004,111.165405,67.376404,,
1426.3004,108.64653,67.544769,,
1426.2004,105.758987,67.819519,,
1426.1004,102.515915,68.196548,,
1426.0004,99.028992,68.75119,,
1425.9004,95.732544,69.354218,,
1425.8004,93.188828,68.91304,,
1425.7004,91.480637,67.446716,,
1425.6004,91.651016,65.772568,,
1425.5004,92.96814,64.510071,,
1425.4004,94.624084,63.663223,,
1425.3004,96.557404,62.961319,,
1425.2004,98.153,62.672394,,
1425.1004,99.014297,62.936485,,
1425.0004,97.910446,63.627975,,
1424.9004,95.550995,64.441864,,
1424.8004,92.742935,65.15535,,
1424.7004,90.275146,65.73407,,
1424.6004,88.06488,65.877487,,
1424.5004,85.828903,65.522675,,
1424.4004,82.637421,64.86171,,
1424.3004,78.592239,64.612183,,
1424.2004,74.132202,64.989197,,
1424.1004,71.134781,65.34343,,
1424.0004,70.011261,65.264206,,
1423.9004,70.593765,64.823196,,
1423.8004,72.57428,64.0896,,
1423.7004,75.516861,62.970215,,
1423.6004,79.631958,61.517433,,
1423.5004,84.446198,60.548744,,
1423.4004,89.202194,60.407173,,
1423.3004,93.618225,60.765343,,
1423.2004,97.669479,61.701904,,
1423.1004,100.926651,63.050079,,
1423.0004,101.442703,64.447357,,
1422.9004,99.693359,65.606522,,
1422.8004,97.612793,66.512894,,
1422.7004,97.407104,67.339233,,
1422.6004,100.156784,67.310608,,
1422.5004,104.954834,66.247757,,
1422.4004,109.756622,64.966263,,
1422.3004,113.820801,64.256805,,
1422.2004,117.727509,64.404617,,
1422.1004,119.937958,65.24585,,
1422.0004,119.368668,66.654144,,
1421.9004,116.42775,68.524567,,
1421.8004,110.947708,70.738373,,
1421.7004,103.087982,73.032349,,
1421.6004,93.613312,74.72052,,
1421.5004,85.623657,74.893005,,
1421.4004,80.798981,73.220169,,
1421.3004,77.113647,70.325699,,
1421.2004,74.99971,67.045807,,
1421.1004,74.2285,63.821312,,
1421.0004,73.955933,61.122047,,
1420.9004,74.109879,59.865242,,
1420.8004,74.617966,60.424477,,
1420.7004,75.490463,61.869225,,
1420.6004,76.659302,63.63694,,
1420.5004,77.949203,65.082336,,
1420.4004,79.38681,65.341843,,
1420.3004,80.907486,64.76947,,
1420.2004,82.18335,64.051132,,
1420.1004,82.712265,63.534332,,
1420.0004,82.33519,63.193832,,
1419.9004,81.755142,62.981415,,
1419.8004,81.730423,62.968887,,
1419.7004,82.345551,63.226379,,
1419.6004,82.693909,63.591614,,
1419.5004,82.56842,63.647827,,
1419.4004,82.136841,63.662491,,
1419.3004,82.185822,64.087479,,
1419.2004,82.987427,64.530396,,
1419.1004,84.541,64.591919,,
1419.0004,86.199249,64.178253,,
1418.9004,87.945465,63.645905,,
1418.8004,89.458481,63.224251,,
1418.7004,90.302383,63.003227,,
1418.6004,90.028198,63.060631,,
1418.5004,88.565277,63.384056,,
1418.4004,86.653595,63.806679,,
1418.3004,84.081711,64.195786,,
1418.2004,81.066742,64.444183,,
1418.1004,78.213608,64.485825,,
1418.0004,75.605652,64.288193,,
1417.9004,73.162857,63.929268,,
1417.8004,70.918228,63.652412,,
1417.7004,69.05545,63.733383,,
1417.6004,67.492691,64.167587,,
1417.5004,66.011139,64.601685,,
1417.4004,64.343018,64.61647,,
1417.3004,62.605225,64.162628,,
1417.2004,61.562111,63.566795,,
1417.1004,61.651001,62.779579,,
1417.0004,62.594833,61.83902,,
1416.9004,64.033386,61.006813,,
1416.8004,65.949158,60.554298,,
1416.7004,68.323318,60.403328,,
1416.6004,71.378342,60.244453,,
1416.5004,74.513199,59.93103,,
1416.4004,76.963623,59.875786,,
1416.3004,77.528763,60.622131,,
1416.2004,76.54364,61.833061,,
1416.1004,74.970062,62.849091,,
1416.0004,73.17395,63.382332,,
1415.9004,71.371826,63.318512,,
1415.8004,69.652023,62.785553,,
1415.7004,68.03273,61.930908,,
1415.6004,66.540207,60.932518,,
1415.5004,65.144684,60.019691,,
1415.4004,64.03334,59.454247,,
1415.3004,63.409401,59.195412,,
1415.2004,63.34903,59.068687,,
1415.1004,63.941589,59.042358,,
1415.0004,64.875534,58.994591,,
1414.9004,65.955231,58.928802,,
1414.8004,66.903152,59.130386,,
1414.7004,67.485809,59.468277,,
1414.6004,67.450745,59.757301,,
1414.5004,67.337997,60.165604,,
1414.4004,67.588013,60.505997,,
1414.3004,68.524857,60.539917,,
1414.2004,70.330551,60.273415,,
1414.1004,72.915802,59.852028,,
1414.0004,76.45903,59.442474,,
1413.9004,79.884415,59.551346,,
1413.8004,82.783401,60.310715,,
1413.7004,85.053421,61.494156,,
1413.6004,86.101196,62.803802,,
1413.5004,86.027023,64.042267,,
1413.4004,85.386108,65.146851,,
1413.3004,84.566406,65.903214,,
1413.2004,83.696976,66.166687,,
1413.1004,82.744629,65.953323,,
1413.0004,81.780563,65.311844,,
1412.9004,80.917831,64.51268,,
1412.8004,80.47084,63.846985,,
1412.7004,80.448349,63.353348,,
1412.6004,80.669037,63.052933,,
1412.5004,81.205017,63.073944,,
1412.4004,81.344177,63.473969,,
1412.3004,80.459702,64.077026,,
1412.2004,78.815887,64.688232,,
1412.1004,77.008224,65.215607,,
1412.0004,75.278732,65.56456,,
1411.9004,73.618896,65.410172,,
1411.8004,72.136475,64.866165,,
1411.7004,70.955673,64.347137,,
1411.6004,70.253616,63.998184,,
1411.5004,70.055832,63.667213,,
1411.4004,70.279053,63.161613,,
1411.3004,71.002228,62.59285,,
1411.2004,72.035889,62.201599,,
1411.1004,73.107117,62.053703,,
1411.0004,73.899902,61.953064,,
1410.9004,74.002029,61.803734,,
1410.8004,72.96347,61.718788,,
1410.7004,70.427597,61.707191,,
1410.6004,66.927658,61.707825,,
1410.5004,63.336723,61.672035,,
1410.4004,59.963043,61.552597,,
1410.3004,56.901573,61.317513,,
1410.2004,55.196915,60.996666,,
1410.1004,55.366432,60.631233,,
1410.0004,56.523041,60.253494,,
1409.9004,58.506973,59.909225,,
1409.8004,61.273193,59.756958,,
1409.7004,64.293015,60.13401,,
1409.6004,66.119553,61.243439,,
1409.5004,65.949478,62.685234,,
1409.4004,65.091354,63.637405,,
1409.3004,63.941559,63.794456,,
1409.2004,62.900345,63.091827,,
1409.1004,61.962212,61.829536,,
1409.0004,61.00174,60.591286,,
1408.9004,60.045624,59.501328,,
1408.8004,59.483231,58.368988,,
1408.7004,59.253685,57.283958,,
1408.6004,59.081703,56.720909,,
1408.5004,58.711884,57.137817,,
1408.4004,58.233261,58.157204,,
1408.3004,57.956795,59.39032,,
1408.2004,58.168213,60.568527,,
1408.1004,58.860214,61.446114,,
1408.0004,59.702835,61.766487,,
1407.9004,60.483826,61.557396,,
1407.8004,61.148468,60.981979,,
1407.7004,61.745628,60.262878,,
1407.6004,62.405365,59.662758,,
1407.5004,63.183304,59.480179,,
1407.4004,63.953522,59.713066,,
1407.3004,64.378357,59.892097,,
1407.2004,64.333633,59.855278,,
1407.1004,63.977715,59.845299,,
1407.0004,63.203735,60.22567,,
1406.9004,62.425209,60.931206,,
1406.8004,62.12336,61.606392,,
1406.7004,62.248505,61.977066,,
1406.6004,62.585419,62.053932,,
1406.5004,62.890442,61.991623,,
1406.4004,63.196594,61.862358,,
1406.3004,63.310387,61.646103,,
1406.2004,63.065903,61.368782,,
1406.1004,62.276642,61.115417,,
1406.0004,60.955772,61.072586,,
1405.9004,59.242249,61.262642,,
1405.8004,57.1306,61.499191,,
1405.7004,54.724075,61.618134,,
1405.6004,52.172951,61.565529,,
1405.5004,50.559517,61.319237,,
1405.4004,50.147644,60.816032,,
1405.3004,50.757912,60.057533,,
1405.2004,51.882919,58.974991,,
1405.1004,52.946533,57.942368,,
1405.0004,53.624405,57.347458,,
1404.9004,53.890976,57.399895,,
1404.8004,54.016273,57.836784,,
1404.7004,54.285622,58.306175,,
1404.6004,54.798119,58.619957,,
1404.5004,55.379295,58.693481,,
1404.4004,55.769279,58.534027,,
1404.3004,55.628677,58.12059,,
1404.2004,55.076378,57.826424,,
1404.1004,54.389694,57.96759,,
1404.0004,53.710007,58.386574,,
1403.9004,53.035751,58.764542,,
1403.8004,52.196938,58.96106,,
1403.7004,51.290192,59.01651,,
1403.6004,50.388138,59.0653,,
1403.5004,49.468697,59.206078,,
1403.4004,48.472633,59.438934,,
1403.3004,47.364006,59.737923,,
1403.2004,46.172173,60.094727,,
1403.1004,44.931267,60.49601,,
1403.0004,43.63488,60.922325,,
1402.9004,42.848244,61.343842,,
1402.8004,42.714386,61.689079,,
1402.7004,43.140259,61.929604,,
1402.6004,44.186989,62.076927,,
1402.5004,45.685318,62.032341,,
1402.4004,47.502083,61.762039,,
1402.3004,49.246605,61.344803,,
1402.2004,50.746254,60.848892,,
1402.1004,51.968369,60.335281,,
1402.0004,53.515541,59.851196,,
1401.9004,55.520226,59.450287,,
1401.8004,57.56086,59.102585,,
1401.7004,59.456795,58.514275,,
1401.6004,60.949493,57.697807,,
1401.5004,61.773064,56.949226,,
1401.4004,62.182861,56.532211,,
1401.3004,62.843742,56.520866,,
1401.2004,64.492722,56.731926,,
1401.1004,66.943207,57.031532,,
1401.0004,69.4711,57.354729,,
1400.9004,71.862991,57.694397,,
1400.8004,74.041656,58.13913,,
1400.7004,75.964279,58.88279,,
1400.6004,77.376923,60.080391,,
1400.5004,78.165665,61.690941,,
1400.4004,78.456665,63.28701,,
1400.3004,77.926682,64.384842,,
1400.2004,76.527603,64.62207,,
1400.1004,74.778122,63.981926,,
1400.0004,72.730927,62.910622,,
1399.9004,70.511322,61.634865,,
1399.8004,68.231735,60.386208,,
1399.7004,66.004684,59.538368,,
1399.6004,64.252731,59.181999,,
1399.5004,63.330147,59.029411,,
1399.4004,63.560463,58.902168,,
1399.3004,64.984039,58.670082,,
1399.2004,66.997116,58.287849,,
1399.1004,69.732101,58.040718,,
1399.0004,73.282059,58.154831,,
1398.9004,77.525269,58.557381,,
1398.8004,82.010727,58.980324,,
1398.7004,86.32901,59.323456,,
1398.6004,90.944534,59.75499,,
1398.5004,95.883713,60.515785,,
1398.4004,100.683945,62.07164,,
1398.3004,104.270721,64.652008,,
1398.2004,106.182953,67.515671,,
1398.1004,107.042007,69.905838,,
1398.0004,107.363251,71.702286,,
1397.9004,107.353134,72.905746,,
1397.8004,107.221008,73.13765,,
1397.7004,106.979584,72.071182,,
1397.6004,106.563873,70.367325,,
1397.5004,105.94194,69.026764,,
1397.4004,105.141968,68.326355,,
1397.3004,104.252945,68.000916,,
1397.2004,103.513336,67.664841,,
1397.1004,103.195602,67.253098,,
1397.0004,103.202774,67.45018,,
1396.9004,102.973862,68.529037,,
1396.8004,101.880417,69.408691,,
1396.7004,99.86441,69.806488,,
1396.6004,97.661194,70.008804,,
1396.5004,95.785522,70.050674,,
1396.4004,94.834091,69.891983,,
1396.3004,94.846954,69.656006,,
1396.2004,95.495087,69.576477,,
1396.1004,96.326859,69.28569,,
1396.0004,97.262253,68.40567,,
1395.9004,97.58873,67.275131,,
1395.8004,97.130692,66.636673,,
1395.7004,96.27002,66.728638,,
1395.6004,95.353592,67.026581,,
1395.5004,94.723251,67.326324,,
1395.4004,94.568207,67.674011,,
1395.3004,95.081253,67.807739,,
1395.2004,95.833267,67.846222,,
1395.1004,96.115631,68.079147,,
1395.0004,95.820679,68.445297,,
1394.9004,95.186493,68.878448,,
1394.8004,94.319794,69.378281,,
1394.7004,93.315445,69.936111,,
1394.6004,92.36499,70.091187,,
1394.5004,91.88591,69.465698,,
1394.4004,91.970703,68.581253,,
1394.3004,92.506058,67.711868,,
1394.2004,93.686539,66.707184,,
1394.1004,95.427078,66.067444,,
1394.0004,97.524979,66.39386,,
1393.9004,100.28331,67.969925,,
1393.8004,103.337814,70.030884,,
1393.7004,106.209793,71.728912,,
1393.6004,107.275833,72.783539,,
1393.5004,106.69014,73.525299,,
1393.4004,105.131104,74.026581,,
1393.3004,102.104187,73.92691,,
1393.2004,98.285507,72.991714,,
1393.1004,94.35582,71.70253,,
1393.0004,91.439407,70.814636,,
1392.9004,89.663284,69.647324,,
1392.8004,88.809036,67.791122,,
1392.7004,88.821976,65.926285,,
1392.6004,89.176025,64.672897,,
1392.5004,89.48027,64.052246,,
1392.4004,89.785095,64.117386,,
1392.3004,90.283401,64.715637,,
1392.2004,91.21109,65.567062,,
1392.1004,92.671066,66.457291,,
1392.0004,94.668182,67.221191,,
1391.9004,97.430145,67.782959,,
1391.8004,100.351303,68.135666,,
1391.7004,103.008362,68.342911,,
1391.6004,105.243835,68.480438,,
1391.5004,107.033081,68.696609,,
1391.4004,108.321671,69.284424,,
1391.3004,108.06369,70.407928,,
1391.2004,105.80954,71.073532,,
1391.1004,101.888901,71.087311,,
1391.0004,95.462082,71.268661,,
1390.9004,86.787201,71.559982,,
1390.8004,77.552338,71.384979,,
1390.7004,69.827148,70.436737,,
1390.6004,63.634575,68.350082,,
1390.5004,57.785583,65.414734,,
1390.4004,53.568306,62.638657,,
1390.3004,51.361755,60.174255,,
1390.2004,50.373917,58.030312,,
1390.1004,50.613846,56.763206,,
1390.0004,51.664238,56.53109,,
1389.9004,52.873604,56.866791,,
1389.8004,54.24649,57.355995,,
1389.7004,55.871475,57.825966,,
1389.6004,57.835754,58.258804,,
1389.5004,59.976311,58.838989,,
1389.4004,62.037933,59.701477,,
1389.3004,63.959801,60.998734,,
1389.2004,65.844193,63.283386,,
1389.1004,67.617233,66.145584,,
1389.0004,68.924927,68.083817,,
1388.9004,69.572449,68.834732,,
1388.8004,69.619385,68.635193,,
1388.7004,69.27063,67.891769,,
1388.6004,68.558167,66.532227,,
1388.5004,67.690231,64.617966,,
1388.4004,66.841568,62.815186,,
1388.3004,66.135345,61.526848,,
1388.2004,65.593506,60.958878,,
1388.1004,65.058167,60.887543,,
1388.0004,64.491013,61.072784,,
1387.9004,63.895485,61.31411,,
1387.8004,63.09552,61.578712,,
1387.7004,61.965996,61.86161,,
1387.6004,60.562035,62.106026,,
1387.5004,58.867188,62.190979,,
1387.4004,56.967392,61.958923,,
1387.3004,55.054588,61.345108,,
1387.2004,53.052536,60.546936,,
1387.1004,50.842979,59.681519,,
1387.0004,48.510094,58.892563,,
1386.9004,46.611397,58.425446,,
1386.8004,45.629242,58.36985,,
1386.7004,45.413734,58.565651,,
1386.6004,46.445557,58.794258,,
1386.5004,48.671906,58.946594,,
1386.4004,51.308723,58.998085,,
1386.3004,54.645691,58.946808,,
1386.2004,58.499367,58.942612,,
1386.1004,62.063454,59.296143,,
1386.0004,65.557205,60.468536,,
1385.9004,68.999649,62.380821,,
1385.8004,71.662033,64.289978,,
1385.7004,72.546646,65.764832,,
1385.6004,71.477936,66.665283,,
1385.5004,68.508255,67.097473,,
1385.4004,64.803909,66.850739,,
1385.3004,61.515259,65.836349,,
1385.2004,57.962425,64.340408,,
1385.1004,53.345978,62.89183,,
1385.0004,48.374672,61.624252,,
1384.9004,45.846268,60.230247,,
1384.8004,45.3368,59.117126,,
1384.7004,45.285141,58.454514,,
1384.6004,45.658173,57.96077,,
1384.5004,46.393654,57.451187,,
1384.4004,47.379105,56.988045,,
1384.3004,48.67942,56.765366,,
1384.2004,50.287727,56.734108,,
1384.1004,52.187805,56.839691,,
1384.0004,54.696877,57.162498,,
1383.9004,57.724472,57.631691,,
1383.8004,61.051651,58.131096,,
1383.7004,63.501152,58.628929,,
1383.6004,64.448898,59.070328,,
1383.5004,63.706299,59.493477,,
1383.4004,61.073051,60.065735,,
1383.3004,57.278496,60.828186,,
1383.2004,52.797897,61.629272,,
1383.1004,47.738068,62.188904,,
1383.0004,42.682983,62.289574,,
1382.9004,38.401001,61.930199,,
1382.8004,35.705132,61.110031,,
1382.7004,34.417816,60.102928,,
1382.6004,34.430984,59.194366,,
1382.5004,35.344254,58.473312,,
1382.4004,36.687767,57.998627,,
1382.3004,38.246964,57.753487,,
1382.2004,40.27533,57.550362,,
1382.1004,42.721527,57.238762,,
1382.0004,45.585236,56.784721,,
1381.9004,48.696571,56.247375,,
1381.8004,51.637878,55.766518,,
1381.7004,53.643272,55.419518,,
1381.6004,54.795288,55.550278,,
1381.5004,55.505905,56.205582,,
1381.4004,55.866272,57.193794,,
1381.3004,56.136971,58.433868,,
1381.2004,56.531258,59.630173,,
1381.1004,57.303368,60.360306,,
1381.0004,58.391602,60.484123,,
1380.9004,59.632896,60.170265,,
1380.8004,61.027542,59.555466,,
1380.7004,62.141884,59.057121,,
1380.6004,62.694016,59.190308,,
1380.5004,62.642975,60.419106,,
1380.4004,62.260406,61.992058,,
1380.3004,61.795746,63.020515,,
1380.2004,61.448143,63.594337,,
1380.1004,61.295067,63.61145,,
1380.0004,61.230545,62.93898,,
1379.9004,61.22496,61.825539,,
1379.8004,61.307243,60.75312,,
1379.7004,61.627487,60.169785,,
1379.6004,62.659378,60.210899,,
1379.5004,64.515991,60.588264,,
1379.4004,66.815643,60.847801,,
1379.3003,69.391418,61.044373,,
1379.2003,71.984055,61.396111,,
1379.1003,74.221558,61.893341,,
1379.0003,75.719955,62.288254,,
1378.9003,76.353241,62.672028,,
1378.8003,76.277222,63.60537,,
1378.7003,75.512878,65.234314,,
1378.6003,74.233124,67.30191,,
1378.5003,72.400574,69.100296,,
1378.4003,69.88414,69.899292,,
1378.3003,66.877731,69.210144,,
1378.2003,63.7108,67.602707,,
1378.1003,60.596008,65.593506,,
1378.0003,57.655205,63.716942,,
1377.9003,54.735481,62.136887,,
1377.8003,51.66478,60.937851,,
1377.7003,48.525429,60.124825,,
1377.6003,45.473137,59.363548,,
1377.5003,42.636932,58.506989,,
1377.4003,40.091064,57.671471,,
1377.3003,38.487473,57.085831,,
1377.2003,38.550934,56.74752,,
1377.1003,39.76606,56.334343,,
1377.0003,41.617218,55.681892,,
1376.9003,43.251762,54.895401,,
1376.8003,44.672279,54.304939,,
1376.7003,45.786545,54.183319,,
1376.6003,46.650932,54.94828,,
1376.5003,47.605499,56.633194,,
1376.4003,48.726601,58.341446,,
1376.3003,50.023415,59.344803,,
1376.2003,51.471413,59.846153,,
1376.1003,53.036598,60.608353,,
1376.0003,54.422409,61.542633,,
1375.9003,54.937767,61.670509,,
1375.8003,54.266121,61.451881,,
1375.7003,52.952339,61.750984,,
1375.6003,51.755241,62.59494,,
1375.5003,51.037766,63.098709,,
1375.4003,50.671036,62.675552,,
1375.3003,50.469353,61.788177,,
1375.2003,50.384537,61.005035,,
1375.1003,50.4431,60.505554,,
1375.0003,50.802986,60.025375,,
1374.9003,51.385216,59.49572,,
1374.8003,51.942032,59.171783,,
1374.7003,52.166199,59.367104,,
1374.6003,51.878807,59.750458,,
1374.5003,51.173576,59.945587,,
1374.4003,49.921257,60.017906,,
1374.3003,48.310272,59.987366,,
1374.2003,46.615883,59.97583,,
1374.1003,46.018967,60.283951,,
1374.0003,46.459419,60.469353,,
1373.9003,47.351387,60.155441,,
1373.8003,48.230881,59.48407,,
1373.7003,48.691925,58.760674,,
1373.6003,48.551956,58.129585,,
1373.5003,47.584717,57.584915,,
1373.4003,46.245949,57.703255,,
1373.3003,44.97464,58.713226,,
1373.2003,44.098511,60.162613,,
1373.1003,43.568581,61.296936,,
1373.0003,43.26075,61.824631,,
1372.9003,43.319824,61.750496,,
1372.8003,43.713753,61.127449,,
1372.7003,44.424377,60.047516,,
1372.6003,44.985031,58.528168,,
1372.5003,45.107635,57.161865,,
1372.4003,44.335167,56.502502,,
1372.3003,42.801292,56.485107,,
1372.2003,40.997925,56.758766,,
1372.1003,39.844414,57.104652,,
1372.0003,39.624832,57.155296,,
1371.9003,40.215118,56.830124,,
1371.8003,42.031593,56.283737,,
1371.7003,44.475647,55.714561,,
1371.6003,46.993797,55.32888,,
1371.5003,49.366913,55.270798,,
1371.4003,51.81089,55.588943,,
1371.3003,54.378174,56.093147,,
1371.2003,55.897736,56.541176,,
1371.1003,56.456795,56.915253,,
1371.0003,56.596962,57.414566,,
1370.9003,55.553955,58.349686,,
1370.8003,54.03334,59.368942,,
1370.7003,53.046677,60.009651,,
1370.6003,53.10067,60.159027,,
1370.5003,53.949089,59.820618,,
1370.4003,55.166817,59.123741,,
1370.3003,56.72551,58.10778,,
1370.2003,58.366837,57.122879,,
1370.1003,59.840569,56.545609,,
1370.0003,60.587959,56.634636,,
1369.9003,60.545685,57.250229,,
1369.8003,60.039696,58.011696,,
1369.7003,59.110703,58.68882,,
1369.6003,57.975716,59.208824,,
1369.5003,56.812241,59.606216,,
1369.4003,55.725807,59.792015,,
1369.3003,54.769829,59.737328,,
1369.2003,54.00824,59.561142,,
1369.1003,53.561058,59.303383,,
1369.0003,53.28315,58.986519,,
1368.9003,52.746765,58.667336,,
1368.8003,51.986855,58.408669,,
1368.7003,51.289833,58.211861,,
1368.6003,50.326035,58.025749,,
1368.5003,48.960602,57.929024,,
1368.4003,47.355171,58.012093,,
1368.3003,45.363258,58.164543,,
1368.2003,43.10125,58.099892,,
1368.1003,41.072639,57.629974,,
1368.0003,39.433372,57.072968,,
1367.9003,38.097694,56.586166,,
1367.8003,36.688301,56.094276,,
1367.7003,35.253929,55.508331,,
1367.6003,33.829399,55.033348,,
1367.5003,32.461739,54.951141,,
1367.4003,31.47097,54.97937,,
1367.3003,31.214844,54.922073,,
1367.2003,31.707855,54.880798,,
1367.1003,33.211021,54.948219,,
1367.0003,35.754173,55.086731,,
1366.9003,38.899857,55.164932,,
1366.8003,42.427429,55.289192,,
1366.7003,46.040535,55.569199,,
1366.6003,49.834053,55.906738,,
1366.5003,53.852989,56.175598,,
1366.4003,57.636604,56.484299,,
1366.3003,60.465172,57.250847,,
1366.2003,61.627281,58.647659,,
1366.1003,61.19944,60.551926,,
1366.0003,60.062958,62.568367,,
1365.9003,58.518288,64.469223,,
1365.8003,56.843826,65.90274,,
1365.7003,55.411263,66.588608,,
1365.6003,54.777206,66.239716,,
1365.5003,55.21904,64.846664,,
1365.4003,56.687256,63.005173,,
1365.3003,59.0252,61.230179,,
1365.2003,61.853027,59.819725,,
1365.1003,65.220932,58.760086,,
1365.0003,68.209946,58.253677,,
1364.9003,69.818298,58.393242,,
1364.8003,69.677383,58.974815,,
1364.7003,68.128738,59.887878,,
1364.6003,66.062408,60.923141,,
1364.5003,63.580856,61.763054,,
1364.4003,60.733521,62.197083,,
1364.3003,57.506126,62.285309,,
1364.2003,54.788429,62.261299,,
1364.1003,53.265274,62.108185,,
1364.0003,53.147606,61.791801,,
1363.9003,54.555405,61.505524,,
1363.8003,56.831963,61.320427,,
1363.7003,59.451797,61.239868,,
1363.6003,61.553711,61.554832,,
1363.5003,62.524071,62.468445,,
1363.4003,61.816185,63.811981,,
1363.3003,59.926216,65.237564,,
1363.2003,57.603592,66.462494,,
1363.1003,55.047981,67.367355,,
1363.0003,52.607796,67.625778,,
1362.9003,50.385956,67.287842,,
1362.8003,48.101349,66.666122,,
1362.7003,46.167755,65.992828,,
1362.6003,44.827698,65.68927,,
1362.5003,44.258423,66.06366,,
1362.4003,44.261932,66.25293,,
1362.3003,44.602654,66.079422,,
1362.2003,45.442177,66.032516,,
1362.1003,46.726738,66.022797,,
1362.0003,48.386925,66.02652,,
1361.9003,50.992477,66.270813,,
1361.8003,54.879044,66.691147,,
1361.7003,60.042229,67.007904,,
1361.6003,65.442459,66.937317,,
1361.5003,70.032364,66.582001,,
1361.4003,73.62471,66.13092,,
1361.3003,76.097015,65.645859,,
1361.2003,78.069641,65.174698,,
1361.1003,79.937851,64.791031,,
1361.0003,81.782593,64.595139,,
1360.9003,83.557053,64.440689,,
1360.8003,85.141922,64.179443,,
1360.7003,88.17514,63.804016,,
1360.6003,92.790222,63.94519,,
1360.5003,98.465927,64.980286,,
1360.4003,104.74501,66.646103,,
1360.3003,110.634644,68.432205,,
1360.2003,114.561996,69.999176,,
1360.1003,116.699707,71.287949,,
1360.0003,117.913742,72.112991,,
1359.9003,118.261703,72.354019,,
1359.8003,117.830917,72.260513,,
1359.7003,116.87944,72.149445,,
1359.6003,115.412094,72.159851,,
1359.5003,113.633972,72.119537,,
1359.4003,111.884766,72.053467,,
1359.3003,110.211929,72.199188,,
1359.2003,108.863007,72.165115,,
1359.1003,107.984497,71.599258,,
1359.0003,107.816986,70.675079,,
1358.9003,108.158432,70.088318,,
1358.8003,108.460526,70.260361,,
1358.7003,108.433685,70.789764,,
1358.6003,107.804321,71.40538,,
1358.5003,106.610306,71.974365,,
1358.4003,104.846954,72.438248,,
1358.3003,102.808167,72.689392,,
1358.2003,100.8004,72.600662,,
1358.1003,98.712234,72.040329,,
1358.0003,96.544846,71.172089,,
1357.9003,94.438324,70.39621,,
1357.8003,92.800583,69.811356,,
1357.7003,92.098221,69.439514,,
1357.6003,92.230316,69.290588,,
1357.5003,93.153793,69.45195,,
1357.4003,94.501984,69.894135,,
1357.3003,96.083023,70.343842,,
1357.2003,98.079498,70.674118,,
1357.1003,100.680252,70.931656,,
1357.0003,103.782501,71.271179,,
1356.9003,107.199432,71.742859,,
1356.8003,110.470123,72.402573,,
1356.7003,113.160828,73.380325,,
1356.6003,114.964523,74.988235,,
1356.5003,116.17009,77.405243,,
1356.4003,117.09642,79.946396,,
1356.3003,118.047623,81.831589,,
1356.2003,119.281433,82.47525,,
1356.1003,120.60437,82.084274,,
1356.0003,121.854279,80.489914,,
1355.9003,122.726303,77.891586,,
1355.8003,122.320816,75.761276,,
1355.7003,120.00235,74.294098,,
1355.6003,116.284225,73.113358,,
1355.5003,110.053436,72.393417,,
1355.4003,100.847168,71.969788,,
1355.3003,90.680023,71.157272,,
1355.2003,80.02092,69.429031,,
1355.1003,69.728836,67.114334,,
1355.0003,60.697731,64.921677,,
1354.9003,53.526924,62.451752,,
1354.8003,48.093086,60.285774,,
1354.7003,43.496918,59.475449,,
1354.6003,40.882088,59.467697,,
1354.5003,40.955177,59.694756,,
1354.4003,43.261246,60.007584,,
1354.3003,47.87294,60.532753,,
1354.2003,53.592773,61.317215,,
1354.1003,59.444,62.22876,,
1354.0003,65.322235,63.093018,,
1353.9003,71.15741,63.953232,,
1353.8003,76.705093,64.919861,,
1353.7003,81.053665,65.601471,,
1353.6003,84.11969,65.937271,,
1353.5003,86.064362,66.259521,,
1353.4003,87.379852,66.642685,,
1353.3003,88.690002,66.821854,,
1353.2003,90.053757,66.541412,,
1353.1003,91.532776,66.016129,,
1353.0003,93.213181,65.590302,,
1352.9003,95.311218,65.415573,,
1352.8003,97.876923,65.589951,,
1352.7003,100.748947,66.142426,,
1352.6003,103.626114,67.047058,,
1352.5003,106.04924,68.113434,,
1352.4003,107.739456,69.125763,,
1352.3003,106.952255,69.974869,,
1352.2003,104.643829,70.375351,,
1352.1003,102.079346,70.068069,,
1352.0003,99.44635,68.80925,,
1351.9003,97.097061,67.135193,,
1351.8003,95.299683,65.679352,,
1351.7003,94.925385,64.625992,,
1351.6003,95.735657,64.02066,,
1351.5003,97.343674,63.868919,,
1351.4003,99.583115,64.35817,,
1351.3003,101.218277,65.168854,,
1351.2003,101.059296,66.003662,,
1351.1003,98.927856,67.010483,,
1351.0003,96.065338,68.087448,,
1350.9003,93.42598,68.940491,,
1350.8003,91.226181,68.802551,,
1350.7003,89.369217,67.90152,,
1350.6003,87.806473,66.82489,,
1350.5003,86.151535,65.604309,,
1350.4003,83.916779,64.52594,,
1350.3003,80.05336,63.893562,,
1350.2003,75.323547,64.101974,,
1350.1003,70.622162,64.604507,,
1350.0003,66.73468,64.64003,,
1349.9003,63.277649,64.375656,,
1349.8003,59.689285,64.015289,,
1349.7003,55.878014,63.461479,,
1349.6003,52.377441,62.374603,,
1349.5003,49.425987,60.956306,,
1349.4003,47.753624,59.772964,,
1349.3003,47.223457,58.887375,,
1349.2003,47.290474,57.982201,,
1349.1003,48.177551,56.782143,,
1349.0003,49.636536,55.714668,,
1348.9003,51.211655,55.251434,,
1348.8003,53.196548,55.299515,,
1348.7003,55.926987,55.529907,,
1348.6003,59.311256,55.715385,,
1348.5003,63.119232,56.017548,,
1348.4003,67.221588,56.992981,,
1348.3003,71.650955,58.821449,,
1348.2003,75.865936,61.135544,,
1348.1003,79.57872,65.284637,,
1348.0003,82.937653,71.143326,,
1347.9003,84.694611,73.442902,,
1347.8003,84.34166,71.39238,,
1347.7003,83.102539,70.031082,,
1347.6003,81.721054,69.646164,,
1347.5003,81.07196,68.873764,,
1347.4003,81.631851,67.441315,,
1347.3003,84.339905,65.543076,,
1347.2003,89.155014,63.663132,,
1347.1003,94.970444,62.274979,,
1347.0003,101.003021,61.503998,,
1346.9003,105.89209,61.489082,,
1346.8003,108.297424,62.289093,,
1346.7003,106.445084,63.866669,,
1346.6003,100.674484,66.240524,,
1346.5003,93.144943,69.443527,,
1346.4003,84.583221,72.647736,,
1346.3003,74.485199,74.515823,,
1346.2003,64.409378,74.629761,,
1346.1003,56.476509,73.289963,,
1346.0003,51.007408,71.208542,,
1345.9003,47.134415,68.502472,,
1345.8003,44.247406,65.52887,,
1345.7003,42.196556,63.116791,,
1345.6003,41.300079,61.870636,,
1345.5003,41.663208,61.698524,,
1345.4003,42.787849,61.877975,,
1345.3003,44.614998,62.04715,,
1345.2003,46.765175,62.12532,,
1345.1003,48.689812,62.104248,,
1345.0003,49.80864,61.989182,,
1344.9003,49.878937,61.808655,,
1344.8003,49.523201,61.637955,,
1344.7003,48.97776,61.51593,,
1344.6003,48.608253,61.399918,,
1344.5003,48.618996,61.218185,,
1344.4003,49.387077,61.012817,,
1344.3003,50.993011,60.804176,,
1344.2003,53.132111,60.56205,,
1344.1003,55.86525,60.331238,,
1344.0003,58.993027,60.057159,,
1343.9003,62.159523,59.67765,,
1343.8003,64.736038,60.063828,,
1343.7003,66.208939,61.82193,,
1343.6003,66.173264,64.444031,,
1343.5003,64.820724,66.825912,,
1343.4003,63.110176,68.290863,,
1343.3003,61.84903,69.247299,,
1343.2003,61.548721,68.954239,,
1343.1003,62.060104,67.617249,,
1343.0003,63.360001,66.813232,,
1342.9003,64.787262,66.720337,,
1342.8003,65.789856,66.719269,,
1342.7003,65.805298,66.454315,,
1342.6003,64.908264,65.906998,,
1342.5003,63.485649,65.208344,,
1342.4003,61.657959,64.459122,,
1342.3003,59.695892,63.786957,,
1342.2003,57.68119,63.387741,,
1342.1003,55.558372,63.634262,,
1342.0003,53.352966,64.552811,,
1341.9003,51.136017,65.892426,,
1341.8003,48.86615,67.556549,,
1341.7003,46.572998,69.121445,,
1341.6003,44.379333,70.221848,,
1341.5003,43.163857,70.722534,,
1341.4003,42.963394,70.686752,,
1341.3003,43.707878,70.347183,,
1341.2003,45.435753,70.151642,,
1341.1003,48.121262,70.235153,,
1341.0003,52.164658,70.412766,,
1340.9003,58.063606,70.12915,,
1340.8003,65.066696,69.0681,,
1340.7003,71.832199,67.391815,,
1340.6003,79.212341,65.958496,,
1340.5003,87.055084,65.162003,,
1340.4003,93.213806,64.849747,,
1340.3003,97.459427,65.24617,,
1340.2003,100.304657,65.977234,,
1340.1003,101.372482,66.456665,,
1340.0003,100.943756,66.837906,,
1339.9003,99.716324,67.610443,,
1339.8003,98.978882,69.120087,,
1339.7003,98.511414,70.654663,,
1339.6003,97.779327,71.659485,,
1339.5003,95.749771,72.214447,,
1339.4003,91.636475,72.423172,,
1339.3003,85.29184,72.313126,,
1339.2003,77.642548,71.786377,,
1339.1003,70.606781,70.830521,,
1339.0003,64.964325,69.735275,,
1338.9003,60.838844,69.027359,,
1338.8003,57.457977,68.583023,,
1338.7003,54.041039,67.998764,,
1338.6003,50.39045,67.19928,,
1338.5003,47.06852,66.407227,,
1338.4003,44.999115,65.82373,,
1338.3003,45.090439,65.505966,,
1338.2003,46.802376,65.22171,,
1338.1003,49.237411,64.764465,,
1338.0003,52.204926,64.224625,,
1337.9003,55.760246,63.705673,,
1337.8003,60.437767,63.207962,,
1337.7003,66.446213,62.707436,,
1337.6003,73.946289,62.151749,,
1337.5003,83.772217,61.536194,,
1337.4003,93.611389,61.05407,,
1337.3003,100.432144,61.574226,,
1337.2003,104.437958,63.973412,,
1337.1003,105.067001,67.602448,,
1337.0003,102.632721,71.000046,,
1336.9003,97.926437,73.233643,,
1336.8003,90.838699,74.697098,,
1336.7003,81.902176,75.366806,,
1336.6003,73.797348,73.869064,,
1336.5003,67.800995,70.492188,,
1336.4003,62.404442,67.021317,,
1336.3003,57.856758,64.056046,,
1336.2003,53.732994,61.923698,,
1336.1003,48.958176,61.173782,,
1336.0003,43.93251,61.924164,,
1335.9003,39.756363,63.742462,,
1335.8003,37.661438,65.419098,,
1335.7003,37.866875,66.414627,,
1335.6003,39.644043,66.570587,,
1335.5003,41.42926,66.178055,,
1335.4003,43.11599,65.62323,,
1335.3003,44.638077,65.133591,,
1335.2003,46.008514,64.75737,,
1335.1003,47.118538,64.532288,,
1335.0003,47.836037,64.512955,,
1334.9003,48.189232,64.637558,,
1334.8003,48.203552,64.770981,,
1334.7003,48.015175,64.878296,,
1334.6003,47.559105,65.045502,,
1334.5003,46.725143,65.082748,,
1334.4003,45.521606,64.759003,,
1334.3003,43.994202,64.172119,,
1334.2003,42.187424,63.591843,,
1334.1003,40.316605,63.266518,,
1334.0003,38.808029,63.195061,,
1333.9003,38.517029,63.310875,,
1333.8003,39.781425,63.577553,,
1333.7003,42.166573,64.015259,,
1333.6003,45.665443,64.599136,,
1333.5003,50.195633,65.216064,,
1333.4003,55.474075,65.742462,,
1333.3003,60.418259,66.100067,,
1333.2003,63.883728,66.250656,,
1333.1003,64.048386,66.177002,,
1333.0003,61.373993,65.854401,,
1332.9003,58.199715,65.361084,,
1332.8003,54.468941,64.807755,,
1332.7003,50.1689,64.395248,,
1332.6003,45.42392,64.303436,,
1332.5003,41.450844,64.620422,,
1332.4003,38.870659,65.234436,,
1332.3003,37.541588,65.882935,,
1332.2003,37.316795,66.4095,,
1332.1003,37.79287,66.618622,,
1332.0003,38.926071,66.461472,,
1331.9003,41.410812,66.028519,,
1331.8003,45.91777,65.470062,,
1331.7003,53.849693,64.893433,,
1331.6003,65.649521,64.368713,,
1331.5003,78.29805,63.948151,,
1331.4003,87.924591,63.650154,,
1331.3003,93.029236,63.746239,,
1331.2003,94.508453,64.444275,,
1331.1003,91.669479,65.691971,,
1331.0003,85.336777,67.018005,,
1330.9003,76.956345,68.031876,,
1330.8003,67.183365,68.601624,,
1330.7003,58.851089,68.920547,,
1330.6003,52.387245,68.887222,,
1330.5003,45.634323,68.226105,,
1330.4003,40.12619,67.517639,,
1330.3003,36.992928,67.068069,,
1330.2003,36.090767,66.684494,,
1330.1003,36.445816,66.16832,,
1330.0003,37.476006,65.57991,,
1329.9003,38.898735,65.094925,,
1329.8003,40.129242,64.788025,,
1329.7003,40.844353,64.55101,,
1329.6003,40.806046,64.199844,,
1329.5003,40.425804,63.701363,,
1329.4003,40.033249,63.179039,,
1329.3003,39.888687,62.783493,,
1329.2003,39.998711,62.791229,,
1329.1003,40.300652,63.20826,,
1329.0003,40.689964,63.784241,,
1328.9003,41.051239,64.306931,,
1328.8003,41.303291,64.717377,,
1328.7003,41.480858,65.083115,,
1328.6003,41.56723,65.301346,,
1328.5003,41.455475,65.317841,,
1328.4003,40.937225,65.374893,,
1328.3003,40.064445,65.52356,,
1328.2002,38.915367,65.614914,,
1328.1002,37.466759,65.505112,,
1328.0002,36.003136,65.247101,,
1327.9002,35.10498,64.983307,,
1327.8002,35.26387,64.70015,,
1327.7002,36.374802,64.37677,,
1327.6002,38.562759,64.063339,,
1327.5002,41.674896,63.787285,,
1327.4002,45.208633,63.608253,,
1327.3002,49.015503,63.595955,,
1327.2002,52.467606,63.682526,,
1327.1002,55.292542,63.652252,,
1327.0002,57.919899,63.33844,,
1326.9002,60.518944,63.150772,,
1326.8002,62.951157,63.436821,,
1326.7002,64.592407,63.838737,,
1326.6002,65.212891,63.907982,,
1326.5002,65.411285,63.522316,,
1326.4002,64.91684,63.06881,,
1326.3002,63.726784,62.716064,,
1326.2002,62.348778,62.552994,,
1326.1002,61.519821,63.012093,,
1326.0002,61.686165,64.191605,,
1325.9002,62.235291,65.684189,,
1325.8002,63.329872,67.287292,,
1325.7002,64.992477,68.629211,,
1325.6002,66.733307,69.11113,,
1325.5002,68.127167,68.946213,,
1325.4002,68.504562,68.423477,,
1325.3002,67.465469,67.69249,,
1325.2002,65.289597,66.807693,,
1325.1002,62.855263,65.992996,,
1325.0002,60.041664,65.705978,,
1324.9002,57.656921,66.01236,,
1324.8002,56.704285,66.825851,,
1324.7002,56.107582,67.923157,,
1324.6002,55.344688,69.038345,,
1324.5002,54.371857,69.71666,,
1324.4002,53.282516,69.646088,,
1324.3002,52.081978,68.869553,,
1324.2002,50.7938,67.554764,,
1324.1002,49.475075,65.770142,,
1324.0002,48.3526,63.918869,,
1323.9002,47.810043,62.47718,,
1323.8002,48.280022,61.159225,,
1323.7002,49.931679,60.112984,,
1323.6002,52.141853,59.72039,,
1323.5002,54.901749,59.979378,,
1323.4002,57.810867,60.929298,,
1323.3002,60.325325,62.382652,,
1323.2002,61.834023,63.847305,,
1323.1002,62.134262,65.01123,,
1323.0002,61.882538,65.760132,,
1322.9002,60.601738,65.869171,,
1322.8002,58.498512,65.422211,,
1322.7002,56.455856,64.921783,,
1322.6002,54.76619,64.78949,,
1322.5002,53.423683,65.188599,,
1322.4002,52.286667,65.955673,,
1322.3002,51.348579,66.876785,,
1322.2002,50.478081,67.942871,,
1322.1002,49.593994,69.134491,,
1322.0002,48.859207,70.138412,,
1321.9002,48.46534,70.838852,,
1321.8002,48.703819,71.378525,,
1321.7002,49.733063,71.74733,,
1321.6002,51.40358,71.828003,,
1321.5002,53.824898,71.618408,,
1321.4002,57.211006,71.768646,,
1321.3002,61.219337,72.365128,,
1321.2002,65.424103,72.958145,,
1321.1002,69.45871,73.306213,,
1321.0002,73.189468,73.224533,,
1320.9002,76.867722,72.55127,,
1320.8002,80.215393,71.28566,,
1320.7002,82.933273,70.073242,,
1320.6002,84.11203,69.649933,,
1320.5002,84.109665,69.911301,,
1320.4002,83.497284,70.302582,,
1320.3002,81.667633,70.400314,,
1320.2002,78.455017,70.197906,,
1320.1002,73.876984,69.74733,,
1320.0002,69.207199,68.901703,,
1319.9002,64.842712,67.783417,,
1319.8002,60.495735,66.706894,,
1319.7002,55.308388,66.106812,,
1319.6002,50.077888,65.823273,,
1319.5002,45.64045,65.481003,,
1319.4002,43.219589,64.815552,,
1319.3002,42.25296,63.962395,,
1319.2002,42.065598,63.160591,,
1319.1002,42.651009,62.604073,,
1319.0002,43.953979,62.25502,,
1318.9002,46.148514,62.033066,,
1318.8002,48.97892,62.076622,,
1318.7002,52.025085,62.534126,,
1318.6002,54.837769,63.416786,,
1318.5002,56.833939,65.030807,,
1318.4002,57.931618,66.868546,,
1318.3002,57.981613,68.135941,,
1318.2002,57.622559,68.752136,,
1318.1002,57.376259,68.966888,,
1318.0002,57.384804,68.985718,,
1317.9002,57.667641,68.887863,,
1317.8002,58.154449,68.787643,,
1317.7002,58.889763,68.801346,,
1317.6002,59.832161,69.007507,,
1317.5002,60.864868,69.222458,,
1317.4002,62.120102,69.131729,,
1317.3002,63.687653,68.720978,,
1317.2002,65.527557,68.169098,,
1317.1002,66.964264,67.500885,,
1317.0002,67.40976,66.845734,,
1316.9002,66.908615,66.42572,,
1316.8002,65.610962,66.446976,,
1316.7002,64.011917,67.2854,,
1316.6002,62.514542,68.84082,,
1316.5002,61.526909,70.306335,,
1316.4002,61.275009,71.081009,,
1316.3002,61.518433,71.169571,,
1316.2002,61.969177,70.592514,,
1316.1002,62.138733,69.344437,,
1316.0002,61.827087,67.715683,,
1315.9002,60.902374,66.26181,,
1315.8002,59.573311,65.371017,,
1315.7002,58.170624,64.899399,,
1315.6002,56.898369,64.679214,,
1315.5002,55.914368,64.796722,,
1315.4002,55.388809,65.459976,,
1315.3002,55.48246,66.426392,,
1315.2002,56.032021,67.192352,,
1315.1002,56.936844,67.490585,,
1315.0002,58.267807,67.773834,,
1314.9002,60.054382,68.418213,,
1314.8002,62.293655,68.826584,,
1314.7002,65.082306,68.701401,,
1314.6002,68.387054,68.274353,,
1314.5002,71.914703,68.141327,,
1314.4002,75.698898,68.240677,,
1314.3002,79.982574,68.24234,,
1314.2002,84.594269,68.338684,,
1314.1002,89.501984,68.610245,,
1314.0002,94.583878,68.927185,,
1313.9002,98.778763,69.192505,,
1313.8002,100.928284,69.395966,,
1313.7002,101.018265,69.572449,,
1313.6002,98.334,69.754166,,
1313.5002,92.805023,69.982574,,
1313.4002,85.898697,70.306229,,
1313.3002,77.921753,70.733429,,
1313.2002,70.134155,71.039093,,
1313.1002,64.236465,70.798721,,
1313.0002,60.999107,69.808563,,
1312.9002,59.872795,68.30603,,
1312.8002,59.130371,66.908035,,
1312.7002,59.048637,65.728256,,
1312.6002,60.080124,64.934692,,
1312.5002,62.181725,64.707748,,
1312.4002,65.109482,64.920029,,
1312.3002,68.123993,65.338882,,
1312.2002,71.059143,65.803787,,
1312.1002,73.754395,66.379028,,
1312.0002,76.150009,67.167236,,
1311.9002,78.153473,68.154358,,
1311.8002,79.380798,69.348602,,
1311.7002,79.672577,70.678452,,
1311.6002,78.165009,71.952087,,
1311.5002,74.817001,72.583878,,
1311.4002,70.453751,72.41658,,
1311.3002,65.746964,71.848541,,
1311.2002,61.09938,70.797211,,
1311.1002,56.543411,69.237411,,
1311.0002,51.997528,67.388184,,
1310.9002,47.732315,65.550888,,
1310.8002,44.06295,63.773643,,
1310.7002,42.181465,61.790428,,
1310.6002,41.767204,59.944992,,
1310.5002,42.120377,58.838364,,
1310.4002,43.7826,58.970261,,
1310.3002,46.433548,59.928253,,
1310.2002,49.590736,60.920761,,
1310.1002,53.310211,61.465157,,
1310.0002,57.549721,61.563606,,
1309.9002,62.267738,61.451805,,
1309.8002,66.261658,61.287277,,
1309.7002,69.451614,61.201469,,
1309.6002,72.200226,61.276985,,
1309.5002,75.472946,61.660057,,
1309.4002,79.187866,62.295616,,
1309.3002,82.925903,63.058815,,
1309.2002,86.717178,63.956329,,
1309.1002,90.570694,64.803894,,
1309.0002,94.617004,65.46582,,
1308.9002,97.509033,66.07399,,
1308.8002,98.932297,66.624252,,
1308.7002,99.128036,67.040466,,
1308.6002,98.97496,67.11734,,
1308.5002,99.015976,66.985748,,
1308.4002,99.699127,66.897995,,
1308.3002,100.845612,66.928589,,
1308.2002,102.167358,67.073517,,
1308.1002,103.269318,67.347504,,
1308.0002,103.924698,67.553741,,
1307.9002,104.185394,67.667892,,
1307.8002,103.974899,67.843735,,
1307.7002,103.57579,68.164642,,
1307.6002,103.229599,68.584656,,
1307.5002,103.397568,69.020615,,
1307.4002,104.140091,69.324875,,
1307.3002,105.323776,69.435623,,
1307.2002,105.981842,69.409729,,
1307.1002,105.066437,69.373032,,
1307.0002,101.943573,69.339905,,
1306.9002,95.792633,69.099655,,
1306.8002,87.978592,68.48204,,
1306.7002,80.646133,67.417496,,
1306.6002,71.792328,65.426819,,
1306.5002,62.06324,62.631752,,
1306.4002,55.126472,59.692238,,
1306.3002,51.446297,56.549606,,
1306.2002,49.633713,53.879211,,
1306.1002,48.774956,52.696274,,
1306.0002,48.904961,52.771599,,
1305.9002,49.975288,53.620659,,
1305.8002,51.901024,54.889214,,
1305.7002,54.694046,56.298828,,
1305.6002,57.783661,57.482452,,
1305.5002,60.534782,58.296425,,
1305.4002,62.414047,58.801331,,
1305.3002,63.224884,59.056786,,
1305.2002,62.704353,59.098953,,
1305.1002,60.922935,59.253319,,
1305.0002,58.886368,59.838959,,
1304.9002,57.198036,60.630325,,
1304.8002,56.018806,61.409065,,
1304.7002,54.637871,62.111984,,
1304.6002,53.358322,62.820145,,
1304.5002,52.489868,63.531731,,
1304.4002,51.90815,64.208923,,
1304.3002,51.603523,64.860458,,
1304.2002,51.522995,65.407516,,
1304.1002,51.52858,65.737106,,
1304.0002,51.590569,65.804611,,
1303.9002,51.64286,65.556381,,
1303.8002,51.631691,65.048569,,
1303.7002,51.473343,64.4617,,
1303.6002,51.082138,63.914116,,
1303.5002,50.455154,63.431618,,
1303.4002,49.548019,63.021355,,
1303.3002,48.389977,62.759804,,
1303.2002,47.038414,62.679916,,
1303.1002,45.480736,62.472275,,
1303.0002,43.85006,61.849548,,
1302.9002,42.525536,60.941666,,
1302.8002,41.691872,59.934792,,
1302.7002,41.288422,58.950577,,
1302.6002,41.3162,58.096962,,
1302.5002,41.935371,57.633102,,
1302.4002,43.300087,57.764771,,
1302.3002,45.858482,58.267059,,
1302.2002,49.819534,58.821014,,
1302.1002,54.365105,59.295914,,
1302.0002,58.318947,59.904381,,
1301.9002,61.560646,60.666,,
1301.8002,64.838394,61.339981,,
1301.7002,68.342194,61.723366,,
1301.6002,72.509125,62.101044,,
1301.5002,77.346924,62.713394,,
1301.4002,81.904114,63.318901,,
1301.3002,85.931625,64.191345,,
1301.2002,90.025681,65.499939,,
1301.1002,92.967087,66.71463,,
1301.0002,94.058304,67.423416,,
1300.9002,93.668198,67.813736,,
1300.8002,92.537521,68.409363,,
1300.7002,91.557312,69.286102,,
1300.6002,90.973145,70.397751,,
1300.5002,90.954147,72.105728,,
1300.4002,91.382217,73.657013,,
1300.3002,92.12674,74.311005,,
1300.2002,93.074417,74.598221,,
1300.1002,94.154083,74.639847,,
1300.0002,95.406845,74.194031,,
1299.9002,96.948105,73.186188,,
1299.8002,98.335098,72.212784,,
1299.7002,98.555923,71.731552,,
1299.6002,97.237289,71.043121,,
1299.5002,94.558212,69.807571,,
1299.4002,90.01651,68.319702,,
1299.3002,83.826096,67.312546,,
1299.2002,76.95546,66.724686,,
1299.1002,70.93869,66.08757,,
1299.0002,65.769485,65.330688,,
1298.9002,61.339638,64.504074,,
1298.8002,59.275299,63.603966,,
1298.7002,59.190575,62.568626,,
1298.6002,60.336746,61.724419,,
1298.5002,63.686813,61.476173,,
1298.4002,68.393494,61.714584,,
1298.3002,73.387054,62.109932,,
1298.2002,77.73407,62.511475,,
1298.1002,81.329987,62.808823,,
1298.0002,84.343735,63.055618,,
1297.9002,85.407684,63.441933,,
1297.8002,85.131271,63.933449,,
1297.7002,84.364563,64.355026,,
1297.6002,83.099579,64.484467,,
1297.5002,81.885178,64.394928,,
1297.4002,81.208435,64.186447,,
1297.3002,81.882111,63.672882,,
1297.2002,83.403229,62.91404,,
1297.1002,85.049118,62.21302,,
1297.0002,86.664062,62.121994,,
1296.9002,88.130402,62.6157,,
1296.8002,89.337036,63.271202,,
1296.7002,90.049622,63.746666,,
1296.6002,90.151535,63.983688,,
1296.5002,89.289673,64.10704,,
1296.4002,86.991837,64.314743,,
1296.3002,83.225952,64.556702,,
1296.2002,77.562378,64.624908,,
1296.1002,70.701996,64.380737,,
1296.0002,64.284882,63.698212,,
1295.9002,61.782593,62.580414,,
1295.8002,63.781975,60.678474,,
1295.7002,68.023788,58.266609,,
1295.6002,73.162979,56.393761,,
1295.5002,79.265778,55.855942,,
1295.4002,86.393616,56.754799,,
1295.3002,90.934357,58.424759,,
1295.2002,91.183151,61.320663,,
1295.1002,88.745071,65.337952,,
1295.0002,83.85289,68.728149,,
1294.9002,77.37616,70.570053,,
1294.8002,70.864822,70.691956,,
1294.7002,64.978943,68.856964,,
1294.6002,60.663574,64.802582,,
1294.5002,58.394714,59.718117,,
1294.4002,58.586044,55.696884,,
1294.3002,60.608719,53.830627,,
1294.2002,62.737831,53.714279,,
1294.1002,64.54068,54.849342,,
1294.0002,65.922577,56.941414,,
1293.9002,67.438217,59.223976,,
1293.8002,68.977188,61.04277,,
1293.7002,70.172195,62.226746,,
1293.6002,71.003098,63.27832,,
1293.5002,71.389099,63.94014,,
1293.4002,71.422302,64.029327,,
1293.3002,71.317688,64.192932,,
1293.2002,71.177307,64.425095,,
1293.1002,71.12059,64.428253,,
1293.0002,71.200562,64.195969,,
1292.9002,71.43486,63.835274,,
1292.8002,71.72438,63.429108,,
1292.7002,71.993317,62.970474,,
1292.6002,72.156693,62.511246,,
1292.5002,72.128738,62.184837,,
1292.4002,71.70578,62.095467,,
1292.3002,70.912643,62.120773,,
1292.2002,70.212402,61.97747,,
1292.1002,69.896561,61.549812,,
1292.0002,70.041443,60.872047,,
1291.9002,70.263458,60.163727,,
1291.8002,70.292938,59.767113,,
1291.7002,69.794724,60.19416,,
1291.6002,68.749222,61.61515,,
1291.5002,67.494751,63.372475,,
1291.4002,66.30368,64.756104,,
1291.3002,65.094055,65.342697,,
1291.2002,63.831818,65.152466,,
1291.1002,62.584923,64.28215,,
1291.0002,61.552147,63.050331,,
1290.9002,61.246986,61.814857,,
1290.8002,61.987694,61.160683,,
1290.7002,63.772835,61.378326,,
1290.6002,66.837906,62.109108,,
1290.5002,70.542236,62.914131,,
1290.4002,74.126053,63.613838,,
1290.3002,76.943115,64.370773,,
1290.2002,79.247345,65.213333,,
1290.1002,82.239243,66.039871,,
1290.0002,85.595596,66.740387,,
1289.9002,88.706909,67.17598,,
1289.8002,91.605682,67.338257,,
1289.7002,94.049957,67.771423,,
1289.6002,95.86441,68.443176,,
1289.5002,96.673447,68.906036,,
1289.4002,96.164474,69.120193,,
1289.3002,94.537628,69.205322,,
1289.2002,91.792709,69.197342,,
1289.1002,88.541138,68.749969,,
1289.0002,85.047577,67.752289,,
1288.9002,80.068665,66.334183,,
1288.8002,74.34726,64.618011,,
1288.7002,68.601288,62.823341,,
1288.6002,64.525452,61.291077,,
1288.5002,61.130875,60.04937,,
1288.4002,57.357399,58.836792,,
1288.3002,54.431313,57.326904,,
1288.2002,52.882942,56.070534,,
1288.1002,52.825523,55.423103,,
1288.0002,54.771049,55.182358,,
1287.9002,58.045776,55.463409,,
1287.8002,62.043556,56.31868,,
1287.7002,67.033707,57.669296,,
1287.6002,72.399567,59.148178,,
1287.5002,77.30484,60.442871,,
1287.4002,80.798492,61.465485,,
1287.3002,83.172302,62.157265,,
1287.2002,84.954803,62.519539,,
1287.1002,85.492279,62.469032,,
1287.0002,84.89743,62.12854,,
1286.9002,83.64209,61.727707,,
1286.8002,81.480865,61.399742,,
1286.7002,78.716644,61.174545,,
1286.6002,76.063477,61.025665,,
1286.5002,73.893402,61.025543,,
1286.4002,72.158218,61.182869,,
1286.3002,70.634705,61.433968,,
1286.2002,69.275345,61.710304,,
1286.1002,68.131775,61.911713,,
1286.0002,67.496307,61.970299,,
1285.9002,66.991791,61.820381,,
1285.8002,66.141479,61.506493,,
1285.7002,64.540939,61.132843,,
1285.6002,62.873558,60.8918,,
1285.5002,61.871452,60.737633,,
1285.4002,61.911171,60.383484,,
1285.3002,62.391342,59.764397,,
1285.2002,62.411171,59.066628,,
1285.1002,61.651283,58.512032,,
1285.0002,60.095192,58.258423,,
1284.9002,57.992607,58.28344,,
1284.8002,55.317955,58.412834,,
1284.7002,52.693428,58.336929,,
1284.6002,51.110397,57.820518,,
1284.5002,50.725967,56.968689,,
1284.4002,51.036186,56.003967,,
1284.3002,51.577621,55.239449,,
1284.2002,52.415268,55.079941,,
1284.1002,53.507896,55.675293,,
1284.0002,54.477272,56.711151,,
1283.9002,54.714691,57.994118,,
1283.8002,53.843468,59.456276,,
1283.7002,52.407433,60.794991,,
1283.6002,51.16243,61.229965,,
1283.5002,51.329605,60.3451,,
1283.4002,53.633392,59.078049,,
1283.3002,57.602425,57.745842,,
1283.2002,61.379753,56.485992,,
1283.1002,65.248932,55.820602,,
1283.0002,68.769714,55.890442,,
1282.9002,70.690292,56.420494,,
1282.8002,70.93338,56.784302,,
1282.7002,69.608078,56.637039,,
1282.6002,67.730347,56.09919,,
1282.5002,65.237411,55.890724,,
1282.4002,62.022018,56.073929,,
1282.3002,58.304657,56.272774,,
1282.2002,54.12191,56.55957,,
1282.1002,50.033165,57.058716,,
1282.0002,46.803261,57.707451,,
1281.9002,45.040642,58.239693,,
1281.8002,45.005547,58.345184,,
1281.7002,45.811577,57.918076,,
1281.6002,48.250038,57.195625,,
1281.5002,52.44838,56.496315,,
1281.4002,57.294952,56.128998,,
1281.3002,62.598923,56.302086,,
1281.2002,68.078186,57.067856,,
1281.1002,73.710236,58.24057,,
1281.0002,78.520569,59.94751,,
1280.9002,81.997757,62.562263,,
1280.8002,84.762405,66.027115,,
1280.7002,86.957764,69.614899,,
1280.6002,88.860214,72.3871,,
1280.5002,90.370529,73.876724,,
1280.4002,91.209961,74.192505,,
1280.3002,91.393356,73.882507,,
1280.2002,90.932343,73.526199,,
1280.1002,90.159821,73.066254,,
1280.0002,89.50415,72.323242,,
1279.9002,89.101929,71.351151,,
1279.8002,89.064651,70.300171,,
1279.7002,89.347534,69.451111,,
1279.6002,90.085236,69.011795,,
1279.5002,91.319046,69.061493,,
1279.4002,92.891876,69.53714,,
1279.3002,94.735077,70.37735,,
1279.2002,96.475723,71.864868,,
1279.1002,97.852158,73.747253,,
1279.0002,98.849899,75.397873,,
1278.9002,99.634109,76.116959,,
1278.8002,100.309219,76.19812,,
1278.7002,100.955399,76.739868,,
1278.6002,101.629562,77.568787,,
1278.5002,102.370041,78.225616,,
1278.4002,103.3228,78.805801,,
1278.3002,104.442474,79.393417,,
1278.2002,105.698837,79.933395,,
1278.1002,106.867233,80.239075,,
1278.0002,107.789566,80.227631,,
1277.9002,108.388489,79.977631,,
1277.8002,108.127487,79.574997,,
1277.7002,107.265778,79.290894,,
1277.6002,106.278275,79.282928,,
1277.5002,105.439377,79.35524,,
1277.4002,104.805954,79.270126,,
1277.3002,104.521011,78.943893,,
1277.2002,104.638489,78.254471,,
1277.1003,104.996246,77.256226,,
1277.0003,105.384796,76.107788,,
1276.9003,105.321945,75.057602,,
1276.8003,104.72821,74.125031,,
1276.7003,103.648575,73.235901,,
1276.6003,102.411026,72.669662,,
1276.5003,101.294022,72.618103,,
1276.4003,100.905594,73.057205,,
1276.3003,100.847778,73.395111,,
1276.2003,100.696228,73.367142,,
1276.1003,100.584518,73.185196,,
1276.0003,100.890305,72.752075,,
1275.9003,101.761337,71.825073,,
1275.8003,103.057587,70.168396,,
1275.7003,104.104858,68.470642,,
1275.6003,104.407623,67.461639,,
1275.5003,103.569153,67.158966,,
1275.4003,102.068359,67.286438,,
1275.3003,100.620834,67.503998,,
1275.2003,99.850204,67.667526,,
1275.1003,99.91246,67.771912,,
1275.0003,100.539764,67.804398,,
1274.9003,101.286819,67.562637,,
1274.8003,101.543488,67.275284,,
1274.7003,100.999023,67.374207,,
1274.6003,99.660034,68.016754,,
1274.5003,97.973068,68.740128,,
1274.4003,96.160995,68.951538,,
1274.3003,94.231857,68.728134,,
1274.2003,92.285141,68.405655,,
1274.1003,90.344635,68.169586,,
1274.0003,87.704163,67.947495,,
1273.9003,83.507355,67.719254,,
1273.8003,77.347687,67.593002,,
1273.7003,70.929703,67.31868,,
1273.6003,66.824509,66.358871,,
1273.5003,64.812164,64.456421,,
1273.4003,65.091599,62.219498,,
1273.3003,66.900269,60.562294,,
1273.2003,69.313797,59.723763,,
1273.1003,71.564713,59.792465,,
1273.0003,73.52301,60.680466,,
1272.9003,75.146729,62.027557,,
1272.8003,76.237122,63.514717,,
1272.7003,76.576157,64.635117,,
1272.6003,76.154999,64.805801,,
1272.5003,75.207642,63.881973,,
1272.4003,74.230804,62.401489,,
1272.3003,73.299225,61.171844,,
1272.2003,72.534012,60.63604,,
1272.1003,72.044724,60.760918,,
1272.0003,71.827667,61.212341,,
1271.9003,71.788925,61.874077,,
1271.8003,71.862274,62.632118,,
1271.7003,72.147064,63.050217,,
1271.6003,72.844986,62.913681,,
1271.5003,74.173859,62.578133,,
1271.4003,76.31752,62.306229,,
1271.3003,79.082825,62.429909,,
1271.2003,82.09613,63.230247,,
1271.1003,85.26445,64.38327,,
1271.0003,88.330246,65.479645,,
1270.9003,91.150497,66.518723,,
1270.8003,93.755569,67.579987,,
1270.7003,96.261002,68.398697,,
1270.6003,98.650742,68.527435,,
1270.5003,100.831375,68.11998,,
1270.4003,102.746323,67.604446,,
1270.3003,104.42981,67.210464,,
1270.2003,105.776016,67.225098,,
1270.1003,106.766342,67.739777,,
1270.0003,107.119553,68.430817,,
1269.9003,106.828033,68.837708,,
1269.8003,106.221085,68.907974,,
1269.7003,104.955872,69.156754,,
1269.6003,103.034241,69.532043,,
1269.5003,100.812775,69.560486,,
1269.4003,97.405151,68.880005,,
1269.3003,93.071838,67.889343,,
1269.2003,88.747452,67.216599,,
1269.1003,84.657089,67.063095,,
1269.0003,80.786957,67.028931,,
1268.9003,77.094513,66.832611,,
1268.8003,73.638168,66.847763,,
1268.7003,70.245926,66.741287,,
1268.6003,66.883621,65.982224,,
1268.5003,64.807739,64.276871,,
1268.4003,64.177994,61.779922,,
1268.3003,64.662796,59.135498,,
1268.2003,66.200195,57.462082,,
1268.1003,68.284637,57.145279,,
1268.0003,70.411072,57.738289,,
1267.9003,72.637222,58.864975,,
1267.8003,74.995041,60.418793,,
1267.7003,77.575775,62.362648,,
1267.6003,81.060074,64.092056,,
1267.5003,85.378769,65.175934,,
1267.4003,90.404907,65.682648,,
1267.3003,95.131104,66.347427,,
1267.2003,99.016449,67.362045,,
1267.1003,101.640564,68.4944,,
1267.0003,103.573105,69.644058,,
1266.9003,105.326752,70.85704,,
1266.8003,106.742523,72.159439,,
1266.7003,107.826416,73.217102,,
1266.6003,108.689133,73.871643,,
1266.5003,108.81221,74.11058,,
1266.4003,108.252731,74.44986,,
1266.3003,107.231766,74.958725,,
1266.2003,106.157944,75.155624,,
1266.1003,105.422089,74.976044,,
1266.0003,105.140274,74.766495,,
1265.9003,105.216003,74.93541,,
1265.8003,105.287872,75.011292,,
1265.7003,105.099884,74.700317,,
1265.6003,104.137375,74.522583,,
1265.5003,102.340714,74.668549,,
1265.4003,99.724274,74.822403,,
1265.3003,97.292374,74.337234,,
1265.2003,95.989166,73.141068,,
1265.1003,96.667908,71.669693,,
1265.0003,98.687866,70.34993,,
1264.9003,100.981323,69.53125,,
1264.8003,103.13327,69.312393,,
1264.7003,104.258255,69.734283,,
1264.6003,104.029129,70.556366,,
1264.5003,102.635696,71.339981,,
1264.4003,100.397385,71.603943,,
1264.3003,97.954941,71.078506,,
1264.2003,95.541931,69.970093,,
1264.1003,93.422028,68.913864,,
1264.0003,91.778397,68.270157,,
1263.9003,90.924957,67.78743,,
1263.8003,90.727661,67.492706,,
1263.7003,90.627151,67.522827,,
1263.6003,90.498459,67.796417,,
1263.5003,90.243484,68.156067,,
1263.4003,89.904358,68.395798,,
1263.3003,89.660461,68.442047,,
1263.2003,89.618195,68.332153,,
1263.1003,89.703918,68.222031,,
1263.0003,90.09639,68.265076,,
1262.9003,91.045441,68.437256,,
1262.8003,92.596207,68.569855,,
1262.7003,94.665314,68.641251,,
1262.6003,97.076416,68.926529,,
1262.5003,99.859543,69.679123,,
1262.4003,102.68782,70.51619,,
1262.3003,105.031723,71.049332,,
1262.2003,106.986938,71.285339,,
1262.1003,108.381058,71.449142,,
1262.0003,109.21225,71.687836,,
1261.9003,109.579147,71.978256,,
1261.8003,109.52774,72.341431,,
1261.7003,109.357315,72.863342,,
1261.6003,109.256241,73.536362,,
1261.5003,109.335754,74.088654,,
1261.4003,109.568817,74.240784,,
1261.3003,109.787766,74.056702,,
1261.2003,109.893387,73.774124,,
1261.1003,109.880615,73.556686,,
1261.0003,109.769791,73.325729,,
1260.9003,109.457336,73.22226,,
1260.8003,108.871033,73.368805,,
1260.7003,108.186203,73.495895,,
1260.6003,107.578598,73.536469,,
1260.5003,107.162064,73.574554,,
1260.4003,106.980484,73.638702,,
1260.3003,106.977264,73.566559,,
1260.2003,106.945267,73.162979,,
1260.1003,106.691101,72.473862,,
1260.0003,105.943649,71.715485,,
1259.9003,104.670624,71.382965,,
1259.8003,102.949371,72.027985,,
1259.7003,101.248322,73.605392,,
1259.6003,100.103516,75.372543,,
1259.5003,99.836243,76.652222,,
1259.4003,100.260925,77.292099,,
1259.3003,100.819885,77.505829,,
1259.2003,101.429977,77.023895,,
1259.1003,101.994995,76.000519,,
1259.0003,102.495544,75.035553,,
1258.9003,103.000046,74.447891,,
1258.8003,103.619217,74.157166,,
1258.7003,104.499283,73.887451,,
1258.6003,105.664001,73.6297,,
1258.5003,106.855301,73.486588,,
1258.4003,107.641205,73.552139,,
1258.3003,107.892151,74.307922,,
1258.2003,107.842957,75.556976,,
1258.1003,107.695221,76.639984,,
1258.0003,107.68985,76.814682,,
1257.9003,107.920761,76.218124,,
1257.8003,108.483047,75.462341,,
1257.7003,109.071289,75.090927,,
1257.6003,109.289352,75.085602,,
1257.5003,108.019394,75.12941,,
1257.4003,105.565414,75.320221,,
1257.3003,102.594696,75.407013,,
1257.2003,99.32515,74.885132,,
1257.1003,96.198135,73.800598,,
1257.0003,93.521729,72.509979,,
1256.9003,91.801636,71.178833,,
1256.8003,90.726654,70.681381,,
1256.7003,89.940796,71.082748,,
1256.6003,88.376053,71.693756,,
1256.5003,85.755035,72.101715,,
1256.4003,82.213547,72.260193,,
1256.3003,77.783005,72.164719,,
1256.2003,73.271698,71.302811,,
1256.1003,69.389481,69.618683,,
1256.0003,66.891296,67.483566,,
1255.9003,65.364655,65.275482,,
1255.8003,64.268951,63.177597,,
1255.7003,63.445473,61.497742,,
1255.6003,62.900635,60.602592,,
1255.5003,62.758537,60.409523,,
1255.4003,63.0298,60.487434,,
1255.3003,63.6203,60.578354,,
1255.2003,64.630905,60.677895,,
1255.1003,66.00766,60.884026,,
1255.0003,67.586929,61.131729,,
1254.9003,69.279312,61.31076,,
1254.8003,71.027161,61.669365,,
1254.7003,72.83139,62.392464,,
1254.6003,74.611053,63.425674,,
1254.5003,76.410355,63.997864,,
1254.4003,78.287964,63.928001,,
1254.3003,79.997849,63.692078,,
1254.2003,81.470718,63.173523,,
1254.1003,82.847366,62.364006,,
1254.0003,84.419891,61.722076,,
1253.9003,86.694077,61.306633,,
1253.8003,89.685776,61.305161,,
1253.7003,92.61969,62.225204,,
1253.6003,95.147919,63.968597,,
1253.5003,97.478622,66.116104,,
1253.4003,99.181549,68.574509,,
1253.3003,100.074387,71.031784,,
1253.2003,100.289505,72.852356,,
1253.1003,99.749481,73.564407,,
1253.0003,98.652542,73.257263,,
1252.9003,97.321518,72.494949,,
1252.8003,95.811005,71.280579,,
1252.7003,94.169983,69.833923,,
1252.6003,92.413803,68.945419,,
1252.5003,90.505188,69.011292,,
1252.4003,88.436478,69.508606,,
1252.3003,86.240097,69.251816,,
1252.2003,84.149445,68.384293,,
1252.1003,82.665176,67.458313,,
1252.0003,82.045319,66.544601,,
1251.9003,82.535889,65.247787,,
1251.8003,83.873962,63.695267,,
1251.7003,85.856705,62.901703,,
1251.6003,88.682953,63.139748,,
1251.5003,92.523056,64.517563,,
1251.4003,97.702377,67.104416,,
1251.3003,103.708969,70.168976,,
1251.2003,108.496445,72.694016,,
1251.1003,111.245636,74.932861,,
1251.0003,111.311432,77.019516,,
1250.9003,109.793869,78.718521,,
1250.8003,106.571976,79.460861,,
1250.7003,101.807083,79.130997,,
1250.6003,96.540543,78.190277,,
1250.5003,91.28627,76.889832,,
1250.4003,86.334198,74.754288,,
1250.3003,81.055954,71.510284,,
1250.2003,76.215103,68.403488,,
1250.1003,72.884567,65.92482,,
1250.0003,71.456421,64.019211,,
1249.9003,71.778107,63.615036,,
1249.8003,73.206604,65.139175,,
1249.7003,75.47464,67.639572,,
1249.6003,78.410019,70.092789,,
1249.5003,81.578491,71.687103,,
1249.4003,84.669083,72.020126,,
1249.3003,87.539886,71.240509,,
1249.2003,90.019318,69.65509,,
1249.1003,91.804413,67.867188,,
1249.0003,92.909424,66.490128,,
1248.9003,93.681427,65.80159,,
1248.8003,94.221497,65.679886,,
1248.7003,94.485672,66.969223,,
1248.6003,94.483536,69.72403,,
1248.5003,94.136948,72.776611,,
1248.4003,93.620224,75.020248,,
1248.3003,93.231979,75.995682,,
1248.2003,93.216324,76.144867,,
1248.1003,93.448547,74.87178,,
1248.0003,93.650497,72.532074,,
1247.9003,93.619598,70.369888,,
1247.8003,93.260712,69.509918,,
1247.7003,92.67453,69.790649,,
1247.6003,92.318542,70.234283,,
1247.5003,92.344681,70.897003,,
1247.4003,92.635101,71.496246,,
1247.3003,93.013367,71.005035,,
1247.2003,93.385818,69.468643,,
1247.1003,93.760666,67.748825,,
1247.0003,94.175278,66.687195,,
1246.9003,94.645432,66.676437,,
1246.8003,95.168396,67.481308,,
1246.7003,95.740646,68.682022,,
1246.6003,96.32579,70.636688,,
1246.5003,96.880981,73.340134,,
1246.4003,97.369904,75.951767,,
1246.3003,97.862656,77.686584,,
1246.2003,98.438202,78.475937,,
1246.1003,99.151001,78.731277,,
1246.0003,99.984116,78.594254,,
1245.9003,100.902817,78.103958,,
1245.8003,101.913879,77.479431,,
1245.7003,102.92247,76.880463,,
1245.6003,103.739426,76.316483,,
1245.5003,103.895645,75.537384,,
1245.4003,103.334534,74.429337,,
1245.3003,101.988693,73.103516,,
1245.2003,100.229797,71.946075,,
1245.1003,98.594452,71.231583,,
1245.0003,98.026428,70.946579,,
1244.9003,98.350967,71.110748,,
1244.8003,99.069016,71.983749,,
1244.7003,100.213425,73.881454,,
1244.6003,101.662094,76.058884,,
1244.5003,103.188644,77.878189,,
1244.4003,104.422348,79.475037,,
1244.3003,104.926636,80.913849,,
1244.2003,104.636536,82.05838,,
1244.1003,103.337753,82.603073,,
1244.0003,101.444489,82.444595,,
1243.9003,99.359131,81.78096,,
1243.8003,97.06163,80.734238,,
1243.7003,94.782196,78.611115,,
1243.6003,92.637848,75.339401,,
1243.5003,91.172485,72.288147,,
1243.4003,90.389969,70.166611,,
1243.3003,89.957458,68.850189,,
1243.2003,89.852432,68.577515,,
1243.1003,89.959137,69.252304,,
1243.0003,90.208572,70.202225,,
1242.9003,90.437912,70.804611,,
1242.8003,90.386353,70.837036,,
1242.7003,89.813889,70.499969,,
1242.6003,88.92157,70.115051,,
1242.5003,88.353119,70.006424,,
1242.4003,88.7621,70.272003,,
1242.3003,90.210938,70.503006,,
1242.2003,92.048538,70.16655,,
1242.1003,93.856827,69.227234,,
1242.0003,95.586578,68.306564,,
1241.9003,97.350159,68.060654,,
1241.8003,98.872589,68.452087,,
1241.7003,99.708069,69.525482,,
1241.6003,99.469177,71.309814,,
1241.5003,97.825882,73.363068,,
1241.4003,94.955093,75.069046,,
1241.3003,92.231384,75.72818,,
1241.2003,89.79541,75.47049,,
1241.1003,87.655472,74.421997,,
1241.0003,85.567978,72.9142,,
1240.9003,83.566666,71.437073,,
1240.8003,81.744217,70.17984,,
1240.7003,80.22847,69.13002,,
1240.6003,78.922455,68.178925,,
1240.5003,77.668655,67.312653,,
1240.4003,76.479233,66.504913,,
1240.3003,75.597992,65.55101,,
1240.2003,75.367157,64.544815,,
1240.1003,75.797394,63.743729,,
1240.0003,76.994446,62.828133,,
1239.9003,78.873764,61.866653,,
1239.8003,81.395752,61.573082,,
1239.7003,84.521942,62.283707,,
1239.6003,87.826523,64.087234,,
1239.5003,90.948471,66.453293,,
1239.4003,93.109772,68.40152,,
1239.3003,93.731979,69.423889,,
1239.2003,92.897217,69.963455,,
1239.1003,91.026199,69.764099,,
1239.0003,89.187347,68.411713,,
1238.9003,87.679016,66.244888,,
1238.8003,86.730148,64.055466,,
1238.7003,86.151627,62.666893,,
1238.6003,85.696335,62.297577,,
1238.5003,85.42012,62.533218,,
1238.4003,85.482132,62.912277,,
1238.3003,86.027145,63.483604,,
1238.2003,87.126328,63.952271,,
1238.1003,88.615524,63.918961,,
1238.0003,90.446823,63.365219,,
1237.9003,92.44191,62.808052,,
1237.8003,94.371918,62.755959,,
1237.7003,96.203003,63.241425,,
1237.6003,98.068573,64.444092,,
1237.5003,100.050842,66.251129,,
1237.4003,101.643814,68.318008,,
1237.3003,102.780624,70.229538,,
1237.2003,103.68158,71.631195,,
1237.1003,104.575516,72.226929,,
1237.0003,105.344803,71.701859,,
1236.9003,105.710297,70.463181,,
1236.8003,105.403412,69.88063,,
1236.7003,104.656891,70.240906,,
1236.6003,103.726089,70.935562,,
1236.5003,102.746292,71.401108,,
1236.4003,101.801376,71.876602,,
1236.3003,100.892166,72.621872,,
1236.2003,100.014893,72.728516,,
1236.1003,99.208328,72.090302,,
1236.0003,98.542938,71.260559,,
1235.9003,98.154953,70.885178,,
1235.8003,97.9888,70.781174,,
1235.7003,97.944534,70.49942,,
1235.6003,97.905884,70.11441,,
1235.5003,97.780258,69.822205,,
1235.4003,97.315887,69.69342,,
1235.3003,96.436584,69.827026,,
1235.2003,95.225479,70.260452,,
1235.1003,93.782303,70.979599,,
1235.0003,92.170441,71.931351,,
1234.9003,90.423233,72.624603,,
1234.8003,88.400848,72.415359,,
1234.7003,86.192673,70.97348,,
1234.6003,83.939178,68.817886,,
1234.5003,81.812668,66.796478,,
1234.4003,79.858963,64.652145,,
1234.3003,78.123932,62.414169,,
1234.2003,77.176361,60.815018,,
1234.1003,77.233978,59.790421,,
1234.0003,78.299484,59.069839,,
1233.9003,80.137192,59.06823,,
1233.8003,82.328781,59.766357,,
1233.7003,84.649902,60.654945,,
1233.6003,87.274597,61.400215,,
1233.5003,90.07988,62.292023,,
1233.4003,92.709808,63.569229,,
1233.3003,94.729645,64.876495,,
1233.2003,96.177597,66.329453,,
1233.1003,97.423096,68.159332,,
1233.0003,98.537155,69.070084,,
1232.9003,99.47345,69.00119,,
1232.8003,100.170776,69.357239,,
1232.7003,100.613541,70.742249,,
1232.6003,100.90976,72.617523,,
1232.5003,101.077805,74.140579,,
1232.4003,101.087585,75.036819,,
1232.3003,100.920074,75.415512,,
1232.2003,100.415039,75.46257,,
1232.1003,99.401932,74.732468,,
1232.0003,97.951065,73.277069,,
1231.9003,96.210831,72.074509,,
1231.8003,94.454453,71.344498,,
1231.7003,92.820358,70.579391,,
1231.6003,91.209473,69.349136,,
1231.5003,89.519104,67.692535,,
1231.4003,87.780319,65.970016,,
1231.3003,86.592239,64.480347,,
1231.2003,86.323975,63.381271,,
1231.1003,86.552338,62.736534,,
1231.0003,87.277069,62.535286,,
1230.9003,88.388596,62.784622,,
1230.8003,89.79509,63.418121,,
1230.7003,91.6978,64.330902,,
1230.6003,94.09491,65.384003,,
1230.5003,96.551498,66.334824,,
1230.4003,99.02504,67.052872,,
1230.3003,101.443115,67.566666,,
1230.2003,103.414978,68.039474,,
1230.1003,104.765671,68.540817,,
1230.0003,105.590515,69.125732,,
1229.9003,106.051468,69.788223,,
1229.8003,106.012283,70.31781,,
1229.7003,105.381989,70.801056,,
1229.6003,104.209122,71.823639,,
1229.5003,102.52829,73.384064,,
1229.4003,100.681,75.010803,,
1229.3003,98.718582,76.252365,,
1229.2003,96.756973,77.004791,,
1229.1003,95.015915,77.131958,,
1229.0003,93.399826,76.336472,,
1228.9003,91.852386,73.830719,,
1228.8003,90.512787,69.8508,,
1228.7003,90.027527,66.66835,,
1228.6003,90.564987,64.816498,,
1228.5003,91.314529,63.682068,,
1228.4003,92.092133,63.452469,,
1228.3003,92.666885,64.494904,,
1228.2003,92.970642,66.3526,,
1228.1003,92.578705,67.799149,,
1228.0003,91.559967,68.150757,,
1227.9003,90.569946,67.571686,,-0.022675
1227.8003,90.508636,66.446259,,-0.017447
1227.7003,91.627747,65.065033,,-0.013386
1227.6003,93.218903,63.838608,2.66511,-0.008678
1227.5003,95.029739,63.351456,2.656135,-0.005814
1227.4003,96.934677,64.057388,2.649496,-0.005917
1227.3003,99.050262,65.712952,2.645654,-0.006076
1227.2003,100.299057,67.560104,2.645672,-0.00726
1227.1003,100.374405,69.204987,2.649889,-0.009885
1227.0003,99.74855,70.55896,2.6573,-0.013011
1226.9003,98.826492,71.203979,2.66792,-0.016158
1226.8003,97.987717,70.77034,2.679454,-0.019336
1226.7003,97.326935,69.443542,2.686272,-0.022469
1226.6003,96.763687,67.781219,2.686193,-0.025612
1226.5003,96.247467,66.231873,2.681123,-0.028789
1226.4003,95.896637,64.942322,2.675773,-0.03193
1226.3003,95.848328,64.065292,2.672981,-0.03508
1226.2003,96.053909,63.491272,2.671348,-0.038255
1226.1003,96.415222,62.988228,2.667356,-0.04115
1226.0002,96.686081,62.695801,2.660448,-0.04214
1225.9002,96.7612,62.807213,2.652865,-0.039958
1225.8002,96.600235,63.361351,2.646876,-0.036359
1225.7002,96.256287,63.765137,2.643114,-0.032639
1225.6002,95.80687,63.95092,2.641158,-0.028992
1225.5002,95.221405,64.337769,2.639962,-0.025458
1225.4002,94.620209,65.312378,2.63886,-0.023219
1225.3002,94.098129,66.393921,2.637614,-0.025403
1225.2002,93.706665,66.794525,2.636171,-0.029998
1225.1002,93.469391,66.654755,2.634642,-0.034868
1225.0002,93.37085,66.332443,2.632511,-0.039755
1224.9002,93.377151,65.840393,2.628724,-0.044516
1224.8002,93.371155,65.181152,2.62196,-0.047783
1224.7002,93.285385,64.536316,2.612409,-0.04664
1224.6002,93.115982,64.242767,2.603422,-0.043182
1224.5002,92.96225,64.303741,2.599916,-0.039497
1224.4002,92.894455,64.527802,2.604182,-0.035802
1224.3002,92.961502,64.804459,2.612249,-0.032145
1224.2002,93.160583,65.282791,2.619528,-0.028465
1224.1002,93.507324,66.056839,2.624159,-0.024752
1224.0002,93.867111,67.106644,2.629349,-0.021324
1223.9002,94.108795,68.220779,2.63689,-0.019654
1223.8002,94.106308,69.207886,2.644893,-0.019493
1223.7002,93.814301,70.003311,2.651093,-0.01974
1223.6002,93.423401,70.274216,2.653446,-0.020029
1223.5002,93.202362,69.787292,2.650587,-0.020323
1223.4002,93.226883,68.630432,2.643869,-0.020616
1223.3002,93.460693,67.445358,2.633049,-0.020911
1223.2002,93.993759,66.803833,2.618462,-0.021203
1223.1002,94.705032,66.945908,2.606317,-0.021488
1223.0002,95.460724,67.615738,2.602496,-0.02162
1222.9002,96.272476,68.377502,2.60496,-0.020508
1222.8002,97.217438,69.188766,2.607076,-0.016831
1222.7002,98.249939,70.149521,2.606524,-0.011765
1222.6002,99.04306,71.273178,2.607578,-0.006741
1222.5002,99.035248,72.173462,2.611948,-0.002221
1222.4002,98.087067,72.581726,2.618622,-0.002074
1222.3002,96.279099,72.680939,2.627844,-0.006269
1222.2002,93.886215,72.57933,2.636439,-0.011374
1222.1002,91.433044,72.32782,2.641203,-0.016442
1222.0002,90.651047,71.918152,2.645021,-0.021247
1221.9002,91.608368,71.374374,2.649978,-0.024482
1221.8002,92.720917,71.09491,2.653491,-0.026062
1221.7002,94.066086,71.702133,2.652989,-0.027142
1221.6002,95.577545,72.568222,2.6479,-0.026953
1221.5002,97.062469,72.580872,2.64031,-0.025429
1221.4002,98.363953,71.809677,2.633546,-0.023669
1221.3002,99.183365,70.500259,2.630363,-0.021934
1221.2002,99.396347,68.913467,2.631291,-0.020252
1221.1002,98.95047,67.485809,2.635431,-0.01902
1221.0002,98.174042,66.665833,2.641857,-0.019336
1220.9002,97.527664,66.524231,2.650544,-0.020123
1220.8002,97.206207,66.830383,2.659856,-0.016947
1220.7002,97.321548,67.195831,2.666089,-0.010538
1220.6002,97.82991,67.322098,2.666142,-0.008184
1220.5002,98.670746,67.512817,2.660966,-0.011323
1220.4002,99.596786,67.85321,2.654286,-0.01572
1220.3002,100.508209,67.913681,2.64828,-0.020205
1220.2002,101.321518,67.900299,2.643858,-0.024473
1220.1002,101.985168,68.232742,2.639621,-0.027741
1220.0002,102.424911,68.918289,2.63442,-0.029548
1219.9002,102.54245,69.752258,2.630241,-0.030792
1219.8002,102.391235,70.575333,2.63033,-0.032013
1219.7002,102.010727,71.37468,2.634647,-0.033234
1219.6002,101.449585,71.875793,2.642127,-0.034435
1219.5002,100.855713,71.776672,2.650847,-0.035472
1219.4002,100.283508,71.299622,2.655087,-0.035499
1219.3002,99.771011,70.605423,2.652748,-0.032977
1219.2002,99.300339,69.752335,2.647046,-0.028107
1219.1002,98.839539,68.781052,2.640287,-0.023279
1219.0002,98.342346,67.854782,2.633482,-0.018562
1218.9002,97.782196,67.180161,2.626632,-0.014604
1218.8002,97.092285,66.674988,2.620142,-0.013544
1218.7002,96.195892,66.24054,2.613945,-0.015595
1218.6002,95.183517,65.930374,2.608553,-0.017717
1218.5002,94.231262,66.005173,2.605847,-0.019838
1218.4002,93.622772,66.648972,2.60587,-0.021995
1218.3002,93.498779,67.655151,2.605537,-0.024135
1218.2002,93.856323,68.571701,2.602707,-0.026269
1218.1002,94.485092,69.257416,2.597925,-0.028242
1218.0002,95.108429,69.779358,2.594049,-0.029183
1217.9002,95.682083,69.921524,2.594208,-0.028584
1217.8002,96.255096,69.56311,2.597414,-0.027371
1217.7002,96.970108,68.974823,2.598675,-0.026156
1217.6002,97.828262,68.540833,2.59594,-0.024934
1217.5002,98.69809,68.48877,2.590388,-0.023739
1217.4002,99.487915,68.742249,2.584321,-0.02236
1217.3002,100.065781,69.223373,2.582984,-0.01989
1217.2002,100.396042,69.706223,2.5875,-0.018116
1217.1002,100.553879,69.96965,2.591815,-0.018893
1217.0002,100.755524,70.288528,2.5925,-0.024122
1216.9002,101.101395,70.872803,2.590634,-0.023847
1216.8002,101.344635,71.580627,2.589117,-0.014112
1216.7002,101.198395,72.182587,2.592293,-0.011125
1216.6002,100.631821,72.669922,2.600944,-0.015131
1216.5002,99.678726,73.19426,2.609334,-0.019389
1216.4002,98.595215,73.493698,2.611094,-0.023607
1216.3002,97.578735,73.451111,2.604908,-0.026445
1216.2002,96.624512,73.242981,2.596886,-0.018964
1216.1002,95.973907,73.210861,2.597128,-0.001681
1216.0002,95.710037,73.153595,2.607808,0.004263
1215.9002,95.599792,72.479584,2.617112,-0.001547
1215.8002,95.31189,71.390427,2.620729,-0.0095
1215.7002,94.747375,70.249542,2.621995,-0.017916
1215.6002,94.30246,69.071869,2.621992,-0.02699
1215.5002,94.299423,67.830627,2.619785,-0.030648
1215.4002,94.805435,66.590012,2.613873,-0.027955
1215.3002,95.862076,65.444611,2.604577,-0.023391
1215.2002,97.085831,65.169418,2.597223,-0.01856
1215.1002,98.167801,65.988159,2.597011,-0.013373
1215.0002,98.676437,67.507904,2.600171,-0.013628
1214.9002,98.710571,69.06813,2.603383,-0.022996
1214.8002,98.452255,70.322998,2.607286,-0.028289
1214.7002,98.303574,71.374786,2.614457,-0.029039
1214.6002,98.574142,71.923553,2.622301,-0.028951
1214.5002,99.48468,71.902634,2.624733,-0.027984
1214.4002,100.190201,71.806122,2.620974,-0.025067
1214.3002,100.009735,72.276825,2.613883,-0.021273
1214.2002,98.326218,73.375671,2.607715,-0.01745
1214.1002,95.773941,74.25087,2.604972,-0.014449
1214.0002,93.232437,74.271637,2.604301,-0.014046
1213.9002,91.221573,73.41481,2.602376,-0.014982
1213.8002,90.118576,71.335327,2.599533,-0.016235
1213.7002,89.769562,68.68573,2.596092,-0.018716
1213.6002,90.091934,66.268707,2.590147,-0.023528
1213.5002,90.888031,64.864517,2.579717,-0.027936
1213.4002,91.818054,64.6689,2.565957,-0.027018
1213.3002,92.430206,65.432053,2.553707,-0.022606
1213.2002,92.055862,66.935028,2.549498,-0.02089
1213.1002,90.696701,68.736862,2.553859,-0.022111
1213.0002,88.67543,70.41571,2.55911,-0.024117
1212.9002,86.442764,70.998474,2.562629,-0.026175
1212.8002,84.187408,70.326797,2.566468,-0.028245
1212.7002,82.036148,68.864944,2.571083,-0.030488
1212.6002,80.402252,66.933029,2.577157,-0.033949
1212.5002,79.402466,64.88887,2.585986,-0.038602
1212.4002,79.603424,63.213074,2.596406,-0.039661
1212.3002,80.782516,62.015892,2.599637,-0.037101
1212.2002,82.434647,61.244537,2.586037,-0.033879
1212.1002,84.494659,61.036903,2.56074,-0.030594
1212.0002,86.726852,61.410774,2.532241,-0.026565
1211.9002,88.838943,62.100479,2.508375,-0.020705
1211.8002,90.792694,62.790276,2.495464,-0.013929
1211.7002,92.618179,65.263351,2.495895,-0.009145
1211.6002,94.200684,70.14743,2.506621,-0.012991
1211.5002,95.253052,74.87085,2.518683,-0.024436
1211.4002,95.683685,77.80304,2.527165,-0.036118
1211.3002,95.581741,79.307358,2.533703,-0.041366
1211.2002,94.660065,79.575165,2.540074,-0.040899
1211.1002,93.025757,78.070877,2.547366,-0.040213
1211.0002,91.199493,74.895905,2.55589,-0.039516
1210.9002,89.571167,71.345047,2.564091,-0.038808
1210.8002,88.501373,68.767242,2.570452,-0.038091
1210.7002,88.144684,67.467484,2.575331,-0.037381
1210.6002,88.537659,66.662048,2.578743,-0.03664
1210.5002,89.397339,65.657257,2.57991,-0.035724
1210.4002,90.603378,64.600494,2.579549,-0.034524
1210.3002,92.042053,64.337631,2.580394,-0.033158
1210.2002,93.454514,65.516235,2.58371,-0.031803
1210.1002,94.834839,67.489716,2.587452,-0.030399
1210.0002,96.060394,69.582458,2.592485,-0.028717
1209.9002,96.858566,71.131454,2.602402,-0.026488
1209.8002,96.908508,71.910553,2.615904,-0.023896
1209.7002,96.136688,71.47879,2.629408,-0.021805
1209.6002,95.189636,69.73912,2.639397,-0.022069
1209.5002,94.440216,67.786026,2.643352,-0.02638
1209.4002,94.244827,66.330414,2.643532,-0.032582
1209.3002,94.483185,65.481888,2.644276,-0.036431
1209.2002,95.216385,64.94371,2.644258,-0.033809
1209.1002,96.367126,64.901276,2.641874,-0.027155
1209.0002,97.608521,65.596069,2.639797,-0.029083
1208.9002,98.996765,66.497543,2.638824,-0.039006
1208.8002,100.482361,67.2332,2.638879,-0.045564
1208.7002,101.902878,67.82634,2.640621,-0.045329
1208.6002,103.120834,68.424515,2.643149,-0.038131
1208.5002,104.107361,69.131302,2.644701,-0.029915
1208.4002,105.045776,69.932037,2.643457,-0.021546
1208.3002,105.928528,70.782364,2.637221,-0.013054
1208.2002,106.769974,72.03566,2.627027,-0.00486
1208.1002,107.5672,74.161057,2.618169,-0.001322
1208.0002,108.270142,76.749908,2.615077,-0.005963
1207.9002,108.874908,78.926895,2.620025,-0.013122
1207.8002,109.434662,79.889725,2.633589,-0.020117
1207.7002,110.134277,79.53862,2.647627,-0.026105
1207.6002,111.001556,78.249039,2.652231,-0.02904
1207.5002,111.465256,76.752655,2.645858,-0.029185
1207.4002,110.728287,75.081589,2.634385,-0.030103
1207.3002,108.562424,73.148239,2.625827,-0.034317
1207.2002,105.61084,71.223801,2.624997,-0.041043
1207.1002,102.24498,69.487915,2.629407,-0.04537
1207.0002,98.941864,68.008545,2.632944,-0.045073
1206.9002,96.151688,66.707458,2.632562,-0.041874
1206.8002,93.94339,65.647614,2.628948,-0.038726
1206.7002,92.07106,64.907913,2.62293,-0.035736
1206.6002,90.717621,64.379471,2.612914,-0.033678
1206.5002,89.99733,64.088196,2.599508,-0.034532
1206.4002,89.766953,64.076553,2.58731,-0.037408
1206.3002,90.088531,64.327423,2.580909,-0.040111
1206.2002,90.631912,64.754501,2.578361,-0.041302
1206.1002,91.013229,65.232727,2.575248,-0.039104
1206.0002,90.633957,65.709473,2.572556,-0.035066
1205.9002,89.769485,66.086594,2.573887,-0.031077
1205.8002,89.028702,66.26059,2.580753,-0.027086
1205.7002,89.299271,66.11145,2.590053,-0.023035
1205.6002,90.57489,66.125381,2.599205,-0.019277
1205.5002,92.422119,66.789581,2.607178,-0.017951
1205.4002,94.747498,68.268951,2.611773,-0.019716
1205.3002,97.231903,69.85997,2.612362,-0.022597
1205.2002,99.771393,71.016907,2.61141,-0.025578
1205.1002,101.626816,71.837173,2.612287,-0.028551
1205.0002,102.180405,72.936951,2.616287,-0.031081
1204.9002,100.77417,74.409424,2.623165,-0.030342
1204.8002,98.461975,75.009308,2.633142,-0.026998
1204.7002,96.143692,74.302368,2.6435,-0.022978
1204.6002,94.05304,72.798904,2.648407,-0.018833
1204.5002,92.706467,71.154419,2.645978,-0.015187
1204.4002,92.166061,69.10228,2.638015,-0.015489
1204.3002,92.65744,66.449966,2.628517,-0.019797
1204.2002,94.294922,64.563446,2.618541,-0.025503
1204.1002,96.735779,63.935638,2.608002,-0.030579
1204.0002,99.718445,64.039261,2.598052,-0.031915
1203.9002,102.950699,64.528305,2.590689,-0.031813
1203.8002,106.178177,65.297302,2.587464,-0.032645
1203.7002,109.026871,66.29393,2.587545,-0.033996
1203.6002,111.121094,67.532547,2.590549,-0.035414
1203.5002,112.475357,69.082413,2.596817,-0.036827
1203.4002,113.386063,71.079758,2.605661,-0.038071
1203.3002,114.181946,73.081528,2.615074,-0.037807
1203.2002,114.976578,74.684692,2.622233,-0.036233
1203.1002,115.640152,75.839005,2.625864,-0.034242
1203.0002,116.04213,76.358749,2.62777,-0.032184
1202.9002,116.166397,76.308304,2.628466,-0.03015
1202.8002,115.944824,75.884293,2.624815,-0.028112
1202.7002,115.528702,75.553558,2.615338,-0.02616
1202.6002,115.058853,75.492828,2.603612,-0.02507
1202.5002,114.15715,75.494064,2.595581,-0.025838
1202.4002,112.756134,75.526596,2.592206,-0.027538
1202.3002,110.912277,75.545288,2.589417,-0.029307
1202.2002,108.203537,75.260666,2.583758,-0.031083
1202.1002,105.19281,74.316467,2.578519,-0.032815
1202.0002,102.501572,72.775177,2.578667,-0.034272
1201.9002,100.357468,71.089737,2.58165,-0.034316
1201.8002,98.672836,69.582153,2.585473,-0.03342
1201.7002,97.287384,68.290344,2.591263,-0.03247
1201.6002,96.534744,67.501221,2.596395,-0.031517
1201.5002,96.353409,67.482758,2.597697,-0.030557
1201.4002,96.472702,68.091217,2.594518,-0.029566
1201.3002,96.836121,68.578629,2.587814,-0.028804
1201.2002,97.399246,68.510345,2.580439,-0.02984
1201.1002,98.201248,68.01799,2.577108,-0.032874
1201.0002,99.198624,67.243805,2.578652,-0.036373
1200.9002,100.19278,66.527451,2.58146,-0.03988
1200.8002,100.852875,66.28421,2.58085,-0.043395
1200.7002,100.861801,66.845963,2.574183,-0.046491
1200.6002,100.23233,68.232117,2.562382,-0.046445
1200.5002,98.900055,70.071808,2.549201,-0.036891
1200.4002,97.099594,71.696136,2.539108,-0.022439
1200.3002,95.322815,72.563446,2.535711,-0.016636
1200.2002,93.697617,72.768951,2.540813,-0.016793
1200.1002,92.374069,72.358704,2.550739,-0.015557
1200.0002,91.450638,71.462601,2.560848,-0.014269
1199.9002,91.267181,70.462112,2.569919,-0.01377
1199.8002,92.063324,69.531708,2.57806,-0.017138
1199.7002,93.648499,68.747833,2.583385,-0.025256
1199.6002,96.145676,68.17305,2.583926,-0.031076
1199.5002,99.342957,67.847443,2.579664,-0.031675
1199.4002,102.39032,67.873795,2.572592,-0.032104
1199.3002,105.039154,68.500153,2.565208,-0.032451
1199.2002,107.009964,69.818542,2.557284,-0.032132
1199.1002,108.108734,71.422897,2.54602,-0.029519
1199.0002,107.662476,72.858398,2.531013,-0.024451
1198.9002,105.483841,73.757538,2.514598,-0.019259
1198.8002,102.713058,73.941879,2.499413,-0.014066
1198.7002,99.383911,73.500977,2.486195,-0.008673
1198.6002,95.844894,72.362396,2.474143,-0.003532
1198.5002,92.509201,70.628418,2.462058,-0.00178
1198.4002,89.522797,69.0224,2.4489,-0.006298
1198.3002,86.978607,68.359085,2.437278,-0.012146
1198.2002,84.740463,68.629135,2.431787,-0.015276
1198.1002,83.216324,69.267136,2.431547,-0.016423
1198.0002,82.823273,69.763901,2.430197,-0.0176
1197.9002,83.216187,70.118805,2.422468,-0.018783
1197.8002,84.190643,70.495743,2.406837,-0.019982
1197.7002,85.230362,71.067535,2.38922,-0.021151
1197.6002,86.034897,71.883698,2.379845,-0.02166
1197.5002,85.924332,72.839432,2.382261,-0.019194
1197.4002,84.567017,73.796768,2.39058,-0.012627
1197.3002,82.642776,74.650681,2.399939,-0.005049
1197.2002,80.454758,75.142181,2.405994,-0.00244
1197.1002,78.051163,74.90036,2.407239,-0.009284
1197.0002,75.803833,73.782974,2.404825,-0.015426
1196.9002,74.084549,71.873962,2.400887,-0.013649
1196.8002,72.844955,69.729935,2.396432,-0.009922
1196.7002,72.038071,68.117493,2.392272,-0.006394
1196.6002,71.474945,67.27829,2.386779,-0.004353
1196.5002,70.923172,67.045166,2.37857,-0.006283
1196.4002,70.33963,67.251404,2.371469,-0.011
1196.3002,69.65152,67.808853,2.368468,-0.014572
1196.2002,68.844559,68.534149,2.367709,-0.013773
1196.1002,67.779053,69.264572,2.365813,-0.009954
1196.0002,66.530289,69.834106,2.363211,-0.009767
1195.9002,65.360687,70.128159,2.364118,-0.013427
1195.8002,64.753113,70.128464,2.369311,-0.017452
1195.7002,64.758667,69.904037,2.378201,-0.017352
1195.6002,65.049286,69.611267,2.388535,-0.012096
1195.5002,65.54306,69.340973,2.394159,-0.006732
1195.4002,66.142075,69.12291,2.393836,-0.006776
1195.3002,66.829773,68.956604,2.395514,-0.011371
1195.2002,67.587952,68.850296,2.408834,-0.016204
1195.1002,68.42981,68.821503,2.43379,-0.013827
1195.0002,69.488297,68.868988,2.460664,-0.001892
1194.9002,71.028275,69.027786,2.482167,0.012439
1194.8002,73.041168,69.206451,2.49804,0.016316
1194.7002,75.661713,69.287094,2.513425,0.01274
1194.6002,79.52179,69.176086,2.530839,0.008275
1194.5002,84.181503,68.952652,2.547519,0.003803
1194.4002,88.550674,68.743774,2.559853,-0.000716
1194.3002,92.062973,68.652481,2.56763,-0.00521
1194.2002,94.787338,68.868393,2.569976,-0.009725
1194.1002,96.175934,69.545105,2.56553,-0.014278
1194.0002,96.300201,70.587509,2.559726,-0.018768
1193.9002,95.588455,71.510681,2.559506,-0.022814
1193.8002,93.958664,71.8116,2.56616,-0.023383
1193.7002,92.452728,71.329834,2.575414,-0.021785
1193.6002,91.643784,70.259613,2.582027,-0.0198
1193.5002,92.148804,68.804047,2.583643,-0.017785
1193.4002,93.521362,67.313721,2.582194,-0.015166
1193.3002,95.287186,66.500641,2.578676,-0.00913
1193.2002,97.423386,67.247681,2.570557,-0.001031
1193.1002,98.666595,69.023209,2.553942,0.00664
1193.0002,98.105133,70.891525,2.529143,0.007883
1192.9002,95.50618,72.365341,2.50425,0.004127
1192.8002,91.705887,73.025513,2.481298,-0.001001
1192.7002,87.230057,72.79158,2.459994,-0.0063
1192.6002,81.889771,71.752655,2.444357,-0.011411
1192.5002,76.497757,70.118881,2.437394,-0.015527
1192.4002,72.143097,68.317566,2.437612,-0.016978
1192.3002,68.780807,66.935425,2.438161,-0.017077
1192.2002,66.199799,66.431549,2.436312,-0.017116
1192.1002,64.631363,66.67543,2.434356,-0.017662
1192.0002,64.393082,67.036118,2.433717,-0.019289
1191.9002,65.115448,67.213669,2.435748,-0.021499
1191.8002,66.413055,67.273453,2.442163,-0.023407
1191.7002,68.242462,67.295197,2.454218,-0.022702
1191.6002,70.270065,67.28717,2.472352,-0.019401
1191.5002,72.026413,67.235001,2.49514,-0.015287
1191.4002,73.450027,67.047913,2.519823,-0.011077
1191.3002,74.687363,66.720032,2.542346,-0.007031
1191.2002,75.837418,66.320724,2.559711,-0.004197
1191.1002,77.500153,65.931213,2.570285,-0.005624
1191.0002,79.969131,65.687119,2.574275,-0.0098
1190.9002,83.648804,65.671082,2.575831,-0.014116
1190.8002,88.483002,66.216583,2.58059,-0.018357
1190.7002,94.162674,67.50264,2.59094,-0.022675
1190.6002,100.44101,69.36879,2.603161,-0.026724
1190.5002,106.432327,71.300446,2.613853,-0.028217
1190.4002,111.546021,72.914124,2.622981,-0.02651
1190.3002,114.782104,74.223679,2.630264,-0.023666
1190.2002,115.516083,74.929199,2.634385,-0.020834
1190.1002,114.472061,74.825684,2.634357,-0.017991
1190.0002,112.389938,74.011032,2.631384,-0.015534
1189.9002,110.175156,72.791687,2.626093,-0.015696
1189.8002,108.026993,71.511002,2.618313,-0.019563
1189.7002,105.735596,70.153137,2.610928,-0.025146
1189.6002,103.138931,68.705353,2.604324,-0.03124
1189.5002,100.300476,67.315704,2.595523,-0.038071
1189.4002,98.028564,66.314255,2.587212,-0.044783
1189.3002,97.020996,65.897919,2.582587,-0.04719
1189.2002,97.101196,65.947693,2.580705,-0.042814
1189.1002,98.335861,66.203705,2.581436,-0.03655
1189.0002,100.390259,66.479385,2.585204,-0.030335
1188.9002,103.059006,66.70163,2.591365,-0.024065
1188.8002,106.488251,66.883194,2.597956,-0.017663
1188.7002,110.657364,66.998184,2.602606,-0.011411
1188.6002,114.922668,66.924484,2.602687,-0.009316
1188.5002,118.218643,66.500809,2.597643,-0.014935
1188.4002,119.379944,65.568802,2.589969,-0.023629
1188.3002,118.63736,64.314163,2.584519,-0.030962
1188.2002,116.441254,63.231636,2.583934,-0.033642
1188.1002,114.162674,62.868217,2.586908,-0.030308
1188.0002,112.214996,63.301079,2.591499,-0.025696
1187.9002,110.692459,64.537689,2.596528,-0.021441
1187.8002,109.27626,66.514297,2.601024,-0.019082
1187.7002,107.929688,68.767166,2.601655,-0.021122
1187.6002,106.749847,70.803482,2.598953,-0.026585
1187.5002,106.047119,72.069885,2.597172,-0.030333
1187.4002,106.205338,72.672699,2.596713,-0.029297
1187.3002,107.434189,72.922943,2.595821,-0.023147
1187.2002,109.143631,73.257217,2.592351,-0.017818
1187.1002,111.09819,73.872574,2.583736,-0.018203
1187.0002,112.591309,74.7146,2.570292,-0.023419
1186.9002,112.698822,75.371277,2.556583,-0.027386
1186.8002,110.864273,75.213272,2.548649,-0.027112
1186.7002,107.273056,73.848297,2.549615,-0.021745
1186.6002,103.294281,71.533966,2.557836,-0.018132
1186.5002,98.447052,68.908569,2.569436,-0.020487
1186.4002,92.653229,66.387833,2.579344,-0.02587
1186.3002,86.5336,64.243668,2.583932,-0.031181
1186.2002,82.66011,63.085068,2.583567,-0.036481
1186.1002,82.436539,63.183098,2.583224,-0.041013
1186.0002,83.621368,63.977692,2.588662,-0.041141
1185.9002,86.358597,65.116241,2.600494,-0.035834
1185.8002,90.153427,66.526718,2.612441,-0.029178
1185.7002,94.035736,68.162872,2.61732,-0.02347
1185.6002,97.450607,69.98494,2.615658,-0.022862
1185.5002,100.400345,71.765274,2.614954,-0.026099
1185.4002,103.224503,73.149673,2.620266,-0.02576
1185.3002,105.971695,73.797791,2.627782,-0.021025
1185.2002,108.559784,73.689209,2.633866,-0.01527
1185.1002,110.413834,73.168243,2.641871,-0.011787
1185.0002,110.75563,72.614777,2.652327,-0.011928
1184.9002,109.560608,71.941315,2.66275,-0.013595
1184.8002,106.635071,70.817657,2.670143,-0.015262
1184.7002,101.656006,68.997421,2.669368,-0.016929
1184.6002,95.197968,66.404404,2.654157,-0.018494
1184.5002,88.271606,63.157593,2.62463,-0.019088
1184.4002,80.999161,59.958,2.583732,-0.018016
1184.3002,73.696976,57.620125,2.540434,-0.016223
1184.2002,68.458832,56.409103,2.506597,-0.014397
1184.1002,65.227966,56.406334,2.481809,-0.012562
1184.0002,63.06105,57.373497,2.461205,-0.010755
1183.9002,62.175209,59.123688,2.444933,-0.00894
1183.8002,62.095345,61.020226,2.435399,-0.007113
1183.7002,62.331306,62.604279,2.431735,-0.005312
1183.6002,62.812988,63.947182,2.42794,-0.003499
1183.5002,63.260796,64.974655,2.421531,-0.001826
1183.4002,63.497742,65.695328,2.415623,-0.001109
1183.3002,63.440842,66.174988,2.415736,-0.001031
1183.2002,63.173836,66.40744,2.418883,-0.001304
1183.1002,62.74781,66.447296,2.41804,-0.001867
1183.0002,62.225838,66.370285,2.413721,-0.002542
1182.9002,61.761864,66.236237,2.408243,-0.003221
1182.8002,61.469902,66.07959,2.403366,-0.003903
1182.7002,61.407082,65.921814,2.401229,-0.004588
1182.6002,61.607399,65.838486,2.404996,-0.005268
1182.5002,62.203232,65.891937,2.415311,-0.005996
1182.4002,63.153221,66.226562,2.426696,-0.00679
1182.3002,64.352554,66.772644,2.435936,-0.007628
1182.2002,65.813553,67.368073,2.442664,-0.00848
1182.1002,67.565201,67.909271,2.444831,-0.009324
1182.0002,69.530594,68.415909,2.442922,-0.010176
1181.9002,71.59642,68.911896,2.441165,-0.011044
1181.8002,73.209229,69.162003,2.441072,-0.011912
1181.7002,74.144852,69.033585,2.442327,-0.012815
1181.6002,73.822617,68.566101,2.445564,-0.013211
1181.5002,72.823868,67.966553,2.454507,-0.009423
1181.4002,71.856873,67.42543,2.472177,-0.002187
1181.3002,71.623581,67.016586,2.495222,0.005011
1181.2002,72.690811,66.72937,2.520019,0.006076
1181.1002,75.064224,66.688278,2.54268,0.000368
1181.0002,79.063599,67.08345,2.558862,-0.007465
1180.9002,84.093842,68.288025,2.567615,-0.01554
1180.8002,89.276688,70.035324,2.570477,-0.023325
1180.7002,93.329681,71.651886,2.57222,-0.02879
1180.6002,96.265366,73.20137,2.57553,-0.031654
1180.5002,98.814941,74.874008,2.579843,-0.033681
1180.4002,100.356003,76.538925,2.584134,-0.035677
1180.3002,100.924576,77.490982,2.587381,-0.037593
1180.2002,101.131454,77.474182,2.589096,-0.038452
1180.1002,101.176361,76.828461,2.589402,-0.033945
1180.0002,101.386734,75.601898,2.588316,-0.026766
1179.9002,101.939606,73.888138,2.585324,-0.025629
1179.8002,102.87532,72.063614,2.580003,-0.02905
1179.7002,103.916794,70.566681,2.573561,-0.032567
1179.6002,104.680435,69.629715,2.568943,-0.036083
1179.5002,104.88298,69.269333,2.567816,-0.039646
1179.4002,104.538544,69.429794,2.570329,-0.043089
1179.3002,103.958069,69.893188,2.576116,-0.045165
1179.2002,103.646179,70.541534,2.584508,-0.04101
1179.1002,103.982147,71.216293,2.594973,-0.03069
1179.0002,104.677765,71.729126,2.605951,-0.020018
1178.9002,105.366669,71.934296,2.613144,-0.010033
1178.8002,105.584122,71.647736,2.612487,-0.00398
1178.7002,105.24028,70.799957,2.604593,-0.00459
1178.6002,104.394867,69.480377,2.593721,-0.008819
1178.5002,103.459839,68.061707,2.583092,-0.012991
1178.4002,102.672119,67.120255,2.573924,-0.017168
1178.3002,102.282501,66.849487,2.56707,-0.02089
1178.2002,102.327011,67.300262,2.562346,-0.022697
1178.1002,102.788498,68.613541,2.558892,-0.021018
1178.0002,103.503662,70.967194,2.558573,-0.017185
1177.9002,103.897522,73.967789,2.562955,-0.013908
1177.8002,103.217743,76.128845,2.564347,-0.013463
1177.7002,101.148529,76.874954,2.553106,-0.019114
1177.6002,98.624252,76.424225,2.527378,-0.026429
1177.5002,95.692871,75.28688,2.495728,-0.023606
1177.4002,92.411621,73.731308,2.466706,-0.015228
1177.3002,88.94725,72.187881,2.440854,-0.013799
1177.2002,85.379623,71.304794,2.42201,-0.016938
1177.1002,81.806961,71.131348,2.411055,-0.01961
1177.0002,78.322937,71.197983,2.405782,-0.0206
1176.9002,74.820099,71.513901,2.406136,-0.018054
1176.8002,71.450104,72.076706,2.411358,-0.013099
1176.7002,69.025101,72.509537,2.417761,-0.00951
1176.6002,67.555313,72.454636,2.423389,-0.008804
1176.5002,66.676971,71.800232,2.428862,-0.009035
1176.4002,66.202621,70.832779,2.434108,-0.006556
1176.3002,66.260498,69.675903,2.437926,-0.003158
1176.2002,66.815414,68.476135,2.439396,0.000255
1176.1002,67.6698,67.5121,2.439755,0.003108
1176.0002,68.883499,66.782745,2.440945,0.003137
1175.9002,70.349976,66.279129,2.441176,-0.000737
1175.8002,71.869308,66.008347,2.435174,-0.005845
1175.7002,73.299728,66.017059,2.423652,-0.010853
1175.6002,74.475449,66.318039,2.412172,-0.014605
1175.5002,75.315491,66.78688,2.403647,-0.014704
1175.4002,75.759872,67.282166,2.39966,-0.012342
1175.3002,75.887192,67.706314,2.404048,-0.011789
1175.2002,75.622498,68.095139,2.422134,-0.012765
1175.1002,75.023392,68.424576,2.451713,-0.013752
1175.0002,74.314087,68.58873,2.485033,-0.014735
1174.9004,73.604935,68.505432,2.514228,-0.015703
1174.8004,73.152039,68.127213,2.535758,-0.01617
1174.7004,73.193085,67.489014,2.551795,-0.013738
1174.6004,75.152435,66.673172,2.564788,-0.010326
1174.5004,78.858658,66.228317,2.573805,-0.012316
1174.4004,83.187332,66.728836,2.577183,-0.018816
1174.3004,88.229767,68.419907,2.577617,-0.024996
1174.2004,94.545441,70.93335,2.578395,-0.026408
1174.1004,102.466827,73.43605,2.581475,-0.024598
1174.0004,108.738632,75.257629,2.587207,-0.02263
1173.9004,113.01535,76.342178,2.595178,-0.020645
1173.8004,116.573929,76.986618,2.603447,-0.018638
1173.7004,118.626953,77.351746,2.608507,-0.016656
1173.6004,119.17717,76.992645,2.610794,-0.014819
1173.5004,118.380981,75.65773,2.612535,-0.014274
1173.4004,115.874298,73.285385,2.612522,-0.015654
1173.3004,112.544098,70.653412,2.610405,-0.017855
1173.2004,109.366638,68.542419,2.608653,-0.0201
1173.1004,106.458618,67.204529,2.609323,-0.022351
1173.0004,104.032303,66.782715,2.610231,-0.024618
1172.9004,102.65918,67.151001,2.607753,-0.02686
1172.8004,102.212463,68.044769,2.603855,-0.028727
1172.7004,102.151611,69.089294,2.602303,-0.027647
1172.6004,102.073822,69.998367,2.603123,-0.024664
1172.5004,101.631439,70.473358,2.600124,-0.021285
1172.4004,100.897369,70.300583,2.58994,-0.017895
1172.3004,100.089371,69.51857,2.576418,-0.014482
1172.2004,99.523438,68.798401,2.564871,-0.01104
1172.1004,99.144684,68.35849,2.558373,-0.008402
1172.0004,98.464737,67.978653,2.55609,-0.010879
1171.9004,97.042694,67.455078,2.557103,-0.017192
1171.8004,94.910995,66.879288,2.562368,-0.023581
1171.7004,91.802475,66.400055,2.572402,-0.024871
1171.6004,88.362488,65.590347,2.583467,-0.022996
1171.5004,85.073517,64.37944,2.591429,-0.020678
1171.4004,82.952957,63.067184,2.595439,-0.019198
1171.3004,82.363419,62.541931,2.59512,-0.019856
1171.2004,83.037689,62.825706,2.591707,-0.02159
1171.1004,85.153839,63.330177,2.589388,-0.023429
1171.0004,88.348236,64.002274,2.590232,-0.025102
1170.9004,92.351883,65.009003,2.593731,-0.025661
1170.8004,96.311371,66.40741,2.59842,-0.023821
1170.7004,100.117661,67.791687,2.602104,-0.021749
1170.6004,104.030716,68.854034,2.603742,-0.022827
1170.5004,107.402267,69.637665,2.605805,-0.025422
1170.4004,110.406418,70.238052,2.610188,-0.025519
1170.3004,113.46138,70.65004,2.616013,-0.023572
1170.2004,115.628571,70.737213,2.620837,-0.0214
1170.1004,116.608521,70.524384,2.623716,-0.019207
1170.0004,116.47966,70.170898,2.626083,-0.016983
1169.9004,115.780045,69.769775,2.630518,-0.01478
1169.8004,115.096024,69.41806,2.63546,-0.012554
1169.7004,114.546173,69.209991,2.634646,-0.010255
1169.6004,114.013702,69.185196,2.624404,-0.006977
1169.5004,113.280289,69.279312,2.604826,-0.001995
1169.4004,112.052536,69.324951,2.580325,-0.000553
1169.3004,109.702499,68.999878,2.557862,-0.004632
1169.2004,106.33519,68.361603,2.54564,-0.010133
1169.1004,102.999069,67.864243,2.548285,-0.014993
1169.0004,100.117661,67.476578,2.556719,-0.018316
1168.9004,97.786255,67.026657,2.559447,-0.020573
1168.8004,96.352707,66.528,2.555051,-0.022875
1168.7004,95.918945,66.223068,2.547169,-0.025228
1168.6004,96.13501,66.147079,2.541075,-0.027541
1168.5004,97.195984,65.918854,2.5412,-0.028522
1168.4004,99.129501,65.736664,2.545002,-0.02282
1168.3004,101.404037,66.186539,2.545235,-0.010047
1168.2004,103.861603,67.49292,2.540732,-0.001191
1168.1004,106.24678,69.362473,2.537302,-0.007023
1168.0004,108.3349,71.193222,2.542073,-0.021828
1167.9004,110.094849,72.863556,2.554916,-0.028712
1167.8004,111.319183,74.190567,2.567656,-0.032636
1167.7004,111.862137,74.802032,2.574188,-0.036459
1167.6004,111.423203,74.242188,2.577066,-0.040186
1167.5004,110.105682,72.466934,2.580537,-0.042965
1167.4004,108.774017,70.20076,2.583355,-0.042888
1167.3004,107.45546,68.09021,2.587588,-0.039911
1167.2004,106.251389,66.619339,2.593288,-0.037256
1167.1004,105.298889,65.913055,2.59301,-0.03575
1167.0004,104.892136,65.784134,2.579759,-0.035785
1166.9004,105.268646,66.152893,2.556894,-0.036113
1166.8004,106.145432,66.772659,2.538771,-0.034272
1166.7004,107.218048,67.09201,2.535473,-0.024379
1166.6004,108.029892,67.366928,2.543521,-0.007288
1166.5004,108.656616,68.752853,2.555862,0.000494
1166.4004,109.102707,70.916412,2.569638,-0.003849
1166.3004,109.436523,73.006424,2.586529,-0.008238
1166.2004,109.622467,74.6586,2.602423,-0.012923
1166.1004,109.563248,76.029144,2.613357,-0.018617
1166.0004,109.18837,77.38739,2.617195,-0.025447
1165.9004,108.39888,78.528641,2.611145,-0.03147
1165.8004,107.15477,78.400986,2.598819,-0.033684
1165.7004,105.583786,76.410583,2.587222,-0.030445
1165.6004,103.562027,73.909317,2.58045,-0.025346
1165.5004,101.3591,71.361252,2.577683,-0.021081
1165.4004,99.63179,69.004211,2.577634,-0.020311
1165.3004,98.692459,67.532928,2.582958,-0.021958
1165.2004,98.770584,67.244049,2.593217,-0.020437
1165.1004,99.581757,67.924072,2.603892,-0.016799
1165.0004,100.89502,69.062592,2.612049,-0.0137
1164.9004,102.401718,70.396576,2.615018,-0.013306
1164.8004,103.817841,71.663437,2.611847,-0.017931
1164.7004,105.125031,72.705566,2.607486,-0.024403
1164.6004,106.155273,73.291733,2.604895,-0.025667
1164.5004,106.735718,73.464493,2.601442,-0.021705
1164.4004,106.58168,73.720856,2.594868,-0.017024
1164.3004,105.842789,73.96756,2.5847,-0.013582
1164.2004,104.909042,73.861023,2.572426,-0.015641
1164.1004,103.976761,73.439087,2.561827,-0.022748
1164.0004,103.172043,73.001907,2.557321,-0.030221
1163.9004,102.405914,72.753021,2.562183,-0.033647
1163.8004,102.044998,72.599991,2.576861,-0.031018
1163.7004,102.318832,72.223038,2.594671,-0.025942
1163.6004,103.326172,71.569122,2.606198,-0.020808
1163.5004,104.571457,71.354782,2.611363,-0.016295
1163.4004,105.610641,71.620392,2.612772,-0.016088
1163.3004,106.313171,71.860229,2.610428,-0.01963
1163.2004,106.445999,71.864685,2.604562,-0.023632
1163.1004,106.149796,71.65329,2.598897,-0.02485
1163.0004,105.623795,71.343399,2.599028,-0.020165
1162.9004,105.159866,71.361282,2.60351,-0.017327
1162.8004,104.971375,71.970184,2.606498,-0.020452
1162.7004,105.430374,73.115219,2.603755,-0.025827
1162.6004,106.476517,74.621994,2.597828,-0.031271
1162.5004,107.833267,75.954865,2.592862,-0.036481
1162.4004,109.230911,76.615387,2.590642,-0.039615
1162.3004,109.757523,75.491577,2.591037,-0.038314
1162.2004,109.152176,72.980057,2.59359,-0.034869
1162.1004,107.420532,70.295395,2.597359,-0.031233
1162.0004,105.267319,68.034012,2.601272,-0.028018
1161.9004,103.115845,66.513306,2.602689,-0.028239
1161.8004,100.748413,66.043076,2.598933,-0.030669
1161.7004,98.628952,66.368408,2.591259,-0.033591
1161.6004,97.138916,67.010254,2.584303,-0.0358
1161.5004,97.022812,67.7211,2.581927,-0.031961
1161.4004,97.991867,69.687881,2.585075,-0.022852
1161.3004,99.613113,72.735214,2.591779,-0.012811
1161.2004,101.789246,75.32486,2.598824,-0.00595
1161.1004,104.331207,77.272476,2.600579,-0.001589
1161.0004,107.086334,79.01088,2.593,0.00207
1160.9004,109.552124,80.57135,2.579816,0.005574
1160.8004,111.25444,81.242386,2.565981,0.007743
1160.7004,111.926773,80.57373,2.554618,0.005203
1160.6004,110.445816,77.931381,2.546839,-0.000146
1160.5004,107.569565,73.955963,2.542876,-0.005294
1160.4004,104.279221,69.79715,2.541985,-0.006678
1160.3004,100.789215,66.818542,2.542903,-0.00465
1160.2004,97.784424,65.777298,2.546044,-0.00172
1160.1004,96.25914,66.322571,2.550778,0.001319
1160.0004,95.981949,67.868744,2.551197,0.004389
1159.9004,96.132782,69.622528,2.542424,0.007403
1159.8004,96.273926,71.063843,2.524258,0.010223
1159.7004,96.300095,71.487717,2.495517,0.01102
1159.6004,96.214447,70.731293,2.464312,0.004479
1159.5004,95.889557,69.212082,2.448997,-0.007323
1159.4004,95.215012,67.927673,2.452378,-0.0106
1159.3004,94.186981,67.381775,2.467473,-0.00434
1159.2004,92.623199,67.391632,2.48981,-0.000908
1159.1004,90.104294,67.353882,2.513054,-0.00316
1159.0004,86.857056,66.968689,2.532289,-0.006781
1158.9004,84.348663,66.411621,2.546731,-0.010456
1158.8004,82.843399,65.576859,2.556026,-0.014143
1158.7004,81.564178,64.382462,2.55869,-0.017871
1158.6004,80.738556,63.098068,2.555548,-0.021441
1158.5004,80.481506,62.204208,2.548525,-0.023911
1158.4004,80.707764,61.997101,2.535975,-0.022116
1158.3004,81.565628,62.250061,2.514964,-0.016873
1158.2004,83.023331,62.742607,2.48941,-0.011767
1158.1004,84.815674,63.378296,2.470344,-0.006651
1158.0004,86.676773,64.237061,2.464327,-0.002097
1157.9004,87.78537,65.262665,2.469667,-0.000413
1157.8004,87.324768,66.046402,2.480305,-0.002689
1157.7004,85.764862,66.192093,2.48927,-0.006209
1157.6004,83.995422,65.782654,2.492171,-0.009211
1157.5004,82.305527,65.439972,2.487959,-0.009401
1157.4004,80.691147,65.341309,2.479825,-0.00448
1157.3004,79.213547,65.368988,2.46917,0.003351
1157.2004,78.137497,65.37326,2.45366,0.008926
1157.1004,77.379395,65.556671,2.436031,0.009167
1157.0004,76.598419,66.020828,2.42025,0.004648
1156.9004,75.635605,66.458755,2.406379,0.001053
1156.8004,74.45816,66.697754,2.396068,-0.000644
1156.7004,73.204803,66.776443,2.391587,-0.002293
1156.6004,71.912567,66.960892,2.390191,-0.003953
1156.5004,70.657516,67.315628,2.387054,-0.005795
1156.4004,69.675873,67.684189,2.378989,-0.008331
1156.3004,69.185104,67.810852,2.365765,-0.012194
1156.2004,69.216904,67.705673,2.350846,-0.016821
1156.1004,69.327652,67.574249,2.338778,-0.020034
1156.0004,69.160126,67.655609,2.331254,-0.018969
1155.9004,68.491928,68.065323,2.328319,-0.013399
1155.8004,67.514053,68.809845,2.329546,-0.007881
1155.7004,66.312622,69.779419,2.333764,-0.002549
1155.6004,65.073303,70.986099,2.338592,0.001204
1155.5004,64.043167,72.438187,2.342566,0.000769
1155.4004,63.483841,73.889221,2.345941,-0.004383
1155.3004,63.466042,74.942734,2.349138,-0.010499
1155.2004,63.531982,75.328033,2.35125,-0.013599
1155.1004,63.685341,75.216324,2.351259,-0.013312
1155.0004,63.952347,74.795029,2.349988,-0.012907
1154.9004,64.375061,74.227936,2.349872,-0.012484
1154.8004,65.087769,73.553329,2.352121,-0.01206
1154.7004,66.116348,72.734756,2.356143,-0.011634
1154.6004,67.266861,71.884705,2.36072,-0.011205
1154.5004,68.431946,71.333023,2.364564,-0.01078
1154.4004,69.344284,71.057129,2.366787,-0.010356
1154.3004,69.717529,70.742569,2.366481,-0.009931
1154.2004,69.61264,70.404877,2.363375,-0.009507
1154.1004,69.311249,70.175522,2.358242,-0.009078
1154.0004,68.914856,70.102051,2.352565,-0.008654
1153.9004,68.47438,70.162048,2.346937,-0.008212
1153.8004,68.03215,70.343979,2.343459,-0.007659
1153.7004,67.579285,70.630341,2.345352,-0.00701
1153.6004,67.163559,71.098999,2.350588,-0.006343
1153.5004,66.785233,71.741974,2.354969,-0.005674
1153.4004,66.338226,72.429382,2.358098,-0.005
1153.3004,65.625,72.760223,2.365336,-0.004643
1153.2004,64.791,72.632935,2.383569,-0.006599
1153.1004,64.447739,72.322052,2.413436,-0.010657
1153.0004,65.168579,71.963333,2.446024,-0.015245
1152.9004,66.792114,71.529938,2.46692,-0.020711
1152.8004,68.919022,70.94101,2.46904,-0.027101
1152.7004,71.42627,69.810181,2.463216,-0.031747
1152.6004,74.235962,68.614471,2.464438,-0.022457
1152.5004,76.895966,68.354248,2.477136,-0.000715
1152.4004,79.438843,70.134888,2.497438,0.02411
1152.3004,82.153198,73.249344,2.522541,0.030573
1152.2004,85.794449,76.027069,2.551636,0.022017
1152.1004,90.336746,78.414169,2.577544,0.010558
1152.0004,95.609726,80.699173,2.591413,-0.001229
1151.9004,102.5047,82.476212,2.591908,-0.013141
1151.8004,109.326172,82.877747,2.583981,-0.024579
1151.7004,114.891449,81.44783,2.576169,-0.033063
1151.6004,117.731155,77.620255,2.575952,-0.032891
1151.5004,118.144333,73.195312,2.582023,-0.027484
1151.4004,116.483765,69.861984,2.589537,-0.021026
1151.3004,113.928894,67.973007,2.59878,-0.014599
1151.2004,111.373947,67.049332,2.610842,-0.008094
1151.1004,109.174301,66.69278,2.623336,-0.001935
1151.0004,107.614182,67.019028,2.631834,0.000523
1150.9004,106.485535,67.626434,2.633244,-0.000859
1150.8004,105.652954,68.039886,2.62634,-0.003584
1150.7004,105.199799,68.110321,2.611355,-0.006301
1150.6004,105.025925,67.96579,2.588718,-0.006821
1150.5004,105.024597,67.79628,2.561517,0.000358
1150.4004,104.962021,67.863342,2.532075,0.011851
1150.3004,104.695526,68.161972,2.510084,0.021967
1150.2004,104.06424,68.559219,2.506739,0.020388
1150.1004,103.017303,69.39563,2.518312,0.011686
1150.0004,101.682495,70.289047,2.538406,0.001987
1149.9004,100.189453,70.591187,2.561642,-0.006634
1149.8004,98.480789,70.11438,2.582588,-0.011567
1149.7004,96.599609,69.108353,2.596442,-0.01332
1149.6004,94.546387,67.833099,2.603516,-0.007289
1149.5004,92.05661,66.481094,2.606395,0.009498
1149.4004,89.324173,65.462891,2.607346,0.014366
1149.3004,88.112976,65.148483,2.608037,0.005776
1149.2004,88.537277,65.933914,2.609315,-0.004398
1149.1004,89.721924,67.323563,2.611341,-0.011762
1149.0004,91.68718,68.397018,2.613721,-0.017241
1148.9004,94.333313,68.88118,2.614996,-0.022515
1148.8004,97.474411,68.972092,2.613861,-0.02738
1148.7004,100.828064,68.755249,2.610955,-0.028697
1148.6004,103.953217,68.420624,2.607023,-0.026863
1148.5004,106.912415,68.195465,2.595926,-0.027843
1148.4004,109.09166,68.189758,2.566263,-0.031536
1148.3004,110.443268,68.497711,2.503655,-0.034609
1148.2004,111.491516,68.980225,2.40933,-0.034219
1148.1004,112.535141,69.23085,2.323015,-0.024151
1148.0004,113.725037,70.136429,2.285333,-0.008068
1147.9004,114.829788,73.170609,2.304461,-0.005328
1147.8004,115.144714,78.804703,2.356805,-0.018311
1147.7004,114.402496,84.896225,2.412973,-0.022812
1147.6004,113.048401,88.331802,2.458776,-0.012567
1147.5004,111.340256,89.360672,2.48699,-0.002332
1147.4004,109.62915,89.185669,2.501791,0.000207
1147.3004,108.023636,87.720871,2.509026,-0.003487
1147.2004,106.481964,82.280365,2.514833,-0.006981
1147.1004,104.791443,73.434998,2.520885,-0.009916
1147.0004,102.80751,66.855209,2.526995,-0.010291
1146.9004,100.505081,63.703926,2.533748,-0.006864
1146.8004,98.073318,62.674141,2.541623,-0.002065
1146.7004,95.853592,62.758583,2.548028,0.00137
1146.6004,94.106567,63.540222,2.55093,0.001666
1146.5004,92.852295,64.587692,2.553141,0.00205
1146.4004,91.965591,65.242111,2.56064,0.015252
1146.3004,91.086411,65.097397,2.570056,0.044123
1146.2004,89.675842,64.159195,2.570343,0.065458
1146.1004,87.673676,63.25531,2.561167,0.058769
1146.0004,85.107056,63.267479,2.552129,0.036003
1145.9004,82.66066,64.808289,2.55104,0.01847
1145.8004,81.178192,67.244171,2.553738,0.006475
1145.7004,81.190445,69.742905,2.551962,-0.000451
1145.6004,81.753647,71.369553,2.54567,-0.007006
1145.5004,82.489319,71.981461,2.54104,-0.012642
1145.4004,82.970825,70.927505,2.541134,-0.017148
1145.3004,83.186234,67.945526,2.540858,-0.020812
1145.2004,83.086594,64.827148,2.539156,-0.022477
1145.1004,82.79895,62.799606,2.540216,-0.021288
1145.0004,82.652649,61.75441,2.548267,-0.019295
1144.9004,82.623367,61.620964,2.561713,-0.017536
1144.8004,82.629562,62.275414,2.574943,-0.017239
1144.7004,82.652679,63.078812,2.584125,-0.020445
1144.6004,82.659271,63.592773,2.584362,-0.026496
1144.5004,82.625488,63.677437,2.571959,-0.032599
1144.4004,82.590286,63.590492,2.549522,-0.038049
1144.3004,82.604843,63.635384,2.530987,-0.034813
1144.2004,82.95076,64.208664,2.526207,-0.012767
1144.1004,84.215714,65.658478,2.528346,0.017809
1144.0004,86.577255,68.455521,2.530365,0.027859
1143.9004,89.766434,72.369049,2.532254,0.014267
1143.8004,93.929337,76.126801,2.536388,-0.000973
1143.7004,98.757782,79.16658,2.54403,-0.012137
1143.6004,103.522003,80.851379,2.550768,-0.014502
1143.5004,107.479263,80.518417,2.548002,-0.011638
1143.4004,110.582291,78.145096,2.534026,-0.008888
1143.3004,113.227402,74.679169,2.515357,-0.006233
1143.2004,114.22847,71.326981,2.499889,-0.004472
1143.1004,113.062988,68.707245,2.491514,-0.005619
1143.0004,110.480713,67.021149,2.487398,-0.008734
1142.9004,107.355789,66.179367,2.480728,-0.011681
1142.8004,103.846497,65.796219,2.470585,-0.013437
1142.7004,99.866058,65.582596,2.461174,-0.012129
1142.6004,95.865265,65.650467,2.453269,-0.009023
1142.5004,92.123169,65.988876,2.446396,-0.005872
1142.4004,88.709991,66.397842,2.44087,-0.00282
1142.3004,85.912674,66.720749,2.436778,0.000248
1142.2004,83.771866,66.863266,2.435717,0.003385
1142.1004,82.229828,66.928955,2.4396,0.005963
1142.0004,81.894806,67.201721,2.447393,0.00439
1141.9004,82.236954,67.664001,2.455426,-0.000666
1141.8004,82.551086,68.05043,2.46148,-0.006334
1141.7004,82.673889,68.033829,2.469512,-0.010164
1141.6004,82.725067,67.531036,2.477191,-0.006787
1141.5004,82.848022,66.736282,2.477467,-0.005749
1141.4004,83.637314,65.965454,2.47029,-0.009995
1141.3004,84.867935,65.210388,2.457697,-0.015287
1141.2004,86.08931,64.442993,2.442188,-0.017947
1141.1004,87.125183,64.310638,2.428386,-0.018226
1141.0004,87.997726,64.905304,2.420825,-0.017814
1140.9004,88.767685,65.853607,2.420148,-0.017531
1140.8004,89.245178,66.73587,2.422629,-0.018583
1140.7004,89.406647,67.564621,2.425341,-0.020712
1140.6004,89.175156,68.469986,2.42829,-0.021662
1140.5004,88.659088,69.174469,2.434511,-0.010547
1140.4004,87.987778,69.507462,2.443815,0.009731
1140.3004,87.192505,69.49614,2.451485,0.024755
1140.2004,86.353943,69.100601,2.457196,0.021075
1140.1004,85.485428,68.343948,2.462772,0.009462
1140.0004,84.544708,67.306534,2.468401,-0.002279
1139.9004,83.405731,66.115128,2.474362,-0.013938
1139.8004,82.071381,64.922592,2.481419,-0.024462
1139.7004,80.718491,63.826447,2.489798,-0.02655
1139.6004,79.742462,63.193542,2.498074,-0.023306
1139.5004,79.32338,63.14959,2.504275,-0.019444
1139.4004,79.904755,63.561676,2.507981,-0.017589
1139.3004,81.393234,64.391235,2.506957,-0.020363
1139.2004,83.546005,65.324997,2.498621,-0.025139
1139.1004,86.273056,65.794998,2.485845,-0.026475
1139.0004,89.182663,65.666443,2.475427,-0.022285
1138.9004,91.940994,65.105957,2.47447,-0.015668
1138.8004,94.420624,64.138596,2.483265,-0.008702
1138.7004,96.450363,63.35923,2.496742,-0.000886
1138.6004,97.802643,63.277115,2.508077,0.002607
1138.5004,97.938568,63.826584,2.515399,-0.000991
1138.4004,97.254776,64.509415,2.523579,-0.00772
1138.3004,96.530228,64.871048,2.537776,-0.014875
1138.2004,95.948227,64.847656,2.554317,-0.01614
1138.1004,95.538147,64.477814,2.564489,-0.00806
1138.0004,95.259705,63.884651,2.564498,0.000713
1137.9004,95.209152,63.325165,2.558057,0.000819
1137.8004,95.360245,62.989243,2.551402,-0.004247
1137.7004,95.598053,62.814674,2.547026,-0.008998
1137.6004,95.25563,62.525002,2.544719,-0.013914
1137.5004,93.837219,62.006287,2.544399,-0.018949
1137.4004,91.239273,61.435814,2.546771,-0.020283
1137.3004,87.969467,61.092888,2.548526,-0.014759
1137.2004,85.079239,61.189964,2.545022,-0.006135
1137.1004,82.837219,61.651115,2.536148,0.002506
1137.0004,81.680862,62.275955,2.524581,0.006165
1136.9004,81.802063,62.889992,2.51242,0.001716
1136.8004,83.723892,63.48027,2.500634,-0.005057
1136.7004,86.955383,63.819939,2.491797,-0.011014
1136.6004,89.805832,63.736343,2.487528,-0.017339
1136.5004,91.708511,63.470276,2.486066,-0.024888
1136.4004,92.122482,63.369652,2.490091,-0.029367
1136.3004,91.517441,63.523773,2.504312,-0.027825
1136.2004,90.407043,63.529457,2.521834,-0.023204
1136.1004,89.308365,63.597733,2.535406,-0.018936
1136.0004,88.275009,64.378769,2.546549,-0.01612
1135.9004,87.432175,65.759338,2.553692,-0.016419
1135.8004,87.08699,66.907669,2.556711,-0.01895
1135.7004,87.552399,67.108383,2.557096,-0.021285
1135.6004,88.88739,67.317078,2.552143,-0.02202
1135.5004,90.884811,67.737442,2.540345,-0.018935
1135.4004,93.201691,67.455307,2.526417,-0.01717
1135.3004,95.7854,66.494308,2.516007,-0.023718
1135.2004,98.347946,65.355316,2.510465,-0.027194
1135.1004,100.172165,64.569183,2.507848,-0.022834
1135.0004,100.592941,63.788094,2.507092,-0.01635
1134.9004,99.409882,62.629921,2.508115,-0.019157
1134.8004,97.44368,61.393181,2.508989,-0.022004
1134.7004,94.666306,60.690071,2.508107,-0.024069
1134.6004,91.161255,60.755928,2.506108,-0.024625
1134.5004,87.274994,60.96788,2.505272,-0.024138
1134.4004,83.282684,61.139542,2.507112,-0.02364
1134.3004,79.673538,61.429825,2.51266,-0.022857
1134.2004,76.843918,62.014183,2.523671,-0.020971
1134.1004,74.980545,62.907021,2.53828,-0.017951
1134.0004,73.950378,63.890335,2.548906,-0.015492
1133.9004,74.123001,64.695938,2.546757,-0.014989
1133.8004,75.627106,65.626389,2.531215,-0.016004
1133.7004,77.77803,66.984818,2.51,-0.014144
1133.6004,80.358459,68.500092,2.489116,-0.000299
1133.5004,83.067566,70.084534,2.465917,0.022074
1133.4004,85.655182,72.231674,2.439646,0.02748
1133.3004,88.530075,75.80571,2.426661,0.016273
1133.2004,91.50238,80.602859,2.433725,0.007478
1133.1004,93.998169,85.231644,2.451235,0.001886
1133.0004,95.08197,88.12059,2.4727,-0.003487
1132.9004,94.77478,88.769943,2.492773,-0.008728
1132.8004,94.166016,87.884155,2.507657,-0.013568
1132.7004,93.180008,86.011322,2.517394,-0.015713
1132.6004,92.266678,83.40242,2.524609,-0.01548
1132.5004,91.973312,80.465057,2.532011,-0.015154
1132.4004,92.81105,77.594299,2.540745,-0.014824
1132.3004,94.56308,75.555283,2.552271,-0.014488
1132.2004,96.711456,74.708755,2.566832,-0.014131
1132.1004,98.6819,74.615082,2.579554,-0.01372
1132.0004,100.34053,75.02005,2.589765,-0.013259
1131.9004,101.923309,75.774902,2.601605,-0.012775
1131.8004,102.289963,76.453629,2.615513,-0.012585
1131.7004,101.355621,76.756744,2.626335,-0.014929
1131.6004,99.634201,76.706558,2.627532,-0.020431
1131.5004,97.562943,76.462418,2.620302,-0.027011
1131.4004,95.630127,76.037872,2.610741,-0.031973
1131.3004,94.322708,75.441727,2.604959,-0.031333
1131.2004,93.406815,75.033234,2.603086,-0.027522
1131.1004,92.684906,75.015167,2.602289,-0.023379
1131.0004,92.440262,75.302704,2.600333,-0.019547
1130.9004,92.896591,75.906311,2.597578,-0.017867
1130.8004,93.803986,76.682144,2.595371,-0.019069
1130.7004,94.660828,77.468826,2.594543,-0.021455
1130.6004,95.314056,77.956451,2.59666,-0.023948
1130.5004,95.801208,78.050369,2.602049,-0.02589
1130.4004,96.078323,77.836075,2.608112,-0.025497
1130.3004,96.204971,77.262283,2.611164,-0.023821
1130.2004,96.295212,76.480957,2.609512,-0.022024
1130.1004,96.818604,75.695511,2.604797,-0.019179
1130.0004,97.791138,74.799561,2.594613,-0.010636
1129.9004,99.066681,73.754486,2.566835,-0.011665
1129.8004,100.085617,72.692963,2.509102,-0.023189
1129.7004,100.455673,72.067413,2.415539,-0.034364
1129.6004,100.125671,72.014648,2.299642,-0.029775
1129.5004,99.46904,72.485107,2.203408,-0.016014
1129.4004,98.918045,74.314301,2.171673,-0.001664
1129.3004,98.637024,77.738052,2.217628,0.007015
1129.2004,98.860657,82.393402,2.29946,-0.006595
1129.1004,99.034897,86.238602,2.378416,-0.028213
1129.0004,98.591995,88.393646,2.440444,-0.038037
1128.9004,97.903091,89.356018,2.486959,-0.040261
1128.8004,97.50766,89.123749,2.519508,-0.041105
1128.7004,97.790787,87.29451,2.538045,-0.038241
1128.6004,98.483719,82.749466,2.550314,-0.032136
1128.5004,99.280502,78.040588,2.563015,-0.023991
1128.4004,100.129929,75.971588,2.57632,-0.011441
1128.3004,100.887451,76.088745,2.584257,0.000908
1128.2004,101.308716,77.222931,2.573927,0.000441
1128.1004,100.870834,78.835098,2.534618,-0.008608
1128.0004,99.508636,80.06398,2.470996,-0.018247
1127.9004,97.561935,80.278015,2.402753,-0.026993
1127.8004,95.181503,79.577927,2.358506,-0.026851
1127.7004,92.444794,78.394882,2.34983,-0.016842
1127.6004,89.562958,77.556412,2.373701,-0.003956
1127.5004,86.500473,77.667114,2.411719,0.007955
1127.4004,83.581909,78.484741,2.448783,0.013163
1127.3004,81.366882,79.150513,2.478421,0.011444
1127.2004,80.587173,79.020279,2.50165,0.007818
1127.1004,81.160873,77.749084,2.519389,0.000607
1127.0004,82.095688,75.320145,2.528737,-0.010714
1126.9004,82.75946,71.865875,2.529898,-0.021837
1126.8004,82.833389,68.085129,2.5287,-0.025323
1126.7004,82.583542,64.952744,2.53169,-0.020676
1126.6004,82.137589,62.528488,2.53847,-0.016276
1126.5004,81.716705,61.192978,2.545047,-0.017233
1126.4004,81.486237,61.160286,2.548837,-0.021529
1126.3004,81.44072,61.808807,2.549801,-0.022326
1126.2004,81.47049,62.499878,2.550684,-0.020297
1126.1004,81.419891,62.684708,2.554222,-0.018431
1126.0004,81.283875,62.247437,2.559946,-0.017417
1125.9004,81.07608,61.558876,2.564876,-0.01748
1125.8004,80.790924,61.159073,2.567466,-0.017771
1125.7004,80.386337,60.807793,2.567925,-0.018076
1125.6004,79.854736,60.310211,2.5666,-0.018423
1125.5004,79.266907,59.94735,2.556445,-0.019221
1125.4004,78.914764,60.181664,2.52055,-0.022337
1125.3004,79.284515,61.518776,2.451446,-0.030635
1125.2004,80.563461,63.962486,2.35895,-0.042981
1125.1004,82.511948,66.992615,2.248225,-0.051288
1125.0004,84.361053,70.762222,2.133455,-0.044835
1124.9004,85.925797,75.673721,2.070632,-0.021662
1124.8004,86.90863,79.484741,2.09622,-0.002603
1124.7004,87.239288,80.226852,2.189227,0.004051
1124.6004,87.026077,79.694611,2.303241,-5.9e-05
1124.5004,86.320969,79.319885,2.393807,-0.00456
1124.4004,85.368835,78.590317,2.456526,-0.008973
1124.3004,84.139999,75.040802,2.493588,-0.013293
1124.2004,82.590622,68.977066,2.515934,-0.017211
1124.1004,80.806549,63.023239,2.533904,-0.020299
1124.0004,78.952225,59.511269,2.551775,-0.022015
1123.9004,77.258026,58.249084,2.568728,-0.022491
1123.8003,76.057877,57.962593,2.582559,-0.02279
1123.7003,75.949539,58.504631,2.595452,-0.023084
1123.6003,77.08519,60.058693,2.607502,-0.023379
1123.5003,78.702011,62.182526,2.614296,-0.023708
1123.4003,81.490906,63.829292,2.615455,-0.024398
1123.3003,85.502029,64.836716,2.604407,-0.026511
1123.2003,89.425995,65.673752,2.560929,-0.029969
1123.1003,92.89003,66.398285,2.471016,-0.033415
1123.0003,95.606003,66.756332,2.349438,-0.036804
1122.9003,97.616241,66.701508,2.241365,-0.038425
1122.8003,98.518204,66.75293,2.184987,-0.03113
1122.7003,98.438904,67.37149,2.189326,-0.014332
1122.6003,97.966721,68.596619,2.240159,0.006538
1122.5003,97.244476,70.152847,2.304758,0.04068
1122.4003,96.477081,71.691269,2.364087,0.073458
1122.3003,95.697281,73.015076,2.420877,0.058779
1122.2003,95.085754,74.08696,2.473145,0.027859
1122.1003,94.861755,75.250778,2.510858,0.017748
1122.0003,95.242996,76.925995,2.529085,0.010485
1121.9003,95.845398,78.788391,2.537936,0.00326
1121.8003,96.206421,79.862991,2.547379,-0.003808
1121.7003,96.283203,79.691635,2.55863,-0.010536
1121.6003,96.040741,79.118057,2.570495,-0.013879
1121.5003,95.577881,77.607346,2.58216,-0.012952
1121.4003,94.9561,73.956726,2.59327,-0.010562
1121.3003,94.143402,70.177094,2.602662,-0.008117
1121.2003,93.183792,68.046204,2.6083,-0.005655
1121.1003,92.273514,67.527588,2.609035,-0.003706
1121.0003,91.697067,67.11647,2.608241,-0.005373
1120.9003,91.48291,66.270996,2.608623,-0.009351
1120.8003,91.636093,65.674515,2.608404,-0.013186
1120.7003,92.018143,65.273407,2.605565,-0.016875
1120.6003,92.514816,64.759552,2.602456,-0.020593
1120.5003,93.33696,64.072739,2.604706,-0.024264
1120.4003,94.18309,64.153503,2.611517,-0.027454
1120.3003,94.785065,65.47789,2.616451,-0.026436
1120.2003,95.024582,67.847015,2.614753,-0.018795
1120.1003,95.418488,72.152756,2.608284,-0.007467
1120.0003,96.307404,77.253525,2.600981,-0.003251
1119.9003,98.066025,80.183029,2.592926,-0.006825
1119.8003,100.053421,80.433884,2.584069,-0.012835
1119.7003,101.669159,79.451553,2.576639,-0.018628
1119.6003,102.524475,78.321518,2.573234,-0.021622
1119.5003,103.025681,77.135818,2.573946,-0.021881
1119.4003,103.583939,75.668442,2.575865,-0.021204
1119.3003,103.702591,73.514816,2.576135,-0.020404
1119.2003,103.279709,71.6772,2.576226,-0.019602
1119.1003,102.378937,70.798492,2.580018,-0.018961
1119.0003,101.26181,69.907211,2.588118,-0.019528
1118.9003,100.136459,68.85614,2.597535,-0.022569
1118.8003,99.055344,68.109024,2.603721,-0.026613
1118.7003,98.006439,68.273758,2.604288,-0.029153
1118.6003,97.06308,69.141861,2.600308,-0.028275
1118.5003,96.376312,70.172806,2.59535,-0.025749
1118.4003,96.022583,70.617966,2.591079,-0.023125
1118.3003,95.932678,70.043808,2.587285,-0.021402
1118.2003,96.116577,68.521042,2.583721,-0.020647
1118.1003,96.430542,67.149658,2.582292,-0.020254
1118.0003,96.714417,66.491196,2.583523,-0.019898
1117.9003,96.745346,66.345673,2.584559,-0.019541
1117.8003,96.738388,66.472443,2.583401,-0.019191
1117.7003,96.907455,66.720459,2.580701,-0.018843
1117.6003,97.346527,67.029312,2.578268,-0.018511
1117.5003,97.61792,67.552933,2.574909,-0.018612
1117.4003,97.465042,68.248047,2.568182,-0.021084
1117.3003,97.43132,68.839752,2.559279,-0.025131
1117.2003,98.000458,69.059753,2.552732,-0.029174
1117.1003,99.227295,69.038376,2.553904,-0.033294
1117.0003,100.677658,69.25061,2.563642,-0.036758
1116.9003,101.896652,69.672165,2.576797,-0.035718
1116.8003,102.660416,70.206238,2.586794,-0.030664
1116.7003,102.729141,71.237122,2.592557,-0.0258
1116.6003,102.595673,72.798004,2.595168,-0.024309
1116.5003,103.001724,74.393219,2.592779,-0.025961
1116.4003,103.89595,75.38121,2.583521,-0.027774
1116.3003,104.817078,75.753937,2.56839,-0.029506
1116.2003,105.276443,75.874954,2.552081,-0.030698
1116.1003,104.996201,75.613861,2.539724,-0.031027
1116.0003,104.069077,74.690002,2.53476,-0.030587
1115.9003,102.871017,73.287262,2.538402,-0.028567
1115.8003,101.453232,72.011276,2.547102,-0.025149
1115.7003,99.906982,70.982544,2.558358,-0.021941
1115.6003,98.361313,69.858093,2.571225,-0.019961
1115.5003,96.73259,69.093735,2.580139,-0.020926
1115.4003,94.966721,69.131317,2.581228,-0.024274
1115.3003,93.273773,69.680878,2.578856,-0.027529
1115.2003,91.994324,70.817413,2.576614,-0.029664
1115.1003,91.419861,72.274094,2.573019,-0.026544
1115.0003,91.358932,73.011154,2.567496,-0.015788
1114.9003,91.696854,72.75145,2.56426,-0.001237
1114.8003,92.148483,71.977036,2.568215,0.015471
1114.7003,92.641953,71.623505,2.575705,0.032358
1114.6003,93.072632,71.994034,2.580348,0.035438
1114.5003,93.339813,72.765533,2.581479,0.015814
1114.4003,93.480484,73.236801,2.584788,-0.001068
1114.3003,93.481613,73.502701,2.592902,-0.001906
1114.2003,93.417908,74.019302,2.600112,-0.005672
1114.1003,93.622696,74.505493,2.601076,-0.012649
1114.0003,94.299591,74.643036,2.594061,-0.01934
1113.9003,95.140305,74.415588,2.583144,-0.028619
1113.8003,96.189102,74.165726,2.575316,-0.029731
1113.7003,97.411011,74.044312,2.568789,-0.023933
1113.6003,98.68634,73.843018,2.552481,-0.008668
1113.5003,100.058929,73.186996,2.528184,0.019657
1113.4003,101.389282,72.16861,2.497709,0.041456
1113.3003,102.306427,71.586746,2.444523,0.051758
1113.2003,102.29715,72.188187,2.358538,0.075093
1113.1003,101.24324,73.798798,2.25798,0.06625
1113.0003,99.865662,75.23381,2.186367,0.079376
1112.9003,98.204514,76.011993,2.167334,0.143762
1112.8003,96.374969,75.972321,2.196905,0.161979
1112.7003,94.577789,75.197922,2.266804,0.048677
1112.6003,92.768982,73.962097,2.347522,-0.004596
1112.5003,90.804138,72.640198,2.416821,0.040091
1112.4003,88.754333,71.728363,2.47109,0.090512
1112.3003,87.116013,71.879715,2.513519,0.105768
1112.2003,86.299591,73.282471,2.543851,0.080453
1112.1003,86.216415,75.044724,2.558573,0.045522
1112.0003,86.700256,75.419647,2.559267,0.019269
1111.9003,87.330292,74.193939,2.547304,0.006661
1111.8003,87.863861,73.232498,2.528813,0.00062
1111.7003,88.190125,72.697678,2.526751,-0.005385
1111.6003,88.357086,72.053467,2.554055,-0.010849
1111.5003,88.372559,71.197891,2.589443,-0.015295
1111.4003,88.24472,70.613144,2.611138,-0.018433
1111.3003,88.036377,70.333969,2.618353,-0.018438
1111.2003,87.85289,69.719498,2.62412,-0.016427
1111.1003,87.713242,69.833038,2.631276,-0.014408
1111.0003,87.599106,71.090805,2.632117,-0.01222
1110.9003,87.774384,72.432449,2.626138,-0.008343
1110.8003,88.235825,73.43573,2.618686,0.000481
1110.7003,88.839874,73.928894,2.613441,0.010968
1110.6003,89.625549,73.389023,2.608516,0.012655
1110.5003,90.46579,72.160919,2.602802,0.007111
1110.4003,91.272552,70.917664,2.595627,5.5e-05
1110.3003,92.03772,69.955444,2.584402,-0.006499
1110.2003,92.726166,69.046585,2.577434,-0.00756
1110.1003,93.327438,68.19249,2.584785,-0.00428
1110.0003,93.548615,68.147507,2.598937,-0.002925
1109.9003,93.264954,68.913712,2.614526,-0.009914
1109.8003,92.389313,69.801224,2.63045,0.019163
1109.7003,91.128738,69.870483,2.642208,0.065719
1109.6003,89.690369,69.819046,2.64255,0.062159
1109.5003,88.129959,70.447815,2.626809,0.023756
1109.4003,86.648499,71.337891,2.600662,0.000289
1109.3003,85.341583,71.844254,2.578449,-0.0075
1109.2003,84.339691,71.788666,2.57304,-0.011727
1109.1003,83.751236,71.316681,2.57584,-0.015652
1109.0003,83.453766,71.48349,2.580914,-0.018424
1108.9003,83.395111,72.965698,2.59164,-0.01383
1108.8003,83.266846,74.846588,2.608563,-0.012065
1108.7003,82.894226,75.964874,2.625569,-0.015553
1108.6003,82.084412,75.953949,2.635034,-0.020516
1108.5003,80.867661,76.00383,2.64009,-0.025264
1108.4003,79.406372,75.713547,2.645273,-0.026799
1108.3003,77.886307,73.846878,2.649959,-0.023463
1108.2003,76.774857,71.702209,2.651466,-0.019366
1108.1003,76.256699,70.384628,2.649431,-0.024766
1108.0003,76.51181,69.764618,2.647303,-0.032903
1107.9003,77.171127,69.298859,2.646128,-0.038694
1107.8003,77.878052,68.889999,2.644938,-0.043348
1107.7003,78.455246,68.829285,2.643368,-0.046261
1107.6003,78.845352,69.162033,2.640545,-0.041005
1107.5003,79.067566,69.835022,2.634616,-0.027053
1107.4003,79.35022,71.024078,2.624444,0.008614
1107.3003,79.880188,71.598526,2.612647,0.024801
1107.2003,80.717606,70.997162,2.601194,0.017876
1107.1003,81.888,69.918488,2.587276,0.00895
1107.0003,83.357529,69.124481,2.575083,0.000556
1106.9003,85.175659,68.600052,2.571738,-0.005627
1106.8003,86.740677,67.662979,2.57319,-0.010481
1106.7003,87.478577,66.130371,2.574518,-0.015287
1106.6003,87.197952,64.430923,2.57756,-0.020121
1106.5003,85.38295,63.351448,2.585736,-0.024616
1106.4003,82.475891,63.07653,2.600204,-0.028204
1106.3003,79.164932,63.210999,2.618906,-0.029987
1106.2003,75.886612,63.605125,2.640574,-0.023407
1106.1003,73.539383,64.307449,2.660113,-0.005294
1106.0003,73.421219,65.342545,2.667821,0.001742
1105.9003,75.014481,66.659119,2.659872,-0.005431
1105.8003,76.777115,67.504761,2.643308,-0.005327
1105.7003,78.380814,67.048599,2.629834,-0.002466
1105.6003,79.240448,66.185242,2.623756,-0.010563
1105.5003,79.186325,65.660522,2.622461,-0.020604
1105.4003,78.486588,65.024399,2.627743,-0.021848
1105.3003,77.552658,64.765274,2.641218,-0.022768
1105.2003,76.981491,65.843246,2.659964,-0.022908
1105.1003,77.208969,68.313141,2.674422,-0.021146
1105.0003,78.372314,71.414581,2.682187,-0.017922
1104.9003,79.939041,73.746918,2.689307,-0.014545
1104.8003,81.432236,74.398148,2.6984,-0.010381
1104.7003,82.5867,74.176376,2.709438,-0.004081
1104.6003,83.517899,73.807083,2.720907,0.003975
1104.5003,83.974152,71.813599,2.729876,0.00905
1104.4003,83.825211,68.398056,2.732806,0.004291
1104.3003,83.375183,65.649155,2.72913,-0.003144
1104.2003,82.557312,63.947021,2.72649,0.002525
1104.1003,81.357727,63.164291,2.730309,0.004571
1104.0003,80.021225,62.955536,2.736261,-0.002051
1103.9003,78.695587,62.862007,2.741231,-0.009036
1103.8003,77.489716,62.89772,2.746007,-0.015933
1103.7003,76.244217,63.296013,2.753151,-0.022559
1103.6003,74.863144,63.734627,2.761731,-0.029179
1103.5003,73.311111,63.816193,2.765881,-0.035998
1103.4003,71.757202,63.38459,2.758996,-0.042848
1103.3003,70.190842,62.54789,2.742193,-0.046562
1103.2003,68.603363,61.399529,2.721901,-0.042239
1103.1003,66.919891,60.074188,2.701407,-0.032882
1103.0003,65.032242,58.869026,2.685454,-0.024586
1102.9003,63.001663,58.117226,2.676886,-0.021593
1102.8003,61.011162,57.865799,2.672825,-0.024353
1102.7003,59.160965,58.225121,2.668838,-0.025516
1102.6003,57.695343,59.358398,2.664034,-0.023926
1102.5003,57.123703,61.1129,2.661154,-0.020613
1102.4003,57.975525,63.288712,2.662491,-0.013525
1102.3003,60.019196,65.816788,2.667866,-0.002649
1102.2003,62.886978,68.646835,2.676663,0.006367
1102.1003,67.350082,71.244431,2.690279,0.006157
1102.0003,73.637421,73.073776,2.710047,-0.003309
1101.9003,79.109589,74.175217,2.729072,-0.012832
1101.8003,82.942352,74.441574,2.735618,-0.019803
1101.7003,86.488602,73.853348,2.727645,-0.020091
1101.6003,88.722443,72.665268,2.7198,-0.015645
1101.5003,88.881744,71.286804,2.721455,-0.013089
1101.4003,87.286362,69.996826,2.727399,-0.012238
1101.3003,83.647034,68.598465,2.732913,-0.011348
1101.2003,79.072067,66.615295,2.737566,-0.010659
1101.1003,75.15329,64.094269,2.742793,-0.011406
1101.0003,71.375839,61.812347,2.746608,-0.013405
1100.9003,67.44725,60.542526,2.744211,-0.014619
1100.8003,63.677544,60.532738,2.732398,-0.010864
1100.7003,61.463249,61.726868,2.714835,-0.001097
1100.6003,60.700897,62.460297,2.697813,0.001275
1100.5003,60.351746,61.609459,2.68391,-0.006154
1100.4003,60.211327,60.311935,2.668327,-0.006993
1100.3003,60.071404,59.548584,2.648193,-0.001269
1100.2003,59.835342,59.369331,2.627386,0.009524
1100.1003,59.338196,59.551682,2.610075,0.012861
1100.0003,58.62439,60.50116,,
1099.9003,57.773911,62.473267,,
1099.8003,57.533096,64.958496,,
1099.7003,58.105446,67.163422,,
1099.6003,59.469727,68.823059,,
1099.5003,61.517418,70.222656,,
1099.4003,63.721863,70.994522,,
1099.3003,65.424255,70.728424,,
1099.2003,65.835464,69.550247,,
1099.1003,65.122955,67.86293,,
1099.0003,63.697144,65.887543,,
1098.9003,61.750313,64.099945,,
1098.8003,59.446121,62.415054,,
1098.7003,57.066704,60.46386,,
1098.6003,54.687798,59.202721,,
1098.5003,52.234238,59.399704,,
1098.4003,49.769516,61.324493,,
1098.3003,47.551071,63.302353,,
1098.2003,45.619507,64.400803,,
1098.1003,44.362625,64.770782,,
1098.0003,43.674667,64.691177,,
1097.9003,43.374763,64.415909,,
1097.8003,43.695549,64.16626,,
1097.7003,44.363144,64.100677,,
1097.6003,45.124496,64.241364,,
1097.5003,45.698433,64.544556,,
1097.4003,46.0672,64.498535,,
1097.3003,46.271477,64.019608,,
1097.2003,46.162872,63.794739,,
1097.1003,45.86248,64.163437,,
1097.0003,45.562309,65.043701,,
1096.9003,45.60051,66.767685,,
1096.8003,46.018044,70.013596,,
1096.7003,46.717682,74.329453,,
1096.6003,47.566231,76.793518,,
1096.5003,48.383362,76.427063,,
1096.4003,48.980515,74.581131,,
1096.3003,49.294022,71.238327,,
1096.2003,49.383469,69.005722,,
1096.1003,49.248619,70.939148,,
1096.0003,48.853058,75.189941,,
1095.9003,48.443199,78.65329,,
1095.8003,48.752213,80.890671,,
1095.7003,50.016205,82.079346,,
1095.6003,51.889946,81.832184,,
1095.5003,54.559799,79.48851,,
1095.4003,57.753731,76.485138,,
1095.3003,60.923355,74.283569,,
1095.2003,63.927628,72.305481,,
1095.1003,66.176437,70.836227,,
1095.0003,67.402847,70.48381,,
1094.9003,67.89624,71.119766,,
1094.8003,68.402618,72.385345,,
1094.7003,69.59346,73.837479,,
1094.6003,71.124741,75.27179,,
1094.5003,72.615189,76.368835,,
1094.4003,74.065582,76.989685,,
1094.3003,75.20401,77.637451,,
1094.2003,75.691422,78.421921,,
1094.1003,75.418518,78.898956,,
1094.0003,74.645538,78.978668,,
1093.9003,73.861511,79.778305,,
1093.8003,73.047989,82.912308,,
1093.7003,72.092361,87.886887,,
1093.6003,71.050827,93.232407,,
1093.5003,70.462036,97.249756,,
1093.4003,70.839935,99.19162,,
1093.3003,72.229645,98.856628,,
1093.2003,73.826752,96.383606,,
1093.1003,75.24968,90.440521,,
1093.0003,76.069977,82.021301,,
1092.9003,75.764008,77.366577,,
1092.8003,74.472824,76.937332,,
1092.7003,73.263641,78.36644,,
1092.6003,72.369812,80.080994,,
1092.5003,72.047775,81.366837,,
1092.4003,72.273438,82.524796,,
1092.3003,72.694153,85.338959,,
1092.2003,72.835251,88.914627,,
1092.1003,72.214828,89.588425,,
1092.0003,70.371078,84.726639,,
1091.9003,67.443619,76.085358,,
1091.8003,64.700485,69.390594,,
1091.7003,62.581963,68.173111,,
1091.6003,61.480942,72.202042,,
1091.5003,61.186409,78.375656,,
1091.4003,62.904884,85.54631,,
1091.3003,66.610825,93.489792,,
1091.2003,70.550705,102.011002,,
1091.1003,74.989166,110.583817,,
1091.0003,79.378174,116.995255,,
1090.9003,82.794312,120.00885,,
1090.8003,85.339233,121.493805,,
1090.7003,87.218735,122.757904,,
1090.6003,88.204193,123.984665,,
1090.5003,88.202499,125.444138,,
1090.4003,87.683762,127.175201,,
1090.3003,87.067673,128.553162,,
1090.2003,86.473282,127.382568,,
1090.1003,85.906448,124.447021,,
1090.0003,85.357742,122.616577,,
1089.9003,84.838425,122.633621,,
1089.8003,84.321548,124.132019,,
1089.7003,83.739151,126.380524,,
1089.6003,83.154404,125.298828,,
1089.5003,82.645782,121.757874,,
1089.4003,82.297775,120.23114,,
1089.3003,82.097,120.746323,,
1089.2003,81.991852,121.726746,,
1089.1003,82.026489,122.675644,,
1089.0003,82.132111,120.136719,,
1088.9003,82.237305,114.751984,,
1088.8003,82.310455,110.221222,,
1088.7003,82.346802,108.829651,,
1088.6003,82.357773,110.081604,,
1088.5003,82.443787,112.819778,,
1088.4003,82.867569,117.713943,,
1088.3003,83.737991,122.978638,,
1088.2003,84.998581,124.549988,,
1088.1003,86.307632,123.630371,,
1088.0003,87.49498,122.688736,,
1087.9003,88.335602,122.006943,,
1087.8003,88.698563,121.9366,,
1087.7003,88.487534,122.82312,,
1087.6003,87.690964,124.913269,,
1087.5003,86.655655,127.280472,,
1087.4003,85.60611,129.463837,,
1087.3003,84.87738,132.5065,,
1087.2003,84.458817,134.811371,,
1087.1003,84.295776,134.63623,,
1087.0003,84.244202,132.27829,,
1086.9003,84.219849,129.604828,,
1086.8003,84.2388,127.798843,,
1086.7003,84.286026,125.48587,,
1086.6003,84.334412,122.648758,,
1086.5003,84.355957,120.416428,,
1086.4003,84.340012,118.898026,,
1086.3003,84.272934,117.806717,,
1086.2003,84.057281,117.106903,,
1086.1003,83.68956,117.334335,,
1086.0003,83.213394,118.255035,,
1085.9003,82.557724,119.016998,,
1085.8003,81.750412,118.998459,,
1085.7003,80.878174,118.137054,,
1085.6003,79.997299,116.751266,,
1085.5003,79.060272,113.902161,,
1085.4003,78.059235,109.533218,,
1085.3003,77.056992,104.787842,,
1085.2003,76.074783,102.448318,,
1085.1003,75.080429,104.223694,,
1085.0003,74.140564,109.547348,,
1084.9003,73.304382,113.918701,,
1084.8003,72.574112,113.705231,,
1084.7003,71.909454,111.8069,,
1084.6003,71.313232,110.061707,,
1084.5003,70.852661,108.442398,,
1084.4003,70.473083,107.869904,,
1084.3003,70.094635,109.452057,,
1084.2003,69.69606,112.419357,,
1084.1003,69.258316,113.735046,,
1084.0003,68.936584,112.161224,,
1083.9003,69.051788,109.97995,,
1083.8003,69.621826,108.025467,,
1083.7003,70.382141,106.515671,,
1083.6003,71.30011,105.768936,,
1083.5003,72.377487,106.006378,,
1083.4003,73.519958,106.45961,,
1083.3003,74.63797,105.51799,,
1083.2003,75.661301,104.139984,,
1083.1003,76.650665,103.483078,,
1083.0003,77.741623,102.080063,,
1082.9003,78.948563,99.320862,,
1082.8003,80.129211,96.52034,,
1082.7003,81.110947,96.221344,,
1082.6003,81.625351,98.034363,,
1082.5003,81.574188,100.202103,,
1082.4003,80.863129,103.373886,,
1082.3003,79.576431,107.236664,,
1082.2003,78.209137,109.702805,,
1082.1003,76.873077,109.133179,,
1082.0003,75.655777,106.296387,,
1081.9003,74.587631,103.520081,,
1081.8003,73.975082,100.711304,,
1081.7003,74.027176,97.495773,,
1081.6003,74.472946,94.4785,,
1081.5003,75.280701,92.306427,,
1081.4003,76.310883,91.318497,,
1081.3003,77.414429,91.191498,,
1081.2003,78.549316,91.314041,,
1081.1003,79.700699,91.637894,,
1081.0003,80.888657,92.295578,,
1080.9003,81.883545,92.469238,,
1080.8003,82.409821,92.053131,,
1080.7003,82.352783,91.740021,,
1080.6003,81.512436,90.037506,,
1080.5003,80.056107,86.575241,,
1080.4003,78.160965,83.33284,,
1080.3003,75.80426,81.006104,,
1080.2003,73.185699,79.657471,,
1080.1003,70.441971,79.121887,,
1080.0003,68.833313,79.149628,,
1079.9003,69.215714,79.158127,,
1079.8003,71.842926,78.578262,,
1079.7003,75.935715,78.696411,,
1079.6003,80.28624,79.509857,,
1079.5003,84.195541,79.137497,,
1079.4003,86.623413,78.566788,,
1079.3003,87.432587,78.667694,,
1079.2003,86.18483,78.514267,,
1079.1003,83.735504,76.753784,,
1079.0003,81.11644,74.393112,,
1078.9003,78.722931,74.368912,,
1078.8003,76.777664,76.577835,,
1078.7003,75.331329,78.83194,,
1078.6003,74.482758,79.239243,,
1078.5003,73.881165,78.174744,,
1078.4003,73.256424,76.719009,,
1078.3003,72.589066,75.125732,,
1078.2003,71.932724,74.463776,,
1078.1003,71.360764,75.231277,,
1078.0003,71.135376,76.815735,,
1077.9003,71.413666,78.453613,,
1077.8003,72.369339,79.843613,,
1077.7003,74.140411,81.1754,,
1077.6003,76.337952,83.026154,,
1077.5003,78.50769,85.450912,,
1077.4003,80.954224,87.205643,,
1077.3003,83.581985,87.567734,,
1077.2003,86.098114,86.788818,,
1077.1003,87.475769,85.23909,,
1077.0003,87.750046,83.626648,,
1076.9003,87.45195,82.413544,,
1076.8003,86.734772,81.747192,,
1076.7003,85.778931,81.781876,,
1076.6003,84.903534,82.636505,,
1076.5003,84.603851,84.008789,,
1076.4003,84.974701,85.136398,,
1076.3003,86.220215,85.334259,,
1076.2003,87.543579,84.720291,,
1076.1003,88.448196,83.868042,,
1076.0003,88.839996,83.202545,,
1075.9003,88.977234,82.808029,,
1075.8003,89.076294,82.422318,,
1075.7003,89.098465,81.692841,,
1075.6003,89.050995,80.626907,,
1075.5003,88.966248,79.441864,,
1075.4003,89.137909,78.329498,,
1075.3003,89.613785,77.2901,,
1075.2003,90.2845,76.337021,,
1075.1003,90.92775,75.752747,,
1075.0003,91.242477,75.387268,,
1074.9003,90.970657,74.764191,,
1074.8003,89.503021,73.239136,,
1074.7003,86.62529,70.868774,,
1074.6003,82.205322,68.294525,,
1074.5003,75.971832,66.017334,,
1074.4003,69.018463,65.048996,,
1074.3003,63.522942,66.176575,,
1074.2003,60.478905,69.293579,,
1074.1003,59.731148,73.756729,,
1074.0003,61.083069,78.440536,,
1073.9003,64.404724,82.687988,,
1073.8003,69.086563,85.774673,,
1073.7003,75.214905,87.290131,,
1073.6003,82.146698,88.086746,,
1073.5003,88.474777,88.640945,,
1073.4003,93.634781,88.14473,,
1073.3003,96.687683,86.545883,,
1073.2003,97.352768,84.271835,,
1073.1003,96.078918,81.413452,,
1073.0003,93.6409,78.702316,,
1072.9003,91.267334,77.358292,,
1072.8003,88.264709,77.483704,,
1072.7002,84.413788,79.344971,,
1072.6002,80.809372,82.984512,,
1072.5002,78.126236,87.649033,,
1072.4002,77.142136,92.265366,,
1072.3002,77.412491,95.572311,,
1072.2002,78.86409,96.933838,,
1072.1002,81.090118,95.866806,,
1072.0002,83.581787,93.169739,,
1071.9002,85.813965,90.720764,,
1071.8002,86.972763,89.239166,,
1071.7002,86.964111,87.62999,,
1071.6002,85.60878,85.428284,,
1071.5002,83.447113,83.140121,,
1071.4002,81.371704,81.704086,,
1071.3002,79.463287,80.691406,,
1071.2002,77.568039,79.884995,,
1071.1002,75.908752,80.020752,,
1071.0002,74.709915,81.060013,,
1070.9002,73.98909,82.347412,,
1070.8002,73.695023,83.156509,,
1070.7002,73.768112,83.550674,,
1070.6002,73.970627,83.969589,,
1070.5002,74.289856,84.641449,,
1070.4002,74.689575,85.432571,,
1070.3002,75.068848,85.969513,,
1070.2002,75.336761,85.971985,,
1070.1002,75.502747,85.448563,,
1070.0002,75.61824,84.530182,,
1069.9002,75.360687,83.275955,,
1069.8002,74.473816,82.174271,,
1069.7002,73.137802,81.606216,,
1069.6002,71.958008,81.217606,,
1069.5002,71.399353,81.243896,,
1069.4002,71.404556,81.958984,,
1069.3002,71.854218,83.161407,,
1069.2002,72.392776,84.575089,,
1069.1002,72.778152,86.023956,,
1069.0002,72.798416,87.546539,,
1068.9002,72.526062,89.376343,,
1068.8002,72.162125,91.220047,,
1068.7002,71.972992,91.603455,,
1068.6002,72.028336,90.954895,,
1068.5002,72.248474,90.419464,,
1068.4002,72.673828,89.495071,,
1068.3002,73.134796,88.85939,,
1068.2002,73.420609,89.281433,,
1068.1002,73.445831,89.891815,,
1068.0002,73.268982,90.534988,,
1067.9002,72.908432,91.590134,,
1067.8002,72.479248,92.722916,,
1067.7002,72.084793,93.326645,,
1067.6002,71.831146,93.241318,,
1067.5002,71.756531,93.955612,,
1067.4002,71.845276,94.995743,,
1067.3002,72.207047,94.952393,,
1067.2002,72.745087,93.981079,,
1067.1002,73.313049,93.360153,,
1067.0002,73.70369,94.001968,,
1066.9002,73.894806,94.687836,,
1066.8002,73.943665,94.309052,,
1066.7002,73.869507,92.687393,,
1066.6002,73.527847,91.151901,,
1066.5002,72.903305,90.33223,,
1066.4002,72.294739,89.871887,,
1066.3002,71.889587,89.38736,,
1066.2002,71.705521,89.094635,,
1066.1002,71.930344,89.598587,,
1066.0002,72.576904,90.493057,,
1065.9002,73.584686,90.986084,,
1065.8002,74.841751,90.506271,,
1065.7002,76.050659,90.434555,,
1065.6002,76.982193,91.383865,,
1065.5002,77.292068,91.946762,,
1065.4002,77.053284,92.4496,,
1065.3002,76.403976,93.503464,,
1065.2002,75.577774,93.749207,,
1065.1002,74.77861,93.444702,,
1065.0002,74.029297,93.64502,,
1064.9002,73.385849,93.831207,,
1064.8002,72.798981,93.16983,,
1064.7002,72.103241,91.739151,,
1064.6002,71.241898,91.108246,,
1064.5002,70.223526,91.756851,,
1064.4002,68.977463,92.801788,,
1064.3002,67.742569,93.674973,,
1064.2002,66.67131,95.01886,,
1064.1002,65.859756,97.582138,,
1064.0002,65.369522,98.375031,,
1063.9002,65.10495,95.725418,,
1063.8002,65.047302,91.59137,,
1063.7002,65.127869,87.6073,,
1063.6002,65.242493,84.788452,,
1063.5002,65.401733,83.477829,,
1063.4002,65.634995,83.682663,,
1063.3002,65.955917,85.348541,,
1063.2002,66.368668,88.351501,,
1063.1002,66.836731,91.383194,,
1063.0002,67.293335,92.884171,,
1062.9002,67.772537,93.346771,,
1062.8002,68.25444,94.118332,,
1062.7002,68.595261,95.79039,,
1062.6002,68.464264,96.999878,,
1062.5002,67.635651,98.729996,,
1062.4002,66.399551,102.69751,,
1062.3002,64.726013,105.278839,,
1062.2002,62.742737,103.782394,,
1062.1002,60.815407,99.644836,,
1062.0002,59.330933,94.311111,,
1061.9002,58.66317,88.13739,,
1061.8002,58.753983,81.698318,,
1061.7002,59.715111,76.851486,,
1061.6002,61.202179,76.453293,,
1061.5002,62.660507,81.082718,,
1061.4002,63.938591,88.547668,,
1061.3002,65.072189,95.826599,,
1061.2002,66.143829,101.708435,,
1061.1002,66.94957,106.785889,,
1061.0002,67.194824,111.200974,,
1060.9002,67.075226,113.743332,,
1060.8002,66.908661,113.185516,,
1060.7002,67.119446,109.154846,,
1060.6002,67.567276,103.65213,,
1060.5002,68.036667,98.266876,,
1060.4002,68.295425,93.87619,,
1060.3002,68.360703,90.166031,,
1060.2002,68.238831,86.959625,,
1060.1002,67.984146,84.20726,,
1060.0002,67.568954,82.24649,,
1059.9002,66.96051,82.624817,,
1059.8002,66.195389,86.280365,,
1059.7002,65.433243,91.744919,,
1059.6002,65.020615,97.69986,,
1059.5002,65.224197,102.968796,,
1059.4002,66.200027,106.429749,,
1059.3002,67.805283,107.035645,,
1059.2002,69.713745,104.91156,,
1059.1002,71.649948,100.920761,,
1059.0002,73.367325,96.789658,,
1058.9002,74.808182,94.068924,,
1058.8002,75.439331,92.293411,,
1058.7002,75.110306,91.897202,,
1058.6002,73.94899,93.453842,,
1058.5002,72.418991,95.901413,,
1058.4002,71.0578,98.172073,,
1058.3002,70.071533,99.974182,,
1058.2002,69.695572,101.416992,,
1058.1002,69.817413,101.52626,,
1058.0002,70.287537,99.485764,,
1057.9002,70.895523,97.357941,,
1057.8002,71.47316,96.299255,,
1057.7002,71.97728,95.630661,,
1057.6002,72.34935,95.774323,,
1057.5002,72.591919,96.541855,,
1057.4002,72.725204,97.135025,,
1057.3002,72.805786,97.404083,,
1057.2002,72.8759,97.041122,,
1057.1002,72.952179,95.459991,,
1057.0002,73.017578,93.214615,,
1056.9002,73.061234,91.139771,,
1056.8002,73.049042,89.732941,,
1056.7002,72.912277,89.506119,,
1056.6002,72.621933,90.364182,,
1056.5002,72.192963,91.985901,,
1056.4002,71.703094,93.695328,,
1056.3002,71.204819,95.039734,,
1056.2002,70.765213,95.944138,,
1056.1002,70.384186,95.427094,,
1056.0002,70.057617,93.392258,,
1055.9002,69.918533,91.125824,,
1055.8002,69.897781,89.222931,,
1055.7002,69.898926,87.612549,,
1055.6002,69.789108,86.262909,,
1055.5002,69.628937,84.750809,,
1055.4002,69.552994,83.080948,,
1055.3002,69.858047,82.903198,,
1055.2002,70.472534,84.760208,,
1055.1002,71.158127,87.624588,,
1055.0002,71.697174,89.116898,,
1054.9002,71.996857,89.802444,,
1054.8002,71.916443,91.574661,,
1054.7002,71.789429,93.560074,,
1054.6002,71.85701,94.315201,,
1054.5002,72.181076,93.559784,,
1054.4002,72.777954,89.692413,,
1054.3002,73.545731,85.585358,,
1054.2002,74.42482,86.153214,,
1054.1002,75.247757,89.454712,,
1054.0002,75.8909,91.755173,,
1053.9002,76.234482,92.708664,,
1053.8002,76.189178,92.844589,,
1053.7002,75.814011,92.539932,,
1053.6002,74.924866,91.6875,,
1053.5002,73.747162,90.266769,,
1053.4002,72.625748,88.752441,,
1053.3002,71.667221,87.922073,,
1053.2002,70.938721,88.01651,,
1053.1002,70.371841,88.330902,,
1053.0002,69.983871,87.81337,,
1052.9002,69.743698,86.902725,,
1052.8002,69.59787,86.813553,,
1052.7002,69.577637,87.48082,,
1052.6002,69.670731,88.256424,,
1052.5002,69.828674,88.780289,,
1052.4002,70.032516,89.751236,,
1052.3002,70.246841,91.206024,,
1052.2002,70.456924,92.183075,,
1052.1002,70.646164,92.693787,,
1052.0002,70.795853,92.922882,,
1051.9002,70.853333,92.715546,,
1051.8002,70.702332,92.248657,,
1051.7002,70.312943,91.707993,,
1051.6002,69.87706,91.124451,,
1051.5002,69.577393,90.982788,,
1051.4002,69.549606,91.411072,,
1051.3002,69.754532,91.370758,,
1051.2002,70.189468,90.919525,,
1051.1002,70.760132,90.477066,,
1051.0002,71.344742,89.793762,,
1050.9002,71.801193,89.552994,,
1050.8002,72.063828,90.800873,,
1050.7002,72.330887,92.866302,,
1050.6002,72.826874,94.806442,,
1050.5002,73.584198,95.847015,,
1050.4002,74.547424,96.283844,,
1050.3002,75.667068,95.308304,,
1050.2002,76.80925,92.320648,,
1050.1002,77.528946,89.475494,,
1050.0002,77.413177,87.297455,,
1049.9002,76.660294,84.872742,,
1049.8002,75.263596,83.078369,,
1049.7002,73.591904,83.285797,,
1049.6002,72.110886,86.0457,,
1049.5002,70.899582,91.353363,,
1049.4002,70.028488,97.488388,,
1049.3002,69.530655,101.270782,,
1049.2002,69.321106,101.039154,,
1049.1002,69.250488,96.715393,,
1049.0002,69.407791,90.890488,,
1048.9002,69.932983,87.13121,,
1048.8002,70.775146,87.213608,,
1048.7002,71.752945,89.719559,,
1048.6002,72.747803,93.324905,,
1048.5002,73.652466,95.923477,,
1048.4002,74.275772,95.653839,,
1048.3002,74.438293,94.226929,,
1048.2002,74.25293,92.662613,,
1048.1002,73.92453,89.725098,,
1048.0002,73.56459,85.610687,,
1047.9002,73.21962,81.903656,,
1047.8002,72.9823,79.93335,,
1047.7002,72.801163,80.378281,,
1047.6002,72.598145,83.089737,,
1047.5002,72.408813,87.591965,,
1047.4002,72.13623,91.464951,,
1047.3002,71.704163,94.32959,,
1047.2002,70.702835,98.824112,,
1047.1002,69.234283,102.61879,,
1047.0002,67.587997,103.359039,,
1046.9002,67.021744,101.577362,,
1046.8002,67.333923,99.571106,,
1046.7002,67.894211,97.437027,,
1046.6002,68.40741,91.630829,,
1046.5002,68.878891,84.886566,,
1046.4002,69.422913,80.735184,,
1046.3002,70.183182,79.992691,,
1046.2002,71.031235,80.671356,,
1046.1002,71.831299,81.429321,,
1046.0002,72.680374,83.824432,,
1045.9002,73.59639,87.325729,,
1045.8002,74.581711,90.260681,,
1045.7002,75.617935,90.246506,,
1045.6002,76.598358,88.778656,,
1045.5002,77.393814,88.224365,,
1045.4002,77.717758,89.621872,,
1045.3002,77.50737,91.469879,,
1045.2002,76.485336,92.145096,,
1045.1002,75.138565,91.840179,,
1045.0002,73.851288,89.878891,,
1044.9002,72.897644,85.156693,,
1044.8002,72.352478,80.394211,,
1044.7002,72.092773,78.626663,,
1044.6002,72.083908,81.246536,,
1044.5002,72.212662,85.919388,,
1044.4002,72.394348,91.064133,,
1044.3002,72.619965,97.249741,,
1044.2002,72.940796,102.946091,,
1044.1002,73.380447,106.2332,,
1044.0002,73.930908,106.304535,,
1043.9002,74.548569,104.128387,,
1043.8002,75.182617,100.305038,,
1043.7002,75.865067,93.364655,,
1043.6002,76.703766,83.995056,,
1043.5002,77.766678,75.552109,,
1043.4002,80.418274,71.363754,,
1043.3002,84.749207,72.196838,,
1043.2002,89.851044,75.322678,,
1043.1002,94.953613,78.407898,,
1043.0002,99.309265,81.311096,,
1042.9002,102.89389,84.690384,,
1042.8002,104.237076,87.331589,,
1042.7002,102.899948,88.19841,,
1042.6002,99.665894,87.408249,,
1042.5002,95.505707,84.105301,,
1042.4002,91.929077,79.470963,,
1042.3002,89.240952,76.60994,,
1042.2002,87.655609,76.634155,,
1042.1002,86.882919,78.791214,,
1042.0002,86.58287,81.26799,,
1041.9002,86.32048,83.597488,,
1041.8002,85.519058,85.161514,,
1041.7002,83.86087,84.835739,,
1041.6002,81.764282,82.817352,,
1041.5002,80.364914,80.783997,,
1041.4002,80.083328,80.426956,,
1041.3002,81.162262,81.305267,,
1041.2002,83.003494,82.482773,,
1041.1002,85.567322,84.810776,,
1041.0002,88.458206,87.213547,,
1040.9002,90.841507,87.631607,,
1040.8002,91.957001,87.175888,,
1040.7002,91.33551,87.27417,,
1040.6002,89.751953,88.24855,,
1040.5002,87.212921,88.483093,,
1040.4002,83.978638,86.960587,,
1040.3002,80.584717,84.043503,,
1040.2002,77.447464,80.473236,,
1040.1002,74.923462,77.016418,,
1040.0002,72.821487,74.639053,,
1039.9002,71.175766,74.003464,,
1039.8002,69.885742,75.892883,,
1039.7002,68.984863,79.607468,,
1039.6002,68.65686,81.658676,,
1039.5002,69.063751,80.961472,,
1039.4002,70.384079,81.073807,,
1039.3002,72.875656,82.623489,,
1039.2002,76.150711,84.942047,,
1039.1002,79.405945,87.709869,,
1039.0002,82.230072,90.649277,,
1038.9002,84.309433,92.804367,,
1038.8002,85.253143,93.042221,,
1038.7002,84.695557,90.536896,,
1038.6002,83.052597,85.874542,,
1038.5002,80.833908,81.244904,,
1038.4002,78.955521,78.083984,,
1038.3002,78.286407,77.365021,,
1038.2002,79.420425,79.147141,,
1038.1002,81.969528,82.849075,,
1038.0002,84.710999,86.689102,,
1037.9002,87.150589,88.701019,,
1037.8002,88.474197,87.806488,,
1037.7002,88.47908,84.91806,,
1037.6002,87.253769,82.038147,,
1037.5002,85.467712,80.035065,,
1037.4002,83.647919,78.74025,,
1037.3002,82.235764,78.086273,,
1037.2002,81.734436,78.339279,,
1037.1002,82.389114,79.670593,,
1037.0002,83.812637,82.418869,,
1036.9002,85.332443,86.004547,,
1036.8002,86.601776,89.277542,,
1036.7002,86.791916,91.165543,,
1036.6002,85.907501,90.844376,,
1036.5002,84.208023,88.329941,,
1036.4002,82.252518,83.353729,,
1036.3002,80.48288,78.041504,,
1036.2002,79.103653,74.64212,,
1036.1002,78.240799,74.047699,,
1036.0002,77.804291,76.147217,,
1035.9002,77.809219,80.086609,,
1035.8002,78.328857,84.180283,,
1035.7002,79.24736,87.034546,,
1035.6002,80.501617,88.289795,,
1035.5002,81.973984,87.966537,,
1035.4002,83.531296,87.063278,,
1035.3002,85.168549,86.565735,,
1035.2002,86.757019,86.908768,,
1035.1002,88.162567,87.862442,,
1035.0002,89.05899,89.130692,,
1034.9002,89.036392,89.969986,,
1034.8002,88.095322,90.004288,,
1034.7002,86.066986,89.250443,,
1034.6002,83.666946,87.522644,,
1034.5002,81.341095,85.240112,,
1034.4002,79.003265,83.231491,,
1034.3002,76.535782,82.101471,,
1034.2002,73.819,81.734055,,
1034.1002,71.326859,81.886307,,
1034.0002,69.172073,82.102951,,
1033.9002,67.190125,81.884644,,
1033.8002,65.646057,80.582809,,
1033.7002,64.526718,78.920013,,
1033.6002,63.76638,77.950699,,
1033.5002,63.31292,78.275375,,
1033.4002,63.02597,79.70694,,
1033.3002,62.874603,81.64801,,
1033.2002,62.866066,83.515869,,
1033.1002,62.988792,84.778519,,
1033.0002,63.297958,85.214279,,
1032.9002,63.824806,84.947815,,
1032.8002,64.483047,84.205566,,
1032.7002,65.135834,83.207047,,
1032.6002,65.777237,82.126999,,
1032.5002,66.418625,81.180969,,
1032.4002,67.059357,80.47905,,
1032.3002,67.693146,80.202957,,
1032.2002,68.27742,80.349442,,
1032.1002,68.634796,80.649689,,
1032.0002,68.70314,81.245148,,
1031.9002,68.555969,82.336243,,
1031.8002,68.113205,83.795181,,
1031.7002,67.497803,85.046661,,
1031.6002,67.035248,85.580383,,
1031.5002,66.868591,85.723389,,
1031.4002,66.910858,85.697983,,
1031.3002,66.796494,85.523331,,
1031.2002,66.401566,85.054718,,
1031.1002,65.733749,84.093094,,
1031.0002,65.035568,82.880859,,
1030.9002,64.261612,82.268661,,
1030.8002,63.465965,82.486252,,
1030.7002,62.830681,82.878922,,
1030.6002,62.608475,83.227386,,
1030.5002,62.927574,83.705933,,
1030.4002,63.441948,84.700104,,
1030.3002,64.083176,86.401367,,
1030.2002,64.595917,88.122101,,
1030.1002,64.657562,88.499863,,
1030.0002,64.222641,87.587204,,
1029.9002,63.589844,85.924469,,
1029.8002,63.070717,84.188522,,
1029.7002,62.817856,83.054443,,
1029.6002,62.837418,82.777969,,
1029.5002,63.129341,82.762421,,
1029.4002,63.706985,82.76001,,
1029.3002,64.430832,82.761993,,
1029.2002,65.19249,82.766327,,
1029.1002,65.912308,82.7565,,
1029.0002,66.623672,82.672379,,
1028.9002,67.473053,82.444672,,
1028.8002,68.497559,82.093765,,
1028.7002,69.544388,81.788071,,
1028.6002,70.573685,81.789093,,
1028.5002,71.566559,82.340927,,
1028.4002,72.467743,83.590729,,
1028.3002,72.894745,85.424362,,
1028.2002,72.628769,87.099274,,
1028.1002,71.953491,87.715744,,
1028.0002,70.996704,87.406387,,
1027.9002,69.896103,86.049072,,
1027.8002,68.716934,83.616608,,
1027.7002,67.390884,80.360367,,
1027.6002,65.890549,77.134659,,
1027.5002,64.296097,75.020737,,
1027.4002,62.882225,74.383316,,
1027.3002,61.757545,74.851196,,
1027.2002,60.742134,75.649628,,
1027.1002,59.872169,76.662109,,
1027.0002,59.29879,77.388748,,
1026.9002,59.236626,77.289337,,
1026.8002,59.763016,76.280899,,
1026.7002,60.670197,75.433746,,
1026.6002,61.874657,75.754593,,
1026.5002,63.139603,76.944412,,
1026.4002,64.336426,78.879196,,
1026.3002,65.518036,81.58992,,
1026.2002,66.415131,83.615128,,
1026.1002,66.893234,84.244995,,
1026.0002,66.672501,83.907898,,
1025.9002,66.020599,83.183731,,
1025.8002,65.253952,81.99678,,
1025.7002,64.423782,79.982437,,
1025.6002,64.125259,78.013306,,
1025.5002,64.587952,77.806396,,
1025.4002,65.774002,80.642334,,
1025.3002,67.292328,84.370544,,
1025.2002,68.865402,86.947968,,
1025.1002,70.267151,87.988525,,
1025.0002,71.121246,88.306564,,
1024.9002,71.272797,88.144272,,
1024.8002,71.072235,86.829041,,
1024.7002,70.803085,85.099335,,
1024.6002,70.540588,83.800522,,
1024.5002,70.214493,82.99324,,
1024.4002,69.805832,82.663391,,
1024.3002,69.326782,82.633804,,
1024.2002,68.882751,82.521255,,
1024.1002,68.559143,82.258301,,
1024.0002,68.418701,82.050171,,
1023.9002,68.435516,82.277176,,
1023.8002,68.495255,82.796005,,
1023.7002,68.502258,83.267731,,
1023.6002,67.974152,83.425323,,
1023.5002,67.020523,83.172791,,
1023.4002,65.985641,82.584106,,
1023.3002,65.413452,81.777527,,
1023.2002,65.317642,81.004883,,
1023.1002,65.409119,80.426941,,
1023.0002,65.33165,80.288803,,
1022.9002,64.977631,80.514893,,
1022.8002,64.338074,80.841537,,
1022.7002,63.807083,81.176178,,
1022.6002,63.632774,81.576935,,
1022.5002,63.921188,82.120102,,
1022.4002,64.620468,82.76358,,
1022.3002,65.548233,83.465393,,
1022.2002,66.452042,84.207214,,
1022.1002,67.355133,84.967316,,
1022.0002,68.39772,85.704208,,
1021.9002,69.666687,86.387543,,
1021.8002,71.138138,87.004593,,
1021.7002,72.687729,87.522064,,
1021.6002,73.8564,87.81694,,
1021.5002,74.304581,87.51207,,
1021.4002,74.037613,86.470505,,
1021.3002,72.789169,85.120544,,
1021.2002,70.893631,83.354797,,
1021.1002,69.043884,81.08902,,
1021.0002,67.120682,79.155304,,
1020.9002,64.955368,77.988876,,
1020.8002,62.648888,77.241119,,
1020.7002,60.170113,76.659393,,
1020.6002,57.699074,76.135895,,
1020.5002,55.765312,75.601624,,
1020.4002,54.71656,75.104813,,
1020.3002,54.571861,74.753647,,
1020.2002,55.076859,74.625595,,
1020.1002,56.036797,74.743149,,
1020.0002,56.931099,75.108673,,
1019.9002,57.328354,75.577255,,
1019.8002,57.030159,75.820862,,
1019.7002,56.250664,75.358124,,
1019.6002,54.989349,74.03067,,
1019.5002,53.234627,71.969193,,
1019.4002,51.411209,69.647552,,
1019.3002,50.086349,67.636627,,
1019.2002,49.863052,66.460587,,
1019.1002,50.796852,66.711197,,
1019.0002,52.75489,68.444138,,
1018.9002,55.639824,71.530136,,
1018.8002,59.151581,75.272507,,
1018.7002,63.008102,78.65213,,
1018.6002,66.393997,81.534058,,
1018.5002,68.666458,84.479202,,
1018.4002,70.142105,87.351822,,
1018.3002,71.193573,89.790741,,
1018.2002,71.908737,91.433441,,
1018.1002,71.946335,91.655441,,
1018.0002,71.195312,90.330948,,
1017.9002,70.026611,88.04837,,
1017.8002,68.343796,84.822281,,
1017.7002,66.211639,81.038147,,
1017.6002,63.8685,77.836121,,
1017.5002,61.517136,75.874115,,
1017.4002,59.36657,75.102753,,
1017.3002,57.553436,74.928925,,
1017.2002,56.406441,75.430115,,
1017.1002,55.97197,76.64978,,
1017.0002,56.189323,78.198486,,
1016.9002,56.915878,80.382767,,
1016.8002,57.937561,83.124802,,
1016.7002,59.496422,85.628601,,
1016.6002,61.613541,86.865707,,
1016.5002,63.648804,86.508835,,
1016.4002,64.098755,85.169846,,
1016.3002,63.078735,82.991714,,
1016.2002,61.718193,80.62912,,
1016.1002,60.828758,78.920639,,
1016.0002,60.484253,77.818939,,
1015.9002,60.351189,77.203064,,
1015.8002,60.321716,77.2491,,
1015.7002,60.319946,77.818542,,
1015.6002,60.319946,78.464401,,
1015.5002,60.319946,78.803726,,
1015.4002,60.444527,79.123596,,
1015.3002,60.774307,79.798492,,
1015.2002,61.904022,80.958313,,
1015.1002,63.393219,82.441345,,
1015.0002,64.763123,83.953094,,
1014.9002,65.7836,85.112946,,
1014.8002,66.379379,85.549133,,
1014.7002,66.518799,85.440399,,
1014.6002,66.313553,85.399048,,
1014.5002,66.125198,85.398209,,
1014.4002,66.266663,85.250092,,
1014.3002,66.754639,85.156876,,
1014.2002,67.434845,85.287003,,
1014.1002,68.220062,85.614502,,
1014.0002,69.0681,86.036179,,
1013.9002,69.86911,86.253296,,
1013.8002,70.39328,86.102249,,
1013.7002,70.4608,85.812439,,
1013.6002,70.286133,85.285568,,
1013.5002,70.321564,84.446487,,
1013.4002,70.772263,85.898819,,
1013.3002,71.465942,90.100311,,
1013.2002,71.957687,95.487091,,
1013.1002,72.071518,98.489273,,
1013.0002,71.943665,98.407608,,
1012.9002,71.997726,96.803436,,
1012.8002,72.484955,92.938019,,
1012.7002,73.294601,89.209198,,
1012.6002,73.878235,89.943146,,
1012.5002,73.819397,93.557587,,
1012.4002,73.124344,95.938904,,
1012.3002,71.856354,95.119812,,
1012.2002,70.301849,92.214722,,
1012.1002,68.709244,89.081177,,
1012.0002,67.624771,85.949905,,
1011.9002,67.089691,84.596466,,
1011.8002,66.798187,85.492371,,
1011.7002,66.810211,86.111938,,
1011.6002,67.071396,85.746399,,
1011.5002,67.528107,86.009384,,
1011.4002,68.318787,88.992462,,
1011.3002,69.45166,92.99939,,
1011.2002,70.870697,94.966461,,
1011.1002,72.057892,94.874557,,
1011.0002,72.608215,94.055023,,
1010.9002,72.613251,93.359528,,
1010.8002,72.192398,91.719559,,
1010.7002,71.662369,90.025742,,
1010.6002,71.154572,90.920044,,
1010.5002,70.734314,93.478622,,
1010.4002,70.365463,95.87529,,
1010.3002,69.961517,97.80687,,
1010.2002,69.439194,99.111023,,
1010.1002,68.781784,99.116852,,
1010.0002,68.11412,97.300964,,
1009.9002,67.704071,95.32869,,
1009.8002,67.755157,95.12915,,
1009.7002,68.164017,95.850586,,
1009.6002,68.819656,97.020599,,
1009.5002,69.515732,98.558929,,
1009.4002,70.069275,100.093155,,
1009.3002,70.287338,101.382217,,
1009.2002,70.1521,101.815247,,
1009.1002,69.656219,100.261337,,
1009.0002,68.8013,96.6064,,
1008.9002,67.764175,92.712311,,
1008.8002,66.78685,90.753113,,
1008.7002,66.229675,91.625488,,
1008.6002,66.221848,94.219559,,
1008.5002,66.840897,96.811813,,
1008.4002,67.994644,98.655624,,
1008.3002,69.438293,99.512848,,
1008.2002,71.294388,98.012192,,
1008.1002,73.409775,92.734879,,
1008.0002,75.29274,84.857056,,
1007.9002,76.592163,78.106415,,
1007.8002,77.192322,75.298004,,
1007.7002,77.608734,75.180908,,
1007.6002,78.199356,76.231476,,
1007.5002,79.157684,78.029724,,
1007.4002,80.213196,80.921661,,
1007.3002,81.453415,84.365555,,
1007.2002,83.031357,87.451843,,
1007.1002,84.980835,89.910843,,
1007.0002,87.088867,91.52475,,
1006.9002,89.11026,92.235214,,
1006.8002,91.225479,92.261673,,
1006.7002,93.118423,91.286392,,
1006.6002,94.284775,89.352966,,
1006.5002,93.746902,87.282928,,
1006.4002,91.491608,84.778183,,
1006.3002,88.622025,81.977127,,
1006.2002,85.390747,80.263672,,
1006.1002,82.258911,79.866226,,
1006.0002,79.563354,80.168823,,
1005.9002,77.771271,80.865799,,
1005.8002,76.749756,81.942795,,
1005.7002,76.094345,83.271698,,
1005.6002,75.879745,84.719086,,
1005.5002,76.014267,85.675217,,
1005.4002,76.399002,85.935547,,
1005.3002,77.084366,86.133438,,
1005.2002,77.853546,86.435699,,
1005.1002,78.468048,86.72348,,
1005.0002,78.277542,87.184372,,
1004.9002,77.370636,87.46402,,
1004.8002,76.10701,87.112076,,
1004.7002,74.782318,85.733292,,
1004.6002,73.510086,84.32605,,
1004.5002,72.205688,83.872101,,
1004.4002,70.808472,84.639679,,
1004.3002,69.58876,85.598618,,
1004.2002,69.0858,85.933563,,
1004.1002,69.642303,86.550507,,
1004.0002,70.900009,88.683136,,
1003.9002,72.450974,92.729324,,
1003.8002,74.016724,98.379456,,
1003.7002,75.450134,103.27916,,
1003.6002,76.305374,105.169281,,
1003.5002,76.496246,105.069717,,
1003.4002,76.155182,105.29451,,
1003.3002,74.909042,107.21402,,
1003.2002,73.115601,,,
1003.1002,71.06041,,,
1003.0002,68.47699,,,
1002.9002,65.530136,,,
1002.8002,62.456871,,,
1002.7002,59.476402,,,
1002.6002,56.797592,,,
1002.5002,54.552299,,,
1002.4002,53.557755,,,
1002.3002,53.474396,,,
1002.2002,53.834686,,,
1002.1002,54.686539,,,
1002.0002,55.789734,,,
1001.9002,56.880867,,,
1001.8002,57.218468,,,
1001.7002,56.735733,,,
1001.6002,55.760368,,,
1001.5002,54.221405,,,
1001.4002,52.274872,,,
1001.3002,50.166992,,,
1001.2002,48.214348,,,
1001.1002,46.661507,,,
1001.0002,45.494606,,,
1000.9002,44.825241,,,
1000.8002,44.584099,,,
1000.7002,44.800011,,,
1000.6002,45.497139,,,
1000.5002,46.523117,,,
1000.4002,47.952362,,,
1000.3002,49.660095,,,
1000.2002,51.360924,,,
1000.1002,53.077042,,,
1000.0002,54.601822,,,
999.9002,55.719406,,,
999.8002,56.160255,,,
999.7002,55.976723,,,
999.6002,55.758125,,,
999.5002,55.591461,,,
999.4002,55.542717,,,
999.3002,55.549171,,,
999.2002,55.595909,,,
999.1002,55.664665,,,
999.0002,55.755737,,,
998.9002,55.848549,,,
998.8002,55.913826,,,
998.7002,55.944878,,,
998.6002,55.933655,,,
998.5002,55.881737,,,
998.4002,55.800591,,,
998.3002,55.745651,,,
998.2002,55.806915,,,
998.1002,56.022057,,,
998.0002,56.475029,,,
997.9002,57.148048,,,
997.8002,57.838463,,,
997.7002,58.344528,,,
997.6002,58.539398,,,
997.5002,58.561378,,,
997.4002,58.50602,,,
997.3002,58.469963,,,
997.2002,58.44136,,,
997.1002,58.40197,,,
997.0002,58.331764,,,
996.9002,58.20742,,,
996.8002,58.062317,,,
996.7002,58.053223,,,
996.6002,58.597054,,,
996.5002,59.525703,,,
996.4002,60.003189,,,
996.3002,59.407707,,,
996.2002,57.958488,,,
996.1002,56.732956,,,
996.0002,56.063316,,,
995.9002,55.932693,,,
995.8002,55.92968,,,
995.7002,56.012413,,,
995.6002,56.124039,,,
995.5002,56.24485,,,
995.4002,56.227348,,,
995.3002,55.96006,,,
995.2002,55.383606,,,
995.1002,54.889259,,,
995.0002,54.679359,,,
994.9002,54.657227,,,
994.8002,54.743492,,,
994.7002,54.849442,,,
994.6002,54.931419,,,
994.5002,54.916275,,,
994.4002,54.735359,,,
994.3002,54.18824,,,
994.2002,53.63974,,,
994.1002,53.331268,,,
994.0002,53.25782,,,
993.9002,53.401352,,,
993.8002,53.691109,,,
993.7002,53.993622,,,
993.6002,54.214996,,,
993.5002,54.345444,,,
993.4002,54.426476,,,
993.3002,54.580772,,,
993.2002,54.859108,,,
993.1002,55.371353,,,
993.0002,55.968369,,,
992.9002,56.541389,,,
992.8002,56.892036,,,
992.7002,56.985107,,,
992.6002,56.836777,,,
992.5002,56.926643,,,
992.4002,57.221664,,,
992.3002,57.520828,,,
992.2002,57.398865,,,
992.1002,57.06102,,,
992.0002,56.892387,,,
991.9002,57.12532,,,
991.8002,57.743279,,,
991.7002,58.794235,,,
991.6002,59.905296,,,
991.5002,60.678551,,,
991.4002,60.561974,,,
991.3002,59.373802,,,
991.2002,,,,
991.1002,,,,
991.0002,,,,
990.9002,,,,
990.8002,,,,
990.7002,,,,
990.6002,,,,
990.5002,,,,
990.4002,,,,
990.3002,,,,
990.2002,,,,
990.1002,,,,
990.0002,,,,
989.9002,,,,
989.8002,,,,
989.7002,81.076889,,,
989.6002,79.863235,103.560638,,
989.5002,79.373062,103.43924,,
989.4002,80.012009,103.249298,,
989.3002,81.5634,103.018539,,
989.2002,83.32515,102.689606,,
989.1002,84.636917,102.30423,,
989.0002,85.026535,101.895874,,
988.9002,84.485275,101.492172,,
988.8002,83.784058,101.137329,,
988.7002,82.98407,100.982971,,
988.6002,82.152878,101.06636,,
988.5002,81.412354,101.162491,,
988.4002,80.771851,101.267853,,
988.3002,80.472565,101.363892,,
988.2002,81.203354,101.269806,,
988.1002,82.838501,101.071884,,
988.0002,84.227646,101.017273,,
987.9002,84.778259,101.190048,,
987.8002,84.011749,101.398865,,
987.7002,82.304733,101.527145,,
987.6002,80.33316,101.869965,,
987.5002,78.800217,102.209259,,
987.4002,78.13588,102.117828,,
987.3002,78.190887,101.833298,,
987.2002,78.613663,101.580383,,
987.1002,78.778885,101.40097,,
987.0002,78.66156,101.143585,,
986.9002,78.331787,100.817932,,
986.8002,78.029266,100.626495,,
986.7002,77.869995,100.721283,,
986.6002,77.961472,101.161835,,
986.5002,78.263672,101.780426,,
986.4002,78.802261,102.221817,,
986.3002,79.495605,102.372086,,
986.2002,80.12999,102.365097,,
986.1002,80.544174,102.159546,,
986.0002,80.7798,101.771286,,
985.9002,81.132965,101.403183,,
985.8002,81.39563,101.155396,,
985.7002,81.258194,101.068192,,
985.6002,80.547363,101.123657,,
985.5002,79.029526,101.283356,,
985.4002,77.173294,101.251678,,
985.3002,75.838577,100.672623,,
985.2002,75.477097,99.47171,,
985.1002,75.840088,97.999481,,
985.0002,76.420776,96.684509,,
984.9002,76.997498,95.494598,,
984.8002,77.38797,94.514053,,
984.7002,77.284302,93.940201,,
984.6002,76.784088,93.835632,,
984.5002,76.17395,94.293701,,
984.4002,75.574814,95.439499,,
984.3002,75.409363,96.741272,,
984.2002,75.928848,97.683502,,
984.1002,77.937271,98.175079,,
984.0002,80.448563,98.421219,,
983.9002,82.465866,98.494293,,
983.8002,83.006927,98.168579,,
983.7002,82.937469,97.690125,,
983.6002,83.168594,97.325775,,
983.5002,82.879929,97.026459,,
983.4002,82.054993,96.572296,,
983.3002,81.001877,95.995804,,
983.2002,80.452408,95.638489,,
983.1002,80.268951,95.723618,,
983.0002,80.147842,96.103485,,
982.9002,79.478165,96.379105,,
982.8002,78.445129,96.679703,,
982.7002,77.420395,97.114151,,
982.6002,76.930603,97.163391,,
982.5002,76.954193,96.783524,,
982.4002,77.362656,96.276901,,
982.3002,77.666824,95.699692,,
982.2002,77.653625,95.057907,,
982.1002,77.239227,94.390274,,
982.0002,77.223419,93.60556,,
981.9002,77.77739,93.016861,,
981.8002,78.750259,92.910919,,
981.7002,79.384216,92.946732,,
981.6002,79.56044,92.860153,,
981.5002,79.700851,92.678696,,
981.4002,79.917206,92.357956,,
981.3002,80.145584,91.401627,,
981.2002,80.305206,89.25087,,
981.1002,79.831329,86.494171,,
981.0002,78.584564,83.51149,,
980.9002,76.811188,80.016373,,
980.8002,73.943176,76.602829,,
980.7002,69.793137,74.0298,,
980.6002,65.904694,72.834793,,
980.5002,62.86911,73.007736,,
980.4002,60.231781,74.062912,,
980.3002,57.890739,75.78009,,
980.2002,56.180969,78.730911,,
980.1002,55.438652,82.816681,,
980.0002,56.128265,86.395416,,
979.9002,57.969017,89.291626,,
979.8002,60.425957,92.193085,,
979.7002,64.590652,95.436218,,
979.6002,69.64769,98.506424,,
979.5002,73.475845,100.669235,,
979.4002,75.989227,101.698395,,
979.3002,77.803955,101.920837,,
979.2002,79.084579,101.91153,,
979.1002,80.011703,101.92421,,
979.0002,80.916916,101.923035,,
978.9002,81.808899,101.766907,,
978.8002,82.421875,101.46965,,
978.7002,82.588989,101.096802,,
978.6002,82.586441,100.679962,,
978.5002,82.591324,100.099213,,
978.4002,82.696198,99.017944,,
978.3002,82.742966,97.14241,,
978.2002,82.482544,94.561447,,
978.1002,81.6297,91.721634,,
978.0002,79.855637,88.986435,,
977.9002,77.136108,87.08255,,
977.8002,74.447281,87.086868,,
977.7002,72.706772,89.065384,,
977.6002,72.969513,92.139084,,
977.5002,75.127258,94.76384,,
977.4002,78.102966,96.797104,,
977.3002,80.720688,98.061264,,
977.2002,82.599014,98.178619,,
977.1002,83.196152,97.085434,,
977.0002,82.483444,95.323334,,
976.9002,81.897598,94.037811,,
976.8002,81.33699,93.407303,,
976.7002,80.708801,93.462051,,
976.6002,80.100693,94.213501,,
976.5002,79.829285,95.626541,,
976.4002,80.256973,97.522858,,
976.3002,81.252457,99.401016,,
976.2002,82.571915,100.831207,,
976.1002,83.7957,101.668381,,
976.0002,84.845428,102.09787,,
975.9002,85.413483,102.0354,,
975.8002,85.329269,101.511856,,
975.7002,84.753372,100.987106,,
975.6002,83.934113,100.791443,,
975.5002,83.304779,100.849121,,
975.4002,82.995453,100.728134,,
975.3002,82.753494,100.521332,,
975.2002,82.162781,100.478775,,
975.1002,81.154221,100.566071,,
975.0002,80.077713,100.560944,,
974.9002,79.401764,100.276459,,
974.8002,79.176376,99.729721,,
974.7002,79.131821,99.066269,,
974.6002,78.95015,98.607788,,
974.5002,78.838516,98.663208,,
974.4002,78.899979,98.762817,,
974.3002,79.063232,98.30748,,
974.2002,79.068832,97.218231,,
974.1002,78.609116,95.893204,,
974.0002,77.65596,94.878906,,
973.9002,76.972321,94.483032,,
973.8002,76.807144,95.013794,,
973.7002,76.945999,96.425842,,
973.6002,77.400131,98.499634,,
973.5002,78.052094,100.575867,,
973.4002,78.83223,101.8936,,
973.3002,79.589417,101.181396,,
973.2002,79.991516,98.452744,,
973.1002,79.753082,94.859055,,
973.0002,79.054825,92.070511,,
972.9002,78.002579,90.937469,,
972.8002,76.430405,91.363754,,
972.7002,74.148361,93.593445,,
972.6002,71.911789,96.567276,,
972.5002,71.066406,98.960083,,
972.4002,71.383667,99.674911,,
972.3002,72.27652,98.983429,,
972.2002,73.713242,97.646484,,
972.1002,75.406403,96.638016,,
972.0002,77.146576,96.363617,,
971.9002,78.741028,96.783691,,
971.8002,79.580551,97.806229,,
971.7002,79.706345,98.853134,,
971.6002,79.851242,99.290451,,
971.5002,80.384155,98.841583,,
971.4002,81.25444,97.838547,,
971.3002,82.239609,96.768555,,
971.2002,82.809631,95.679749,,
971.1002,82.749329,94.661194,,
971.0002,81.763718,93.937561,,
970.9002,80.263824,93.543701,,
970.8002,78.694916,93.335159,,
970.7002,78.372772,93.205887,,
970.6002,79.048035,93.049667,,
970.5002,80.013321,92.884109,,
970.4002,80.601044,92.915115,,
970.3002,80.663406,93.234192,,
970.2002,80.342621,93.696091,,
970.1002,79.923584,93.98642,,
970.0002,79.686279,94.009659,,
969.9002,79.728424,93.910782,,
969.8002,80.101395,93.843094,,
969.7002,80.684341,93.68898,,
969.6002,81.40567,93.280563,,
969.5002,82.227325,92.723755,,
969.4002,82.853882,92.226624,,
969.3002,82.757416,91.921783,,
969.2002,81.955505,92.223343,,
969.1002,80.887711,92.892776,,
969.0002,79.812668,93.176682,,
968.9002,79.082901,93.575851,,
968.8002,78.876236,94.587708,,
968.7002,79.3647,95.757614,,
968.6002,80.639999,96.190643,,
968.5002,82.388397,95.778534,,
968.4002,84.25589,95.511276,,
968.3002,85.750763,95.409225,,
968.2002,86.581207,95.053802,,
968.1002,86.713394,94.661819,,
968.0002,86.197327,94.617691,,
967.9002,85.337753,95.074677,,
967.8002,84.399277,95.662872,,
967.7002,83.871582,96.139694,,
967.6002,83.994904,96.493729,,
967.5002,84.007355,96.804535,,
967.4002,83.249634,96.896011,,
967.3002,82.142883,96.504959,,
967.2002,80.561676,95.876816,,
967.1002,78.795654,95.257874,,
967.0002,77.76442,94.801025,,
966.9002,77.609955,94.605637,,
966.8002,78.190887,94.63092,,
966.7002,79.218765,94.63298,,
966.6002,80.924591,94.621292,,
966.5002,83.17421,94.71315,,
966.4002,84.919342,94.974274,,
966.3002,85.23671,95.442749,,
966.2002,83.763931,96.025101,,
966.1002,81.721573,96.41629,,
966.0002,79.712372,96.364151,,
965.9002,78.348221,95.753021,,
965.8002,77.610626,94.901962,,
965.7002,77.483948,94.294495,,
965.6002,77.681808,94.135147,,
965.5002,78.133011,93.800278,,
965.4002,78.670563,92.999084,,
965.3002,78.93396,91.695236,,
965.2002,78.506256,89.935013,,
965.1002,77.523743,87.781876,,
965.0002,76.720154,85.579208,,
964.9002,76.068954,83.998383,,
964.8002,75.523743,83.544937,,
964.7002,75.000168,83.995178,,
964.6002,74.547211,84.55957,,
964.5002,74.213287,85.112122,,
964.4002,73.988617,85.861038,,
964.3002,73.645294,86.669312,,
964.2002,72.981308,87.352142,,
964.1002,72.034683,87.841888,,
964.0002,71.597504,88.152634,,
963.9002,72.052475,88.156418,,
963.8002,73.111542,87.894226,,
963.7002,74.452682,87.892624,,
963.6002,75.402069,88.167206,,
963.5002,75.418945,88.397736,,
963.4002,74.693863,88.853745,,
963.3002,73.54245,89.974609,,
963.2002,71.885284,91.728043,,
963.1002,69.34021,93.517563,,
963.0002,66.598633,94.804382,,
962.9002,64.946213,95.526871,,
962.8002,64.351196,95.558212,,
962.7002,64.273148,94.951004,,
962.6002,64.56662,93.913986,,
962.5002,65.156815,92.931473,,
962.4002,65.971558,92.330246,,
962.3002,67.211517,92.111755,,
962.2002,68.903427,91.952652,,
962.1002,70.838852,91.774902,,
962.0002,72.405594,91.753128,,
961.9002,73.106094,91.736176,,
961.8002,73.02829,91.913422,,
961.7002,72.443604,92.821899,,
961.6002,71.607635,94.529922,,
961.5002,70.619659,96.63855,,
961.4002,69.554596,98.698425,,
961.3002,69.116241,100.519836,,
961.2002,69.631729,101.925262,,
961.1002,71.036606,102.332092,,
961.0002,72.76683,101.749237,,
960.9002,74.475647,100.837906,,
960.8002,75.565079,100.568741,,
960.7002,76.488739,100.478577,,
960.6002,77.787857,99.829956,,
960.5002,79.486938,98.352097,,
960.4002,80.968048,97.536392,,
960.3002,81.545731,98.339005,,
960.2002,80.904312,99.768677,,
960.1002,79.917236,101.184891,,
960.0002,79.740768,102.601837,,
959.9002,80.539062,103.553818,,
959.8002,81.845657,103.725433,,
959.7002,83.24855,103.249466,,
959.6002,84.363419,101.633316,,
959.5002,85.137466,99.437546,,
959.4002,85.718719,97.886139,,
959.3002,85.904144,97.810684,,
959.2002,85.602386,98.534927,,
959.1002,84.744644,98.681122,,
959.0002,83.484909,98.6987,,
958.9002,82.348907,99.535797,,
958.8002,82.47377,101.366959,,
958.7002,84.07634,103.117554,,
958.6002,86.214386,104.08783,,
958.5002,87.616562,104.897751,,
958.4002,87.574066,105.565857,,
958.3002,86.560837,105.74765,,
958.2002,85.379211,105.407379,,
958.1002,84.728485,104.967484,,
958.0002,84.549377,104.762268,,
957.9002,84.80806,104.353622,,
957.8002,85.271835,103.381943,,
957.7002,85.659317,102.059418,,
957.6002,85.856873,100.968597,,
957.5002,85.884109,100.57634,,
957.4002,85.995605,100.856064,,
957.3002,86.348389,101.516129,,
957.2002,86.98703,102.423462,,
957.1002,87.736053,103.4104,,
957.0002,88.574692,103.686844,,
956.9002,89.34819,102.602875,,
956.8002,89.681839,100.530243,,
956.7002,89.257126,98.219925,,
956.6002,88.195297,96.300949,,
956.5002,87.070648,95.174667,,
956.4002,86.143738,95.798569,,
956.3002,85.687195,98.235077,,
956.2002,86.312134,100.010513,,
956.1002,88.466324,100.745483,,
956.0002,91.478165,101.24437,,
955.9002,93.780807,101.745316,,
955.8002,94.468948,101.918915,,
955.7002,93.879532,101.33197,,
955.6002,92.100906,100.182816,,
955.5002,89.29805,99.020096,,
955.4002,86.606705,98.516083,,
955.3002,85.707382,98.591263,,
955.2002,87.620544,99.256027,,
955.1002,90.622559,100.487015,,
955.0002,92.913666,101.934464,,
954.9002,93.254395,102.933197,,
954.8002,92.665146,102.876038,,
954.7002,91.293304,102.145676,,
954.6002,89.523483,101.234497,,
954.5002,87.644547,100.489822,,
954.4002,85.81102,100.018005,,
954.3002,84.434784,100.126968,,
954.2002,83.820221,100.996536,,
954.1002,84.117355,102.20433,,
954.0002,85.131927,103.10321,,
953.9002,86.63501,103.412506,,
953.8002,88.385971,103.521759,,
953.7002,89.862198,103.388504,,
953.6002,90.603607,102.477676,,
953.5002,90.128204,100.026047,,
953.4002,88.343597,95.940933,,
953.3002,84.87262,91.096405,,
953.2002,79.993378,86.367126,,
953.1002,74.362808,82.941986,,
953.0002,68.005798,81.761307,,
952.9002,63.195374,83.239532,,
952.8002,61.270302,87.056992,,
952.7002,62.965752,92.581802,,
952.6002,67.328979,98.219147,,
952.5002,72.620087,102.197418,,
952.4002,77.281097,103.629349,,
952.3002,79.924561,102.189102,,
952.2002,80.496918,98.67514,,
952.1002,79.733017,93.910507,,
952.0002,78.279404,90.841339,,
951.9002,76.50119,90.552551,,
951.8002,75.699249,91.709488,,
951.7002,75.969803,94.910049,,
951.6002,76.906998,99.798904,,
951.5002,78.138,104.382584,,
951.4002,79.434891,106.024384,,
951.3002,80.7211,104.928299,,
951.2002,81.784882,103.872055,,
951.1002,82.721771,103.988327,,
951.0002,83.704773,104.794022,,
950.9002,85.334412,105.685455,,
950.8002,87.512161,106.664444,,
950.7002,90.092896,107.777145,,
950.6002,93.355988,108.225693,,
950.5002,96.566605,108.281647,,
950.4002,98.722885,108.55722,,
950.3002,99.292801,108.504776,,
950.2002,98.761719,107.793457,,
950.1002,97.493103,106.553177,,
950.0002,95.874023,103.954056,,
949.9002,93.94574,100.294922,,
949.8002,91.209686,96.56636,,
949.7002,88.194351,95.173553,,
949.6002,85.352402,96.26741,,
949.5002,83.120163,98.548676,,
949.4002,82.182159,101.606323,,
949.3002,82.609116,104.972672,,
949.2002,84.44548,107.869736,,
949.1002,86.890884,109.506577,,
949.0002,89.185486,109.62915,,
948.9002,90.38266,108.417297,,
948.8002,90.409637,106.929443,,
948.7002,89.704239,105.987457,,
948.6002,88.452637,105.452499,,
948.5002,87.044922,105.447281,,
948.4002,85.796219,106.179352,,
948.3002,85.335464,107.67984,,
948.2002,85.676254,109.12796,,
948.1002,86.256973,109.691544,,
948.0002,86.681244,109.5345,,
947.9002,86.705368,109.129837,,
947.8002,86.476196,108.816513,,
947.7002,86.334259,108.384476,,
947.6002,86.559036,107.699188,,
947.5002,87.069305,107.039032,,
947.4002,87.695892,107.001038,,
947.3002,88.35466,107.6091,,
947.2002,89.35614,108.168243,,
947.1002,90.489304,108.825043,,
947.0002,91.222992,109.52153,,
946.9002,91.406494,109.572083,,
946.8002,91.185913,109.071945,,
946.7002,91.013412,108.541763,,
946.6002,90.902908,108.002609,,
946.5002,90.897293,106.069351,,
946.4002,90.729477,101.573715,,
946.3002,89.443359,96.111801,,
946.2002,86.595978,92.208099,,
946.1002,83.199905,91.992477,,
946.0002,80.411957,94.876587,,
945.9002,79.132904,99.516769,,
945.8002,78.932617,104.104965,,
945.7002,79.932785,107.875671,,
945.6002,81.89624,110.531677,,
945.5002,83.79393,112.026291,,
945.4002,85.409317,112.211807,,
945.3002,86.444275,111.318863,,
945.2002,86.823029,110.175034,,
945.1002,86.766266,109.084869,,
945.0002,86.83667,108.110352,,
944.9002,87.578552,107.370407,,
944.8002,89.425629,107.016846,,
944.7002,92.279297,107.20163,,
944.6002,94.898438,107.964554,,
944.5002,96.435898,109.442886,,
944.4002,96.407196,111.350006,,
944.3002,95.516586,112.691788,,
944.2002,94.035614,112.975418,,
944.1002,92.633759,112.119202,,
944.0002,91.871017,110.555511,,
943.9002,91.530258,108.320511,,
943.8002,90.918533,105.896347,,
943.7002,89.680237,104.37413,,
943.6002,87.853256,103.920074,,
943.5002,86.041977,104.108414,,
943.4002,84.804047,104.408508,,
943.3002,84.433533,104.920715,,
943.2002,84.721909,106.013046,,
943.1002,85.634247,107.889236,,
943.0002,87.108109,109.270828,,
942.9002,88.949234,109.130768,,
942.8002,91.272949,108.064178,,
942.7002,93.77626,107.075012,,
942.6002,96.079468,106.606644,,
942.5002,96.86998,106.303787,,
942.4002,96.300888,106.075348,,
942.3002,95.359482,106.230438,,
942.2002,94.393066,107.335876,,
942.1002,93.535324,108.449295,,
942.0002,92.735947,108.51915,,
941.9002,92.266418,107.517395,,
941.8002,92.269638,106.318863,,
941.7002,92.780151,105.470779,,
941.6002,93.828522,104.500305,,
941.5002,95.110382,103.635071,,
941.4002,96.363113,103.274353,,
941.3002,97.003922,103.14389,,
941.2002,97.135147,102.780518,,
941.1002,97.02298,102.090546,,
941.0002,96.757919,101.44574,,
940.9002,96.442001,101.381973,,
940.8002,96.162292,102.042252,,
940.7002,95.998657,103.067932,,
940.6002,95.749817,104.321198,,
940.5002,94.949753,105.837006,,
940.4002,93.859238,107.536102,,
940.3002,92.802856,108.900833,,
940.2002,91.950592,109.547897,,
940.1002,91.254242,109.75386,,
940.0002,90.701431,109.696335,,
939.9002,90.547318,109.266891,,
939.8002,90.52269,108.323776,,
939.7002,90.386383,107.174561,,
939.6002,89.94017,106.198212,,
939.5002,89.311798,105.059158,,
939.4002,88.556931,103.857712,,
939.3002,86.758926,103.341156,,
939.2002,84.379791,103.121475,,
939.1002,81.994202,102.726639,,
939.0002,80.313461,102.369492,,
938.9002,79.740463,102.525543,,
938.8002,80.248367,103.1931,,
938.7002,81.589127,103.986618,,
938.6002,83.23848,104.88591,,
938.5002,84.988998,106.026077,,
938.4002,86.407608,107.32518,,
938.3002,87.585846,108.583435,,
938.2002,88.881729,109.654175,,
938.1002,90.28476,110.415298,,
938.0002,91.397629,110.488449,,
937.9002,91.554382,109.658112,,
937.8002,90.758392,108.311615,,
937.7002,89.704056,107.196243,,
937.6002,89.068268,106.748917,,
937.5002,88.640762,106.491989,,
937.4002,87.957413,106.013382,,
937.3002,86.896713,105.442963,,
937.2002,85.617126,104.588928,,
937.1002,84.415375,103.321152,,
937.0002,83.351303,101.981949,,
936.9002,82.198639,101.26178,,
936.8002,80.824738,101.512436,,
936.7002,79.71402,102.191025,,
936.6002,79.196533,103.042633,,
936.5002,79.222946,104.298645,,
936.4002,79.763397,106.565659,,
936.3002,80.681992,109.980255,,
936.2002,81.575211,113.096191,,
936.1002,82.247421,113.732483,,
936.0002,82.599396,112.29274,,
935.9002,82.879532,111.242569,,
935.8002,83.465546,110.803589,,
935.7002,84.637466,111.107315,,
935.6002,86.071548,112.507751,,
935.5002,87.607849,114.328812,,
935.4002,88.715927,115.900604,,
935.3002,88.928131,117.052612,,
935.2002,88.258759,117.846375,,
935.1002,87.187424,118.473343,,
935.0002,86.283722,119.328217,,
934.9002,85.428146,120.419479,,
934.8002,84.357422,121.133209,,
934.7002,83.090195,120.344513,,
934.6002,81.910934,117.393005,,
934.5002,81.341019,113.02771,,
934.4002,81.637955,109.852112,,
934.3002,82.622726,108.402725,,
934.2002,83.604324,108.080338,,
934.1002,84.597137,108.304749,,
934.0002,85.730438,108.75087,,
933.9002,87.163055,109.187149,,
933.8002,88.772018,109.53978,,
933.7002,90.176895,109.646225,,
933.6002,90.965149,109.621246,,
933.5002,91.031845,110.056961,,
933.4002,90.442139,111.042969,,
933.3002,89.551285,112.319092,,
933.2002,88.212723,113.709732,,
933.1002,86.755798,114.848236,,
933.0002,85.883423,115.277573,,
932.9002,86.572754,114.794495,,
932.8002,88.464005,112.900085,,
932.7002,90.035538,109.938538,,
932.6002,90.939789,107.418213,,
932.5002,91.138046,106.48877,,
932.4002,90.939468,107.076599,,
932.3002,90.68396,108.402359,,
932.2002,90.597961,109.849991,,
932.1002,90.614273,111.149597,,
932.0002,90.056,112.320068,,
931.9002,88.645248,112.856705,,
931.8002,86.464935,112.338165,,
931.7002,84.360062,110.498535,,
931.6002,82.648315,108.440948,,
931.5002,80.892075,107.364517,,
931.4002,80.021973,107.467056,,
931.3002,80.317261,108.047974,,
931.2002,81.663361,108.540298,,
931.1002,83.12001,110.411911,,
931.0002,84.195847,113.04686,,
930.9002,84.888489,114.590546,,
930.8002,85.392395,114.561066,,
930.7002,86.02063,113.958817,,
930.6002,87.322525,113.764206,,
930.5002,89.044815,113.944946,,
930.4002,90.720108,113.977905,,
930.3002,91.377655,113.485519,,
930.2002,91.868149,113.205536,,
930.1002,92.788177,113.267593,,
930.0002,93.710632,113.060806,,
929.9002,94.173386,112.614456,,
929.8002,94.109039,112.277451,,
929.7002,93.782455,112.283203,,
929.6002,93.715668,112.506638,,
929.5002,94.109055,112.856445,,
929.4002,93.887131,113.494339,,
929.3002,92.61377,114.730133,,
929.2002,90.369965,116.349716,,
929.1002,88.194565,117.719376,,
929.0002,86.569672,118.650803,,
928.9002,85.545944,119.238403,,
928.8002,84.755524,119.283539,,
928.7002,84.069534,118.741379,,
928.6002,83.593826,117.893967,,
928.5002,83.635406,117.126129,,
928.4002,83.886429,116.701462,,
928.3002,83.833328,116.621094,,
928.2002,83.29924,116.845001,,
928.1002,82.538757,117.314529,,
928.0002,81.834152,117.994385,,
927.9002,80.791336,119.251266,,
927.8002,79.60643,120.696182,,
927.7002,79.283539,121.634766,,
927.6002,79.70549,122.254272,,
927.5002,80.411087,122.80275,,
927.4002,81.727325,123.134293,,
927.3002,83.789185,122.826385,,
927.2002,86.307373,122.142639,,
927.1002,88.345917,121.908646,,
927.0002,89.358551,122.042297,,
926.9002,89.525558,121.646469,,
926.8002,88.63205,119.822815,,
926.7002,86.863403,116.251495,,
926.6002,84.736847,112.036636,,
926.5002,82.170212,109.422424,,
926.4002,79.808319,109.301422,,
926.3002,78.579514,111.013626,,
926.2002,78.691147,113.567429,,
926.1002,79.775543,116.559753,,
926.0002,81.076523,119.536209,,
925.9002,82.695999,121.470993,,
925.8002,84.560104,121.958878,,
925.7002,86.288406,121.64151,,
925.6002,87.383987,121.205261,,
925.5002,87.492096,121.024673,,
925.4002,86.978683,121.173279,,
925.3002,86.228058,121.645386,,
925.2002,85.758331,122.280731,,
925.1002,85.488327,122.679169,,
925.0002,85.49675,122.798553,,
924.9002,85.688614,122.770569,,
924.8002,85.651718,122.728058,,
924.7002,85.213837,122.570251,,
924.6002,84.592926,122.206726,,
924.5002,84.255554,121.849487,,
924.4002,84.292633,121.665588,,
924.3002,84.468887,121.745743,,
924.2002,84.934967,122.00441,,
924.1002,85.739456,122.450623,,
924.0002,86.566071,123.079453,,
923.9002,86.974197,123.708527,,
923.8002,86.541367,124.06665,,
923.7002,85.439865,123.954514,,
923.6002,84.121887,123.517746,,
923.5002,83.153137,122.886459,,
923.4002,82.857162,122.193695,,
923.3002,83.58757,121.57872,,
923.2002,85.371826,121.288269,,
923.1002,87.401581,121.384064,,
923.0002,88.750809,121.466812,,
922.9002,89.115082,121.425919,,
922.8002,89.581696,121.413422,,
922.7002,89.701294,121.28302,,
922.6002,89.294296,121.042542,,
922.5002,88.774948,120.846039,,
922.4002,88.162552,120.468109,,
922.3002,87.301285,119.787292,,
922.2002,85.955658,118.994919,,
922.1002,84.446259,118.129684,,
922.0002,83.43074,117.280396,,
921.9002,83.456787,116.634689,,
921.8002,84.617172,116.370712,,
921.7002,86.140625,116.50766,,
921.6002,87.061325,116.859863,,
921.5002,87.010132,117.316147,,
921.4002,86.130203,117.815964,,
921.3002,84.273514,118.318588,,
921.2002,81.857391,118.627396,,
921.1002,79.565948,118.561234,,
921.0002,77.96228,118.09198,,
920.9002,76.642319,116.956818,,
920.8002,75.198837,115.325256,,
920.7002,73.72348,113.595871,,
920.6002,72.559616,112.132172,,
920.5002,71.953018,111.469116,,
920.4002,72.976257,112.200058,,
920.3002,75.672592,114.19313,,
920.2002,79.481323,117.351685,,
920.1002,82.250916,122.270462,,
920.0002,83.433548,128.03479,,
919.9002,83.459198,133.346375,,
919.8002,82.444687,137.067078,,
919.7002,81.182907,138.768524,,
919.6002,80.1362,139.096252,,
919.5002,79.896454,138.76001,,
919.4003,80.294373,138.721558,,
919.3003,81.096268,139.522797,,
919.2003,82.426605,141.341675,,
919.1003,83.99324,143.518158,,
919.0003,85.464355,145.353363,,
918.9003,86.497543,146.395905,,
918.8003,87.158081,146.786743,,
918.7003,87.494705,146.835144,,
918.6003,87.889984,146.712921,,
918.5003,88.380814,146.441772,,
918.4003,88.719849,146.031097,,
918.3003,88.746719,145.614441,,
918.2003,88.626251,145.405212,,
918.1003,88.72908,145.509613,,
918.0003,89.062515,145.869232,,
917.9003,89.389938,146.402893,,
917.8003,89.22583,147.070068,,
917.7003,88.415787,147.66156,,
917.6003,87.317551,148.008026,,
917.5003,86.9814,148.100037,,
917.4003,87.707947,148.025513,,
917.3003,88.984985,147.891418,,
917.2003,89.605957,147.727448,,
917.1003,89.418884,147.527069,,
917.0003,88.974884,147.288452,,
916.9003,88.366928,146.991699,,
916.8003,87.987762,146.710785,,
916.7003,88.104691,146.588226,,
916.6003,89.128265,146.837524,,
916.5003,90.586731,147.576416,,
916.4003,91.689209,148.617218,,
916.3003,92.236603,149.572235,,
916.2003,92.230377,150.143036,,
916.1003,91.879242,150.335846,,
916.0003,91.491623,150.174316,,
915.9003,91.25499,149.733551,,
915.8003,90.967102,149.194885,,
915.7003,91.086334,148.680267,,
915.6003,91.697556,148.244476,,
915.5003,92.010818,147.868896,,
915.4003,91.846436,147.570587,,
915.3003,91.412033,147.337524,,
915.2003,90.901566,147.111938,,
915.1003,90.388046,146.904053,,
915.0003,89.92305,146.747223,,
914.9003,89.632217,146.645386,,
914.8003,89.772629,146.588043,,
914.7003,90.414734,146.583923,,
914.6003,91.184143,146.670349,,
914.5003,91.844391,146.818909,,
914.4003,92.27771,146.978516,,
914.3003,92.351349,147.164734,,
914.2003,92.045441,147.36322,,
914.1003,91.659988,147.498962,,
914.0003,91.39801,147.481781,,
913.9003,91.409622,147.241211,,
913.8003,91.507065,146.802734,,
913.7003,91.299377,146.30127,,
913.6003,90.555786,145.779053,,
913.5003,89.765289,145.232056,,
913.4003,89.246613,144.67807,,
913.3003,89.495621,144.163757,,
913.2003,90.620972,143.763885,,
913.1003,92.320114,143.485596,,
913.0003,93.96347,143.309052,,
912.9003,95.204163,143.179565,,
912.8003,96.070175,143.070984,,
912.7003,96.755249,142.994415,,
912.6003,97.459549,142.956818,,
912.5003,98.268539,142.937195,,
912.4003,98.851532,142.91568,,
912.3003,98.417908,142.882568,,
912.2003,96.983994,142.79953,,
912.1003,95.315063,142.582245,,
912.0003,93.995941,142.175781,,
911.9003,93.594238,141.584137,,
911.8003,94.008072,140.88208,,
911.7003,94.53067,140.212555,,
911.6003,94.287338,139.90451,,
911.5003,92.953522,140.066528,,
911.4003,90.908707,140.410522,,
911.3003,88.592697,140.790436,,
911.2003,86.513733,141.117188,,
911.1003,85.687851,141.309418,,
911.0003,85.641968,141.307678,,
910.9003,85.393326,141.135864,,
910.8003,85.160934,140.865936,,
910.7003,85.251221,140.714142,,
910.6003,85.750275,140.815552,,
910.5003,86.471863,141.131775,,
910.4003,87.112473,141.558777,,
910.3003,87.520966,141.973053,,
910.2003,87.510956,142.291626,,
910.1003,87.07634,142.467133,,
910.0003,86.279678,142.496429,,
909.9003,84.804337,142.342285,,
909.8003,83.332718,142.042999,,
909.7003,82.653244,141.694214,,
909.6003,82.938934,141.342133,,
909.5003,83.661026,141.016449,,
909.4003,84.403961,140.724396,,
909.3003,85.31781,140.500671,,
909.2003,86.412811,140.356659,,
909.1003,87.667191,140.263885,,
909.0003,88.912384,140.186218,,
908.9003,89.969193,140.102386,,
908.8003,90.654205,140.00708,,
908.7003,90.979889,139.944244,,
908.6003,91.05304,140.005066,,
908.5003,90.826202,140.246735,,
908.4003,90.336792,140.731079,,
908.3003,89.704605,141.406311,,
908.2003,89.084457,142.17691,,
908.1003,88.657288,143.011566,,
908.0003,88.468063,143.798004,,
907.9003,88.75824,144.35202,,
907.8003,90.792297,144.393921,,
907.7003,94.679596,143.909271,,
907.6003,97.789169,142.999603,,
907.5003,99.057144,141.932129,,
907.4003,98.73584,141.012238,,
907.3003,96.381241,140.483215,,
907.2003,92.827789,140.29483,,
907.1003,88.908234,140.262726,,
907.0003,86.051224,140.274994,,
906.9003,84.514816,140.304382,,
906.8003,83.994873,140.355286,,
906.7003,84.857315,140.454285,,
906.6003,86.637817,140.638062,,
906.5003,88.64888,140.892944,,
906.4003,91.83374,141.165344,,
906.3003,95.992493,141.383057,,
906.2003,100.094696,141.497162,,
906.1003,102.457947,141.335938,,
906.0003,102.59906,140.913757,,
905.9003,101.446716,140.442505,,
905.8003,99.003555,139.910797,,
905.7003,95.529037,139.210358,,
905.6003,91.107574,138.343842,,
905.5003,86.445847,137.759003,,
905.4003,82.878433,138.126587,,
905.3003,81.23465,139.621338,,
905.2003,81.572372,141.725739,,
905.1003,82.679031,143.477478,,
905.0003,84.017044,144.442993,,
904.9003,85.339737,144.64798,,
904.8003,86.666016,144.370728,,
904.7003,88.149261,143.845703,,
904.6003,89.87616,143.316376,,
904.5003,91.715424,143.052734,,
904.4003,93.207703,143.10318,,
904.3003,93.935181,143.406128,,
904.2003,94.048096,143.801697,,
904.1003,93.263062,144.197418,,
904.0003,91.754532,144.535736,,
903.9003,90.608154,144.78421,,
903.8003,90.258301,144.944244,,
903.7003,90.762787,144.998749,,
903.6003,91.197647,144.915375,,
903.5003,91.217636,144.666565,,
903.4003,90.64476,144.261017,,
903.3003,89.991486,143.795502,,
903.2003,89.657761,143.330719,,
903.1003,89.913528,142.873749,,
903.0003,90.326874,142.420013,,
902.9003,90.694702,142.007629,,
902.8003,90.773468,141.696259,,
902.7003,90.47258,141.533478,,
902.6003,89.712494,141.509674,,
902.5003,88.648575,141.593079,,
902.4003,87.537506,141.723083,,
902.3003,86.41954,141.879303,,
902.2003,85.333969,142.057343,,
902.1003,84.541718,142.247009,,
902.0003,84.267029,142.442108,,
901.9003,84.542542,142.648438,,
901.8003,85.500458,142.907593,,
901.7003,86.975418,143.248566,,
901.6003,88.370117,143.549377,,
901.5003,89.440475,143.57193,,
901.4003,89.910248,143.467896,,
901.3003,89.743378,143.509735,,
901.2003,88.705154,143.608185,,
901.1003,87.353119,143.593872,,
901.0003,86.558792,143.46344,,
900.9003,86.652649,143.43811,,
900.8003,87.415176,143.56369,,
900.7003,88.304855,143.730103,,
900.6003,88.581314,143.905945,,
900.5003,88.223648,144.15451,,
900.4003,87.78833,144.528534,,
900.3003,87.447922,145.017944,,
900.2003,86.885849,145.496094,,
900.1003,85.573318,145.83786,,
900.0003,84.172714,145.988007,,
899.9003,83.156601,145.966644,,
899.8003,82.562057,145.8284,,
899.7003,82.519623,145.54895,,
899.6003,82.628601,145.226685,,
899.5003,82.308167,145.01358,,
899.4003,81.361862,145.128113,,
899.3003,80.235092,145.411163,,
899.2003,79.693237,145.561096,,
899.1003,80.217834,145.361633,,
899.0003,81.423569,144.838776,,
898.9003,82.497131,144.134949,,
898.8003,83.246246,143.505585,,
898.7003,83.703506,143.212616,,
898.6003,83.591034,143.386444,,
898.5003,82.946198,143.842163,,
898.4003,82.043335,144.355774,,
898.3003,81.362061,144.877197,,
898.2003,80.965912,144.9935,,
898.1003,80.698959,144.608612,,
898.0003,79.888138,143.910522,,
897.9003,78.396774,143.068085,,
897.8003,76.420532,142.234924,,
897.7003,74.413422,141.525726,,
897.6003,72.738464,141.350494,,
897.5003,71.454544,141.692963,,
897.4003,71.031815,142.079865,,
897.3003,71.279846,142.364807,,
897.2003,71.945633,142.671509,,
897.1003,72.605118,143.123016,,
897.0003,73.154266,143.613739,,
896.9003,73.707169,144.048584,,
896.8003,74.682144,144.488647,,
896.7003,76.314392,144.991821,,
896.6003,78.804825,145.540619,,
896.5003,81.554977,146.060852,,
896.4003,83.907196,146.354736,,
896.3003,85.289612,146.291748,,
896.2003,85.52388,146.055054,,
896.1003,85.151123,145.855469,,
896.0003,84.688126,145.753235,,
895.9003,84.4142,145.794922,,
895.8003,84.332306,145.800873,,
895.7003,84.369751,145.508362,,
895.6003,84.353516,144.980927,,
895.5003,84.132675,144.395172,,
895.4003,83.536972,143.794708,,
895.3003,82.606995,143.127655,,
895.2003,81.51384,142.412445,,
895.1003,80.090485,141.788147,,
895.0003,78.33017,141.537903,,
894.9003,76.432983,141.63623,,
894.8003,74.357071,141.561188,,
894.7003,72.225784,141.377991,,
894.6003,70.376526,141.509247,,
894.5003,69.136993,141.916199,,
894.4003,68.697266,142.351501,,
894.3003,68.824234,142.59671,,
894.2003,69.726715,142.780609,,
894.1003,71.30191,143.04776,,
894.0003,73.041107,143.395508,,
893.9003,75.154327,143.71402,,
893.8003,77.477936,143.961304,,
893.7003,79.376312,144.208893,,
893.6003,80.862396,144.392029,,
893.5003,82.105713,144.411285,,
893.4003,83.085159,144.288788,,
893.3003,83.347931,144.065338,,
893.2003,82.660248,143.812744,,
893.1003,81.741196,143.647766,,
893.0003,80.771667,143.653687,,
892.9003,79.812103,143.774933,,
892.8003,78.820297,143.739624,,
892.7003,78.054062,143.498535,,
892.6003,77.793152,143.120941,,
892.5003,77.78714,142.645782,,
892.4003,77.756149,142.114014,,
892.3003,77.330597,141.645569,,
892.2003,76.406525,141.423462,,
892.1003,75.193832,141.452179,,
892.0003,74.383545,141.557434,,
891.9003,74.39119,141.595123,,
891.8003,75.451691,141.505219,,
891.7003,77.015335,141.27124,,
891.6003,78.454437,140.903229,,
891.5003,79.779861,140.446747,,
891.4003,81.687057,139.986389,,
891.3003,83.253113,139.547485,,
891.2003,83.760086,139.28067,,
891.1003,83.574875,139.326355,,
891.0003,82.939636,139.512939,,
890.9003,82.361511,139.61145,,
890.8003,82.15416,139.506042,,
890.7003,82.238159,139.253113,,
890.6003,82.343307,138.92923,,
890.5003,82.270462,138.599304,,
890.4003,81.695343,138.284576,,
890.3003,80.651718,137.981415,,
890.2003,79.434235,137.669495,,
890.1003,78.244507,137.309448,,
890.0003,77.24202,137.009888,,
889.9003,76.415665,136.90564,,
889.8003,75.65036,137.069275,,
889.7003,74.928162,137.445312,,
889.6003,74.413651,137.918823,,
889.5003,74.14476,138.475555,,
889.4003,74.078506,139.088715,,
889.3003,74.361877,139.699005,,
889.2003,74.956741,139.919159,,
889.1003,75.705704,139.445618,,
889.0003,76.471283,138.194977,,
888.9003,76.67392,136.493195,,
888.8003,76.152969,134.660339,,
888.7003,75.026291,132.834076,,
888.6003,73.999222,131.52594,,
888.5003,73.475128,131.029358,,
888.4003,73.730377,131.345276,,
888.3003,74.401611,132.437897,,
888.2003,75.166489,134.027588,,
888.1003,75.654327,135.744843,,
888.0003,75.659851,138.266327,,
887.9003,75.120132,141.544342,,
887.8003,73.938797,144.188568,,
887.7003,72.531723,145.845032,,
887.6003,71.2509,146.850891,,
887.5003,69.863403,147.232147,,
887.4003,68.682449,147.315033,,
887.3003,68.20311,147.431152,,
887.2003,68.17923,147.459412,,
887.1003,68.164352,147.624756,,
887.0003,67.864243,148.157684,,
886.9003,67.774261,148.842438,,
886.8003,68.003693,149.219513,,
886.7003,68.398422,149.116577,,
886.6003,69.105316,149.061859,,
886.5003,70.090073,149.062714,,
886.4003,71.290558,148.749908,,
886.3003,72.267227,148.025452,,
886.2003,72.848862,147.197754,,
886.1003,73.103592,146.534821,,
886.0003,73.102982,145.968292,,
885.9003,72.987549,145.368317,,
885.8003,73.008179,144.726318,,
885.7003,73.42984,144.10675,,
885.6003,74.167801,143.583954,,
885.5003,74.341644,143.253143,,
885.4003,74.131363,143.148224,,
885.3003,74.184616,143.196625,,
885.2003,75.318741,143.341125,,
885.1003,77.277618,143.570831,,
885.0003,79.261154,143.806671,,
884.9003,80.929703,143.87381,,
884.8003,82.272324,143.614258,,
884.7003,83.571487,143.0979,,
884.6003,84.518021,142.653656,,
884.5003,84.950241,142.595154,,
884.4003,84.951431,142.982758,,
884.3003,84.64978,143.590668,,
884.2003,84.286469,144.166016,,
884.1003,83.899979,144.519623,,
884.0003,83.165436,144.466156,,
883.9003,82.127106,143.853119,,
883.8003,81.574539,142.84848,,
883.7003,81.568878,141.895905,,
883.6003,81.718384,141.315094,,
883.5003,81.718109,140.990173,,
883.4003,81.711349,140.755463,,
883.3003,81.889832,140.51239,,
883.2003,81.850098,140.265045,,
883.1003,81.395935,140.069,,
883.0003,80.702377,140.000488,,
882.9003,80.228241,140.104279,,
882.8003,80.489212,140.477264,,
882.7003,81.610626,141.171478,,
882.6003,83.036942,142.034119,,
882.5003,84.240326,142.904785,,
882.4003,84.798386,143.426971,,
882.3003,84.657166,143.230103,,
882.2003,84.006409,142.391968,,
882.1003,83.560577,141.46225,,
882.0003,83.456161,140.706451,,
881.9003,83.544464,140.212952,,
881.8003,83.131943,139.840668,,
881.7003,81.811234,139.300415,,
881.6003,79.448029,138.720215,,
881.5003,76.830551,138.589722,,
881.4003,74.640198,138.971466,,
881.3003,73.697784,139.592957,,
881.2003,73.774414,139.96817,,
881.1003,74.666794,139.972137,,
881.0003,75.727127,139.743408,,
880.9003,76.55043,139.524994,,
880.8003,77.0914,139.282288,,
880.7003,77.45108,139.047394,,
880.6003,77.617752,139.032227,,
880.5003,77.476486,139.294922,,
880.4003,77.014343,139.921387,,
880.3003,76.278793,140.946655,,
880.2003,75.290741,142.081055,,
880.1003,74.140533,143.138611,,
880.0003,72.844666,144.223419,,
879.9003,71.51886,145.118011,,
879.8003,70.274994,145.44696,,
879.7003,69.076965,145.09668,,
879.6003,67.752792,143.965454,,
879.5003,66.253418,142.437103,,
879.4003,64.661133,141.130829,,
879.3003,63.501335,140.382629,,
879.2003,63.105354,140.211182,,
879.1003,63.669022,140.478149,,
879.0003,64.555618,141.186096,,
878.9003,65.162247,142.181549,,
878.8003,65.971512,143.259949,,
878.7003,67.308334,143.897583,,
878.6003,69.182144,143.889008,,
878.5003,71.466812,143.408478,,
878.4003,73.673584,142.860687,,
878.3003,75.571381,142.480408,,
878.2003,76.641556,142.245819,,
878.1003,77.140671,142.117096,,
878.0003,77.458923,142.064209,,
877.9003,77.711624,142.075958,,
877.8003,77.757324,142.144653,,
877.7003,77.373688,142.258911,,
877.6003,76.891769,142.425262,,
877.5003,76.562088,142.695923,,
877.4003,76.513031,143.089508,,
877.3003,76.446365,143.564941,,
877.2003,76.211517,143.910217,,
877.1003,75.763855,143.960205,,
877.0003,75.300186,143.705383,,
876.9003,74.770203,143.303925,,
876.8003,73.816162,142.904449,,
876.7003,72.294418,142.62262,,
876.6003,70.381851,142.470642,,
876.5003,68.3134,142.406128,,
876.4003,67.192932,142.414734,,
876.3003,67.302139,142.47113,,
876.2003,68.31366,142.542847,,
876.1003,69.29068,142.552155,,
876.0003,69.766769,142.444122,,
875.9003,69.510483,142.192047,,
875.8003,68.857712,141.730286,,
875.7003,68.165695,141.104706,,
875.6003,67.646118,140.395477,,
875.5003,67.390976,139.441528,,
875.4003,67.377365,138.283203,,
875.3003,67.574951,137.230591,,
875.2003,67.806839,136.597839,,
875.1003,67.932434,136.440613,,
875.0003,68.342102,136.734009,,
874.9003,69.166458,137.369843,,
874.8003,70.302872,138.147919,,
874.7003,72.137451,138.915649,,
874.6003,74.39473,139.505737,,
874.5003,76.634354,139.903809,,
874.4003,78.548203,140.165649,,
874.3003,80.10939,140.337067,,
874.2003,81.518372,140.437347,,
874.1003,82.761505,140.45874,,
874.0003,83.795349,140.403351,,
873.9003,84.497086,140.298492,,
873.8003,84.491165,140.16275,,
873.7003,83.788925,140.00885,,
873.6003,82.775177,139.848816,,
873.5003,81.78154,139.694153,,
873.4003,81.005676,139.545471,,
873.3003,80.36821,139.394775,,
873.2003,79.759247,139.217194,,
873.1003,79.064041,138.930634,,
873.0003,78.413498,138.416992,,
872.9003,77.817215,137.511536,,
872.8003,77.123077,136.264496,,
872.7003,76.170792,135.211151,,
872.6003,74.791672,134.736755,,
872.5003,73.063599,134.889374,,
872.4003,71.207687,135.321838,,
872.3003,69.76828,135.819702,,
872.2003,69.328522,136.303253,,
872.1003,69.861404,136.742493,,
872.0003,70.966507,137.104706,,
871.9003,71.864899,137.349609,,
871.8003,72.407867,137.518921,,
871.7003,72.36557,137.674042,,
871.6003,71.699524,137.869446,,
871.5003,70.882416,138.099426,,
871.4003,70.584473,138.346313,,
871.3003,70.689316,138.594299,,
871.2003,71.171692,138.837219,,
871.1003,71.897171,139.062378,,
871.0003,72.934555,139.264893,,
870.9003,74.485596,139.422455,,
870.8003,76.218719,139.496094,,
870.7003,77.12323,139.481415,,
870.6003,77.092178,139.36795,,
870.5003,76.775818,139.158112,,
870.4003,76.279556,138.890137,,
870.3003,75.466766,138.561615,,
870.2003,74.262756,138.172699,,
870.1003,72.844193,137.751678,,
870.0003,71.455093,137.313171,,
869.9003,70.248184,136.866425,,
869.8003,69.210648,136.454926,,
869.7003,68.375397,136.197357,,
869.6003,67.700607,136.219666,,
869.5003,67.339066,136.582214,,
869.4003,67.604736,137.171326,,
869.3003,68.534149,137.858246,,
869.2003,69.444702,138.765259,,
869.1003,70.096848,139.772797,,
869.0003,70.768341,140.572632,,
868.9003,71.557129,140.983307,,
868.8003,72.289078,140.977264,,
868.7003,72.698029,140.699554,,
868.6003,72.446014,140.27951,,
868.5003,71.797119,139.854156,,
868.4003,71.200684,139.428894,,
868.3003,70.981125,138.588226,,
868.2003,70.909561,137.436188,,
868.1003,70.543808,136.427246,,
868.0003,69.81012,135.877625,,
867.9003,68.774994,135.797363,,
867.8003,67.39743,136.003876,,
867.7003,65.938309,136.417877,,
867.6003,64.973511,136.993164,,
867.5003,65.406311,137.681274,,
867.4003,66.96669,138.17981,,
867.3003,68.787949,138.314026,,
867.2003,70.05542,138.126007,,
867.1003,70.446274,137.753052,,
867.0003,70.174042,137.398834,,
866.9003,69.366867,137.18811,,
866.8003,68.261246,137.377014,,
866.7003,67.048965,138.112488,,
866.6003,66.046219,139.45694,,
866.5003,65.71405,141.09375,,
866.4003,66.093323,142.437469,,
866.3003,67.146271,142.828644,,
866.2003,68.551498,142.532806,,
866.1003,70.114502,142.05072,,
866.0003,71.101868,141.544708,,
865.9003,71.651367,140.967682,,
865.8003,72.053741,140.377563,,
865.7003,71.958511,140.003326,,
865.6003,71.422485,139.659058,,
865.5003,70.592575,139.130615,,
865.4003,70.106339,138.436401,,
865.3003,70.067352,137.857483,,
865.2003,70.358597,137.593842,,
865.1003,70.401581,137.687622,,
865.0003,70.127594,138.01651,,
864.9003,69.76268,138.44281,,
864.8003,69.108963,139.016907,,
864.7003,68.084518,139.585938,,
864.6003,66.709915,139.924377,,
864.5003,65.574524,140.058624,,
864.4003,65.049011,140.122711,,
864.3003,65.218704,140.210022,,
864.2003,65.636475,140.403931,,
864.1003,65.943176,140.689056,,
864.0003,66.435089,140.988342,,
863.9003,67.256409,141.271484,,
863.8003,68.326324,141.575256,,
863.7003,69.644913,141.971771,,
863.6003,70.982071,142.705414,,
863.5003,71.904373,143.893127,,
863.4003,71.725388,145.406464,,
863.3003,70.616531,146.981171,,
863.2003,69.540543,148.253296,,
863.1003,68.67543,149.007965,,
863.0003,68.35228,149.172455,,
862.9003,68.636307,148.854126,,
862.8003,69.309494,148.06604,,
862.7003,70.076492,147.199921,,
862.6003,70.787247,146.841217,,
862.5003,71.242859,147.007324,,
862.4003,71.497787,147.608337,,
862.3003,71.970718,148.524689,,
862.2003,72.245209,149.6474,,
862.1003,71.92601,150.58313,,
862.0003,71.322205,150.819702,,
861.9003,70.560318,150.478394,,
861.8003,69.822693,149.800049,,
861.7003,69.087845,148.898468,,
861.6003,68.267532,147.836151,,
861.5003,67.420456,146.954742,,
861.4003,67.026047,146.864319,,
861.3003,67.352631,147.583832,,
861.2003,68.255356,148.770996,,
861.1003,69.293427,149.998322,,
861.0003,70.11084,151.478973,,
860.9003,70.406281,153.404938,,
860.8003,70.258545,155.074768,,
860.7003,69.885178,155.889801,,
860.6003,69.709274,155.63559,,
860.5003,69.727905,154.896759,,
860.4003,69.970337,153.960968,,
860.3003,70.414017,153.034546,,
860.2003,71.170685,152.34201,,
860.1003,72.355057,151.935181,,
860.0003,73.819336,151.692596,,
859.9003,75.43837,151.415436,,
859.8003,76.889877,150.947601,,
859.7003,77.812485,150.300018,,
859.6003,78.151535,149.705048,,
859.5003,78.217331,149.376556,,
859.4003,78.565338,149.27594,,
859.3003,79.254456,149.016357,,
859.2003,80.108643,148.482758,,
859.1003,80.842422,147.845032,,
859.0003,81.026321,147.067535,,
858.9003,80.46257,146.13031,,
858.8003,79.334457,145.083282,,
858.7003,78.145233,143.90863,,
858.6003,77.182602,142.655792,,
858.5003,76.143158,141.497528,,
858.4003,74.722565,140.908508,,
858.3003,73.098328,140.879456,,
858.2003,71.912476,140.973328,,
858.1003,71.392456,141.217651,,
858.0003,71.263474,141.493469,,
857.9003,71.246002,141.516876,,
857.8003,71.288651,141.189056,,
857.7003,71.411606,140.721405,,
857.6003,71.709564,140.381989,,
857.5003,72.33403,139.995148,,
857.4003,73.254181,139.483826,,
857.3003,74.380371,138.999207,,
857.2003,75.41275,138.76178,,
857.1003,76.207642,138.761993,,
857.0003,76.735229,138.841248,,
856.9003,77.098053,138.920624,,
856.8003,77.361435,138.991241,,
856.7003,77.370407,139.063904,,
856.6003,77.059296,139.139526,,
856.5003,76.477341,139.208282,,
856.4003,75.677322,139.259552,,
856.3003,74.847168,139.227905,,
856.2003,74.108658,139.106323,,
856.1003,74.04068,138.944,,
856.0003,74.584641,138.969116,,
855.9003,75.579514,139.270355,,
855.8003,77.054886,139.768097,,
855.7003,78.617249,140.158051,,
855.6003,79.978149,140.288513,,
855.5003,80.768784,140.17926,,
855.4003,80.907867,139.898804,,
855.3003,80.278931,139.506653,,
855.2003,79.087082,139.0849,,
855.1003,77.736206,138.896881,,
855.0003,76.432388,139.124878,,
854.9003,75.885147,140.125122,,
854.8003,76.085907,141.398438,,
854.7003,76.750458,142.201172,,
854.6003,77.30098,142.355316,,
854.5003,77.509109,142.02948,,
854.4003,77.329819,141.349182,,
854.3003,77.068314,140.769836,,
854.2003,76.907349,140.407013,,
854.1003,76.729492,140.019531,,
854.0003,76.724655,139.581879,,
853.9003,77.005356,139.293152,,
853.8003,77.325729,139.367432,,
853.7003,77.391266,140.140778,,
853.6003,77.095367,141.364532,,
853.5003,76.302414,142.204102,,
853.4003,75.116318,142.718231,,
853.3003,73.863449,143.234131,,
853.2003,73.049347,143.569427,,
853.1003,72.984329,143.416107,,
853.0003,73.483994,142.815369,,
852.9003,74.198502,142.113647,,
852.8003,74.734207,141.567688,,
852.7003,74.989288,141.265472,,
852.6003,74.732468,141.215546,,
852.5003,74.086685,141.455383,,
852.4003,73.590561,141.926025,,
852.3003,73.521133,142.511383,,
852.2003,73.939255,143.146057,,
852.1003,74.585052,143.810883,,
852.0003,75.40332,144.444977,,
851.9003,76.331528,144.776184,,
851.8003,77.457993,144.632782,,
851.7003,78.678925,144.519379,,
851.6003,79.484802,144.818024,,
851.5003,79.284317,145.056976,,
851.4003,77.995956,145.228668,,
851.3003,76.148773,145.664124,,
851.2003,73.49086,146.468109,,
851.1003,70.661713,147.299774,,
851.0003,69.038406,147.641174,,
850.9003,68.554321,147.45578,,
850.8003,69.054001,146.990845,,
850.7003,69.760132,146.573822,,
850.6003,70.621109,146.151337,,
850.5003,71.667297,145.704926,,
850.4003,72.921707,145.402252,,
850.3003,74.03714,145.518158,,
850.2003,74.743866,146.181915,,
850.1003,75.188721,147.266083,,
850.0003,75.338333,148.49765,,
849.9003,75.163361,149.418823,,
849.8003,74.680603,149.568146,,
849.7003,73.864868,149.109406,,
849.6003,72.995697,148.114166,,
849.5003,72.660706,146.611664,,
849.4003,73.457458,144.8862,,
849.3003,75.497665,143.187714,,
849.2003,77.892181,141.783539,,
849.1003,79.962158,141.109589,,
849.0003,81.073013,141.539246,,
848.9003,81.27356,142.813202,,
848.8003,80.58017,144.393921,,
848.7003,79.407028,145.693634,,
848.6003,77.992828,146.389709,,
848.5003,76.37088,146.405273,,
848.4003,74.785431,145.749542,,
848.3003,73.652924,144.558014,,
848.2003,73.07663,143.014771,,
848.1003,72.849747,141.832397,,
848.0003,72.969803,141.781219,,
847.9003,73.301804,142.720551,,
847.8003,73.646118,144.139069,,
847.7003,73.901474,145.815186,,
847.6003,74.022202,147.55896,,
847.5003,74.035355,149.19809,,
847.4003,73.819641,150.617249,,
847.3003,73.965729,151.380981,,
847.2003,74.870956,151.480042,,
847.1003,76.397659,151.294983,,
847.0003,78.098465,150.581207,,
846.9003,79.756393,149.248505,,
846.8003,81.714951,147.667114,,
846.7003,83.752884,146.389069,,
846.6003,85.547882,145.695648,,
846.5003,86.374207,145.678589,,
846.4003,86.226288,146.516418,,
846.3003,85.238525,148.071808,,
846.2003,83.714478,149.844025,,
846.1003,81.904053,151.124207,,
846.0003,79.884598,151.602814,,
845.9003,77.05069,151.395142,,
845.8003,74.199234,150.726013,,
845.7003,72.696884,149.833801,,
845.6003,72.95311,149.041901,,
845.5003,74.299469,148.685883,,
845.4003,76.182083,148.821594,,
845.3003,77.71402,148.839142,,
845.2003,78.570343,148.869263,,
845.1003,78.53717,149.392487,,
845.0003,78.328293,150.547516,,
844.9003,78.358795,151.731842,,
844.8003,78.734528,152.369843,,
844.7003,79.059402,152.707153,,
844.6003,79.066193,152.892761,,
844.5003,78.401291,152.735443,,
844.4003,77.262543,151.976349,,
844.3003,76.141785,150.947235,,
844.2003,76.573883,150.191132,,
844.1003,77.914169,149.859283,,
844.0003,79.188309,149.619751,,
843.9003,80.097382,149.011963,,
843.8003,80.26976,148.331421,,
843.7003,79.615952,148.03479,,
843.6003,78.806976,148.363098,,
843.5003,78.599594,149.092834,,
843.4003,79.222702,149.978058,,
843.3003,79.049652,151.204193,,
843.2003,77.84259,152.766632,,
843.1003,76.545898,154.290161,,
843.0003,75.350876,155.020081,,
842.9003,74.199417,154.844818,,
842.8003,73.036942,154.252899,,
842.7003,72.106339,153.669373,,
842.6003,71.581116,152.950378,,
842.5003,71.550446,151.801361,,
842.4003,72.075348,150.632904,,
842.3003,72.909073,149.807465,,
842.2003,73.792328,149.247955,,
842.1003,74.723343,148.865753,,
842.0003,75.758148,148.576141,,
841.9003,76.844467,148.274139,,
841.8003,77.977631,147.797638,,
841.7003,78.977371,147.0625,,
841.6003,79.293167,146.227295,,
841.5003,78.858597,145.351013,,
841.4003,78.250259,144.548523,,
841.3003,77.778351,144.116516,,
841.2003,77.660599,144.494598,,
841.1003,77.784134,145.961212,,
841.0003,77.860626,148.131317,,
840.9003,77.632721,150.49527,,
840.8003,77.046555,152.457733,,
840.7003,75.86145,154.115082,,
840.6003,74.130493,155.527985,,
840.5003,72.607956,156.479279,,
840.4003,71.472198,156.701935,,
840.3003,70.929779,156.275269,,
840.2003,70.771591,155.804962,,
840.1003,70.884964,155.319977,,
840.0003,71.041916,154.526428,,
839.9003,71.211365,153.304352,,
839.8003,71.724518,152.16922,,
839.7003,72.800644,151.401123,,
839.6003,73.966003,150.518982,,
839.5003,74.85675,149.361176,,
839.4003,75.163437,148.222137,,
839.3003,75.225754,147.557709,,
839.2003,75.338547,147.193665,,
839.1003,75.617645,146.704926,,
839.0003,75.515076,145.992554,,
838.9003,75.29631,145.395477,,
838.8003,75.445923,145.123077,,
838.7003,75.450943,144.855621,,
838.6003,74.931091,144.527893,,
838.5003,73.879532,144.587769,,
838.4003,72.602402,145.63797,,
838.3003,71.456177,147.445099,,
838.2003,70.725128,149.386841,,
838.1003,70.518219,151.256927,,
838.0003,70.383347,152.976654,,
837.9003,69.768265,154.458771,,
837.8003,68.963989,155.705017,,
837.7003,68.41243,156.629395,,
837.6003,68.348831,157.205292,,
837.5003,69.1754,157.565826,,
837.4003,71.106079,157.802368,,
837.3003,73.879639,157.897766,,
837.2003,75.384247,157.656433,,
837.1003,75.375336,156.916412,,
837.0003,75.037827,155.767822,,
836.9003,74.765915,154.270905,,
836.8003,74.616623,152.785736,,
836.7003,74.391907,151.600586,,
836.6003,73.958939,150.694672,,
836.5003,73.436371,150.484955,,
836.4003,72.986816,151.223633,,
836.3003,72.84584,152.824554,,
836.2003,73.009354,155.211212,,
836.1003,73.424088,158.083405,,
836.0003,74.108002,158.969116,,
835.9003,75.007401,157.443359,,
835.8003,76.11174,154.780029,,
835.7003,77.103271,151.262054,,
835.6003,77.719452,147.644287,,
835.5003,77.454315,144.903168,,
835.4003,76.664459,143.764832,,
835.3003,75.902557,144.050598,,
835.2003,75.958038,145.345795,,
835.1003,76.472092,147.328278,,
835.0003,77.021027,149.105469,,
834.9003,77.452896,149.728455,,
834.8003,77.845001,149.454834,,
834.7003,78.243423,148.809113,,
834.6003,78.526718,147.928741,,
834.5003,78.529221,146.886017,,
834.4003,78.214233,146.190247,,
834.3003,77.557144,146.700073,,
834.2003,76.766754,148.023102,,
834.1003,75.998657,149.527985,,
834.0003,75.316284,151.282776,,
833.9003,74.978806,152.609955,,
833.8003,75.179749,152.921753,,
833.7003,75.986832,152.094543,,
833.6003,77.046738,150.656982,,
833.5003,78.034317,149.275848,,
833.4003,78.72583,148.26123,,
833.3003,79.132965,147.892731,,
833.2003,79.343185,148.161163,,
833.1003,79.564423,148.722229,,
833.0003,80.007553,149.171265,,
832.9003,80.854492,149.35556,,
832.8003,82.122467,149.16864,,
832.7003,83.255096,148.860016,,
832.6003,83.374725,148.782074,,
832.5003,82.589066,148.983276,,
832.4003,81.618408,149.111908,,
832.3003,80.835953,148.823639,,
832.2003,80.611313,148.309418,,
832.1003,80.975998,147.943237,,
832.0003,81.8573,147.858429,,
831.9003,83.060425,147.770508,,
831.8003,84.288116,147.549652,,
831.7003,85.31282,147.533813,,
831.6003,85.900803,147.836395,,
831.5003,86.120453,148.161743,,
831.4003,86.141113,148.073669,,
831.3003,86.014954,147.401825,,
831.2003,85.73201,146.491516,,
831.1003,85.562576,146.04126,,
831.0003,85.624466,146.2901,,
830.9003,85.625458,146.983582,,
830.8003,85.048569,147.933899,,
830.7003,83.702637,149.20163,,
830.6003,82.234985,150.665253,,
830.5003,80.748718,151.583252,,
830.4003,79.561951,151.391785,,
830.3003,79.113464,150.325531,,
830.2003,79.33429,148.898285,,
830.1003,79.842972,147.502319,,
830.0003,80.395981,146.454712,,
829.9003,81.061249,145.914948,,
829.8003,81.900253,145.849548,,
829.7003,82.738693,145.843658,,
829.6003,83.526688,145.710144,,
829.5003,84.180862,145.353119,,
829.4003,84.509995,144.687897,,
829.3003,84.433105,143.654236,,
829.2003,83.996063,142.429504,,
829.1003,82.977524,141.563263,,
829.0003,81.263016,141.636017,,
828.9003,79.112701,142.875641,,
828.8003,76.500092,144.474945,,
828.7003,74.274857,146.069031,,
828.6003,73.714996,147.56015,,
828.5003,74.287338,148.966156,,
828.4003,75.552719,150.168335,,
828.3003,77.016617,150.7948,,
828.2003,78.489319,150.347748,,
828.1003,79.327515,149.440887,,
828.0003,79.051422,149.313354,,
827.9003,78.047409,149.940643,,
827.8003,76.707764,150.92453,,
827.7003,75.165497,152.026001,,
827.6003,73.496017,153.571899,,
827.5003,71.786911,155.487518,,
827.4003,70.069794,157.151398,,
827.3003,68.063492,158.116272,,
827.2003,65.888489,158.494202,,
827.1003,64.096436,158.774628,,
827.0003,63.042831,159.158386,,
826.9003,62.469017,159.639557,,
826.8003,61.884331,160.13092,,
826.7003,61.956139,160.603546,,
826.6003,62.831749,161.027252,,
826.5003,64.073944,161.348938,,
826.4003,65.606232,161.397522,,
826.3003,67.036255,161.243622,,
826.2003,67.597946,161.143402,,
826.1003,67.410843,161.61969,,
826.0003,66.940308,162.477386,,
825.9003,66.301102,163.135376,,
825.8003,65.472992,163.080658,,
825.7003,64.67868,162.319244,,
825.6003,64.702515,161.09964,,
825.5003,65.686005,159.182068,,
825.4003,67.351639,156.716858,,
825.3003,70.096848,154.038422,,
825.2003,73.180893,152.149597,,
825.1003,76.052109,151.211304,,
825.0003,78.088501,150.734375,,
824.9003,79.649323,150.409637,,
824.8003,81.170807,150.051605,,
824.7003,82.391739,149.481812,,
824.6003,83.596558,148.749023,,
824.5003,85.084457,147.969421,,
824.4003,86.918655,147.221893,,
824.3003,88.656357,146.544586,,
824.2003,90.039993,146.016602,,
824.1003,90.805054,145.987885,,
824.0003,91.24765,146.396851,,
823.9003,91.638199,146.960449,,
823.8003,91.730316,147.492554,,
823.7003,91.369659,147.953766,,
823.6003,90.400604,148.329407,,
823.5003,89.601379,148.442749,,
823.4003,89.283325,148.308075,,
823.3003,89.483948,148.095917,,
823.2003,90.075439,148.261078,,
823.1003,90.83226,148.808197,,
823.0003,91.590912,149.414978,,
822.9003,92.102036,150.016876,,
822.8003,92.267136,150.591431,,
822.7003,91.966888,151.068512,,
822.6003,91.636719,151.024933,,
822.5003,91.518158,150.440643,,
822.4003,91.297119,149.687622,,
822.3003,90.760635,149.052673,,
822.2003,89.9366,148.703857,,
822.1003,88.688354,148.686493,,
822.0003,86.948456,148.930237,,
821.9003,84.916824,149.20929,,
821.8003,83.435013,149.33725,,
821.7003,82.949219,149.160675,,
821.6003,83.111832,148.68985,,
821.5003,83.402481,148.036591,,
821.4003,83.188049,147.402802,,
821.3003,82.311417,146.950714,,
821.2003,81.674637,146.63443,,
821.1003,81.718582,146.286102,,
821.0003,81.839203,145.757355,,
820.9003,82.159821,145.076965,,
820.8003,82.798065,144.318817,,
820.7003,83.758377,143.534637,,
820.6003,85.070099,142.799133,,
820.5003,86.850372,142.209442,,
820.4003,89.340851,141.80899,,
820.3003,91.59552,141.663818,,
820.2003,92.527481,141.756012,,
820.1003,92.495789,141.912079,,
820.0003,91.528534,142.038605,,
819.9003,90.400787,142.115692,,
819.8003,90.266647,142.162933,,
819.7003,91.09404,142.15451,,
819.6003,91.802597,142.050812,,
819.5003,92.361954,141.883057,,
819.4003,92.747009,141.761261,,
819.3003,93.050522,141.814545,,
819.2003,93.325058,142.002106,,
819.1003,93.61647,142.147583,,
819.0003,93.917145,142.027283,,
818.9003,94.099335,141.686005,,
818.8003,94.048599,141.405212,,
818.7003,93.869232,141.421082,,
818.6003,93.9104,141.415222,,
818.5003,94.356125,141.299622,,
818.4003,94.821411,141.306091,,
818.3003,95.037338,141.511078,,
818.2003,94.759827,141.709808,,
818.1003,94.184479,141.594147,,
818.0003,93.657883,141.319427,,
817.9003,93.495361,141.150635,,
817.8003,93.503769,141.262878,,
817.7003,93.383911,141.623779,,
817.6003,93.02919,142.099121,,
817.5003,92.855545,142.533844,,
817.4003,92.739487,142.944794,,
817.3003,92.623093,143.311584,,
817.2002,92.787659,143.540314,,
817.1002,93.292114,143.519226,,
817.0002,94.022797,143.25885,,
816.9002,94.954987,142.934998,,
816.8002,95.990479,142.629974,,
816.7002,96.873169,142.484985,,
816.6002,97.270233,142.642242,,
816.5002,96.869568,143.154358,,
816.4002,95.794281,143.915771,,
816.3002,94.197876,144.732178,,
816.2002,92.34137,145.433411,,
816.1002,90.528259,145.877441,,
816.0002,89.268021,145.963837,,
815.9002,88.741165,145.716827,,
815.8002,88.743484,145.322357,,
815.7002,89.442108,144.953003,,
815.6002,90.769867,144.731628,,
815.5002,92.46225,144.728241,,
815.4002,94.061157,144.990173,,
815.3002,95.076981,145.561676,,
815.2002,95.382553,146.282684,,
815.1002,95.360626,146.897705,,
815.0002,95.292419,146.957336,,
814.9002,95.224655,146.491486,,
814.8002,94.838135,146.022736,,
814.7002,94.126312,145.498566,,
814.6002,93.200485,144.758484,,
814.5002,92.629608,143.966827,,
814.4002,92.550247,143.572235,,
814.3002,92.919067,143.65152,,
814.2002,93.740524,143.660339,,
814.1002,94.77713,143.570892,,
814.0002,95.873276,143.622559,,
813.9002,96.006516,143.870209,,
813.8002,95.472992,143.929596,,
813.7002,95.095566,143.540558,,
813.6002,95.67067,143.024597,,
813.5002,96.866089,142.704559,,
813.4002,97.97464,142.616119,,
813.3002,98.439667,142.432526,,
813.2002,98.479279,142.20697,,
813.1002,98.771729,142.219543,,
813.0002,99.449265,142.511017,,
812.9002,100.300919,142.920227,,
812.8002,100.925171,143.310364,,
812.7002,100.696976,143.615234,,
812.6002,99.609009,143.748688,,
812.5002,98.159729,143.576233,,
812.4002,96.582321,142.992554,,
812.3002,94.917984,142.11615,,
812.2002,93.380173,141.18808,,
812.1002,92.496429,140.497803,,
812.0002,92.538345,140.145874,,
811.9002,93.226562,140.023132,,
811.8002,94.121597,140.00061,,
811.7002,95.015839,140.0,,
811.6002,95.722031,140.0,,
811.5002,96.035599,139.938507,,
811.4002,95.818115,139.747406,,
811.3002,95.438492,139.33252,,
811.2002,95.299438,138.72995,,
811.1002,95.467178,138.111389,,
811.0002,95.647095,137.622772,,
810.9002,95.704956,137.353729,,
810.8002,95.904602,137.286041,,
810.7002,96.370148,137.387909,,
810.6002,96.911484,137.629364,,
810.5002,97.066254,137.944366,,
810.4002,96.560059,138.278839,,
810.3002,95.585785,138.604187,,
810.2002,94.572327,138.947845,,
810.1002,93.555023,139.31427,,
810.0002,92.340546,139.664764,,
809.9002,90.641724,139.975677,,
809.8002,88.553329,140.266083,,
809.7002,86.606155,140.547913,,
809.6002,84.832397,140.781921,,
809.5002,83.44075,140.891602,,
809.4002,82.549454,140.81311,,
809.3002,82.320663,140.547974,,
809.2002,82.780304,140.143219,,
809.1002,83.459717,139.702271,,
809.0002,84.295303,139.30719,,
808.9002,85.215836,139.056824,,
808.8002,86.131256,139.027191,,
808.7002,86.672363,139.229065,,
808.6002,86.582809,139.720001,,
808.5002,86.290344,140.407257,,
808.4002,85.736252,140.858978,,
808.3002,84.898026,140.863708,,
808.2002,83.933395,140.653503,,
808.1002,83.198502,140.423401,,
808.0002,82.846512,140.326141,,
807.9002,82.3526,140.460938,,
807.8002,82.059326,140.729034,,
807.7002,82.244949,140.915344,,
807.6002,82.285568,140.823944,,
807.5002,81.688492,140.434418,,
807.4002,80.381897,139.448212,,
807.3002,79.205963,137.426331,,
807.2002,78.813934,134.346313,,
807.1002,79.297287,131.043793,,
807.0002,79.843063,129.010193,,
806.9002,79.93219,128.648865,,
806.8002,79.426346,129.826569,,
806.7002,78.46283,132.214813,,
806.6002,77.22438,134.933075,,
806.5002,76.05722,136.930634,,
806.4002,75.162018,138.169464,,
806.3002,74.461014,138.69397,,
806.2002,73.701904,138.651978,,
806.1002,72.736832,138.298248,,
806.0002,71.30072,137.912201,,
805.9002,69.39064,137.787018,,
805.8002,68.536072,138.085205,,
805.7002,68.824219,138.765747,,
805.6002,69.216965,139.541565,,
805.5002,70.008438,140.042694,,
805.4002,71.292847,140.235474,,
805.3002,73.010162,140.403992,,
805.2002,74.734634,140.876221,,
805.1002,75.803558,141.226715,,
805.0002,75.785736,141.033417,,
804.9002,74.26265,140.580078,,
804.8002,72.069168,139.909271,,
804.7002,70.156754,138.971222,,
804.6002,69.321564,138.152771,,
804.5002,69.336502,137.298004,,
804.4002,69.800919,136.062256,,
804.3002,69.802933,134.397217,,
804.2002,69.336594,132.763794,,
804.1002,68.93071,131.613159,,
804.0002,68.863159,131.138702,,
803.9002,69.155884,131.31485,,
803.8002,69.926498,131.999115,,
803.7002,71.152267,133.592438,,
803.6002,72.430893,135.967468,,
803.5002,72.801559,138.636047,,
803.4002,72.322815,140.698608,,
803.3002,71.442139,141.671936,,
803.2002,70.546448,141.563568,,
803.1002,70.015671,140.794403,,
803.0002,69.91095,139.57605,,
802.9002,70.208145,137.659851,,
802.8002,70.641846,135.853607,,
802.7002,71.022247,134.829742,,
802.6002,71.025772,134.62381,,
802.5002,70.75766,135.125458,,
802.4002,70.385498,136.230835,,
802.3002,70.540817,138.096588,,
802.2002,71.012527,139.919128,,
802.1002,71.448395,141.063721,,
802.0002,71.717834,141.408478,,
801.9002,71.852783,141.501099,,
801.8002,71.912323,141.84314,,
801.7002,72.353867,142.569244,,
801.6002,73.082291,143.096283,,
801.5002,73.772675,142.945557,,
801.4002,73.80838,141.99707,,
801.3002,73.143051,140.873932,,
801.2002,72.010742,140.203308,,
801.1002,70.650375,139.601501,,
801.0002,69.422302,137.948395,,
800.9002,68.802567,134.733368,,
800.8002,68.697174,132.018219,,
800.7002,68.773087,131.004517,,
800.6002,69.009506,130.845947,,
800.5002,69.323196,131.141663,,
800.4002,69.594986,131.990173,,
800.3002,69.752884,133.470886,,
800.2002,69.987625,135.127563,,
800.1002,70.427063,136.327332,,
800.0002,70.684128,136.875946,,
799.9002,70.760239,136.879333,,
799.8002,71.016006,136.619812,,
799.7002,71.783096,136.37793,,
799.6002,73.039841,136.45282,,
799.5002,74.109177,136.982635,,
799.4002,74.297409,137.652527,,
799.3002,73.456207,137.985107,,
799.2002,72.571671,137.58606,,
799.1002,71.713394,136.530396,,
799.0002,70.961655,134.87915,,
798.9002,70.383911,133.031433,,
798.8002,70.218918,131.776154,,
798.7002,70.45784,131.643677,,
798.6002,70.474289,132.359436,,
798.5002,69.848251,133.328064,,
798.4002,68.453156,134.09314,,
798.3002,66.978287,134.602783,,
798.2002,65.574783,135.088501,,
798.1002,64.403641,135.692627,,
798.0002,63.524033,136.322906,,
797.9002,63.238693,137.024323,,
797.8002,63.811455,137.854706,,
797.7002,65.06459,138.691772,,
797.6002,66.64447,139.272552,,
797.5002,67.949036,139.409149,,
797.4002,69.15538,139.258636,,
797.3002,70.293823,138.862488,,
797.2002,71.306702,138.322052,,
797.1002,71.916473,137.97934,,
797.0002,72.034531,138.063965,,
796.9002,72.045929,138.583191,,
796.8002,72.215561,139.258911,,
796.7002,72.505249,139.923157,,
796.6002,72.531403,140.393097,,
796.5002,72.106155,140.418549,,
796.4002,71.268356,139.796997,,
796.3002,70.405548,138.438904,,
796.2002,69.731567,136.385895,,
796.1002,69.424637,134.574951,,
796.0002,69.438812,134.061707,,
795.9002,69.730072,134.529022,,
795.8002,69.961502,135.570679,,
795.7002,69.788788,137.009888,,
795.6002,69.30162,139.127808,,
795.5002,68.854065,141.327026,,
795.4002,68.745621,142.609283,,
795.3002,68.832001,142.914032,,
795.2002,68.957489,142.49353,,
795.1002,69.162399,141.731445,,
795.0002,69.190659,141.22287,,
794.9002,68.851471,141.207581,,
794.8002,68.044067,141.472504,,
794.7002,66.926987,141.848663,,
794.6002,65.758453,142.459045,,
794.5002,64.576065,143.473389,,
794.4002,64.11702,144.70813,,
794.3002,64.52887,145.924866,,
794.2002,65.605453,147.097626,,
794.1002,67.014313,148.119629,,
794.0002,68.559006,148.926727,,
793.9002,70.322021,149.515717,,
793.8002,72.038696,149.577484,,
793.7002,73.665848,148.908722,,
793.6002,75.57341,147.438843,,
793.5002,77.379288,145.044281,,
793.4002,78.794693,142.423492,,
793.3002,79.013275,140.784485,,
793.2002,78.410233,139.529175,,
793.1002,77.527756,138.062195,,
793.0002,77.406754,136.714142,,
792.9002,78.041061,135.680542,,
792.8002,79.154617,134.98587,,
792.7002,80.201721,134.809601,,
792.6002,80.992722,135.118713,,
792.5002,81.500275,135.62384,,
792.4002,81.017349,135.944946,,
792.3002,79.916595,135.562012,,
792.2002,78.741501,134.438385,,
792.1002,77.502869,132.960358,,
792.0002,76.13385,131.715912,,
791.9002,74.60199,130.980103,,
791.8002,73.22049,130.695343,,
791.7002,72.187531,130.786743,,
791.6002,71.648819,131.109772,,
791.5002,71.84108,131.035828,,
791.4002,72.582825,130.399353,,
791.3002,73.676605,129.491669,,
791.2002,74.266724,128.959686,,
791.1002,74.04274,129.292633,,
791.0002,73.074966,130.542816,,
790.9002,71.837219,132.745331,,
790.8002,70.780472,135.354767,,
790.7002,70.095337,137.774841,,
790.6002,69.595825,139.311829,,
790.5002,69.083099,139.81955,,
790.4002,68.885025,139.621948,,
790.3002,69.084793,139.025482,,
790.2002,69.51149,138.278412,,
790.1002,70.206757,137.513123,,
790.0002,71.116638,136.910217,,
789.9002,72.129654,136.615326,,
789.8002,73.076706,136.695587,,
789.7002,73.582764,137.107178,,
789.6002,73.419907,137.683075,,
789.5002,72.635666,138.294678,,
789.4002,71.624771,138.879822,,
789.3002,70.874496,139.434174,,
789.2002,70.911697,140.047394,,
789.1002,71.85199,140.792725,,
789.0002,73.132324,141.625061,,
788.9002,74.31955,142.423889,,
788.8002,74.909424,143.133026,,
788.7002,74.780945,143.748718,,
788.6002,73.868393,144.155212,,
788.5002,72.396393,144.154999,,
788.4002,70.617355,143.688263,,
788.3002,68.83223,142.893463,,
788.2002,67.42366,141.943817,,
788.1002,66.357391,141.027313,,
788.0002,65.63501,140.351196,,
787.9002,65.220642,140.069427,,
787.8002,65.319092,140.03772,,
787.7002,65.950806,140.162079,,
787.6002,66.712875,140.403442,,
787.5002,67.492218,140.737701,,
787.4002,68.245102,141.130371,,
787.3002,68.945648,141.50531,,
787.2002,69.502701,141.83786,,
787.1002,69.847916,142.119781,,
787.0002,70.112457,142.335083,,
786.9002,70.630707,142.475983,,
786.8002,71.494202,142.512421,,
786.7002,72.23761,142.415466,,
786.6002,72.661896,142.153564,,
786.5002,72.727448,141.723175,,
786.4002,72.757538,141.20575,,
786.3002,72.331787,140.680969,,
786.2002,71.232422,140.040466,,
786.1002,69.949173,138.990082,,
786.0002,68.939301,137.372833,,
785.9002,68.63913,135.680206,,
785.8002,68.875031,134.766907,,
785.7002,69.593536,134.678101,,
785.6002,70.308334,135.268524,,
785.5002,70.430145,136.351349,,
785.4002,70.022293,137.575836,,
785.3002,69.621735,138.509796,,
785.2002,69.684967,138.917786,,
785.1002,70.327957,138.885559,,
785.0002,71.24559,138.643677,,
784.9002,72.093338,138.37616,,
784.8002,72.511749,138.124115,,
784.7002,72.432602,137.885315,,
784.6002,71.947678,137.661285,,
784.5002,71.017471,137.443481,,
784.4002,69.885757,137.241364,,
784.3002,69.157166,137.070984,,
784.2002,69.04155,137.096252,,
784.1002,69.26973,137.422638,,
784.0002,69.289169,138.041656,,
783.9002,68.939087,139.278046,,
783.8002,68.405975,140.873077,,
783.7002,68.185715,142.099274,,
783.6002,68.440323,142.805969,,
783.5002,69.037613,143.211914,,
783.4002,69.717667,143.423218,,
783.3002,70.291519,143.397369,,
783.2002,70.734543,143.155701,,
783.1002,71.024063,142.74707,,
783.0002,71.096298,142.215515,,
782.9002,70.900696,141.632233,,
782.8002,70.410233,141.156311,,
782.7002,69.747803,140.968536,,
782.6002,68.965912,141.075317,,
782.5002,68.035324,141.406189,,
782.4002,67.017563,141.862274,,
782.3002,65.993973,142.360229,,
782.2002,65.317444,142.836487,,
782.1002,65.125107,143.349487,,
782.0002,65.628845,143.954285,,
781.9002,66.122681,144.649933,,
781.8002,66.183502,145.343567,,
781.7002,65.51358,145.931183,,
781.6002,64.288498,146.165924,,
781.5002,62.864838,145.925201,,
781.4002,61.646713,145.231659,,
781.3002,60.34491,144.197418,,
781.2002,58.989555,142.967438,,
781.1002,58.56324,141.641479,,
781.0002,58.692459,140.687653,,
780.9002,58.835617,140.248077,,
780.8002,58.930305,140.080933,,
780.7002,59.217514,139.922455,,
780.6002,59.797699,139.657806,,
780.5002,60.544807,139.275391,,
780.4002,61.259331,138.874298,,
780.3002,61.81945,138.567322,,
780.2002,61.701668,138.397064,,
780.1002,60.925804,138.375031,,
780.0002,59.866089,138.4617,,
779.9002,58.879929,138.626709,,
779.8002,57.938416,138.842529,,
779.7002,56.666512,139.087921,,
779.6002,55.550575,139.36499,,
779.5002,55.132126,139.971252,,
779.4002,55.550812,141.024261,,
779.3002,56.505966,141.868286,,
779.2002,57.539124,142.218292,,
779.1002,58.697205,142.499725,,
779.0002,60.25193,142.901947,,
778.9002,62.168213,143.500427,,
778.8002,64.023392,144.358826,,
778.7002,64.86348,145.493286,,
778.6002,64.293777,146.614716,,
778.5002,63.287064,147.245178,,
778.4002,62.608795,147.232269,,
778.3002,62.728477,146.753876,,
778.2002,63.443909,146.141388,,
778.1002,64.502319,145.508972,,
778.0002,65.471359,144.818634,,
777.9002,66.238892,144.030945,,
777.8002,66.70195,143.311005,,
777.7002,66.893158,142.869904,,
777.6002,66.667221,142.684479,,
777.5002,65.976074,142.856567,,
777.4002,65.095428,143.452179,,
777.3002,64.219147,144.119263,,
777.2002,63.685585,144.544739,,
777.1002,63.674225,144.633636,,
777.0002,63.775452,144.634583,,
776.9002,63.51252,144.612335,,
776.8002,62.929489,144.437775,,
776.7002,62.242241,144.19458,,
776.6002,61.648109,144.062073,,
776.5002,61.021133,144.189453,,
776.4002,60.404739,144.491394,,
776.3002,59.845718,144.733948,,
776.2002,59.325317,144.678345,,
776.1002,58.819397,144.500336,,
776.0002,58.303802,144.500336,,
775.9002,57.804573,144.770081,,
775.8002,57.340691,144.959503,,
775.7002,56.994667,144.816223,,
775.6002,56.901878,144.608521,,
775.5002,57.167984,144.548767,,
775.4002,57.709373,144.615509,,
775.3002,58.378517,144.569031,,
775.2002,59.034821,144.452148,,
775.1002,59.524445,144.404785,,
775.0002,59.789459,144.424194,,
774.9002,59.962456,144.530945,,
774.8002,60.363075,144.674622,,
774.7002,61.333237,144.703796,,
774.6002,62.410088,144.628204,,
774.5002,62.850479,144.55304,,
774.4002,62.294144,144.524872,,
774.3002,60.880348,144.454285,,
774.2002,59.2854,144.311249,,
774.1002,59.00309,144.234894,,
774.0002,59.788788,144.317871,,
773.9002,60.442101,144.536682,,
773.8002,60.610062,144.832062,,
773.7002,60.469681,145.15332,,
773.6002,60.371758,145.435242,,
773.5002,60.176826,145.576111,,
773.4002,59.848457,145.618561,,
773.3002,59.440453,145.697571,,
773.2002,59.547935,145.981445,,
773.1002,60.070732,146.467621,,
773.0002,60.605217,146.99054,,
772.9002,60.795486,147.299194,,
772.8002,60.704002,147.747894,,
772.7002,60.522087,148.619171,,
772.6002,60.506752,149.202698,,
772.5002,60.756851,149.448822,,
772.4002,61.367447,149.806,,
772.3002,62.332916,150.383881,,
772.2002,63.332146,150.840088,,
772.1002,63.904587,150.923248,,
772.0002,64.15004,151.243317,,
771.9002,64.450287,151.76178,,
771.8002,65.472,152.008209,,
771.7002,66.867844,151.799072,,
771.6002,68.264435,151.264648,,
771.5002,69.389648,150.542328,,
771.4002,70.180099,149.547455,,
771.3002,70.687286,148.242615,,
771.2002,70.541977,146.681213,,
771.1002,69.904572,145.330658,,
771.0002,69.024002,144.470917,,
770.9002,68.102493,144.21991,,
770.8002,67.238251,144.339203,,
770.7002,66.412231,144.52417,,
770.6002,65.578323,144.632324,,
770.5002,64.938293,144.719543,,
770.4002,64.665512,144.904999,,
770.3002,64.887665,145.335632,,
770.2002,65.196106,146.099304,,
770.1002,65.202927,147.059479,,
770.0002,64.842072,147.792053,,
769.9002,64.173157,148.073212,,
769.8002,63.202446,147.96167,,
769.7002,61.998138,147.521027,,
769.6002,60.961853,146.832581,,
769.5002,60.628166,146.106934,,
769.4002,60.969788,145.930389,,
769.3002,61.399666,146.467621,,
769.2002,61.240166,147.262115,,
769.1002,60.653542,148.082886,,
769.0002,60.093689,148.681244,,
768.9002,59.699318,148.886353,,
768.8002,59.835861,148.678528,,
768.7002,60.528755,148.151062,,
768.6002,61.349716,147.459259,,
768.5002,61.998245,146.900299,,
768.4002,62.318451,146.720215,,
768.3002,62.198349,146.807678,,
768.2002,61.773689,146.979492,,
768.1002,61.419968,147.022522,,
768.0002,61.15107,146.842957,,
767.9002,60.999832,146.425842,,
767.8002,60.984314,145.892487,,
767.7002,61.168503,145.448151,,
767.6002,61.407852,145.299622,,
767.5002,61.330513,145.517792,,
767.4002,60.734818,146.003723,,
767.3002,59.851562,146.681824,,
767.2002,59.446121,147.4711,,
767.1002,59.404182,148.279541,,
767.0002,59.495293,148.973999,,
766.9002,59.579079,149.400604,,
766.8002,59.584351,149.390625,,
766.7002,59.533157,148.946259,,
766.6002,59.592232,148.407593,,
766.5002,59.558075,148.031433,,
766.4002,59.16143,147.987335,,
766.3002,58.542931,148.301392,,
766.2002,57.875923,148.850281,,
766.1002,57.41552,149.419434,,
766.0002,57.16143,149.762665,,
765.9002,57.042259,149.758209,,
765.8002,56.800865,149.445984,,
765.7002,56.248337,149.098938,,
765.6002,55.256546,148.822388,,
765.5002,53.976974,148.665039,,
765.4002,52.757423,148.70697,,
765.3002,52.199539,149.064819,,
765.2002,52.639648,149.757935,,
765.1002,53.536964,150.56839,,
765.0002,54.53302,151.320404,,
764.9002,55.449554,151.847321,,
764.8002,56.2957,152.101776,,
764.7002,57.11805,152.047943,,
764.6002,57.947922,151.721008,,
764.5002,58.705864,151.191803,,
764.4002,59.350235,150.599213,,
764.3002,59.915863,150.153381,,
764.2002,60.283958,149.979309,,
764.1002,60.372101,150.135254,,
764.0002,60.236099,150.495728,,
763.9002,60.018936,150.820068,,
763.8002,59.925407,151.021576,,
763.7002,60.03936,151.198822,,
763.6002,60.388496,151.470581,,
763.5002,60.886177,151.507751,,
763.4002,61.479881,151.003143,,
763.3002,62.183968,150.22876,,
763.2002,62.985161,149.445404,,
763.1002,63.883682,148.704956,,
763.0002,64.792007,148.029236,,
762.9002,65.525909,147.444305,,
762.8002,65.755295,146.97345,,
762.7002,65.441437,146.657898,,
762.6002,64.911911,146.505707,,
762.5002,64.566467,146.500092,,
762.4002,64.387665,146.628296,,
762.3002,64.186996,146.838867,,
762.2002,63.699905,147.07724,,
762.1002,63.170578,147.340851,,
762.0002,62.860001,147.615601,,
761.9002,63.148895,147.873016,,
761.8002,63.733673,148.015411,,
761.7002,64.259628,147.995544,,
761.6002,64.251068,147.814758,,
761.5002,63.745415,147.476501,,
761.4002,62.946281,147.103271,,
761.3002,61.787209,146.865387,,
761.2002,60.795555,147.005981,,
761.1002,60.306396,147.500549,,
761.0002,60.602715,148.183075,,
760.9002,61.292152,148.92337,,
760.8002,62.042389,149.552307,,
760.7002,62.710358,149.755768,,
760.6002,63.188393,149.316284,,
760.5002,63.416527,148.434814,,
760.4002,63.720047,147.722473,,
760.3002,64.212341,147.439148,,
760.2002,64.886169,147.459534,,
760.1002,65.744583,147.74527,,
760.0002,66.669632,148.161377,,
759.9002,67.590149,148.535492,,
759.8002,68.559082,148.496735,,
759.7002,69.577576,148.084686,,
759.6002,70.571182,147.593506,,
759.5002,71.668381,147.245667,,
759.4002,72.68309,147.100616,,
759.3002,72.81514,147.135223,,
759.2002,72.098083,147.362122,,
759.1002,71.034973,147.745758,,
759.0002,69.885056,148.210846,,
758.9002,68.763779,148.510895,,
758.8002,67.702362,148.469635,,
758.7002,66.896072,148.128021,,
758.6002,66.220978,147.602081,,
758.5002,65.505875,147.011932,,
758.4002,64.745621,146.376587,,
758.3002,64.149353,145.731964,,
758.2002,63.937477,145.221558,,
758.1002,64.347153,145.051147,,
758.0002,65.221802,145.222839,,
757.9002,66.138977,145.457397,,
757.8002,67.18277,145.384338,,
757.7002,68.148651,144.895264,,
757.6002,68.557007,144.205841,,
757.5002,67.932388,143.444672,,
757.4002,66.342377,142.621552,,
757.3002,64.728027,141.785126,,
757.2002,63.457718,141.080109,,
757.1002,62.655426,140.689056,,
757.0002,61.905769,140.656891,,
756.9002,61.165337,140.877014,,
756.8002,60.547798,141.288849,,
756.7002,60.246117,141.911346,,
756.6002,60.369209,142.792603,,
756.5002,60.793236,143.897675,,
756.4002,61.287102,145.063141,,
756.3002,61.851532,146.186096,,
756.2002,62.582993,147.178589,,
756.1002,63.596802,148.102905,,
756.0002,64.843887,149.028503,,
755.9002,66.015503,149.820435,,
755.8002,67.085236,150.103638,,
755.7002,68.021301,149.760376,,
755.6002,68.917114,148.956512,,
755.5002,69.751175,147.882416,,
755.4002,70.271347,146.520538,,
755.3002,70.173401,144.878296,,
755.2002,69.345291,143.271301,,
755.1002,67.646149,141.88501,,
755.0002,65.358017,140.681488,,
754.9002,62.964378,139.670563,,
754.8002,60.96299,139.072937,,
754.7002,59.474945,139.076996,,
754.6002,58.892609,139.440552,,
754.5002,59.278938,139.862946,,
754.4002,60.040619,140.115479,,
754.3002,61.089172,140.161255,,
754.2002,62.133186,140.005493,,
754.1002,62.881676,139.707306,,
754.0002,63.154488,139.368622,,
753.9002,63.062462,139.146362,,
753.8002,62.94873,139.185181,,
753.7002,62.912987,139.625488,,
753.6002,62.994041,140.551453,,
753.5002,63.175041,141.802673,,
753.4002,63.2033,143.183258,,
753.3002,62.953354,144.592163,,
753.2002,62.557724,146.060608,,
753.1002,62.931793,147.44809,,
753.0002,64.227722,148.545441,,
752.9002,65.474701,149.371979,,
752.8002,66.723679,149.765015,,
752.7002,68.049728,149.833282,,
752.6002,68.854782,149.941315,,
752.5002,69.347412,150.06955,,
752.4002,69.967911,150.026978,,
752.3002,71.015045,149.684265,,
752.2002,71.993332,149.403015,,
752.1002,72.529694,149.246582,,
752.0002,72.462204,148.808044,,
751.9002,72.190704,147.809296,,
751.8002,72.03833,146.470703,,
751.7002,72.049896,145.301819,,
751.6002,71.911514,144.415771,,
751.5002,71.414062,143.758392,,
751.4002,71.455917,143.448853,,
751.3002,72.071075,143.674683,,
751.2002,72.999924,144.328003,,
751.1002,73.598114,145.030914,,
751.0002,73.578613,145.494263,,
750.9002,72.824631,145.716278,,
750.8002,71.702133,145.952454,,
750.7002,70.493607,146.243683,,
750.6002,69.299347,146.513336,,
750.5002,68.187164,146.826294,,
750.4002,67.585312,147.248688,,
750.3002,68.20903,147.763885,,
750.2002,69.282776,148.341461,,
750.1002,70.093536,148.916443,,
750.0002,70.217682,149.433136,,
749.9002,69.965271,149.89386,,
749.8002,69.674362,150.328796,,
749.7002,69.508133,150.779449,,
749.6002,69.464081,151.22644,,
749.5002,69.556595,151.647705,,
749.4002,70.073212,152.061462,,
749.3002,70.932541,152.410095,,
749.2002,71.837692,152.637268,,
749.1002,72.301819,152.735931,,
749.0002,72.481461,152.677734,,
748.9002,72.722412,152.473083,,
748.8002,73.499557,152.138458,,
748.7002,74.867188,151.547668,,
748.6002,76.609283,150.601257,,
748.5002,78.269211,149.252563,,
748.4002,79.560043,147.75769,,
748.3002,80.584137,146.35553,,
748.2002,80.537354,145.14267,,
748.1002,79.334106,144.124329,,
748.0002,77.442993,143.306549,,
747.9002,74.816223,142.808624,,
747.8002,72.086227,142.742737,,
747.7002,70.005569,143.026306,,
747.6002,68.857986,143.475769,,
747.5002,68.321899,143.985535,,
747.4002,67.930878,144.487396,,
747.3002,67.63707,144.745514,,
747.2002,67.368454,144.605072,,
747.1002,67.03157,144.17392,,
747.0002,66.532532,143.634369,,
746.9002,65.876892,143.270844,,
746.8002,65.2892,143.331299,,
746.7002,65.230103,143.681793,,
746.6002,65.973038,143.977844,,
746.5002,67.082977,143.975433,,
746.4002,68.143936,143.808319,,
746.3002,68.676636,143.560791,,
746.2002,68.452881,142.98526,,
746.1002,67.518219,142.334503,,
746.0002,66.58873,142.16214,,
745.9002,66.031906,142.393036,,
745.8002,66.159851,142.795074,,
745.7002,66.741959,143.079651,,
745.6002,67.2966,143.188782,,
745.5002,67.438538,143.18985,,
745.4002,67.300568,143.243988,,
745.3002,67.013245,143.470551,,
745.2002,66.738541,143.871643,,
745.1002,66.565201,144.328156,,
745.0002,66.55838,144.814148,,
744.9002,66.735626,145.316711,,
744.8002,66.908188,145.792877,,
744.7002,66.834152,146.161072,,
744.6002,66.554733,146.295837,,
744.5002,66.741608,146.128448,,
744.4002,67.333359,145.652832,,
744.3002,67.852112,145.104095,,
744.2002,67.869339,144.851654,,
744.1002,67.635056,144.593536,,
744.0002,67.552078,144.074921,,
743.9002,67.310745,143.579895,,
743.8002,66.668533,143.162567,,
743.7002,65.522018,142.742584,,
743.6002,63.95433,142.320404,,
743.5002,62.635033,141.931213,,
743.4002,62.205597,141.548431,,
743.3002,62.504456,141.10733,,
743.2002,63.38591,140.658783,,
743.1002,64.499313,140.268768,,
743.0002,65.729416,139.932556,,
742.9002,66.790909,139.616089,,
742.8002,67.457916,139.326508,,
742.7002,67.573257,139.126251,,
742.6002,67.426666,139.171234,,
742.5002,67.418579,139.638916,,
742.4002,67.528976,140.708649,,
742.3002,67.647842,142.132416,,
742.2002,67.689056,143.482849,,
742.1002,67.609985,144.691986,,
742.0002,67.632004,145.649353,,
741.9002,67.944199,146.183838,,
741.8002,68.498383,146.04071,,
741.7002,69.083237,145.3591,,
741.6002,69.575577,144.523163,,
741.5002,70.070053,143.819733,,
741.4002,70.429276,143.322052,,
741.3002,70.452591,142.922394,,
741.2002,69.837433,142.458282,,
741.1002,69.070908,142.123779,,
741.0002,68.775681,142.056519,,
740.9002,69.277496,141.870941,,
740.8002,70.17598,141.550934,,
740.7002,71.014206,141.322968,,
740.6002,71.221695,141.356781,,
740.5002,70.82988,141.611084,,
740.4002,69.968826,141.975189,,
740.3002,68.854263,142.394653,,
740.2002,67.774414,142.84726,,
740.1002,67.267242,143.312836,,
740.0002,67.667404,143.731079,,
739.9002,68.744003,143.933228,,
739.8002,70.100647,143.739532,,
739.7002,71.389069,143.300446,,
739.6002,72.513748,142.846832,,
739.5002,73.510834,142.492798,,
739.4002,74.319839,142.406738,,
739.3002,74.877579,142.478394,,
739.2002,74.757843,142.377777,,
739.1002,74.276901,142.118011,,
739.0002,73.785675,141.812012,,
738.9002,73.57431,141.418427,,
738.8002,73.524567,140.926453,,
738.7002,73.452347,140.425018,,
738.6002,72.947968,140.014374,,
738.5002,72.206711,139.823517,,
738.4002,71.59407,139.865753,,
738.3002,71.347122,140.075317,,
738.2002,71.241135,140.397217,,
738.1002,70.924377,140.778931,,
738.0002,70.266754,141.21701,,
737.9002,69.423981,141.686371,,
737.8002,68.593979,142.132385,,
737.7002,68.338623,142.359161,,
737.6002,68.780273,142.284424,,
737.5002,69.655441,142.037567,,
737.4002,70.892166,141.735809,,
737.3002,72.393341,141.429443,,
737.2002,74.294067,141.119049,,
737.1002,76.407669,141.024078,,
737.0002,78.327789,141.213287,,
736.9002,79.730347,141.443604,,
736.8002,80.091293,141.580597,,
736.7002,79.441299,141.689423,,
736.6002,78.084442,141.93103,,
736.5002,76.265091,142.215485,,
736.4002,74.183395,142.351959,,
736.3002,71.714249,142.322083,,
736.2002,69.352615,142.239227,,
736.1002,67.966721,142.236725,,
736.0002,67.946579,142.275879,,
735.9002,69.063675,142.281982,,
735.8002,70.203262,142.223236,,
735.7002,71.266541,142.161438,,
735.6002,72.087357,142.175995,,
735.5002,72.503036,142.302521,,
735.4002,72.370804,142.484283,,
735.3002,71.894913,142.701141,,
735.2002,71.718262,142.951996,,
735.1002,71.89122,143.151672,,
735.0002,72.329742,143.253387,,
734.9002,72.822891,143.328186,,
734.8002,73.125534,143.428833,,
734.7002,72.962982,143.430054,,
734.6002,72.436676,143.122345,,
734.5002,71.672684,142.753723,,
734.4002,70.988586,142.638489,,
734.3002,70.578583,142.736267,,
734.2002,70.562408,142.871643,,
734.1002,70.844177,142.963287,,
734.0002,71.185745,143.130646,,
733.9002,71.440231,143.221893,,
733.8002,71.584335,143.025421,,
733.7002,71.827209,142.682465,,
733.6002,71.922668,142.325226,,
733.5002,71.454636,142.012482,,
733.4002,70.65741,141.673676,,
733.3002,69.674545,141.296143,,
733.2002,68.633072,140.908508,,
733.1002,67.735992,140.565582,,
733.0002,67.160767,140.646942,,
732.9002,66.821457,141.438171,,
732.8002,66.612213,142.634186,,
732.7002,66.370895,143.738739,,
732.6002,66.028931,144.468506,,
732.5002,66.230545,144.994598,,
732.4002,66.816208,145.162994,,
732.3002,66.960083,144.747864,,
732.2002,67.00058,143.808746,,
732.1002,67.23494,142.835205,,
732.0002,67.645142,142.325592,,
731.9002,68.054382,142.292999,,
731.8002,68.377533,142.545654,,
731.7002,68.670334,142.891479,,
731.6002,69.038361,143.315277,,
731.5002,69.55069,143.851196,,
731.4002,70.223038,144.475769,,
731.3002,70.716141,145.164978,,
731.2002,70.784439,145.832764,,
731.1002,70.265442,146.395416,,
731.0002,69.469971,146.809418,,
730.9002,68.683487,147.018188,,
730.8002,67.944366,147.002869,,
730.7002,67.365601,146.803833,,
730.6002,67.108322,146.498993,,
730.5002,67.659164,146.132446,,
730.4002,68.758942,145.907684,,
730.3002,70.006348,145.865631,,
730.2002,71.292053,145.899353,,
730.1002,72.080521,145.843536,,
730.0002,72.264877,145.704468,,
729.9002,72.298721,145.592621,,
729.8002,72.404648,145.539856,,
729.7002,72.594528,145.518799,,
729.6002,72.885925,145.511475,,
729.5002,73.232285,145.540253,,
729.4002,73.602829,145.643707,,
729.3002,73.683899,145.887024,,
729.2002,73.374557,146.155426,,
729.1002,72.689972,146.342499,,
729.0002,72.280212,146.405487,,
728.9002,72.225815,146.475281,,
728.8002,72.395172,146.599091,,
728.7002,72.938385,146.557648,,
728.6002,73.527359,146.29599,,
728.5002,73.754776,145.923676,,
728.4002,73.282715,145.557007,,
728.3002,72.433151,145.243164,,
728.2002,71.63353,144.996185,,
728.1002,71.247604,144.894379,,
728.0002,71.2845,145.01535,,
727.9002,71.734497,145.358978,,
727.8002,72.32608,145.877197,,
727.7002,72.739456,146.357422,,
727.6002,72.657852,146.591858,,
727.5002,72.027451,146.571045,,
727.4002,71.111649,146.356781,,
727.3002,70.275238,146.0,,
727.2002,69.737442,145.491241,,
727.1002,69.500977,144.91098,,
727.0002,69.512375,144.353546,,
726.9002,69.731171,143.991333,,
726.8002,70.076736,143.895233,,
726.7002,70.595627,143.975281,,
726.6002,71.334244,144.139435,,
726.5002,72.138977,144.28894,,
726.4002,72.246933,144.379272,,
726.3002,71.661316,144.398529,,
726.2002,71.199905,144.342224,,
726.1002,70.99791,144.170654,,
726.0002,71.113129,143.865936,,
725.9002,71.423523,143.484039,,
725.8002,72.027298,143.10733,,
725.7002,72.643768,142.841644,,
725.6002,72.748978,142.747681,,
725.5002,72.454697,142.84671,,
725.4002,71.851883,143.155853,,
725.3002,70.624985,143.617554,,
725.2002,68.578339,144.134552,,
725.1002,65.707123,144.601593,,
725.0002,62.159279,144.943085,,
724.9002,58.995735,145.047424,,
724.8002,57.403198,144.842102,,
724.7002,56.829178,144.448486,,
724.6002,57.308716,144.06604,,
724.5002,58.428246,143.918121,,
724.4002,59.594833,144.093536,,
724.3002,60.580093,144.562836,,
724.2002,61.450081,145.215759,,
724.1002,62.215347,145.856171,,
724.0002,62.81575,146.302032,,
723.9002,63.245323,146.331238,,
723.8002,63.684509,145.905884,,
723.7002,64.302063,145.371552,,
723.6002,65.134598,145.337921,,
723.5002,66.143158,145.971069,,
723.4002,67.302704,146.82251,,
723.3002,68.40683,147.276825,,
723.2002,68.95665,147.694611,,
723.1002,68.837616,147.998657,,
723.0002,68.737946,147.73584,,
722.9002,68.648697,147.170807,,
722.8002,68.557007,146.828674,,
722.7002,68.452881,147.030884,,
722.6002,68.279175,147.410583,,
722.5002,68.194092,147.537018,,
722.4002,68.553085,147.266998,,
722.3002,69.536575,146.784424,,
722.2002,71.015991,146.361908,,
722.1002,72.732315,146.107452,,
722.0002,74.255844,145.753357,,
721.9002,74.927505,145.232971,,
721.8002,74.221619,144.773285,,
721.7002,72.815979,144.445465,,
721.6002,71.629669,144.245453,,
721.5002,70.656906,144.148712,,
721.4002,69.860245,144.131378,,
721.3002,69.134415,144.220581,,
721.2002,68.52446,144.45929,,
721.1002,67.834412,144.834412,,
721.0002,66.915176,145.304626,,
720.9002,65.774597,145.830292,,
720.8002,65.161667,146.408417,,
720.7002,65.461212,146.958435,,
720.6002,66.756165,147.357452,,
720.5002,68.40863,147.552155,,
720.4002,69.910065,147.594696,,
720.3002,71.21405,147.556854,,
720.2002,72.193527,147.461731,,
720.1002,72.813553,147.320526,,
720.0002,73.241714,147.142578,,
719.9002,73.742065,147.113037,,
719.8002,74.402618,147.320465,,
719.7002,75.220627,147.728424,,
719.6002,75.967331,148.059906,,
719.5002,76.477859,148.181671,,
719.4002,76.49617,148.21698,,
719.3002,76.481781,148.105011,,
719.2002,76.883911,147.78476,,
719.1002,77.717529,147.282837,,
719.0002,78.595856,146.945251,,
718.9002,79.228882,146.947205,,
718.8002,79.521622,147.082733,,
718.7002,79.694244,147.081177,,
718.6002,79.991486,146.858521,,
718.5002,79.470322,146.410004,,
718.4002,78.21698,145.753723,,
718.3002,76.782501,144.898315,,
718.2002,75.485596,143.760498,,
718.1002,74.425537,142.766022,,
718.0002,73.708069,142.337952,,
717.9002,73.47998,142.539093,,
717.8002,73.610062,143.024261,,
717.7002,73.889099,143.46402,,
717.6002,74.036606,143.727264,,
717.5002,74.102921,143.80658,,
717.4002,74.826431,143.692505,,
717.3002,75.767548,143.494812,,
717.2002,76.413895,143.481995,,
717.1002,76.769806,143.957672,,
717.0002,76.792953,144.885071,,
716.9002,76.47049,145.976379,,
716.8002,75.623093,146.979309,,
716.7002,74.221527,147.739502,,
716.6002,72.432724,148.197784,,
716.5002,70.960953,148.412903,,
716.4002,70.380722,148.320465,,
716.3002,70.739777,147.955231,,
716.2002,71.889557,147.547424,,
716.1002,73.453156,147.260712,,
716.0002,75.143494,147.114227,,
715.9002,76.39183,147.073029,,
715.8002,77.089935,147.147858,,
715.7002,77.842438,147.360382,,
715.6002,78.634552,147.758759,,
715.5002,79.385361,148.176666,,
715.4002,80.125076,148.309692,,
715.3002,80.858017,148.269226,,
715.2002,81.524063,148.27594,,
715.1002,81.991592,148.38562,,
715.0002,82.231125,148.538269,,
714.9002,82.459702,148.647766,,
714.8002,83.063522,148.701996,,
714.7002,84.209396,148.770477,,
714.6002,85.431351,149.03479,,
714.5002,85.87204,149.691162,,
714.4002,85.00946,150.803558,,
714.3002,83.210449,152.044861,,
714.2002,80.754776,152.790161,,
714.1002,78.271194,153.027313,,
714.0002,76.562744,153.065094,,
713.9002,75.644806,152.62149,,
713.8002,75.743622,151.728973,,
713.7002,76.755356,150.969513,,
713.6002,78.374802,150.692902,,
713.5002,79.894226,150.79599,,
713.4002,80.596954,150.84845,,
713.3002,80.603958,150.918427,,
713.2002,80.366074,151.187561,,
713.1002,80.421143,151.640839,,
713.0002,80.802475,152.050232,,
712.9002,81.389633,152.231812,,
712.8002,81.934341,152.185883,,
712.7002,82.346832,151.998749,,
712.6002,82.817276,151.670013,,
712.5002,83.837402,151.15799,,
712.4002,85.467209,150.530151,,
712.3002,87.268265,149.870453,,
712.2002,88.633194,149.241913,,
712.1002,89.852432,148.629669,,
712.0002,91.402084,148.105865,,
711.9002,93.007797,147.82782,,
711.8002,94.247574,147.859253,,
711.7002,94.793091,148.12149,,
711.6002,94.550568,148.429749,,
711.5002,93.894943,148.705658,,
711.4002,93.497467,148.912842,,
711.3002,93.621964,149.043396,,
711.2002,93.721222,149.052032,,
711.1002,93.227844,148.963257,,
711.0002,92.508972,148.881897,,
710.9002,92.321533,148.947052,,
710.8002,93.024414,149.186554,,
710.7002,94.508286,149.49472,,
710.6002,97.091873,149.822693,,
710.5002,100.906937,150.167877,,
710.4002,105.392441,150.525146,,
710.3002,109.218384,150.783722,,
710.2002,111.81662,150.954956,,
710.1002,113.867081,151.250153,,
710.0002,115.003052,151.559479,,
709.9002,114.605957,151.700165,,
709.8002,112.981018,151.619537,,
709.7002,110.815109,151.363861,,
709.6002,108.442154,151.01651,,
709.5002,106.496262,150.624634,,
709.4002,104.96727,150.241089,,
709.3002,103.672043,149.92746,,
709.2002,101.912308,149.83078,,
709.1002,99.784973,149.94397,,
709.0002,97.840714,150.162994,,
708.9002,96.213593,150.436737,,
708.8002,95.027115,150.740814,,
708.7002,94.745834,151.052368,,
708.6002,95.003189,151.312469,,
708.5002,95.440582,151.455414,,
708.4002,96.035522,151.458801,,
708.3002,96.831589,151.345642,,
708.2002,97.778015,151.162506,,
708.1002,98.896179,150.932922,,
708.0002,100.138962,150.667694,,
707.9002,101.367783,150.39743,,
707.8002,102.232864,150.142273,,
707.7002,102.24678,149.971924,,
707.6002,101.38945,149.910767,,
707.5002,99.640747,149.942444,,
707.4002,97.652878,150.045746,,
707.3002,95.910278,150.207581,,
707.2002,94.613647,150.454651,,
707.1002,93.629242,150.851593,,
707.0002,92.769333,151.449371,,
706.9002,91.697464,152.345154,,
706.8002,90.919235,153.540192,,
706.7002,90.987564,154.869812,,
706.6002,92.527893,155.968933,,
706.5002,94.869492,156.39679,,
706.4002,97.193146,156.117096,,
706.3002,99.017502,155.3013,,
706.2002,100.078979,154.214539,,
706.1002,100.189926,153.088806,,
706.0002,99.37999,152.103149,,
705.9002,98.130676,151.328949,,
705.8002,96.824905,150.814789,,
705.7002,96.140976,150.574799,,
705.6002,96.247147,150.5448,,
705.5002,96.788101,150.595245,,
705.4002,97.659637,150.458496,,
705.3002,98.437485,150.270294,,
705.2002,98.227234,150.581573,,
705.1002,97.087357,151.821533,,
705.0002,95.756042,153.626862,,
704.9002,94.146759,154.848022,,
704.8002,92.205322,155.48587,,
704.7002,90.153091,155.951111,,
704.6002,88.545151,156.003937,,
704.5002,87.821426,155.144897,,
704.4002,87.846008,153.553467,,
704.3002,88.249496,152.559509,,
704.2002,88.728714,152.627808,,
704.1002,89.218903,153.2117,,
704.0002,89.787994,153.891357,,
703.9002,90.551544,154.582367,,
703.8002,91.456635,155.288422,,
703.7002,92.090347,155.951172,,
703.6002,92.112457,156.404938,,
703.5002,91.921326,156.497162,,
703.4002,91.930252,156.355957,,
703.3002,92.582672,156.090881,,
703.2002,93.571594,155.72113,,
703.1002,94.64209,155.220581,,
703.0002,95.250656,154.574921,,
702.9002,95.160522,153.828552,,
702.8002,94.415207,153.037445,,
702.7002,93.468719,152.265015,,
702.6002,92.549728,151.506073,,
702.5002,91.59465,150.752106,,
702.4002,90.391754,150.053101,,
702.3002,88.825729,149.470001,,
702.2002,87.281418,149.010529,,
702.1002,86.529922,148.588074,,
702.0002,87.048019,148.08667,,
701.9002,89.143524,147.468781,,
701.8002,92.148743,146.745026,,
701.7002,95.279892,145.987183,,
701.6002,98.006454,145.27002,,
701.5002,100.252319,144.681366,,
701.4002,101.705109,144.316864,,
701.3002,102.52327,144.231354,,
701.2002,103.33522,144.358887,,
701.1002,104.22377,144.546326,,
701.0002,105.095581,144.663147,,
700.9002,105.735596,144.632629,,
700.8002,105.66507,144.437866,,
700.7002,104.907776,144.102814,,
700.6002,103.974762,143.735565,,
700.5002,103.141769,143.468994,,
700.4002,102.783554,143.404633,,
700.3002,103.069992,143.517029,,
700.2002,103.690781,143.697205,,
700.1002,104.086884,143.831177,,
700.0002,103.930664,143.856659,,
699.9002,102.667938,143.727905,,
699.8002,100.776276,143.463013,,
699.7002,99.021851,143.126038,,
699.6002,97.307831,142.755005,,
699.5002,95.691193,142.458557,,
699.4002,94.437698,142.315491,,
699.3002,93.879028,142.432159,,
699.2002,93.707062,142.776428,,
699.1002,93.282028,143.242096,,
699.0002,92.408463,143.704926,,
698.9002,91.443924,144.064331,,
698.8002,91.250824,144.269135,,
698.7002,91.374252,144.327209,,
698.6002,91.29454,144.281769,,
698.5002,90.646637,144.153839,,
698.4002,89.781799,144.042297,,
698.3002,88.962418,144.043427,,
698.2002,88.264633,144.214142,,
698.1002,87.640472,144.542114,,
698.0002,87.047836,144.923004,,
697.9002,86.448181,145.23584,,
697.8002,85.85997,145.414703,,
697.7002,85.316391,145.482788,,
697.6002,85.104492,145.497528,,
697.5002,84.905273,145.552338,,
697.4002,84.439529,145.692719,,
697.3002,83.221695,145.921051,,
697.2002,81.527054,146.202209,,
697.1002,79.706238,146.496033,,
697.0002,78.392258,146.803284,,
696.9002,77.806122,147.105652,,
696.8002,77.990433,147.375519,,
696.7002,78.493271,147.598297,,
696.6002,78.867615,147.750397,,
696.5002,78.886169,147.827454,,
696.4002,78.454514,147.839111,,
696.3002,77.690979,147.772949,,
696.2002,76.643356,147.624451,,
696.1002,75.541092,147.412933,,
696.0002,74.620865,147.447998,,
695.9002,73.998566,148.018402,,
695.8002,74.068573,149.118652,,
695.7002,74.576096,150.043732,,
695.6002,74.49942,150.085938,,
695.5002,73.950607,149.61908,,
695.4002,73.473923,149.24231,,
695.3002,73.110153,148.999084,,
695.2002,72.752823,148.534515,,
695.1002,72.277847,148.022491,,
695.0002,71.711807,148.292786,,
694.9002,71.189484,149.154999,,
694.8002,70.872421,149.867401,,
694.7002,71.20961,150.24295,,
694.6002,72.124329,150.292145,,
694.5002,72.994186,150.068787,,
694.4002,73.535431,149.525513,,
694.3002,73.552704,148.589691,,
694.2002,73.228012,147.397736,,
694.1002,72.812424,146.326385,,
694.0002,72.678635,145.504242,,
693.9002,72.992081,144.823456,,
693.8002,73.891739,144.393646,,
693.7002,75.21257,144.315735,,
693.6002,76.516571,144.480042,,
693.5002,77.755478,144.755554,,
693.4002,78.979721,145.075165,,
693.3002,80.184433,145.403076,,
693.2002,81.303085,145.692505,,
693.1002,82.215637,145.857025,,
693.0002,82.789978,145.832825,,
692.9002,82.995422,145.662354,,
692.8002,83.00766,145.395996,,
692.7002,82.988693,145.051788,,
692.6002,83.081863,144.646423,,
692.5002,83.221756,144.252319,,
692.4002,82.874771,144.005432,,
692.3002,82.045975,143.987946,,
692.2002,81.484467,144.220428,,
692.1002,81.402985,144.59082,,
692.0002,81.645737,144.977509,,
691.9002,81.586365,145.245483,,
691.8002,81.323486,145.390778,,
691.7002,81.004227,145.394653,,
691.6002,80.805542,145.22348,,
691.5002,80.733383,144.881348,,
691.4002,80.851486,144.41861,,
691.3002,81.204407,143.937225,,
691.2002,81.788086,143.495697,,
691.1002,82.371429,143.190582,,
691.0002,82.65976,143.08551,,
690.9002,82.922379,143.140869,,
690.8002,83.283401,143.306793,,
690.7002,83.524673,143.52359,,
690.6002,84.013657,143.780762,,
690.5002,84.994431,144.093262,,
690.4002,86.274414,144.451172,,
690.3002,87.778076,144.824738,,
690.2002,89.110779,145.214325,,
690.1002,89.713928,145.632233,,
690.0002,89.695343,146.0755,,
689.9002,89.489731,146.446198,,
689.8002,89.209244,146.619598,,
689.7002,88.520294,146.481842,,
689.6002,87.429977,146.139496,,
689.5002,86.387161,145.825378,,
689.4002,85.798035,145.610565,,
689.3002,85.668182,145.517334,,
689.2002,85.789795,145.567566,,
689.1002,85.874969,145.854889,,
689.0002,85.65863,146.355225,,
688.9002,84.421631,146.979553,,
688.8002,83.853348,147.586792,,
688.7002,84.907211,148.05191,,
688.6002,86.898682,148.332764,,
688.5002,89.499176,148.425568,,
688.4002,92.462677,148.342804,,
688.3002,94.38678,148.043182,,
688.2002,94.405685,147.688782,,
688.1002,92.585236,147.439301,,
688.0002,90.272385,147.369324,,
687.9002,87.90567,147.405212,,
687.8002,85.28569,147.448242,,
687.7002,83.784241,147.449341,,
687.6002,83.318512,147.335571,,
687.5002,83.41507,147.11554,,
687.4002,83.801407,146.92688,,
687.3002,83.988739,146.854218,,
687.2002,83.583374,146.865234,,
687.1002,82.97728,146.848694,,
687.0002,82.59111,146.856842,,
686.9002,82.721512,146.983429,,
686.8002,83.756439,147.291138,,
686.7002,85.201828,147.724182,,
686.6002,86.248306,148.191162,,
686.5002,86.408218,148.586517,,
686.4002,86.017532,148.768585,,
686.3002,85.614487,148.648712,,
686.2002,85.694458,148.287567,,
686.1002,86.042542,147.787201,,
686.0002,85.658493,147.209595,,
685.9002,84.631912,146.704865,,
685.8002,83.475052,146.340179,,
685.7002,82.72963,146.066193,,
685.6002,82.370071,145.884552,,
685.5002,82.206924,145.852783,,
685.4002,82.48848,146.035309,,
685.3002,83.223068,146.302521,,
685.2002,84.191452,146.471527,,
685.1002,85.369659,146.499023,,
685.0002,86.539017,146.384552,,
684.9002,87.540741,146.186096,,
684.8002,88.15947,145.959564,,
684.7002,88.337112,145.914612,,
684.6002,88.239349,146.172272,,
684.5002,88.075928,146.622528,,
684.4002,88.101547,147.171356,,
684.3002,88.388474,147.760773,,
684.2002,88.786865,148.333679,,
684.1002,88.955902,148.795319,,
684.0002,88.664978,149.093597,,
683.9002,87.827866,149.173035,,
683.8002,86.447372,149.071106,,
683.7002,84.440308,148.950195,,
683.6002,82.47197,148.845337,,
683.5002,81.424637,148.761993,,
683.4002,81.176422,148.726013,,
683.3002,81.762772,148.704224,,
683.2002,82.811401,148.619202,,
683.1002,83.972946,148.424316,,
683.0002,84.921158,148.150146,,
682.9002,85.512833,147.889801,,
682.8002,85.965729,147.7388,,
682.7002,86.368103,147.711212,,
682.6002,86.655746,147.762268,,
682.5002,86.463867,147.849579,,
682.4002,85.54422,147.965546,,
682.3002,84.16803,148.12149,,
682.2002,82.702332,148.314056,,
682.1002,81.710632,148.449036,,
682.0002,81.624588,148.392151,,
681.9002,82.266312,148.175812,,
681.8002,83.081406,147.852539,,
681.7002,83.268906,147.489166,,
681.6002,82.729721,147.152374,,
681.5002,81.512314,146.914001,,
681.4002,80.097168,146.841827,,
681.3002,78.91687,146.891632,,
681.2002,78.577103,146.860352,,
681.1002,79.163132,146.558105,,
681.0002,80.502197,146.301422,,
680.9002,81.928955,146.363159,,
680.8002,82.807648,146.650269,,
680.7002,82.829529,147.046997,,
680.6002,82.226257,147.472717,,
680.5002,81.702698,147.877655,,
680.4002,81.230164,148.219177,,
680.3002,80.549011,148.389435,,
680.2002,79.439362,148.313873,,
680.1002,77.768036,148.036926,,
680.0002,75.976746,147.71637,,
679.9002,74.905258,147.49939,,
679.8002,74.859039,147.392426,,
679.7002,75.438599,147.38562,,
679.6002,76.24501,147.508575,,
679.5002,76.921738,147.847839,,
679.4002,77.360245,148.412079,,
679.3002,77.670731,149.101044,,
679.2002,78.12851,149.902557,,
679.1002,78.921143,150.856354,,
679.0002,80.229034,151.954376,,
678.9002,81.976837,153.142303,,
678.8002,83.906418,154.406433,,
678.7002,85.431412,155.817474,,
678.6002,86.217026,157.343567,,
678.5002,86.304291,158.803101,,
678.4002,85.441071,159.966034,,
678.3002,84.143646,160.546875,,
678.2002,82.927933,160.534485,,
678.1002,81.857895,160.12149,,
678.0002,80.770676,159.45105,,
677.9002,79.53566,158.664032,,
677.8002,78.177979,157.924255,,
677.7002,76.950668,157.29071,,
677.6002,76.122726,156.738831,,
677.5002,76.060226,156.256927,,
677.4002,76.473236,155.843506,,
677.3002,76.969437,155.48764,,
677.2002,77.092514,155.167633,,
677.1002,76.876572,154.899658,,
677.0002,76.498337,154.69339,,
676.9002,76.031235,154.589233,,
676.8002,75.511871,154.582672,,
676.7002,74.912918,154.640442,,
676.6002,74.242844,154.760559,,
676.5002,73.495926,154.859619,,
676.4002,72.47876,154.847076,,
676.3002,71.602264,154.648193,,
676.2002,71.169205,154.328705,,
676.1002,71.869247,154.001617,,
676.0002,73.201553,153.875824,,
675.9002,74.609573,154.008118,,
675.8002,75.549957,154.361176,,
675.7002,76.122162,154.956879,,
675.6002,76.577545,155.709137,,
675.5002,76.718307,156.41275,,
675.4002,76.431213,156.761047,,
675.3002,75.73938,156.662994,,
675.2002,74.982239,156.227753,,
675.1002,74.612549,155.672272,,
675.0002,74.87323,155.218353,,
674.9002,75.609177,155.0867,,
674.8002,76.477722,155.322937,,
674.7002,77.291473,155.795654,,
674.6002,77.524628,156.339417,,
674.5002,77.118927,156.651733,,
674.4002,76.316879,156.535767,,
674.3002,74.848923,156.121521,,
674.2002,73.006226,155.630249,,
674.1002,71.451309,155.204163,,
674.0002,70.450424,154.883606,,
673.9002,70.023331,154.794342,,
673.8002,70.213364,155.035034,,
673.7002,70.797272,155.412598,,
673.6002,71.447937,155.591217,,
673.5002,72.281143,155.390198,,
673.4002,73.295792,154.861206,,
673.3002,74.337387,154.204987,,
673.2002,75.390976,153.574371,,
673.1002,76.305099,153.097839,,
673.0002,76.960464,152.911285,,
672.9002,77.658875,152.997559,,
672.8002,78.649231,153.157379,,
672.7002,79.878632,153.092987,,
672.6002,81.031143,152.740051,,
672.5002,81.721466,152.111389,,
672.4002,81.852295,151.318573,,
672.3002,81.140488,150.541534,,
672.2002,79.407715,149.922699,,
672.1002,77.106689,149.486115,,
672.0002,74.602905,149.197357,,
671.9002,72.411942,149.082397,,
671.8002,70.565552,149.157501,,
671.7002,69.5439,149.392853,,
671.6002,69.612549,149.688873,,
671.5002,70.028152,149.862396,,
671.4002,70.610825,149.841797,,
671.3002,70.993622,149.617432,,
671.2002,70.899338,149.232697,,
671.1002,70.302856,148.685059,,
671.0002,69.489929,148.080444,,
670.9002,68.738525,147.708099,,
670.8002,68.221695,147.64502,,
670.7002,68.038132,147.773193,,
670.6002,68.215729,147.874451,,
670.5002,68.783493,147.994934,,
670.4002,69.649841,148.208984,,
670.3002,70.83226,148.377899,,
670.2002,72.061981,148.419708,,
670.1002,72.848801,148.421753,,
670.0002,72.980713,148.613159,,
669.9002,72.542496,148.968719,,
669.8002,72.022934,149.303436,,
669.7002,71.509674,149.559723,,
669.6002,71.113541,149.837921,,
669.5002,70.894409,150.223846,,
669.4002,70.885651,150.660156,,
669.3002,70.900131,151.118408,,
669.2002,70.688675,151.585419,,
669.1002,70.094727,152.060638,,
669.0002,69.255234,152.554626,,
668.9002,68.444427,153.034119,,
668.8002,68.467117,153.360992,,
668.7002,69.282928,153.457458,,
668.6002,70.23909,153.388123,,
668.5002,70.679901,153.185059,,
668.4002,70.456589,152.891846,,
668.3002,69.855042,152.584381,,
668.2002,69.104202,152.378479,,
668.1002,68.506577,152.235535,,
668.0002,68.277512,152.069946,,
667.9002,68.696716,152.013184,,
667.8002,69.386475,152.442139,,
667.7002,69.724106,153.520508,,
667.6002,69.438766,154.823639,,
667.5002,68.817719,155.738251,,
667.4002,68.278839,155.989197,,
667.3002,67.842377,156.252472,,
667.2002,67.31601,156.291016,,
667.1002,66.378632,155.364685,,
667.0002,65.196777,154.211853,,
666.9002,64.021912,153.560638,,
666.8002,63.11467,153.47467,,
666.7002,62.697731,153.791901,,
666.6002,62.683731,154.431976,,
666.5002,62.687912,155.426392,,
666.4002,62.417458,156.666748,,
666.3002,61.893883,158.012085,,
666.2002,61.57357,159.492004,,
666.1002,61.560898,160.79657,,
666.0002,61.750694,161.674561,,
665.9002,61.739578,162.075195,,
665.8002,61.674507,162.170105,,
665.7002,61.758545,162.185638,,
665.6002,61.998848,162.245117,,
665.5002,62.074776,162.406128,,
665.4002,61.754868,162.639893,,
665.3002,61.5858,162.825562,,
665.2002,61.615158,162.823242,,
665.1002,61.620026,162.613464,,
665.0002,61.506889,162.228943,,
664.9002,61.240372,161.756714,,
664.8002,60.760742,161.279083,,
664.7002,60.071587,160.970795,,
664.6002,59.282593,160.948639,,
664.5002,58.433334,161.174347,,
664.4002,57.523659,161.565826,,
664.3002,56.62339,162.04837,,
664.2002,55.899803,162.575012,,
664.1002,55.645332,163.035339,,
664.0002,55.768768,163.284668,,
663.9003,55.911804,163.222504,,
663.8003,55.678177,162.938049,,
663.7003,55.110924,162.554169,,
663.6003,54.806732,162.096039,,
663.5003,55.138016,161.545441,,
663.4003,56.049477,161.02536,,
663.3003,57.505699,160.79715,,
663.2003,59.044395,160.995422,,
663.1003,60.102669,161.555939,,
663.0003,60.446899,162.290466,,
662.9003,60.106346,163.083954,,
662.8003,59.425865,163.777252,,
662.7003,58.415962,164.149017,,
662.6003,57.186516,164.072845,,
662.5003,56.03846,163.687469,,
662.4003,55.45401,163.275879,,
662.3003,55.707275,163.011383,,
662.2003,56.271172,162.916931,,
662.1003,56.712524,162.913239,,
662.0003,56.686432,162.826935,,
661.9003,56.548874,162.44989,,
661.8003,56.370964,161.748444,,
661.7003,56.247284,160.742584,,
661.6003,56.242325,159.590118,,
661.5003,56.470352,158.53421,,
661.4003,57.026527,157.971436,,
661.3003,57.90435,158.088501,,
661.2003,59.050972,158.642212,,
661.1003,60.172958,159.290924,,
661.0003,61.128006,159.932831,,
660.9003,61.929771,160.493713,,
660.8003,62.678009,160.846893,,
660.7003,63.224052,160.976318,,
660.6003,63.307556,160.893921,,
660.5003,62.813354,160.637848,,
660.4003,61.812912,160.253967,,
660.3003,60.440094,159.80835,,
660.2003,59.182587,159.477325,,
660.1003,58.66066,159.492523,,
660.0003,58.982979,159.932251,,
659.9003,59.240089,160.677887,,
659.8003,59.215828,161.57782,,
659.7003,58.828217,162.490753,,
659.6003,58.325127,163.267303,,
659.5003,57.829483,163.872192,,
659.4003,57.433144,164.299683,,
659.3003,57.089958,164.56192,,
659.2003,56.681885,164.660339,,
659.1003,56.087677,164.581635,,
659.0003,55.32988,164.361816,,
658.9003,54.331421,164.038177,,
658.8003,53.218826,163.739136,,
658.7003,52.281364,163.747681,,
658.6003,51.643791,164.765289,,
658.5003,51.35994,166.595734,,
658.4003,51.477829,168.122345,,
658.3003,52.005867,168.457611,,
658.2003,52.814919,167.702362,,
658.1003,53.933189,166.582916,,
658.0003,55.446693,164.284821,,
657.9003,57.376854,161.265778,,
657.8003,60.090508,159.008636,,
657.7003,62.608589,158.264618,,
657.6003,64.240555,158.503204,,
657.5003,65.067978,158.764374,,
657.4003,65.814804,158.75528,,
657.3003,66.812408,158.703217,,
657.2003,67.458832,158.912628,,
657.1003,67.295883,159.323883,,
657.0003,66.37677,159.795654,,
656.9003,64.596527,160.30127,,
656.8003,62.52002,160.914642,,
656.7003,60.553551,161.619354,,
656.6003,59.330017,162.293152,,
656.5003,58.73877,162.828979,,
656.4003,58.454643,163.232544,,
656.3003,58.082596,163.505676,,
656.2003,57.794373,163.706238,,
656.1003,57.809135,163.900513,,
656.0003,58.009422,164.122772,,
655.9003,58.258354,164.393707,,
655.8003,58.512611,164.716919,,
655.7003,58.802162,165.108978,,
655.6003,59.017494,165.628204,,
655.5003,59.023102,166.230194,,
655.4003,58.587448,166.700104,,
655.3003,58.093575,166.885803,,
655.2003,58.077782,166.812958,,
655.1003,58.560066,166.548828,,
655.0003,59.194763,166.134705,,
654.9003,59.636673,165.609009,,
654.8003,59.721962,164.921844,,
654.7003,59.588135,164.26297,,
654.6003,59.460152,163.862854,,
654.5003,59.568741,163.833649,,
654.4003,59.939812,164.095306,,
654.3003,60.58876,164.516754,,
654.2003,61.153877,165.107086,,
654.1003,61.369827,165.839783,,
654.0003,60.985229,166.671967,,
653.9003,60.156937,167.554321,,
653.8003,59.163582,168.437134,,
653.7003,57.770012,169.342316,,
653.6003,56.326187,170.01062,,
653.5003,55.206276,170.224518,,
653.4003,54.48716,169.935883,,
653.3003,54.301765,169.286896,,
653.2003,54.613754,168.579163,,
653.1003,55.44529,168.143524,,
653.0003,56.130814,168.04068,,
652.9003,56.024826,168.085388,,
652.8003,55.04084,168.131409,,
652.7003,53.725357,168.033905,,
652.6003,52.821724,167.680664,,
652.5003,52.834015,167.017487,,
652.4003,53.765602,166.065521,,
652.3003,55.127106,164.943909,,
652.2003,56.767342,163.69812,,
652.1003,58.359573,162.427216,,
652.0003,59.589981,161.296173,,
651.9003,60.411957,160.199371,,
651.8003,61.143013,159.061554,,
651.7003,62.102127,158.088715,,
651.6003,63.243492,157.51767,,
651.5003,64.245117,157.533875,,
651.4003,64.810989,158.090118,,
651.3003,64.76886,159.137573,,
651.2003,64.300735,160.544769,,
651.1003,63.683899,161.943512,,
651.0003,62.922318,163.180786,,
650.9003,61.889557,164.191864,,
650.8003,60.648468,164.940186,,
650.7003,59.434723,165.459229,,
650.6003,58.735077,165.837341,,
650.5003,58.649483,166.164124,,
650.4003,58.986206,166.481323,,
650.3003,59.030182,166.80896,,
650.2003,58.793434,167.156738,,
650.1003,58.524513,167.53302,,
650.0003,58.659599,167.8685,,
649.9003,58.863632,167.98172,,
649.8003,58.666374,167.801666,,
649.7003,57.912827,167.476105,,
649.6003,56.494888,167.109985,,
649.5003,54.908684,166.943512,,
649.4003,54.19149,167.135925,,
649.3003,54.627586,167.203918,,
649.2003,56.044052,166.836761,,
649.1003,57.821747,166.363495,,
649.0003,59.475418,166.160217,,
648.9003,60.171432,166.206116,,
648.8003,59.391853,166.113678,,
648.7003,57.444595,166.144196,,
648.6003,55.628014,166.706573,,
648.5003,54.95491,167.75174,,
648.4003,55.379097,169.028351,,
648.3003,56.00708,170.00592,,
648.2003,56.360039,170.212769,,
648.1003,56.172813,170.401886,,
648.0003,55.628304,171.13736,,
647.9003,55.117958,171.884796,,
647.8003,54.796944,172.016907,,
647.7003,54.636856,171.559265,,
647.6003,54.746651,171.119568,,
647.5003,55.194527,170.701569,,
647.4003,55.872452,169.973663,,
647.3003,56.623001,168.670166,,
647.2003,57.092712,167.335419,,
647.1003,57.138443,166.476166,,
647.0003,56.941833,165.958618,,
646.9003,56.673851,165.440186,,
646.8003,56.393791,164.765259,,
646.7003,55.873062,163.974854,,
646.6003,55.388077,163.00647,,
646.5003,55.244576,161.864319,,
646.4003,55.819626,160.609741,,
646.3003,56.751114,159.428162,,
646.2003,57.661285,158.424774,,
646.1003,58.49292,157.711273,,
646.0003,59.197189,157.385315,,
645.9003,59.733391,157.390717,,
645.8003,59.820816,157.673248,,
645.7003,59.714386,158.212769,,
645.6003,59.798737,158.98526,,
645.5003,60.176025,159.975372,,
645.4003,60.552742,161.129272,,
645.3003,60.469742,162.361725,,
645.2003,59.727051,163.549438,,
645.1003,58.48597,164.707703,,
645.0003,56.816803,165.870056,,
644.9003,55.171028,166.732117,,
644.8003,53.815926,167.077148,,
644.7003,53.200272,166.849365,,
644.6003,53.319862,165.931458,,
644.5003,53.994057,164.396637,,
644.4003,55.462425,162.421478,,
644.3003,57.469116,160.201782,,
644.2003,59.612968,158.077087,,
644.1003,61.118523,156.39447,,
644.0003,62.012856,155.487701,,
643.9003,62.582848,155.390167,,
643.8003,62.993301,155.986115,,
643.7003,63.429329,156.993286,,
643.6003,63.952118,158.20163,,
643.5003,64.351685,159.758575,,
643.4003,64.563538,161.212006,,
643.3003,64.644302,161.994446,,
643.2003,64.361053,161.921844,,
643.1003,63.569908,161.058563,,
643.0003,62.275307,159.707825,,
642.9003,60.837563,157.883972,,
642.8003,59.699501,156.056793,,
642.7003,58.95269,154.751007,,
642.6003,58.612549,154.372498,,
642.5003,58.494202,154.955872,,
642.4003,58.463799,156.131683,,
642.3003,58.446884,157.739532,,
642.2003,58.281189,159.443481,,
642.1003,57.741425,160.858917,,
642.0003,56.821846,161.604279,,
641.9003,55.844208,161.482147,,
641.8003,55.10202,160.737579,,
641.7003,54.69857,159.448547,,
641.6003,54.633965,157.791718,,
641.5003,55.232529,156.132385,,
641.4003,56.506775,154.839813,,
641.3003,57.989182,154.170319,,
641.2003,59.511169,154.134918,,
641.1003,60.814011,154.623047,,
641.0003,61.80703,155.407837,,
640.9003,62.613464,156.400543,,
640.8003,63.242172,157.448486,,
640.7003,63.591087,158.260895,,
640.6003,63.398308,158.613251,,
640.5003,62.621117,158.417969,,
640.4003,61.802101,157.749481,,
640.3003,61.275314,156.73645,,
640.2003,61.216751,155.721497,,
640.1003,61.192329,155.252014,,
640.0003,61.053085,155.355408,,
639.9003,60.723862,155.656647,,
639.8003,60.485489,155.679993,,
639.7003,60.460693,155.854767,,
639.6003,60.703491,156.429565,,
639.5003,61.058846,156.81723,,
639.4003,61.535576,156.715271,,
639.3003,62.134216,156.308044,,
639.2003,62.81102,156.155304,,
639.1003,63.499725,156.017609,,
639.0003,64.148834,155.470551,,
638.9003,64.86763,154.613647,,
638.8003,65.612732,153.658478,,
638.7003,66.182922,152.747925,,
638.6003,66.430679,151.78537,,
638.5003,66.312195,150.79895,,
638.4003,65.983597,150.003052,,
638.3003,65.470169,149.562286,,
638.2003,65.145981,149.522766,,
638.1003,65.444962,149.76413,,
638.0003,66.358688,150.054596,,
637.9003,67.73909,150.178162,,
637.8003,69.222458,150.126984,,
637.7003,70.383484,150.18988,,
637.6003,70.945496,150.465759,,
637.5003,71.050049,150.842468,,
637.4003,70.335342,151.19873,,
637.3003,68.894226,151.47522,,
637.2003,67.199646,151.659332,,
637.1003,65.689316,151.714966,,
637.0003,64.672241,151.669952,,
636.9003,64.15213,151.632294,,
636.8003,63.895126,151.743805,,
636.7003,63.534218,151.846802,,
636.6003,62.906311,151.783661,,
636.5003,62.723,151.805267,,
636.4003,62.858177,151.913208,,
636.3003,62.682785,151.906433,,
636.2003,62.246483,151.637054,,
636.1003,61.856003,151.194641,,
636.0003,61.782066,150.749939,,
635.9003,62.033493,150.288239,,
635.8003,62.473251,149.778076,,
635.7003,63.03978,149.255402,,
635.6003,63.774979,148.981781,,
635.5003,64.625031,149.057617,,
635.4003,65.555786,149.396454,,
635.3003,66.629776,149.68811,,
635.2003,67.670761,149.779755,,
635.1003,68.110504,149.706818,,
635.0003,68.021667,149.719269,,
634.9003,67.69725,149.989288,,
634.8003,67.323654,150.571503,,
634.7003,66.900894,151.457062,,
634.6003,66.378845,152.561279,,
634.5003,65.542023,153.790497,,
634.4003,64.227966,154.856079,,
634.3003,62.462189,155.642273,,
634.2003,60.993362,156.135406,,
634.1003,60.066246,156.553192,,
634.0003,59.559212,157.11145,,
633.9003,59.526031,157.933716,,
633.8003,59.691162,158.912933,,
633.7003,59.85276,159.899902,,
633.6003,59.515312,160.731842,,
633.5003,58.793877,161.168427,,
633.4003,57.955994,161.158997,,
633.3003,57.206062,160.890778,,
633.2003,56.582344,160.410187,,
633.1003,56.074989,159.724487,,
633.0003,55.673752,159.057739,,
632.9003,55.341751,158.500732,,
632.8003,55.097267,157.999786,,
632.7003,55.243027,157.440674,,
632.6003,55.989311,156.837921,,
632.5003,57.568649,156.308136,,
632.4003,60.175659,155.935211,,
632.3003,63.151741,155.827332,,
632.2003,65.299927,156.011871,,
632.1003,66.129318,156.420471,,
632.0003,66.011856,156.877869,,
631.9003,65.421753,157.262939,,
631.8003,64.647217,157.349548,,
631.7003,63.902428,157.071747,,
631.6003,63.294434,156.649628,,
631.5003,62.978394,156.198151,,
631.4003,62.947014,155.765839,,
631.3003,62.947845,155.353027,,
631.2003,62.779076,154.97406,,
631.1003,62.465195,154.708008,,
631.0003,62.189911,154.700958,,
630.9003,62.072884,155.241943,,
630.8003,62.040085,156.398682,,
630.7003,62.102745,157.729431,,
630.6003,62.254257,158.613373,,
630.5003,62.4692,158.721802,,
630.4003,62.791679,158.264557,,
630.3003,63.218887,157.321503,,
630.2003,63.610222,155.930603,,
630.1003,63.593575,154.506683,,
630.0003,62.979897,153.54129,,
629.9003,62.386269,153.154419,,
629.8003,62.188446,153.228271,,
629.7003,62.630417,153.588196,,
629.6003,63.459038,154.075653,,
629.5003,64.473053,154.733459,,
629.4003,65.296371,155.585419,,
629.3003,65.75769,156.401123,,
629.2003,65.769135,157.03775,,
629.1003,65.5103,157.435974,,
629.0003,65.077194,157.585419,,
628.9003,64.565353,157.450043,,
628.8003,64.09964,157.052643,,
628.7003,63.647491,156.571472,,
628.6003,63.186539,156.08374,,
628.5003,62.717377,155.597626,,
628.4003,62.263077,155.103394,,
628.3003,61.907394,154.661011,,
628.2003,61.834824,154.345764,,
628.1003,62.531342,154.108917,,
628.0003,64.024353,153.899872,,
627.9003,65.535599,153.691925,,
627.8003,67.101105,153.462708,,
627.7003,68.632614,153.171387,,
627.6003,69.912918,152.797424,,
627.5003,70.697708,152.351501,,
627.4003,70.993515,151.855072,,
627.3003,71.112595,151.356293,,
627.2003,70.92012,150.927979,,
627.1003,70.460846,150.734558,,
627.0003,69.909134,150.86792,,
626.9003,69.288345,151.309753,,
626.8003,68.656723,151.946533,,
626.7003,68.022278,152.637909,,
626.6003,67.333984,153.350739,,
626.5003,66.546005,154.048706,,
626.4003,65.562057,154.720551,,
626.3003,64.526657,155.333466,,
626.2003,63.579575,155.891052,,
626.1003,62.754745,156.432281,,
626.0003,62.480446,157.007355,,
625.9003,62.693665,157.495331,,
625.8003,62.922318,157.701843,,
625.7003,62.447166,157.56662,,
625.6003,61.304909,157.135193,,
625.5003,60.318344,156.45578,,
625.4003,59.925842,155.64325,,
625.3003,60.069298,154.855133,,
625.2003,60.706017,154.199829,,
625.1003,61.590034,153.567261,,
625.0003,62.516846,152.898743,,
624.9003,63.22673,152.261627,,
624.8003,63.729126,151.677643,,
624.7003,64.108002,151.189667,,
624.6003,64.664978,150.882233,,
624.5003,65.596512,150.903748,,
624.4003,66.906219,151.201691,,
624.3003,67.638947,151.602844,,
624.2003,67.664261,152.012024,,
624.1003,67.167191,152.405579,,
624.0003,66.650101,152.785706,,
623.9003,66.407196,153.128052,,
623.8003,66.541107,153.417206,,
623.7003,66.263123,153.664001,,
623.6003,65.544754,153.953339,,
623.5003,64.643082,154.354034,,
623.4003,63.665054,154.902557,,
623.3003,62.665253,155.425201,,
623.2003,61.61998,155.776886,,
623.1003,61.25428,155.884552,,
623.0003,61.751549,155.788971,,
622.9003,63.15715,155.567261,,
622.8003,64.840179,155.251831,,
622.7003,66.176407,154.872528,,
622.6003,66.434082,154.459564,,
622.5003,65.67836,154.064301,,
622.4003,64.428162,153.694977,,
622.3003,62.957771,153.337646,,
622.2003,61.923874,152.991272,,
622.1003,61.585114,152.643799,,
622.0003,62.143646,152.294769,,
621.9003,63.228851,152.003662,,
621.8003,64.320541,151.888611,,
621.7003,64.99678,152.091125,,
621.6003,65.568176,152.489319,,
621.5003,66.45932,152.885895,,
621.4003,66.895905,153.309662,,
621.3003,66.547089,153.825531,,
621.2003,65.702438,154.324341,,
621.1003,64.429108,154.480042,,
621.0003,63.254982,154.303619,,
620.9003,62.736305,154.13382,,
620.8003,62.670105,154.206421,,
620.7003,62.616653,154.541199,,
620.6003,62.389771,154.988678,,
620.5003,62.262039,155.607025,,
620.4003,62.275185,156.596649,,
620.3003,61.909637,158.021149,,
620.2003,61.240318,159.802124,,
620.1003,60.518539,161.429016,,
620.0003,59.755142,162.123901,,
619.9003,59.257988,161.851746,,
619.8003,59.391518,160.755524,,
619.7003,60.066933,158.946838,,
619.6003,61.486481,156.707703,,
619.5003,63.420097,154.741821,,
619.4003,65.082764,153.62851,,
619.3003,65.971222,153.352386,,
619.2003,66.157227,153.559082,,
619.1003,66.184006,153.940979,,
619.0003,66.556229,154.383667,,
618.9003,67.512207,154.890045,,
618.8003,68.720718,155.564667,,
618.7003,69.415619,156.261353,,
618.6003,68.837296,156.641754,,
618.5003,67.270447,156.613342,,
618.4003,65.317154,156.305542,,
618.3003,63.767311,156.008362,,
618.2003,62.624863,155.753021,,
618.1003,61.920914,155.53717,,
618.0003,61.512108,155.431519,,
617.9003,61.12944,155.527283,,
617.8003,60.454025,155.718964,,
617.7003,59.656693,155.720703,,
617.6003,59.525253,155.498169,,
617.5003,60.460159,155.13028,,
617.4003,61.554062,154.751038,,
617.3003,62.3778,154.499878,,
617.2003,62.543045,154.491943,,
617.1003,62.040436,154.718201,,
617.0003,61.098946,155.082794,,
616.9003,60.032822,155.448853,,
616.8003,58.693214,155.690216,,
616.7003,57.392555,155.704498,,
616.6003,56.554443,155.595337,,
616.5003,56.350922,155.635834,,
616.4003,56.592674,155.996735,,
616.3003,56.858093,156.585876,,
616.2003,57.011673,157.15097,,
616.1003,56.919952,157.527222,,
616.0003,56.648926,157.629333,,
615.9003,56.465935,157.463318,,
615.8003,56.798531,157.03067,,
615.7003,57.606071,156.554565,,
615.6003,57.957283,156.344208,,
615.5003,57.688835,156.56015,,
615.4003,57.183769,157.070465,,
615.3003,57.20237,157.625641,,
615.2003,57.678711,158.150635,,
615.1003,58.246948,158.608124,,
615.0003,58.938484,158.826813,,
614.9003,59.804016,158.763397,,
614.8003,60.879768,158.502258,,
614.7003,62.095444,158.056,,
614.6003,63.218903,157.467957,,
614.5003,64.07016,156.897644,,
614.4003,63.964104,156.680206,,
614.3003,62.955612,156.605347,,
614.2003,61.205925,156.396118,,
614.1003,59.497269,156.224121,,
614.0003,58.387321,156.139435,,
613.9003,58.307129,156.038483,,
613.8003,59.041443,155.755646,,
613.7003,60.22699,155.269592,,
613.6003,61.786407,154.676422,,
613.5003,63.098953,154.177612,,
613.4003,63.74173,153.932007,,
613.3003,63.181015,153.99054,,
613.2003,61.302017,155.951813,,
613.1003,58.793098,158.327301,,
613.0003,56.864075,158.4133,,
612.9003,55.389946,157.864166,,
612.8003,54.062065,158.178131,,
612.7003,52.868027,159.133362,,
612.6003,52.270004,160.850342,,
612.5003,52.402901,163.495148,,
612.4003,53.364426,167.194916,,
612.3003,55.061394,170.511444,,
612.2003,57.193466,172.324219,,
612.1003,59.225006,172.650635,,
612.0003,60.325554,171.233948,,
611.9003,60.249962,168.243286,,
611.8003,59.475761,164.049286,,
611.7003,58.549538,160.412933,,
611.6003,57.62014,158.395233,,
611.5003,57.065903,157.752228,,
611.4003,56.872726,157.848755,,
611.3003,56.769875,158.188568,,
611.2003,56.730247,158.746124,,
611.1003,56.566391,159.239014,,
611.0003,56.077606,159.36087,,
610.9003,55.679703,159.341583,,
610.8003,55.698334,159.368927,,
610.7003,56.066383,159.358612,,
610.6003,56.456879,159.072601,,
610.5003,56.569916,158.472565,,
610.4003,56.443604,157.818207,,
610.3003,56.170555,157.515472,,
610.2003,56.052101,157.677765,,
610.1003,56.461266,157.990845,,
610.0003,57.233643,158.267242,,
609.9003,57.888336,158.445343,,
609.8003,58.462799,158.533264,,
609.7003,59.016815,158.508911,,
609.6003,59.490479,158.365875,,
609.5003,59.435814,158.18396,,
609.4003,58.777077,158.008972,,
609.3003,58.00914,157.876953,,
609.2003,57.273964,157.827148,,
609.1003,56.538536,157.883057,,
609.0003,55.726524,158.032227,,
608.9003,55.358307,158.235229,,
608.8003,55.742416,158.445526,,
608.7003,56.37709,158.574982,,
608.6003,57.239761,158.559662,,
608.5003,58.279984,158.4039,,
608.4003,59.364868,158.203918,,
608.3003,60.376045,157.986237,,
608.2003,60.93676,157.795074,,
608.1003,60.645447,157.767395,,
608.0003,59.775566,158.049286,,
607.9003,58.884529,158.653503,,
607.8003,58.009216,159.332794,,
607.7003,57.215149,159.988892,,
607.6003,56.551506,160.607452,,
607.5003,55.892906,161.196625,,
607.4003,55.22834,161.623108,,
607.3003,54.680969,161.709381,,
607.2003,54.491814,161.493011,,
607.1003,54.819588,161.067627,,
607.0003,55.540039,160.544861,,
606.9003,56.455032,160.028656,,
606.8003,57.375755,159.571259,,
606.7003,58.085495,159.156647,,
606.6003,58.397293,158.730103,,
606.5003,58.250954,158.289368,,
606.4003,57.978439,157.940826,,
606.3003,58.063934,157.855835,,
606.2003,58.364693,157.971008,,
606.1003,58.372284,158.09259,,
606.0003,58.14344,158.151062,,
605.9003,57.812714,158.170288,,
605.8003,57.50354,158.290619,,
605.7003,57.120506,158.730133,,
605.6003,56.716492,159.422821,,
605.5003,56.417641,160.138123,,
605.4003,56.247536,160.867401,,
605.3003,56.157562,161.685181,,
605.2003,56.092934,162.474731,,
605.1003,56.292717,162.863373,,
605.0003,56.719307,162.601654,,
604.9003,57.190788,161.865753,,
604.8003,57.447235,161.008667,,
604.7003,57.441139,159.982819,,
604.6003,57.240196,158.629028,,
604.5003,57.032959,157.111237,,
604.4003,57.020042,156.010101,,
604.3003,57.364319,155.606689,,
604.2003,57.798798,155.720978,,
604.1003,58.041107,156.063965,,
604.0003,57.883575,156.518463,,
603.9003,57.901985,157.690613,,
603.8003,58.323868,159.310364,,
603.7003,59.138023,160.743439,,
603.6003,60.070641,161.192749,,
603.5003,60.980927,161.025665,,
603.4003,61.84269,161.033447,,
603.3003,62.443138,161.718536,,
603.2003,62.658585,162.738007,,
603.1003,61.937477,163.485657,,
603.0003,60.599083,164.287781,,
602.9003,59.030586,165.359222,,
602.8003,57.606148,166.471039,,
602.7003,56.421898,166.674133,,
602.6003,55.451477,165.797668,,
602.5003,54.881508,164.419006,,
602.4003,54.78569,163.391113,,
602.3003,55.13488,162.842651,,
602.2003,55.742149,162.161804,,
602.1003,56.525772,161.276276,,
602.0003,57.478386,160.442139,,
601.9003,58.434402,159.742767,,
601.8003,59.360489,158.7995,,
601.7003,60.291008,157.613586,,
601.6003,61.139122,157.212555,,
601.5003,61.866547,157.700378,,
601.4003,62.464287,158.342865,,
601.3003,62.723602,158.60321,,
601.2003,62.419197,158.686798,,
601.1003,61.273376,158.979279,,
601.0003,59.638481,159.103821,,
600.9003,57.910072,159.330475,,
600.8003,56.005157,160.353302,,
600.7003,54.358658,162.188568,,
600.6003,53.266914,164.242401,,
600.5003,52.537903,166.163361,,
600.4003,52.183723,167.559662,,
600.3003,52.012054,168.15448,,
600.2003,51.6567,167.941437,,
600.1003,51.020737,166.82785,,
600.0003,50.286858,165.109222,,
599.9003,49.66674,163.352905,,
599.8003,49.437477,161.711395,,
599.7003,49.641991,160.180145,,
599.6003,50.215363,158.987213,,
599.5003,51.003548,158.213196,,
599.4003,51.82132,157.69812,,
599.3003,52.683395,157.433319,,
599.2003,53.627853,157.503296,,
599.1003,54.682594,157.870087,,
599.0003,55.654396,158.344604,,
598.9003,56.403107,158.749847,,
598.8003,56.991867,158.976959,,
598.7003,57.301979,159.059601,,
598.6003,57.287392,159.027313,,
598.5003,57.108597,158.88504,,
598.4003,57.04985,158.650391,,
598.3003,57.514832,158.328705,,
598.2003,58.54557,157.937408,,
598.1003,59.961334,157.495789,,
598.0003,61.278854,157.002472,,
597.9003,62.175621,156.470947,,
597.8003,62.287178,155.88147,,
597.7003,61.499649,155.200378,,
597.6003,60.175056,154.454224,,
597.5003,58.294655,153.689972,,
597.4003,56.306175,153.041077,,
597.3003,55.439682,152.701599,,
597.2003,56.021072,152.67038,,
597.1003,57.054504,152.841309,,
597.0003,57.877602,153.116669,,
596.9003,58.023621,153.478027,,
596.8003,57.591316,153.900085,,
596.7003,57.099915,154.349792,,
596.6003,56.83963,154.805206,,
596.5003,56.726471,155.234528,,
596.4003,56.657715,155.631287,,
596.3003,56.459335,155.987091,,
596.2003,55.94767,156.275574,,
596.1003,54.794235,156.409637,,
596.0003,53.559677,156.416534,,
595.9003,53.396484,156.421356,,
595.8003,54.51725,156.410675,,
595.7003,56.318726,156.408539,,
595.6003,57.792221,156.509552,,
595.5003,58.782928,156.787567,,
595.4003,59.208641,157.035583,,
595.3003,59.095764,156.976959,,
595.2003,58.225357,156.666565,,
595.1003,56.978264,156.225464,,
595.0003,55.99102,155.73114,,
594.9003,55.924896,155.210358,,
594.8003,56.608818,154.644501,,
594.7003,57.38488,154.063171,,
594.6003,57.963272,153.720856,,
594.5003,58.340828,154.137543,,
594.4003,58.665184,155.552399,,
594.3003,58.980247,157.718719,,
594.2003,59.288933,159.582367,,
594.1003,59.581093,160.225372,,
594.0003,59.883415,159.841797,,
593.9003,60.224197,158.736938,,
593.8003,60.689468,156.823395,,
593.7003,61.340111,154.414795,,
593.6003,62.09462,152.527832,,
593.5003,62.739487,152.079132,,
593.4003,63.279289,152.878601,,
593.3003,63.760658,154.123566,,
593.2003,64.075592,155.333618,,
593.1003,63.931015,156.243286,,
593.0003,63.263977,156.800018,,
592.9003,62.061501,157.047272,,
592.8003,60.619949,157.06897,,
592.7003,59.094757,156.968658,,
592.6003,57.746155,156.787598,,
592.5003,56.640549,156.528503,,
592.4003,55.722206,156.157806,,
592.3003,55.21064,155.54187,,
592.2003,55.243484,154.678894,,
592.1003,55.922577,153.663635,,
592.0003,56.937233,152.654175,,
591.9003,58.016319,151.727051,,
591.8003,59.063721,150.886353,,
591.7003,60.392014,150.105164,,
591.6003,62.084435,149.556091,,
591.5003,64.114502,149.417938,,
591.4003,65.61554,149.882446,,
591.3003,66.272491,150.818695,,
591.2003,65.867722,151.960693,,
591.1003,64.725357,153.135895,,
591.0003,63.310112,154.31134,,
590.9003,61.861847,155.467194,,
590.8003,60.437103,156.51825,,
590.7003,59.063133,157.094086,,
590.6003,57.920761,156.801208,,
590.5003,56.836578,155.946747,,
590.4003,55.612068,154.99704,,
590.3003,54.164589,154.092529,,
590.2003,53.262413,153.17276,,
590.1003,53.481537,152.452484,,
590.0003,54.9375,152.35907,,
589.9003,56.781075,152.800232,,
589.8003,58.055489,153.314514,,
589.7003,59.054764,153.741547,,
589.6003,60.184143,154.103577,,
589.5003,61.561882,154.425842,,
589.4003,62.351471,154.657837,,
589.3003,62.289948,154.68042,,
589.2003,62.052025,154.466492,,
589.1003,61.810486,154.12619,,
589.0003,61.733765,153.728577,,
588.9003,61.756401,153.294281,,
588.8003,61.817162,152.93222,,
588.7003,61.901642,152.788757,,
588.6003,62.089661,152.853333,,
588.5003,62.08287,152.959137,,
588.4003,61.649208,153.065125,,
588.3003,61.148605,153.346405,,
588.2003,60.895241,153.823578,,
588.1003,61.096825,154.377747,,
588.0003,61.519432,154.862396,,
587.9003,62.182732,155.250946,,
587.8003,62.984413,155.510925,,
587.7003,63.468102,155.511597,,
587.6003,63.320831,155.245117,,
587.5003,62.665138,154.966492,,
587.4003,61.747391,155.077209,,
587.3003,60.757187,155.535889,,
587.2003,59.882454,155.984528,,
587.1003,59.271889,156.252075,,
587.0003,58.976006,156.344971,,
586.9003,58.831863,156.299896,,
586.8003,58.957893,156.052704,,
586.7003,59.431625,155.637817,,
586.6003,60.099594,155.281219,,
586.5003,60.87307,155.195068,,
586.4003,61.723251,155.327423,,
586.3003,62.634552,155.38739,,
586.2003,63.2314,155.303833,,
586.1003,63.239151,155.186523,,
586.0003,62.945389,155.187378,,
585.9003,62.384766,155.223145,,
585.8003,61.776131,155.166473,,
585.7003,61.421158,155.033112,,
585.6003,61.633743,155.044495,,
585.5003,62.383202,155.066864,,
585.4003,63.156349,154.663971,,
585.3003,63.364868,154.005402,,
585.2003,62.724968,153.820129,,
585.1003,61.565201,154.651978,,
585.0003,60.005051,155.964691,,
584.9003,58.46656,156.850525,,
584.8003,57.422173,156.994415,,
584.7003,57.216347,157.141174,,
584.6003,57.716568,157.34317,,
584.5003,58.708313,156.635132,,
584.4003,60.060623,155.345581,,
584.3003,61.429276,154.489532,,
584.2003,61.897408,154.637878,,
584.1003,61.770859,155.264954,,
584.0003,61.761932,155.737549,,
583.9003,62.04995,156.025543,,
583.8003,62.410461,156.203766,,
583.7003,62.592606,156.254395,,
583.6003,62.406616,156.06662,,
583.5003,62.100166,155.661133,,
583.4003,61.932037,155.168182,,
583.3003,62.250381,154.68689,,
583.2003,62.902191,154.433167,,
583.1003,63.650055,154.483612,,
583.0003,63.831154,154.740356,,
582.9003,63.474579,155.132996,,
582.8003,62.80632,155.593018,,
582.7003,61.930893,156.045135,,
582.6003,61.127335,156.256348,,
582.5003,60.625824,156.125336,,
582.4003,60.643951,155.702789,,
582.3003,60.969414,155.239075,,
582.2003,61.364189,154.904053,,
582.1003,61.784256,154.570282,,
582.0003,62.31897,154.346344,,
581.9003,63.157936,154.383698,,
581.8003,64.617584,154.695221,,
581.7003,66.520905,154.900696,,
581.6003,68.701782,154.700256,,
581.5003,70.293839,154.474426,,
581.4003,70.949951,154.539276,,
581.3003,70.310638,154.898102,,
581.2003,68.431839,155.588348,,
581.1003,65.97438,156.3815,,
581.0003,64.27063,156.94397,,
580.9003,63.385536,157.227112,,
580.8003,62.903145,157.164917,,
580.7003,63.027214,156.517548,,
580.6003,63.669968,155.500854,,
580.5003,64.588959,154.572266,,
580.4003,65.404404,154.112366,,
580.3003,66.00238,153.940155,,
580.2003,66.483063,153.738098,,
580.1003,66.795883,153.456268,,
580.0003,66.952927,153.315002,,
579.9003,66.997528,153.443298,,
579.8003,66.78537,153.742828,,
579.7003,66.270142,154.058868,,
579.6003,65.500046,154.259644,,
579.5003,64.192001,154.225861,,
579.4003,62.760025,153.908752,,
579.3003,61.911804,153.387787,,
579.2003,61.824562,152.755249,,
579.1003,62.263573,152.240173,,
579.0003,62.917122,152.070831,,
578.9003,63.81163,152.21048,,
578.8003,64.860031,152.526642,,
578.7003,65.828781,152.892365,,
578.6003,66.559143,153.385254,,
578.5003,66.824829,153.88562,,
578.4003,66.260239,154.02536,,
578.3003,65.010208,153.813324,,
578.2003,63.766953,153.466125,,
578.1003,62.945152,153.168121,,
578.0003,62.746185,153.033203,,
577.9003,62.861916,153.159241,,
577.8003,62.812584,153.508118,,
577.7003,62.454529,153.827606,,
577.6003,62.143173,153.877014,,
577.5003,62.122787,153.863495,,
577.4003,62.431213,153.724335,,
577.3003,62.713333,153.296021,,
577.2003,62.904778,152.878082,,
577.1003,62.899658,152.836487,,
577.0003,62.672356,153.212769,,
576.9003,62.21946,153.494568,,
576.8003,61.623947,153.455353,,
576.7003,61.117981,153.326324,,
576.6003,60.946861,153.137024,,
576.5003,61.182671,152.649658,,
576.4003,61.312515,151.712372,,
576.3003,61.308594,150.854736,,
576.2003,61.340775,150.463867,,
576.1003,61.726463,150.400757,,
576.0003,62.360733,150.712372,,
575.9003,62.920403,151.438202,,
575.8003,63.236115,152.318848,,
575.7003,63.217712,153.200348,,
575.6003,62.963173,154.0513,,
575.5003,62.670906,154.77005,,
575.4003,62.579086,154.719543,,
575.3003,62.85437,153.521332,,
575.2003,63.374748,151.954681,,
575.1003,64.051682,150.972931,,
575.0003,64.701141,150.973236,,
574.9003,65.161041,151.269989,,
574.8003,65.373383,151.579041,,
574.7003,65.438873,151.90094,,
574.6003,65.396606,152.240814,,
574.5003,65.257187,152.576782,,
574.4003,65.100342,152.879608,,
574.3003,65.279968,153.171692,,
574.2003,65.861603,153.462341,,
574.1003,66.586731,153.724609,,
574.0003,67.402298,153.921082,,
573.9003,68.075592,154.039062,,
573.8003,68.454346,154.07135,,
573.7003,68.422806,153.953308,,
573.6003,68.044907,153.62439,,
573.5003,67.461441,153.130707,,
573.4003,66.588913,152.576538,,
573.3003,65.630264,152.024475,,
573.2003,64.774063,151.51947,,
573.1003,65.005417,151.25058,,
573.0003,65.990906,151.344849,,
572.9003,66.951324,151.750061,,
572.8003,67.317017,152.453949,,
572.7003,67.146454,153.18277,,
572.6003,66.659409,153.649994,,
572.5003,66.238831,153.708893,,
572.4003,66.109146,153.463531,,
572.3003,66.447891,153.08374,,
572.2003,66.639877,152.655243,,
572.1003,66.456558,152.310089,,
572.0003,65.958145,152.162781,,
571.9003,65.718079,152.311493,,
571.8003,65.875534,152.719574,,
571.7003,66.251495,153.287262,,
571.6003,66.44809,153.797485,,
571.5003,66.298126,154.004425,,
571.4003,65.571732,153.75708,,
571.3003,64.476013,153.222168,,
571.2003,63.279778,152.700348,,
571.1003,62.207474,152.378174,,
571.0003,61.263863,152.32196,,
570.9003,60.392235,152.472504,,
570.8003,59.444733,152.781799,,
570.7003,58.426567,153.166077,,
570.6003,57.410217,153.520813,,
570.5003,56.802605,153.772583,,
570.4003,56.66478,153.935699,,
570.3003,56.891838,154.064209,,
570.2003,56.917343,154.190308,,
570.1003,56.886795,154.177032,,
570.0003,57.172241,153.946442,,
569.9003,57.167992,153.544739,,
569.8003,56.743629,152.897949,,
569.7003,56.123795,151.970215,,
569.6003,56.124382,150.961761,,
569.5003,56.804092,150.517334,,
569.4003,57.727943,151.042908,,
569.3003,58.656296,152.877014,,
569.2003,59.417915,155.022583,,
569.1003,59.881424,155.863617,,
569.0003,59.716637,151.733032,,
568.9003,59.003853,142.222321,,
568.8003,58.042122,130.94812,,
568.7003,56.728928,117.849365,,
568.6003,54.91526,107.032837,,
568.5003,52.388824,106.235489,,
568.4003,49.325279,111.100204,,
568.3003,46.389931,113.288925,,
568.2003,44.630547,111.845932,,
568.1003,44.370468,110.38295,,
568.0003,44.978737,113.223587,,
567.9003,46.336182,121.366333,,
567.8003,48.264168,132.622986,,
567.7003,50.455482,142.565887,,
567.6003,52.806526,148.199463,,
567.5003,55.070061,150.129974,,
567.4003,56.904388,151.054901,,
567.3003,57.94706,151.546234,,
567.2003,58.18264,151.512665,,
567.1003,58.36647,151.326447,,
567.0003,58.893402,151.230499,,
566.9003,59.852234,150.998383,,
566.8003,60.450546,150.413727,,
566.7003,60.555786,150.475891,,
566.6003,60.254105,152.145416,,
566.5003,59.877609,154.868347,,
566.4003,59.409409,157.052277,,
566.3003,58.766075,157.561584,,
566.2003,57.877335,157.148956,,
566.1003,56.960472,156.039032,,
566.0003,56.442574,154.01825,,
565.9003,56.322441,151.412476,,
565.8003,56.750458,149.628113,,
565.7003,57.579002,149.81308,,
565.6003,58.275208,150.623871,,
565.5003,58.459831,151.372253,,
565.4003,58.056816,152.013092,,
565.3003,57.365662,152.755127,,
565.2003,56.570107,153.413696,,
565.1003,55.920143,153.689423,,
565.0003,55.863846,153.690369,,
564.9003,56.475334,153.469147,,
564.8003,57.196426,152.992981,,
564.7003,57.942604,152.253845,,
564.6003,58.664543,151.69223,,
564.5003,59.355911,151.763489,,
564.4003,59.744766,152.151123,,
564.3003,59.62117,152.526428,,
564.2003,59.094048,152.720062,,
564.1003,58.304535,152.668243,,
564.0003,57.49971,152.342712,,
563.9003,56.840652,151.829102,,
563.8003,56.533562,151.26001,,
563.7003,56.641777,151.143524,,
563.6003,57.054543,151.875244,,
563.5003,57.625946,153.381592,,
563.4003,58.142906,155.393402,,
563.3003,58.509026,157.357971,,
563.2003,58.453804,158.066193,,
563.1003,57.863388,157.138367,,
563.0003,56.697762,155.263763,,
562.9003,55.039742,152.144745,,
562.8003,53.468903,148.867889,,
562.7003,52.709061,146.984863,,
562.6003,53.329178,147.066467,,
562.5003,54.953018,148.294983,,
562.4003,57.099281,149.60376,,
562.3003,59.100632,150.524017,,
562.2003,60.583038,151.279236,,
562.1003,61.273537,152.30481,,
562.0003,61.474548,153.453308,,
561.9003,61.531906,154.474823,,
561.8003,61.511574,155.267273,,
561.7002,61.449203,155.997803,,
561.6002,61.386024,156.789978,,
561.5002,61.48793,157.587585,,
561.4002,61.712463,157.803986,,
561.3002,61.966713,157.358582,,
561.2002,61.897476,156.625275,,
561.1002,61.617622,155.725433,,
561.0002,61.298569,154.67514,,
560.9002,61.338692,153.519012,,
560.8002,61.745857,152.594818,,
560.7002,62.434631,152.143707,,
560.6002,63.195305,152.273132,,
560.5002,63.67054,152.753998,,
560.4002,63.592834,153.319977,,
560.3002,63.153351,153.877258,,
560.2002,62.55162,154.503754,,
560.1002,61.83075,155.214081,,
560.0002,60.762772,155.867188,,
559.9002,59.504272,156.290527,,
559.8002,58.375061,156.426422,,
559.7002,57.638626,156.145752,,
559.6002,57.177795,155.543427,,
559.5002,56.748962,154.854523,,
559.4002,56.266243,154.131958,,
559.3002,55.979195,153.386139,,
559.2002,56.552452,152.621643,,
559.1002,57.877533,152.047302,,
559.0002,59.374733,151.799957,,
558.9002,60.637566,151.818848,,
558.8002,61.404076,151.893738,,
558.7002,61.705849,151.839447,,
558.6002,61.49929,151.628784,,
558.5002,60.985779,151.503235,,
558.4002,60.441368,151.561737,,
558.3002,59.98143,151.599701,,
558.2002,59.696884,151.474701,,
558.1002,59.544624,151.288452,,
558.0002,59.374657,151.313507,,
557.9002,59.234047,151.732452,,
557.8002,59.275864,152.3797,,
557.7002,59.396408,152.859924,,
557.6002,59.388069,153.554321,,
557.5002,59.116745,155.222107,,
557.4002,58.464043,157.996674,,
557.3002,57.179245,161.310028,,
557.2002,55.0084,164.148529,,
557.1002,52.147598,165.823059,,
557.0002,49.363937,166.248749,,
556.9002,47.431213,165.939117,,
556.8002,46.638512,164.875397,,
556.7002,46.829727,162.073486,,
556.6002,47.828339,157.111664,,
556.5002,49.207993,152.918701,,
556.4002,50.324287,151.987854,,
556.3002,51.376823,152.611938,,
556.2002,52.326988,154.005829,,
556.1002,53.076645,156.153442,,
556.0002,53.638458,158.493073,,
555.9002,53.949524,160.721222,,
555.8002,54.000145,162.531921,,
555.7002,53.858704,163.570618,,
555.6002,53.649033,163.724426,,
555.5002,53.655418,162.853516,,
555.4002,54.083916,160.711334,,
555.3002,54.957474,157.699646,,
555.2002,55.850479,155.167145,,
555.1002,56.731873,153.865845,,
555.0002,57.505035,153.71286,,
554.9002,58.066208,154.000336,,
554.8002,58.513512,154.454102,,
554.7002,58.82534,155.076935,,
554.6002,58.8349,155.741913,,
554.5002,58.565094,156.153778,,
554.4002,58.099274,156.354279,,
554.3002,57.528297,156.802887,,
554.2002,56.807755,157.680634,,
554.1002,55.982613,158.828918,,
554.0002,55.15387,159.839478,,
553.9002,54.390015,160.409058,,
553.8002,53.757584,160.396942,,
553.7002,53.244659,159.935028,,
553.6002,52.93853,158.892395,,
553.5002,52.841805,157.392303,,
553.4002,52.90464,156.082184,,
553.3002,53.064438,155.95993,,
553.2002,53.262444,156.993134,,
553.1002,53.569809,158.005432,,
553.0002,54.010818,158.692108,,
552.9002,54.50193,159.18576,,
552.8002,54.864342,159.52774,,
552.7002,54.78743,158.906311,,
552.6002,54.265022,157.38443,,
552.5002,53.51696,156.063446,,
552.4002,52.651146,155.393738,,
552.3002,51.95166,155.288727,,
552.2002,52.768295,155.587097,,
552.1002,54.314316,156.041992,,
552.0002,55.415787,156.448944,,
551.9002,55.531761,156.780334,,
551.8002,55.106232,157.124634,,
551.7002,54.69043,157.339996,,
551.6002,54.686005,157.005554,,
551.5002,54.863327,156.364349,,
551.4002,54.939842,155.829163,,
551.3002,54.708199,155.468109,,
551.2002,54.512978,155.139374,,
551.1002,54.655716,154.817291,,
551.0002,54.402565,154.782898,,
550.9002,53.679787,155.156708,,
550.8002,52.655975,155.826813,,
550.7002,52.061127,156.668976,,
550.6002,52.031761,157.560181,,
550.5002,52.49865,158.411407,,
550.4002,52.836784,158.914185,,
550.3002,52.882278,158.820435,,
550.2002,52.718506,158.191071,,
550.1002,52.608612,157.563995,,
550.0002,52.603195,158.643036,,
549.9002,52.636284,162.479645,,
549.8002,52.619301,165.133453,,
549.7002,52.488152,164.176575,,
549.6002,52.097122,159.847595,,
549.5002,51.406464,157.056,,
549.4002,50.656662,158.402161,,
549.3002,50.564194,163.546265,,
549.2002,50.902473,169.097015,,
549.1002,51.304001,172.80426,,
549.0002,51.752419,174.623932,,
548.9002,52.59008,174.784851,,
548.8002,53.895264,173.679688,,
548.7002,55.052856,171.778412,,
548.6002,55.535744,169.778656,,
548.5002,55.284576,168.471039,,
548.4002,54.779327,168.489197,,
548.3002,54.434776,169.561768,,
548.2002,54.337807,170.881592,,
548.1002,54.794006,172.196106,,
548.0002,55.621483,173.670807,,
547.9002,56.414146,175.181,,
547.8002,56.647751,175.653961,,
547.7002,56.406929,174.727783,,
547.6002,56.265274,173.153107,,
547.5002,55.99128,171.3396,,
547.4002,55.442963,169.654388,,
547.3002,54.739922,168.483582,,
547.2002,53.956734,168.197357,,
547.1002,53.270111,168.641571,,
547.0002,52.802498,168.919739,,
546.9002,52.597054,167.78067,,
546.8002,52.504402,164.764343,,
546.7002,52.284691,161.110077,,
546.6002,51.799141,158.688782,,
546.5002,51.06234,158.523529,,
546.4002,50.110962,159.24942,,
546.3002,48.93792,159.927917,,
546.2002,47.717201,160.08075,,
546.1002,46.930923,159.614502,,
546.0002,46.897026,158.638733,,
545.9002,47.398453,157.456329,,
545.8002,48.404182,156.348145,,
545.7002,49.78054,155.363129,,
545.6002,51.172112,154.502106,,
545.5002,52.461555,154.038544,,
545.4002,53.579071,153.964874,,
545.3002,54.604454,154.072052,,
545.2002,55.630417,154.526886,,
545.1002,56.763664,155.25412,,
545.0002,57.914444,155.764496,,
544.9002,58.789299,155.8479,,
544.8002,59.099754,155.435974,,
544.7002,58.952927,154.649994,,
544.6002,58.322548,153.819977,,
544.5002,57.462746,153.433228,,
544.4002,56.910652,153.904449,,
544.3002,57.021202,155.080048,,
544.2002,57.850449,156.764465,,
544.1002,58.804314,158.64035,,
544.0002,59.656776,160.163391,,
543.9002,60.065193,160.821442,,
543.8002,59.651665,160.631195,,
543.7002,58.454086,159.842834,,
543.6002,57.076675,158.734772,,
543.5002,55.874954,157.537567,,
543.4002,55.046921,156.572968,,
543.3002,54.635818,156.027771,,
543.2002,54.696281,155.599152,,
543.1002,55.156868,155.076141,,
543.0002,55.77504,154.374573,,
542.9002,56.615181,153.542297,,
542.8002,57.745422,152.979431,,
542.7002,59.121124,153.041534,,
542.6002,60.589905,153.678375,,
542.5002,61.580788,154.632385,,
542.4002,61.771317,155.708923,,
542.3002,60.996849,157.012207,,
542.2002,59.605423,158.311432,,
542.1002,58.08506,159.343689,,
542.0002,56.836578,160.053375,,
541.9002,55.926048,160.350067,,
541.8002,55.164917,160.260864,,
541.7002,54.594444,159.861542,,
541.6002,54.333115,159.047546,,
541.5002,54.499367,157.863739,,
541.4002,55.288902,156.636749,,
541.3002,56.451187,155.612732,,
541.2002,57.686981,154.87149,,
541.1002,58.6082,154.490601,,
541.0002,59.170143,154.51236,,
540.9002,59.454338,154.854095,,
540.8002,59.736488,155.448059,,
540.7002,60.024223,156.257721,,
540.6002,60.112,157.207855,,
540.5002,59.81279,158.058289,,
540.4002,59.214706,158.460205,,
540.3002,58.436554,158.279083,,
540.2002,57.632553,158.220093,,
540.1002,56.970268,158.514191,,
540.0002,56.729904,158.92041,,
539.9002,56.571854,160.577728,,
539.8002,56.207497,163.257904,,
539.7002,55.298882,165.909576,,
539.6002,54.097198,167.252197,,
539.5002,52.996277,167.028809,,
539.4002,52.837326,165.509338,,
539.3002,53.291573,164.557678,,
539.2002,53.889343,164.31311,,
539.1002,54.287773,163.066437,,
539.0002,54.424316,163.291992,,
538.9002,54.36702,166.014832,,
538.8002,53.974251,169.046936,,
538.7002,53.162682,169.920837,,
538.6002,51.919449,168.58725,,
538.5002,50.509499,166.335571,,
538.4002,49.653641,164.27594,,
538.3002,49.896225,162.747833,,
538.2002,50.967239,161.59314,,
538.1002,52.360008,160.516052,,
538.0002,53.871513,159.303741,,
537.9002,55.337555,157.612152,,
537.8002,56.51046,156.106049,,
537.7002,57.058334,155.708649,,
537.6002,56.716713,156.775543,,
537.5002,55.824043,158.675049,,
537.4002,54.854851,160.446533,,
537.3002,54.068245,161.941711,,
537.2002,53.531273,163.180237,,
537.1002,53.13118,164.121704,,
537.0002,52.698845,164.317902,,
536.9002,52.119614,163.655182,,
536.8002,51.443733,162.632385,,
536.7002,50.84063,160.708069,,
536.6002,50.566895,158.082458,,
536.5002,50.988373,156.38205,,
536.4002,51.937584,155.998138,,
536.3002,52.715118,156.115997,,
536.2002,53.156754,155.890076,,
536.1002,53.276848,155.581116,,
536.0002,53.370743,155.717346,,
535.9002,53.575981,155.830109,,
535.8002,53.932541,155.679749,,
535.7002,54.24585,155.492462,,
535.6002,54.274811,155.471436,,
535.5002,53.936943,155.497528,,
535.4002,53.627663,155.275787,,
535.3002,53.559402,154.928436,,
535.2002,53.804665,154.77243,,
535.1002,53.985428,155.010956,,
535.0002,54.03598,155.439453,,
534.9002,53.83725,155.697388,,
534.8002,53.379173,155.527405,,
534.7002,53.119179,154.964355,,
534.6002,53.552254,154.062988,,
534.5002,54.269562,152.786926,,
534.4002,55.219208,150.945435,,
534.3002,56.318115,148.673737,,
534.2002,57.476265,146.7966,,
534.1002,58.581268,145.45813,,
534.0002,59.558006,144.276245,,
533.9002,60.462379,142.898895,,
533.8002,61.190819,141.49469,,
533.7002,61.555458,140.385345,,
533.6002,61.295166,139.566132,,
533.5002,60.382195,138.748566,,
533.4002,59.25071,137.681427,,
533.3002,58.069702,136.630463,,
533.2002,56.84906,136.158691,,
533.1002,55.669731,136.92099,,
533.0002,55.31636,139.16333,,
532.9002,55.858559,142.435211,,
532.8002,56.40892,145.496155,,
532.7002,56.881264,147.549316,,
532.6002,57.294975,148.323792,,
532.5002,57.749863,148.235565,,
532.4002,58.187737,148.033325,,
532.3002,58.484978,148.049896,,
532.2002,58.569817,148.249207,,
532.1002,58.706093,148.563507,,
532.0002,58.859032,149.014069,,
531.9002,58.707764,149.642426,,
531.8002,58.533165,150.5159,,
531.7002,58.455055,151.619934,,
531.6002,58.296661,152.835541,,
531.5002,57.78688,153.853088,,
531.4002,57.031403,154.547058,,
531.3002,56.321129,155.093781,,
531.2002,55.738754,155.678986,,
531.1002,55.243118,156.239838,,
531.0002,54.787331,156.586121,,
530.9002,54.057632,156.204468,,
530.8002,53.074921,155.314728,,
530.7002,52.189621,154.547882,,
530.6002,52.047722,153.704773,,
530.5002,52.615433,152.726837,,
530.4002,53.508972,151.900696,,
530.3002,54.782303,151.488647,,
530.2002,56.195282,152.388641,,
530.1002,56.592812,155.623932,,
530.0002,56.278404,160.203064,,
529.9002,55.804779,164.314484,,
529.8002,55.384697,166.732483,,
529.7002,55.030418,166.820557,,
529.6002,54.701836,165.533295,,
529.5002,54.241089,164.572357,,
529.4002,53.520676,163.614838,,
529.3002,52.547714,162.731689,,
529.2002,51.373375,163.516388,,
529.1002,50.209785,167.029053,,
529.0002,49.201088,172.197876,,
528.9002,48.40345,177.056274,,
528.8002,47.793045,178.520721,,
528.7002,47.364532,175.892944,,
528.6002,47.317627,170.419128,,
528.5002,47.6633,166.400787,,
528.4002,48.404877,165.807922,,
528.3002,49.580055,165.624176,,
528.2002,50.761162,165.074219,,
528.1002,51.499794,165.034515,,
528.0002,51.735664,162.701508,,
527.9002,51.750397,158.824371,,
527.8002,51.791641,156.189392,,
527.7002,51.866951,154.804199,,
527.6002,51.914429,153.636414,,
527.5002,51.880272,152.299072,,
527.4002,52.084007,150.873993,,
527.3002,52.641266,149.652924,,
527.2002,53.42318,148.903137,,
527.1002,54.237999,148.351654,,
527.0002,54.958405,147.842102,,
526.9002,55.355019,147.675507,,
526.8002,55.381035,147.750549,,
526.7002,55.182693,147.646149,,
526.6002,54.786583,147.059052,,
526.5002,54.331512,146.436401,,
526.4002,54.003456,146.181427,,
526.3002,54.243477,145.931396,,
526.2002,54.771561,145.623962,,
526.1002,54.88134,145.450653,,
526.0002,54.604645,145.359192,,
525.9002,54.213531,145.151764,,
525.8002,54.041031,144.727692,,
525.7002,54.309906,144.246399,,
525.6002,55.082657,143.828217,,
525.5002,56.060814,143.491638,,
525.4002,57.04644,143.254456,,
525.3002,57.698303,143.182617,,
525.2002,57.802902,143.332764,,
525.1002,57.352119,143.783569,,
525.0002,56.619591,144.682953,,
524.9002,55.92601,145.967377,,
524.8002,55.403175,147.254913,,
524.7002,55.225945,148.187805,,
524.6002,55.616005,148.822632,,
524.5002,56.520706,149.335114,,
524.4002,57.484238,149.669678,,
524.3002,58.371956,149.594116,,
524.2002,58.960556,149.594482,,
524.1002,59.046532,150.332428,,
524.0002,58.718765,151.380768,,
523.9002,58.082031,152.120453,,
523.8002,57.440811,152.132996,,
523.7002,56.835052,151.85141,,
523.6002,56.274139,151.231262,,
523.5002,55.726616,150.046295,,
523.4002,55.368423,148.716766,,
523.3002,55.321266,147.580658,,
523.2002,55.421257,146.706543,,
523.1002,55.581787,145.995361,,
523.0002,55.698303,145.407806,,
522.9002,55.715965,144.897156,,
522.8002,55.535393,144.431763,,
522.7002,55.297203,143.992493,,
522.6002,55.401154,143.569061,,
522.5002,55.854576,143.174377,,
522.4002,56.342644,142.799622,,
522.3002,56.406288,142.419434,,
522.2002,56.039299,142.031616,,
522.1002,55.512253,141.618439,,
522.0002,55.114212,141.209259,,
521.9002,54.945839,141.017242,,
521.8002,55.0224,141.160553,,
521.7002,55.354561,141.503937,,
521.6002,56.00457,141.997681,,
521.5002,56.622696,142.710693,,
521.4002,56.517235,143.671967,,
521.3002,55.990822,145.012329,,
521.2002,55.442169,146.380005,,
521.1002,54.440025,147.22699,,
521.0002,53.137993,147.408844,,
520.9002,51.948448,147.515289,,
520.8002,51.142967,148.326172,,
520.7002,50.773422,151.738983,,
520.6002,50.641655,155.654755,,
520.5002,50.472672,155.373932,,
520.4002,50.125107,153.875092,,
520.3002,49.599548,153.971375,,
520.2002,48.780113,154.153625,,
520.1002,48.362968,153.942566,,
520.0002,48.726608,154.018219,,
519.9002,49.629257,155.016205,,
519.8002,50.63546,156.624817,,
519.7002,51.568092,158.296875,,
519.6002,51.699692,159.760742,,
519.5002,51.200836,160.814819,,
519.4002,50.389427,161.27359,,
519.3002,49.162598,160.492554,,
519.2002,47.878288,159.088684,,
519.1002,46.890923,158.031464,,
519.0002,46.563911,157.985535,,
518.9002,46.682396,158.579559,,
518.8002,47.036804,159.249878,,
518.7002,47.435173,159.878174,,
518.6002,47.802498,160.583771,,
518.5002,48.112885,161.344543,,
518.4002,48.274826,161.55188,,
518.3002,48.369125,161.397308,,
518.2002,48.563484,161.447693,,
518.1002,48.810547,161.816101,,
518.0002,49.09745,162.08606,,
517.9002,49.540436,161.889282,,
517.8002,50.227234,161.447205,,
517.7002,51.076118,161.014984,,
517.6002,51.983292,160.617035,,
517.5002,52.923088,159.950592,,
517.4002,53.767738,159.220215,,
517.3002,53.936508,158.95282,,
517.2002,53.411217,159.123444,,
517.1002,52.611366,159.406891,,
517.0002,52.397324,159.662415,,
516.9002,52.396393,159.786804,,
516.8002,52.000702,159.785706,,
516.7002,51.348068,159.779663,,
516.6002,50.680153,159.658325,,
516.5002,50.105141,159.311005,,
516.4002,49.967537,158.788757,,
516.3002,50.308815,158.444427,,
516.2002,50.923187,158.47464,,
516.1002,51.825218,158.704071,,
516.0002,52.895355,158.929901,,
515.9002,54.033295,159.084534,,
515.8002,54.912224,159.166992,,
515.7002,55.232658,159.13855,,
515.6002,54.953369,158.954407,,
515.5002,54.374893,158.596893,,
515.4002,53.936913,158.161255,,
515.3002,53.67852,157.822113,,
515.2002,53.467445,157.641113,,
515.1002,53.091263,157.602997,,
515.0002,52.538269,157.666199,,
514.9002,52.00898,157.801941,,
514.8002,51.75061,157.875366,,
514.7002,51.727776,157.737793,,
514.6002,51.877129,157.756073,,
514.5002,52.044724,158.211884,,
514.4002,52.256226,158.519135,,
514.3002,52.676559,158.277191,,
514.2002,53.481339,157.390259,,
514.1002,54.591827,156.144562,,
514.0002,55.767761,154.772797,,
513.9002,56.556335,153.445557,,
513.8002,56.772598,152.206635,,
513.7002,56.692299,151.254547,,
513.6002,57.185646,150.895172,,
513.5002,57.969559,150.963074,,
513.4002,58.638168,151.167816,,
513.3002,58.87056,151.143799,,
513.2002,58.561424,150.804688,,
513.1002,57.806488,150.153625,,
513.0002,57.091675,149.305176,,
512.9002,56.416512,148.383087,,
512.8002,55.798195,147.576355,,
512.7002,55.262253,147.066772,,
512.6002,55.041008,146.903778,,
512.5002,55.304428,147.09082,,
512.4002,55.816841,147.494507,,
512.3002,56.470772,148.039795,,
512.2002,57.10099,148.695648,,
512.1002,57.741829,149.571167,,
512.0002,58.342796,151.259857,,
511.9002,58.741524,153.814728,,
511.8002,58.718147,156.187073,,
511.7002,58.265305,158.039917,,
511.6002,57.644127,159.619904,,
511.5002,56.952797,161.131531,,
511.4002,56.200951,161.972076,,
511.3002,55.301811,161.612701,,
511.2002,54.067116,160.367981,,
511.1002,53.202705,158.457886,,
511.0002,53.298042,156.344727,,
510.9002,53.827171,154.650757,,
510.8002,54.200546,154.165466,,
510.7002,54.135376,155.298401,,
510.6002,53.423935,157.926453,,
510.5002,52.449501,161.118011,,
510.4002,51.725136,163.705994,,
510.3002,51.727295,165.252625,,
510.2002,52.414085,165.875824,,
510.1002,53.444405,165.759766,,
510.0002,54.882858,164.483154,,
509.9002,56.336594,162.273468,,
509.8002,57.418724,160.060822,,
509.7002,57.64257,158.812073,,
509.6002,57.157852,158.724701,,
509.5002,56.250854,159.379059,,
509.4002,55.048195,160.664368,,
509.3002,53.746727,162.495819,,
509.2002,52.411804,164.655182,,
509.1002,51.169136,166.583038,,
509.0002,50.036102,167.539093,,
508.9002,48.931618,167.370453,,
508.8002,47.831345,166.747345,,
508.7002,46.783264,165.977509,,
508.6002,45.833672,164.928497,,
508.5002,45.168083,163.161591,,
508.4002,45.030724,161.380737,,
508.3002,46.202034,160.587463,,
508.2002,48.370193,160.434235,,
508.1002,50.887077,160.401947,,
508.0002,52.95845,160.419647,,
507.9002,54.437469,160.644623,,
507.8002,55.526878,160.887146,,
507.7002,56.087013,160.776276,,
507.6002,56.136375,160.701172,,
507.5002,55.837151,161.008362,,
507.4002,55.557007,161.676544,,
507.3002,55.091026,162.505707,,
507.2002,54.234459,163.313873,,
507.1002,52.693893,163.994263,,
507.0002,51.1409,164.372437,,
506.9002,50.13578,164.363647,,
506.8002,49.769791,163.948883,,
506.7002,49.690048,163.042908,,
506.6002,49.650223,161.857147,,
506.5002,49.730766,161.025879,,
506.4002,50.035873,160.834747,,
506.3002,50.623901,161.068939,,
506.2002,50.994049,161.518982,,
506.1002,50.90934,162.043762,,
506.0002,50.471359,162.506622,,
505.9002,49.88488,162.662842,,
505.8002,49.383476,162.400146,,
505.7002,49.012871,161.902466,,
505.6002,48.746407,161.794189,,
505.5002,48.527168,162.074677,,
505.4002,48.378616,162.110382,,
505.3002,48.413765,161.877655,,
505.2002,48.667206,161.807159,,
505.1002,49.094955,162.181305,,
505.0002,49.467018,162.474426,,
504.9002,49.541901,162.144836,,
504.8002,49.298141,161.410614,,
504.7002,48.758209,160.605591,,
504.6002,48.119141,159.935974,,
504.5002,47.623337,159.348846,,
504.4002,47.551544,158.711456,,
504.3002,47.930557,158.052429,,
504.2002,48.703674,157.70578,,
504.1002,49.734604,157.590302,,
504.0002,50.857536,157.268097,,
503.9002,52.199348,156.739807,,
503.8002,53.556267,156.392914,,
503.7002,54.320099,156.625763,,
503.6002,54.095627,157.197815,,
503.5002,52.840569,157.876892,,
503.4002,51.251358,158.605255,,
503.3002,49.135429,159.317078,,
503.2002,46.673775,159.907135,,
503.1002,44.78083,160.273346,,
503.0002,43.8993,160.42041,,
502.9002,43.960594,160.274902,,
502.8002,44.184692,159.694916,,
502.7002,44.802139,158.645874,,
502.6002,46.076324,157.24649,,
502.5002,47.5755,155.925568,,
502.4002,49.071938,154.851532,,
502.3002,50.146019,154.141113,,
502.2002,50.323357,153.881775,,
502.1002,49.63414,153.912476,,
502.0002,48.715927,153.932922,,
501.9002,47.68708,153.783142,,
501.8002,46.708008,153.701813,,
501.7002,45.963058,153.84549,,
501.6002,45.374397,153.82373,,
501.5002,45.070908,153.884552,,
501.4002,45.173996,154.685059,,
501.3002,45.582573,156.440826,,
501.2002,46.217995,158.746735,,
501.1002,46.960022,160.567047,,
501.0002,47.707169,161.059479,,
500.9002,48.429474,160.370605,,
500.8002,49.197235,159.08139,,
500.7002,49.725075,156.715607,,
500.6002,49.850571,153.875549,,
500.5002,49.717224,152.036438,,
500.4002,49.462158,152.09259,,
500.3002,49.345047,153.565277,,
500.2002,49.515785,155.062897,,
500.1002,49.896881,155.943512,,
500.0002,50.223091,157.067963,,
499.9002,50.280373,159.299347,,
499.8002,50.277016,161.938354,,
499.7002,50.459694,164.307587,,
499.6002,50.937645,166.221558,,
499.5002,51.361389,166.936401,,
499.4002,51.433281,166.459534,,
499.3002,50.980011,165.44162,,
499.2002,50.208366,163.774811,,
499.1002,49.58699,161.746521,,
499.0002,49.686676,159.966034,,
498.9002,50.347809,159.362518,,
498.8002,51.159988,159.864899,,
498.7002,51.822937,160.763794,,
498.6002,51.985191,161.623596,,
498.5002,51.643272,162.307831,,
498.4002,50.811996,162.841492,,
498.3002,49.766144,163.06604,,
498.2002,48.732964,162.913849,,
498.1002,47.845665,162.403168,,
498.0002,47.197128,161.615265,,
497.9002,46.824043,160.727234,,
497.8002,47.232353,159.854675,,
497.7002,48.380356,159.057861,,
497.6002,50.059723,158.387421,,
497.5002,51.887299,158.001038,,
497.4002,53.660316,157.892548,,
497.3002,55.408218,157.922546,,
497.2002,56.797653,157.998505,,
497.1002,57.825211,158.090027,,
497.0002,58.61515,158.19165,,
496.9002,58.701752,158.297516,,
496.8002,58.4571,158.389801,,
496.7002,58.362747,158.470856,,
496.6002,57.920036,158.584351,,
496.5002,57.266144,158.768402,,
496.4002,56.899765,159.019348,,
496.3002,56.981049,159.295898,,
496.2002,57.259895,159.519501,,
496.1002,57.447098,159.635254,,
496.0002,57.314957,159.635559,,
495.9002,56.805168,159.536407,,
495.8002,55.774353,159.358551,,
495.7002,54.900917,159.210968,,
495.6002,54.661209,159.199066,,
495.5002,55.109596,159.341492,,
495.4002,55.981216,159.638092,,
495.3002,56.759415,159.988281,,
495.2002,56.702118,160.255829,,
495.1002,55.962715,160.38739,,
495.0002,55.193932,160.484497,,
494.9002,54.526917,160.749969,,
494.8002,53.960403,161.370178,,
494.7002,53.413902,162.255035,,
494.6002,52.954346,163.100037,,
494.5002,52.677063,163.687408,,
494.4002,52.585655,163.938782,,
494.3002,52.453377,163.866669,,
494.2002,51.943748,163.49295,,
494.1002,50.95974,162.97348,,
494.0002,49.815811,162.479309,,
493.9002,48.793205,162.120697,,
493.8002,47.798027,161.912994,,
493.7002,46.798378,161.814087,,
493.6002,46.086723,161.856354,,
493.5002,46.16703,162.075104,,
493.4002,46.968239,162.375153,,
493.3002,48.000961,162.546295,,
493.2002,48.970177,162.423096,,
493.1002,49.743118,162.056,,
493.0002,50.291,161.562469,,
492.9002,50.798958,161.013641,,
492.8002,51.249512,160.389954,,
492.7002,51.509132,159.662354,,
492.6002,51.415405,158.91156,,
492.5002,51.160599,158.253082,,
492.4002,51.363907,157.954071,,
492.3002,52.299126,158.404205,,
492.2002,53.949104,159.770355,,
492.1002,55.630844,161.821808,,
492.0002,56.900749,163.7836,,
491.9002,57.613159,165.074921,,
491.8002,58.099831,165.278564,,
491.7002,58.179611,164.422668,,
491.6002,57.649422,162.684082,,
491.5002,56.544556,160.885193,,
491.4002,54.843018,160.354614,,
491.3002,53.036667,161.255524,,
491.2002,52.027466,162.512604,,
491.1002,51.791016,163.419495,,
491.0002,51.864021,163.696259,,
490.9002,51.536049,163.339081,,
490.8002,50.629715,162.393921,,
490.7002,49.431244,161.00116,,
490.6002,48.650444,159.671478,,
490.5002,48.355988,159.032959,,
490.4002,48.388649,159.275085,,
490.3002,48.546272,159.949615,,
490.2002,48.760582,160.758118,,
490.1002,48.944977,161.438446,,
490.0002,49.076187,161.777679,,
489.9002,49.140862,161.461426,,
489.8002,49.15274,160.452545,,
489.7002,49.118561,159.087372,,
489.6002,48.923134,157.596527,,
489.5002,48.511009,156.561676,,
489.4002,47.816071,156.458771,,
489.3002,47.262115,157.085632,,
489.2002,47.141785,157.941284,,
489.1002,47.520836,158.703339,,
489.0002,48.094017,159.248047,,
488.9002,48.553848,159.475739,,
488.8002,48.706291,159.256012,,
488.7002,48.831909,158.812256,,
488.6002,49.161911,158.483276,,
488.5002,49.668266,158.460938,,
488.4002,50.239876,158.43103,,
488.3002,50.806328,158.249084,,
488.2002,51.389046,158.168854,,
488.1002,52.04142,158.40863,,
488.0002,52.772446,158.791138,,
487.9002,53.494781,158.841919,,
487.8002,54.133217,158.581543,,
487.7002,54.645416,158.282898,,
487.6002,55.001305,158.119354,,
487.5002,55.211235,158.19516,,
487.4002,55.274384,158.511322,,
487.3002,54.904572,159.110474,,
487.2002,54.048889,159.923248,,
487.1002,52.706825,160.797333,,
487.0002,51.364433,161.599304,,
486.9002,50.159286,162.309113,,
486.8002,49.016151,162.930237,,
486.7002,48.046951,163.200104,,
486.6002,47.419243,163.085541,,
486.5002,47.391808,162.755676,,
486.4002,47.593002,162.354126,,
486.3002,47.617889,161.822998,,
486.2002,47.122551,161.045471,,
486.1002,46.410728,160.121796,,
486.0002,45.840439,159.296967,,
485.9002,45.694839,158.692963,,
485.8002,46.0019,158.38205,,
485.7002,46.586914,158.326691,,
485.6002,47.305573,158.478149,,
485.5002,47.98716,158.864502,,
485.4002,48.530045,159.426117,,
485.3002,48.475792,160.042755,,
485.2002,47.937302,160.586853,,
485.1002,47.249718,161.028015,,
485.0002,46.494164,161.375366,,
484.9002,45.846619,161.61731,,
484.8002,45.413261,161.764435,,
484.7002,45.244812,161.84491,,
484.6002,45.252975,161.868134,,
484.5002,45.34082,161.818207,,
484.4002,45.590012,161.641541,,
484.3002,45.952095,161.256561,,
484.2002,46.286476,160.671631,,
484.1002,46.271507,160.021454,,
484.0002,45.901779,159.379181,,
483.9002,45.544846,158.760803,,
483.8002,45.549461,158.303436,,
483.7002,46.027824,158.978912,,
483.6002,46.65596,161.412079,,
483.5002,47.340645,163.35791,,
483.4002,47.832855,163.39502,,
483.3002,47.719879,163.169403,,
483.2002,46.973801,163.058014,,
483.1002,46.037872,162.723663,,
483.0002,45.321098,162.283173,,
482.9002,45.037277,161.993774,,
482.8002,45.132767,162.074036,,
482.7002,45.500999,162.423248,,
482.6002,46.101013,162.955566,,
482.5002,46.847084,163.467499,,
482.4002,47.845261,163.684479,,
482.3002,49.026947,163.636627,,
482.2002,49.918556,163.692505,,
482.1002,50.060226,164.097412,,
482.0002,49.190674,164.270416,,
481.9002,47.913628,163.565186,,
481.8002,46.388504,162.965759,,
481.7002,45.05687,162.789856,,
481.6002,44.376831,162.323608,,
481.5002,44.406166,161.468384,,
481.4002,44.971001,160.705719,,
481.3002,45.457359,160.632202,,
481.2002,45.603569,161.021912,,
481.1002,45.348862,161.491821,,
481.0002,45.226898,161.758545,,
480.9002,45.305244,161.650085,,
480.8002,45.591377,161.003754,,
480.7002,46.060066,159.923218,,
480.6002,46.666519,158.97052,,
480.5002,47.150192,158.690155,,
480.4002,47.150955,159.051758,,
480.3002,46.640617,159.602997,,
480.2002,45.989891,160.006775,,
480.1002,45.564011,160.354675,,
480.0002,45.427368,160.752655,,
479.9002,45.358322,161.204132,,
479.8002,45.085892,161.628754,,
479.7002,44.342758,161.989716,,
479.6002,43.249191,162.227844,,
479.5002,42.340012,162.26651,,
479.4002,41.999115,162.0625,,
479.3002,42.174843,161.730347,,
479.2002,42.650978,161.464539,,
479.1002,43.18338,161.342834,,
479.0002,43.665413,161.373962,,
478.9002,44.565697,161.57605,,
478.8002,46.054131,161.879303,,
478.7002,47.882118,162.018005,,
478.6002,49.634773,161.613159,,
478.5002,51.042732,161.171814,,
478.4002,52.146988,161.317474,,
478.3002,52.435562,162.221161,,
478.2002,52.06675,163.407318,,
478.1002,51.397308,164.478302,,
478.0002,50.453407,165.556,,
477.9002,49.417168,166.33844,,
477.8002,48.387993,166.485168,,
477.7002,47.586456,165.636139,,
477.6002,46.962883,164.35437,,
477.5002,46.407356,163.361053,,
477.4002,45.687172,162.828003,,
477.3002,44.623634,162.767944,,
477.2002,43.032066,163.1604,,
477.1002,41.375999,163.990631,,
477.0002,40.140274,164.989075,,
476.9002,39.940285,165.862061,,
476.8002,40.57946,166.122009,,
476.7002,41.585541,165.813019,,
476.6002,42.663177,165.23761,,
476.5002,43.644516,164.562836,,
476.4002,44.379967,163.898895,,
476.3002,44.399048,163.326904,,
476.2002,43.804718,162.799347,,
476.1002,43.010048,162.406494,,
476.0002,42.890182,162.335693,,
475.9002,43.132782,162.408203,,
475.8002,43.306465,162.402832,,
475.7002,43.061752,162.246338,,
475.6002,42.790359,162.060974,,
475.5002,42.830009,161.952209,,
475.4002,43.48259,161.923981,,
475.3002,44.502777,162.012054,,
475.2002,45.576942,162.200104,,
475.1002,46.651764,162.421112,,
475.0002,47.597366,162.563232,,
474.9002,48.344025,162.491943,,
474.8002,48.888039,161.897064,,
474.7002,49.136452,161.315369,,
474.6002,48.973434,161.398132,,
474.5002,48.321655,162.333069,,
474.4002,47.438278,163.450531,,
474.3002,46.554314,164.084229,,
474.2002,45.936104,164.244629,,
474.1002,45.678711,164.110107,,
474.0002,45.769859,163.732391,,
473.9002,46.218277,162.970673,,
473.8002,46.708374,161.944702,,
473.7002,46.749001,161.062012,,
473.6002,46.287361,161.133209,,
473.5002,45.669983,161.997894,,
473.4002,45.2155,162.479706,,
473.3002,45.337143,162.602997,,
473.2002,46.080132,162.882782,,
473.1002,47.11557,163.281219,,
473.0002,48.16394,163.222321,,
472.9002,49.061577,162.434814,,
472.8002,49.870476,161.623993,,
472.7002,50.759079,160.874084,,
472.6002,51.791466,159.772034,,
472.5002,52.484077,158.229156,,
472.4002,52.544487,156.811554,,
472.3002,52.222847,156.564301,,
472.2002,51.62458,158.068359,,
472.1002,50.9338,161.381134,,
472.0002,50.375397,165.286438,,
471.9002,49.987427,168.205078,,
471.8002,49.759148,169.465698,,
471.7002,49.585052,169.381775,,
471.6002,49.516998,167.557861,,
471.5002,49.58934,163.722748,,
471.4002,49.768349,159.421356,,
471.3002,50.177536,156.590759,,
471.2002,50.921448,156.041351,,
471.1002,51.883926,156.40094,,
471.0002,52.923347,156.921722,,
470.9002,53.800636,157.484955,,
470.8002,54.549522,158.152832,,
470.7002,54.908546,158.780792,,
470.6002,54.730873,159.084351,,
470.5002,54.477859,159.021667,,
470.4002,54.335419,158.845337,,
470.3002,54.296616,158.766357,,
470.2002,54.120384,158.600677,,
470.1002,53.763458,158.269165,,
470.0002,53.464783,157.795959,,
469.9002,53.570152,157.229492,,
469.8002,54.14328,156.721039,,
469.7002,54.747696,156.546967,,
469.6002,54.888641,156.917999,,
469.5002,54.43438,157.663269,,
469.4002,53.846329,158.347717,,
469.3002,53.465302,158.787872,,
469.2002,53.587509,159.094635,,
469.1002,54.161697,159.602325,,
469.0002,54.964043,160.667969,,
468.9002,55.54023,162.538879,,
468.8002,55.603333,164.902771,,
468.7002,55.052246,166.959747,,
468.6002,54.205086,168.326447,,
468.5002,53.474014,169.059235,,
468.4002,52.827255,168.974579,,
468.3002,52.098236,167.791534,,
468.2002,51.165421,165.824463,,
468.1002,49.931763,164.0289,,
468.0002,48.471199,163.039886,,
467.9002,46.900253,162.764404,,
467.8002,45.904602,162.801636,,
467.7002,45.663841,162.800629,,
467.6002,46.052589,162.630188,,
467.5002,46.774055,162.326599,,
467.4002,47.560249,161.966858,,
467.3002,48.395599,161.583191,,
467.2002,48.998962,161.207153,,
467.1002,49.419922,160.863556,,
467.0002,50.077049,160.544556,,
466.9002,50.948669,160.249756,,
466.8002,51.871918,160.044189,,
466.7002,52.647804,160.016083,,
466.6002,52.8507,160.22467,,
466.5002,52.451637,160.62207,,
466.4002,51.508888,161.141296,,
466.3002,50.214806,161.753052,,
466.2002,48.716042,162.464752,,
466.1002,47.301109,163.295593,,
466.0002,46.08683,163.924591,,
465.9002,45.048203,164.158417,,
465.8002,45.020744,163.924591,,
465.7002,45.851112,163.289215,,
465.6002,47.200157,162.486816,,
465.5002,48.926842,161.844513,,
465.4002,50.633537,161.398834,,
465.3002,52.023422,161.08139,,
465.2002,52.695511,160.965698,,
465.1002,52.899788,160.682465,,
465.0002,52.897797,159.931519,,
464.9002,52.620888,158.670563,,
464.8002,52.188293,157.674744,,
464.7002,51.774788,157.658508,,
464.6002,51.367844,159.182007,,
464.5002,50.947289,161.442566,,
464.4002,50.530403,163.217407,,
464.3002,50.18354,164.338684,,
464.2002,49.90757,165.035553,,
464.1002,49.657204,165.452606,,
464.0002,49.359055,164.803375,,
463.9002,48.934349,163.376282,,
463.8002,48.198326,162.377289,,
463.7002,47.309494,162.279449,,
463.6002,46.642403,162.570038,,
463.5002,46.651581,162.489777,,
463.4002,47.040321,162.0896,,
463.3002,47.243332,161.758911,,
463.2002,47.336479,161.605225,,
463.1002,47.411247,161.390045,,
463.0002,47.545967,161.017242,,
462.9002,47.825691,160.853821,,
462.8002,48.09787,161.354187,,
462.7002,48.099274,162.477081,,
462.6002,47.65461,163.599915,,
462.5002,46.724083,164.165955,,
462.4002,45.547485,164.189056,,
462.3002,44.431961,164.124939,,
462.2002,43.765358,163.871277,,
462.1002,43.582115,163.065704,,
462.0002,43.834167,162.300232,,
461.9002,44.232544,162.084198,,
461.8002,44.490685,162.24826,,
461.7002,44.564545,162.428223,,
461.6002,44.73082,162.338989,,
461.5002,45.472672,161.979828,,
461.4002,46.55191,161.63562,,
461.3002,47.45694,161.405701,,
461.2002,48.285599,160.997223,,
461.1002,48.973763,160.453033,,
461.0002,49.382423,160.104004,,
460.9002,49.346886,160.277374,,
460.8002,49.019531,160.963715,,
460.7002,48.891167,161.925293,,
460.6002,49.024529,162.781982,,
460.5002,49.436295,163.359558,,
460.4002,49.900551,163.49884,,
460.3002,50.132446,163.069061,,
460.2002,50.210602,162.2276,,
460.1002,50.556465,161.385376,,
460.0002,50.970833,160.678864,,
459.9002,51.279457,160.142822,,
459.8002,51.396904,159.803925,,
459.7002,51.229927,159.62146,,
459.6002,50.734093,159.56015,,
459.5002,50.05925,159.55069,,
459.4002,49.250732,159.524933,,
459.3002,48.442154,159.441833,,
459.2002,47.779007,159.292664,,
459.1002,47.703644,159.092468,,
459.0002,48.222496,158.862061,,
458.9002,48.622833,158.655029,,
458.8002,48.483719,158.631775,,
458.7002,48.025978,159.156799,,
458.6002,48.122597,160.446716,,
458.5002,48.41851,162.302948,,
458.4002,48.341667,164.397186,,
458.3002,47.710266,166.388092,,
458.2002,46.822319,167.642761,,
458.1002,46.087669,167.648499,,
458.0002,45.621399,166.521912,,
457.9002,45.865044,164.839539,,
457.8002,46.781578,162.995178,,
457.7002,48.031563,161.072723,,
457.6002,49.506554,159.914246,,
457.5002,50.988937,159.676758,,
457.4002,52.041725,159.667297,,
457.3002,52.118523,159.740509,,
457.2002,51.329514,159.816284,,
457.1002,50.179771,159.670532,,
457.0002,49.002487,159.252319,,
456.9002,47.916748,158.712463,,
456.8002,46.942551,158.187347,,
456.7002,46.197083,157.672089,,
456.6002,45.760445,157.215668,,
456.5002,46.154282,156.951416,,
456.4002,47.090683,156.950287,,
456.3002,48.16729,157.11145,,
456.2002,49.33223,157.290222,,
456.1002,50.464035,157.332184,,
456.0002,51.465775,157.324066,,
455.9002,52.150261,157.658783,,
455.8002,52.447952,157.918152,,
455.7002,52.343689,157.811401,,
455.6002,51.994164,157.815277,,
455.5002,51.578285,158.766388,,
455.4002,51.149651,160.893951,,
455.3002,50.841675,164.002106,,
455.2002,50.570541,167.131256,,
455.1002,50.176476,169.610504,,
455.0002,49.113983,170.520508,,
454.9002,47.591293,169.324066,,
454.8002,46.101486,166.169159,,
454.7002,45.464432,161.897858,,
454.6002,45.750206,157.652985,,
454.5002,47.008385,154.218109,,
454.4002,48.553307,152.988861,,
454.3002,50.001724,153.384949,,
454.2002,51.359856,153.944855,,
454.1002,52.357155,154.477966,,
454.0002,52.890999,155.391357,,
453.9002,52.907173,156.902069,,
453.8002,52.587418,159.130646,,
453.7002,52.120895,161.586792,,
453.6002,51.443192,163.418457,,
453.5002,50.564133,164.31311,,
453.4002,49.56015,164.309357,,
453.3002,48.449081,163.347595,,
453.2002,47.598175,161.457184,,
453.1002,47.327126,159.333893,,
453.0002,48.073753,157.97699,,
452.9002,49.520981,157.707397,,
452.8002,50.938255,157.954834,,
452.7002,52.033768,158.129639,,
452.6002,52.576508,157.993134,,
452.5002,52.601273,157.640259,,
452.4002,52.533653,157.212128,,
452.3002,52.654961,156.591644,,
452.2002,52.718102,155.616211,,
452.1002,52.514847,154.445282,,
452.0002,52.105171,153.519745,,
451.9002,51.898544,153.172638,,
451.8002,52.060265,153.533722,,
451.7002,52.558846,154.502167,,
451.6002,53.260017,155.696808,,
451.5002,54.102531,156.945557,,
451.4002,54.865677,158.085663,,
451.3002,55.300835,158.989471,,
451.2002,55.207336,159.556488,,
451.1002,54.637589,159.707031,,
451.0002,53.758179,159.536041,,
450.9002,52.763832,159.199036,,
450.8002,51.976341,158.875183,,
450.7002,51.592407,158.584808,,
450.6002,51.524307,158.332733,,
450.5002,51.263145,158.159241,,
450.4002,50.920113,158.138916,,
450.3002,50.652252,158.335785,,
450.2002,50.597046,158.776001,,
450.1002,50.800842,159.447784,,
450.0002,51.203278,160.266754,,
449.9002,51.491722,161.047913,,
449.8002,51.371216,161.702057,,
449.7002,50.741562,162.14035,,
449.6002,50.064888,162.272522,,
449.5002,49.322731,162.117523,,
449.4002,48.502258,161.853882,,
449.3002,47.659828,161.816772,,
449.2002,46.743073,162.098755,,
449.1002,45.785843,162.605225,,
449.0002,45.03968,163.057465,,
448.9002,44.848022,163.271332,,
448.8002,45.323753,163.11731,,
448.7002,46.086601,162.620544,,
448.6002,47.003334,161.846191,,
448.5002,47.933136,160.869904,,
448.4002,48.908234,159.82016,,
448.3002,49.994225,158.924042,,
448.2002,51.165596,158.437286,,
448.1002,52.379822,158.355499,,
448.0002,53.480949,158.542145,,
447.9002,54.374275,158.804199,,
447.8002,55.244362,159.036285,,
447.7002,55.997948,159.210785,,
447.6002,56.505226,159.314941,,
447.5002,56.678528,159.339661,,
447.4002,56.567909,159.324982,,
447.3002,56.327141,159.302765,,
447.2002,55.852219,159.243164,,
447.1002,55.125893,159.064819,,
447.0002,54.268303,158.767792,,
446.9002,54.078423,158.448792,,
446.8002,54.581741,158.088348,,
446.7002,55.36084,157.671448,,
446.6002,55.685471,157.277191,,
446.5002,55.295761,157.169678,,
446.4002,54.302773,157.441895,,
446.3002,53.096008,157.939941,,
446.2002,52.040848,158.655731,,
446.1002,51.289772,159.643188,,
446.0002,51.433601,161.023743,,
445.9002,52.060867,162.035095,,
445.8002,52.59774,162.158752,,
445.7002,52.786247,162.073547,,
445.6002,52.775597,161.973175,,
445.5002,52.768875,161.578003,,
445.4002,52.984398,160.39563,,
445.3002,53.335442,158.973511,,
445.2002,53.616776,158.05542,,
445.1002,53.708328,157.574402,,
445.0002,53.678505,157.320374,,
444.9002,53.648605,157.227631,,
444.8002,53.657898,157.284546,,
444.7002,53.696922,157.77121,,
444.6002,53.765984,159.017181,,
444.5002,53.861534,160.525085,,
444.4002,53.895348,162.070312,,
444.3002,53.476967,163.98056,,
444.2002,52.638443,165.773102,,
444.1002,51.557312,166.902679,,
444.0002,50.329567,167.057159,,
443.9002,49.329422,166.276367,,
443.8002,48.69632,164.664032,,
443.7002,48.534576,161.969818,,
443.6002,48.393372,159.082031,,
443.5002,47.941048,157.036224,,
443.4002,47.264519,156.659973,,
443.3002,46.594536,158.592529,,
443.2002,46.025764,162.26413,,
443.1002,45.692963,166.165405,,
443.0002,45.589241,169.440735,,
442.9002,45.658211,171.970367,,
442.8002,45.941925,173.275421,,
442.7002,46.350105,172.745575,,
442.6002,46.757202,170.453644,,
442.5002,46.858215,167.191559,,
442.4002,46.529167,164.000366,,
442.3002,45.809471,161.593475,,
442.2002,44.701958,160.526459,,
442.1002,43.523705,161.700592,,
442.0002,42.793304,165.108948,,
441.9002,42.758041,167.008148,,
441.8002,43.263351,165.104309,,
441.7002,44.031219,161.848999,,
441.6002,44.950951,159.139252,,
441.5002,45.856659,157.888824,,
441.4002,46.482933,157.978455,,
441.3002,46.533714,158.929657,,
441.2002,46.00695,160.033997,,
441.1002,45.138298,160.93869,,
441.0002,44.124298,161.505249,,
440.9002,43.181107,161.631134,,
440.8002,42.318016,161.352661,,
440.7002,41.597565,161.005402,,
440.6002,41.092911,161.229065,,
440.5002,40.802307,162.260651,,
440.4002,40.70192,163.747589,,
440.3002,40.726662,164.952209,,
440.2002,41.020615,165.954224,,
440.1002,41.667969,166.647522,,
440.0002,42.409035,166.584686,,
439.9002,42.934471,165.64389,,
439.8002,42.978424,164.135681,,
439.7002,42.91008,162.782776,,
439.6002,42.860779,161.639618,,
439.5002,42.988922,160.806091,,
439.4002,43.265968,160.577698,,
439.3002,43.689285,160.822937,,
439.2002,44.177383,161.219482,,
439.1002,44.652321,161.486572,,
439.0002,45.209564,161.509186,,
438.9002,45.917564,161.183716,,
438.8002,46.518776,160.455078,,
438.7002,46.794334,159.435181,,
438.6002,46.64637,158.617615,,
438.5002,46.104645,158.680878,,
438.4002,45.422592,159.634521,,
438.3002,45.087662,161.231506,,
438.2002,45.274513,163.37027,,
438.1002,45.775787,165.448303,,
438.0002,46.061989,166.501831,,
437.9002,46.046646,166.149597,,
437.8002,45.594345,164.454071,,
437.7002,44.834099,162.051697,,
437.6002,44.361687,159.648376,,
437.5002,44.384811,157.731659,,
437.4002,44.591194,156.63446,,
437.3002,45.006294,156.459259,,
437.2002,45.697502,156.957489,,
437.1002,46.646667,157.588867,,
437.0002,47.804581,158.123962,,
436.9002,48.75383,158.1633,,
436.8002,49.146637,157.740509,,
436.7002,48.740974,157.965424,,
436.6002,47.899223,159.395264,,
436.5002,47.091576,161.47937,,
436.4002,46.303696,162.949371,,
436.3002,45.68808,163.678345,,
436.2002,45.460464,164.243317,,
436.1002,45.817413,163.933472,,
436.0002,46.516373,162.649231,,
435.9002,47.278908,161.049164,,
435.8002,48.006531,159.988739,,
435.7002,48.783333,159.609619,,
435.6002,49.800163,159.56369,,
435.5002,50.801682,159.270416,,
435.4002,51.664436,158.828217,,
435.3002,52.380127,158.67572,,
435.2002,52.547379,158.595886,,
435.1002,52.208,158.285217,,
435.0002,51.666847,157.682587,,
434.9002,51.233116,157.080261,,
434.8002,50.992409,156.775116,,
434.7002,50.964439,156.904633,,
434.6002,50.859154,157.398071,,
434.5002,50.531128,158.087006,,
434.4002,49.90345,158.8573,,
434.3002,49.091507,159.609741,,
434.2002,48.222633,160.165894,,
434.1002,47.476501,160.293915,,
434.0002,47.111,159.931854,,
433.9002,47.210884,159.374573,,
433.8002,47.557022,159.0737,,
433.7002,48.032204,158.950195,,
433.6002,48.626587,158.800995,,
433.5002,49.448044,158.709473,,
433.4002,50.411903,158.708618,,
433.3002,51.398354,158.709625,,
433.2002,52.259674,158.557037,,
433.1002,52.750885,158.373474,,
433.0002,52.625671,158.322693,,
432.9002,52.023766,158.354584,,
432.8002,51.23542,158.490509,,
432.7002,50.321968,158.816254,,
432.6002,49.869377,159.492279,,
432.5002,49.970055,160.333557,,
432.4002,50.285286,161.048218,,
432.3002,50.521812,161.483124,,
432.2002,50.591637,161.559753,,
432.1002,50.599167,161.245026,,
432.0002,50.590042,160.6427,,
431.9002,50.589951,160.184265,,
431.8002,50.643898,160.373291,,
431.7002,50.832733,161.06015,,
431.6002,51.062851,161.838318,,
431.5002,50.804054,162.540833,,
431.4002,50.136307,162.791077,,
431.3002,49.596786,162.406189,,
431.2002,49.379478,161.754242,,
431.1002,49.303192,160.931427,,
431.0002,48.97187,159.951508,,
430.9002,48.512108,159.098816,,
430.8002,48.363754,158.621582,,
430.7002,48.942116,158.558014,,
430.6002,50.063576,158.734283,,
430.5002,51.284569,159.021881,,
430.4002,52.201477,159.349457,,
430.3002,52.651596,159.687805,,
430.2002,52.558586,160.037445,,
430.1002,52.037743,160.395203,,
430.0002,51.043442,160.77655,,
429.9002,49.617462,161.191864,,
429.8002,48.008171,161.61438,,
429.7002,46.940262,162.04541,,
429.6002,46.986626,162.508789,,
429.5002,47.291756,163.011505,,
429.4002,47.559669,163.531921,,
429.3002,47.702148,164.036621,,
429.2002,48.113861,164.525482,,
429.1002,48.861626,164.859955,,
429.0002,49.635506,164.858734,,
428.9002,50.192955,164.601501,,
428.8002,50.322975,164.104645,,
428.7002,50.051155,163.30014,,
428.6002,49.644409,162.128021,,
428.5002,49.276733,160.720581,,
428.4002,48.99556,159.480438,,
428.3002,48.744415,159.011719,,
428.2002,48.457291,160.343079,,
428.1002,48.146935,163.654541,,
428.0002,48.137787,167.080597,,
427.9002,48.566574,170.275909,,
427.8002,49.08667,174.045074,,
427.7002,49.407646,177.752075,,
427.6002,49.029068,180.323273,,
427.5002,47.804352,180.759155,,
427.4002,46.441254,177.850037,,
427.3002,45.425713,172.877563,,
427.2002,44.442368,169.20694,,
427.1002,43.734146,167.819153,,
427.0002,43.469467,168.704285,,
426.9002,43.604912,171.056427,,
426.8002,43.894768,173.336212,,
426.7002,44.072281,174.515778,,
426.6002,44.14782,174.697998,,
426.5002,43.945366,174.265198,,
426.4002,43.43586,173.213013,,
426.3002,42.709465,171.440155,,
426.2002,42.430077,168.681427,,
426.1002,42.778122,166.259521,,
426.0002,43.322372,165.888611,,
425.9002,43.525803,166.776337,,
425.8002,43.325867,167.631256,,
425.7002,43.097351,168.150146,,
425.6002,43.006706,167.270508,,
425.5002,43.053391,165.11673,,
425.4002,43.279724,162.765259,,
425.3002,43.678352,161.458344,,
425.2002,44.187218,161.270752,,
425.1002,44.839027,161.483582,,
425.0002,45.720596,161.423645,,
424.9002,46.779205,161.051941,,
424.8002,47.301338,160.745758,,
424.7002,47.236832,160.898285,,
424.6002,46.835098,161.472961,,
424.5002,46.571625,162.194672,,
424.4002,46.425873,162.991943,,
424.3002,46.253822,164.236298,,
424.2002,46.309792,166.832275,,
424.1002,46.650368,169.198883,,
424.0002,47.248024,169.96286,,
423.9002,47.716736,169.411957,,
423.8002,47.941132,168.873596,,
423.7002,47.920853,169.162903,,
423.6002,47.665253,170.52832,,
423.5002,47.316902,171.824432,,
423.4002,46.993927,171.972534,,
423.3002,46.978722,170.224823,,
423.2002,47.156853,167.879425,,
423.1002,47.287025,166.385559,,
423.0002,47.135422,165.314148,,
422.9002,46.707733,164.240387,,
422.8002,46.055344,163.302246,,
422.7002,45.481949,162.646942,,
422.6002,45.2444,162.338562,,
422.5002,45.721901,162.377563,,
422.4002,46.671646,162.717743,,
422.3002,47.62397,163.118408,,
422.2002,48.031853,163.327759,,
422.1002,47.848526,163.071075,,
422.0002,47.383965,162.529114,,
421.9002,46.879623,162.15744,,
421.8002,46.484482,162.08194,,
421.7002,46.19413,162.071259,,
421.6002,45.776489,161.831665,,
421.5002,45.086479,161.479767,,
421.4002,44.127396,161.26123,,
421.3002,42.826118,161.23468,,
421.2002,41.205231,161.390472,,
421.1002,39.34845,161.668182,,
421.0002,37.809021,162.005554,,
420.9002,37.079674,162.34787,,
420.8002,37.095451,162.597717,,
420.7002,38.111557,162.498291,,
420.6002,40.050636,161.988495,,
420.5002,42.630104,161.327301,,
420.4002,45.432991,160.704285,,
420.3002,47.769051,160.222229,,
420.2002,49.331795,159.950256,,
420.1002,49.633888,160.205017,,
420.0002,48.909653,161.14975,,
419.9002,48.031418,162.575836,,
419.8002,47.424545,164.804138,,
419.7002,47.227829,167.898224,,
419.6002,47.118073,170.573608,,
419.5002,46.68837,170.433929,,
419.4002,45.717903,166.530518,,
419.3002,44.830795,162.536011,,
419.2002,44.444481,160.135284,,
419.1002,44.625862,159.681793,,
419.0002,45.132462,161.047974,,
418.9002,45.699783,163.531036,,
418.8002,46.005173,165.900513,,
418.7002,45.967628,167.416779,,
418.6002,45.638069,167.35083,,
418.5002,45.363335,165.251831,,
418.4002,45.186401,162.068451,,
418.3002,45.133644,158.802826,,
418.2002,45.18457,156.757874,,
418.1002,45.511696,156.622253,,
418.0002,46.18187,157.912567,,
417.9002,46.88147,158.687195,,
417.8002,47.493904,158.06778,,
417.7002,47.979225,157.29129,,
417.6002,48.506905,158.153015,,
417.5002,49.066376,158.162048,,
417.4002,49.576447,156.501221,,
417.3002,49.915344,156.180481,,
417.2002,49.668037,157.852905,,
417.1002,48.705093,160.782593,,
417.0002,47.540672,163.876007,,
416.9002,46.380539,166.313629,,
416.8002,45.35009,167.032318,,
416.7002,44.298645,165.46283,,
416.6002,43.152878,161.422516,,
416.5002,42.018372,155.861847,,
416.4002,41.308914,150.64325,,
416.3002,41.083443,145.907959,,
416.2002,41.077972,141.715454,,
416.1002,41.251564,139.022186,,
416.0002,41.578018,137.399994,,
415.9002,41.916367,135.969635,,
415.8002,41.907104,134.766907,,
415.7002,41.409355,133.744476,,
415.6002,40.602562,132.826019,,
415.5002,39.713928,132.14624,,
415.4002,38.887115,131.777985,,
415.3002,38.15686,131.657257,,
415.2002,37.705925,131.711914,,
415.1002,37.344215,131.961884,,
415.0002,36.862984,132.391235,,
414.9002,36.037468,132.980194,,
414.8002,35.234428,133.731262,,
414.7002,34.817101,134.580505,,
414.6002,35.110626,135.471344,,
414.5002,35.805298,136.005829,,
414.4002,36.554947,135.980865,,
414.3002,37.529449,135.508118,,
414.2002,38.45433,134.773468,,
414.1002,38.998711,133.890015,,
414.0002,38.85041,132.871185,,
413.9002,38.215271,131.941589,,
413.8002,37.275253,131.249939,,
413.7002,36.2342,130.818512,,
413.6002,35.258553,130.569183,,
413.5002,34.424515,130.381409,,
413.4002,34.009033,129.754578,,
413.3002,34.02243,128.12854,,
413.2002,34.497665,125.294937,,
413.1002,35.198509,121.687149,,
413.0002,35.95002,118.432724,,
412.9002,36.685844,116.495026,,
412.8002,37.362206,116.250198,,
412.7002,38.082535,117.454453,,
412.6002,39.250595,119.921524,,
412.5002,40.783394,123.54715,,
412.4002,42.465706,127.342651,,
412.3002,43.891693,129.832001,,
412.2002,44.896507,131.095032,,
412.1002,45.50811,132.109344,,
412.0002,45.397575,133.647827,,
411.9002,44.948753,136.424225,,
411.8002,44.576134,140.033203,,
411.7002,44.855141,142.921814,,
411.6002,45.50972,143.691132,,
411.5002,46.074341,142.61441,,
411.4002,46.930214,141.480835,,
411.3002,48.147652,141.816956,,
411.2002,49.496124,143.510223,,
411.1002,50.584511,145.011292,,
411.0002,51.088974,145.470581,,
410.9002,50.985138,145.340729,,
410.8002,50.641716,145.119385,,
410.7002,50.563156,144.577057,,
410.6002,50.949448,143.443909,,
410.5002,51.655113,142.931061,,
410.4002,52.29834,143.499207,,
410.3002,52.62738,144.174194,,
410.2002,52.865387,144.585785,,
410.1002,53.292297,144.687592,,
410.0002,53.752495,144.498901,,
409.9002,54.034981,144.447174,,
409.8002,53.929626,144.892242,,
409.7002,53.31031,145.563843,,
409.6002,52.321625,146.036285,,
409.5002,51.406334,146.005859,,
409.4002,50.622482,145.659241,,
409.3002,50.257111,145.303772,,
409.2002,50.459915,145.104004,,
409.1002,50.947685,144.874939,,
409.0002,51.260811,144.883179,,
408.9002,50.993515,145.630951,,
408.8002,50.173996,147.042816,,
408.7002,49.277275,148.825867,,
408.6002,49.275787,150.516724,,
408.5002,50.635918,151.692688,,
408.4002,53.253464,152.015106,,
408.3002,55.655373,151.44397,,
408.2002,57.038933,150.394836,,
408.1002,56.994972,149.135468,,
408.0002,56.579796,147.742188,,
407.9002,55.865089,146.287659,,
407.8002,54.830139,144.852692,,
407.7002,53.138199,143.597961,,
407.6002,50.34404,142.746155,,
407.5002,46.673836,142.405792,,
407.4002,43.609741,142.368713,,
407.3002,41.375031,142.476013,,
407.2002,39.689575,142.741364,,
407.1002,38.561684,143.251343,,
407.0002,38.140121,143.884216,,
406.9002,38.337135,144.375244,,
406.8002,39.034119,144.586578,,
406.7002,40.280067,144.856384,,
406.6002,41.804466,145.296234,,
406.5002,43.165627,145.291382,,
406.4002,44.257332,144.909393,,
406.3002,45.03553,144.726715,,
406.2002,44.645607,145.076569,,
406.1002,43.089073,145.873169,,
406.0002,41.386925,146.752899,,
405.9002,40.254395,147.459747,,
405.8002,39.97377,147.963623,,
405.7002,40.109474,148.266907,,
405.6002,40.581398,148.136566,,
405.5002,41.197571,147.607574,,
405.4002,41.810349,146.905151,,
405.3002,42.168839,145.985992,,
405.2002,42.137756,144.870026,,
405.1002,41.792824,143.702271,,
405.0002,41.038177,142.697906,,
404.9002,40.023613,141.885803,,
404.8002,38.940178,141.231628,,
404.7002,37.925804,141.059235,,
404.6002,36.989418,141.429535,,
404.5002,36.09182,142.066406,,
404.4002,35.424377,142.647308,,
404.3002,35.049744,143.149567,,
404.2002,35.020172,143.661835,,
404.1002,35.372704,144.009186,,
404.0002,36.019844,144.160339,,
403.9002,36.9589,144.235321,,
403.8002,38.01181,144.168823,,
403.7002,39.077637,144.041748,,
403.6002,40.195229,144.015869,,
403.5002,40.971924,144.264679,,
403.4002,41.288239,144.769684,,
403.3002,41.134506,145.44397,,
403.2002,41.145027,146.165344,,
403.1002,41.535217,146.84494,,
403.0002,42.088982,147.480133,,
402.9002,42.661842,148.086334,,
402.8002,43.198448,148.662537,,
402.7002,43.580833,149.217163,,
402.6002,43.832474,149.734772,,
402.5002,44.007103,150.215851,,
402.4002,44.096603,150.698761,,
402.3002,44.051888,150.874054,,
402.2002,43.854836,150.619202,,
402.1002,43.037552,150.030975,,
402.0002,41.696457,149.325592,,
401.9002,40.002167,148.617859,,
401.8002,38.545036,147.911591,,
401.7002,37.491516,147.510345,,
401.6002,36.723869,147.551666,,
401.5002,36.45681,147.874237,,
401.4002,36.555344,148.111755,,
401.3002,36.835754,148.044861,,
401.2002,37.025429,147.661896,,
401.1002,37.1912,147.490906,,
401.0002,37.630432,147.914886,,
400.9002,38.451576,147.969788,,
400.8002,39.573044,147.018433,,
400.7002,40.971405,145.328491,,
400.6002,42.461479,143.874908,,
400.5002,43.987335,143.592163,,
400.4002,45.676125,144.794159,,
400.3002,47.279816,146.636414,,
400.2002,48.548775,148.062653,,
400.1002,49.588341,148.796844,,
400.0002,50.624458,148.888794,,
399.9002,51.813576,148.04129,,
399.8002,53.015175,145.722076,,
399.7002,53.738251,142.813385,,
399.6002,53.620712,140.839478,,
399.5002,52.704483,140.266479,,
399.4002,51.479935,140.683289,,
399.3002,50.667206,141.214417,,
399.2002,50.085533,141.502563,,
399.1002,49.568741,141.382904,,
399.0002,49.092026,141.089203,,
398.9002,48.750923,141.466339,,
398.8002,48.592072,142.689178,,
398.7002,48.51403,143.936981,,
398.6002,48.493477,144.716858,,
398.5002,48.49894,145.282379,,
398.4002,48.573006,146.23764,,
398.3002,48.945862,146.872284,,
398.2002,49.747726,146.373962,,
398.1002,50.693047,145.129059,,
398.0002,51.671654,143.96167,,
397.9002,52.377075,143.296112,,
397.8002,52.514114,142.604248,,
397.7002,52.011459,141.787109,,
397.6002,51.132637,141.196167,,
397.5002,50.072456,141.147827,,
397.4002,48.93856,141.304718,,
397.3002,47.763191,141.169861,,
397.2002,46.402367,140.846832,,
397.1002,45.117081,140.448853,,
397.0002,44.422539,140.09259,,
396.9002,44.417755,139.897278,,
396.8002,45.028297,139.524689,,
396.7002,45.692924,138.756012,,
396.6002,46.211342,138.362213,,
396.5002,46.437553,138.682068,,
396.4002,46.445183,139.711121,,
396.3002,46.386627,141.513306,,
396.2002,46.595825,143.330933,,
396.1002,47.354965,144.034637,,
396.0002,48.770645,143.728912,,
395.9002,50.461815,142.873535,,
395.8002,51.616058,142.028534,,
395.7002,51.806206,141.476501,,
395.6002,51.169067,141.338959,,
395.5002,50.486969,141.575653,,
395.4002,49.848824,142.130676,,
395.3002,49.229782,142.787201,,
395.2002,48.502167,143.231964,,
395.1002,47.7155,143.395172,,
395.0002,46.97657,143.435181,,
394.9002,46.339081,143.539398,,
394.8002,45.942322,143.516602,,
394.7002,45.813629,143.269867,,
394.6002,45.905167,142.965424,,
394.5002,46.187149,143.005005,,
394.4002,46.586449,143.289703,,
394.3002,47.132462,143.386322,,
394.2002,47.725601,143.310272,,
394.1002,48.127457,143.318359,,
394.0002,47.856697,143.575195,,
393.9002,47.085838,143.803864,,
393.8002,46.198242,143.859833,,
393.7002,45.426277,143.854523,,
393.6002,45.095161,143.922394,,
393.5002,45.205513,144.093933,,
393.4002,45.648643,144.328522,,
393.3002,46.191025,144.543518,,
393.2002,46.714203,144.67395,,
393.1002,47.348015,144.686462,,
393.0002,48.011261,144.653473,,
392.9002,48.585045,144.684937,,
392.8002,48.569962,144.87973,,
392.7002,48.343407,145.034363,,
392.6002,48.271309,145.00531,,
392.5002,48.636162,144.841156,,
392.4002,48.91539,144.823242,,
392.3002,48.688416,145.066162,,
392.2002,48.018173,145.468964,,
392.1002,47.443916,145.8974,,
392.0002,47.369461,146.271484,,
391.9002,47.815239,146.527954,,
391.8002,48.169006,146.420563,,
391.7002,47.824333,145.874847,,
391.6002,46.628822,145.098083,,
391.5002,45.004623,144.510376,,
391.4002,43.264343,144.33548,,
391.3002,42.189598,144.74942,,
391.2002,42.016533,145.492432,,
391.1002,42.868851,146.223755,,
391.0002,44.516106,146.625244,,
390.9002,46.357651,146.810303,,
390.8002,47.853081,147.081635,,
390.7002,48.807213,147.624084,,
390.6002,49.434998,148.343353,,
390.5002,50.008621,149.038361,,
390.4002,50.699318,149.505035,,
390.3002,51.479622,150.005646,,
390.2002,51.988129,151.082825,,
390.1002,52.038376,152.538971,,
390.0002,51.746742,153.768066,,
389.9002,51.16748,154.248352,,
389.8002,50.43821,154.58316,,
389.7002,49.692734,155.121979,,
389.6002,49.139771,154.972443,,
389.5002,48.939804,153.672638,,
389.4002,49.067802,151.748535,,
389.3002,49.564064,150.089386,,
389.2002,50.378105,148.929382,,
389.1002,51.415993,148.05426,,
389.0002,52.578278,147.592957,,
388.9002,53.647644,147.798767,,
388.8002,54.442734,148.666473,,
388.7002,55.007973,149.967194,,
388.6002,55.453903,151.298981,,
388.5002,55.712929,152.150635,,
388.4002,55.565468,152.350159,,
388.3002,55.002953,151.888123,,
388.2002,54.475197,150.983215,,
388.1002,54.369026,149.637573,,
388.0002,54.776917,148.131134,,
387.9002,55.081322,147.285889,,
387.8002,54.98056,147.278961,,
387.7002,54.457802,147.861816,,
387.6002,53.700233,148.578979,,
387.5002,52.763588,149.259857,,
387.4002,51.782074,149.829987,,
387.3002,50.876312,150.256012,,
387.2002,50.168976,150.388062,,
387.1002,49.754478,150.049103,,
387.0002,49.716263,149.383087,,
386.9002,50.065323,148.765137,,
386.8002,50.545151,148.620911,,
386.7002,51.134789,148.730896,,
386.6002,51.834938,148.833923,,
386.5002,52.680031,148.753784,,
386.4002,53.692139,148.486389,,
386.3002,54.687195,148.210144,,
386.2002,55.263206,148.185638,,
386.1002,54.960556,148.376892,,
386.0002,53.683968,148.589569,,
385.9002,52.296844,148.696136,,
385.8002,50.898933,149.014496,,
385.7002,49.594063,149.734406,,
385.6002,48.439568,150.503479,,
385.5002,47.72171,150.74353,,
385.4002,47.519638,150.49408,,
385.3002,47.536728,150.529907,,
385.2002,47.541977,151.090607,,
385.1002,47.404152,151.695251,,
385.0002,47.339638,151.674652,,
384.9002,47.314995,151.386383,,
384.8002,47.178741,151.222504,,
384.7002,46.801231,150.968689,,
384.6002,46.150993,150.214661,,
384.5002,45.365219,149.091064,,
384.4002,44.578812,148.244232,,
384.3002,43.822395,147.923157,,
384.2002,43.164619,148.058289,,
384.1002,42.934883,148.518829,,
384.0002,43.119987,149.745056,,
383.9002,43.462708,151.472687,,
383.8002,43.831482,152.747253,,
383.7002,44.165222,153.13681,,
383.6002,44.420242,152.904572,,
383.5002,44.147629,152.45874,,
383.4002,43.613625,151.408844,,
383.3002,43.217285,149.731934,,
383.2002,43.709915,148.178955,,
383.1002,44.636353,147.409363,,
383.0002,45.409668,147.482422,,
382.9002,45.57756,148.388153,,
382.8002,45.194221,149.341858,,
382.7002,44.412323,149.818604,,
382.6002,43.358353,150.073486,,
382.5002,42.34539,150.050873,,
382.4002,41.553101,149.606567,,
382.3002,41.842979,148.765198,,
382.2002,42.805679,147.943573,,
382.1002,43.756668,147.469116,,
382.0002,44.581642,147.367645,,
381.9002,45.223625,147.197815,,
381.8002,45.46022,146.658478,,
381.7002,45.198051,146.342712,,
381.6002,44.591972,146.465607,,
381.5002,43.731918,146.821716,,
381.4002,42.931221,147.202301,,
381.3002,42.3386,148.246613,,
381.2002,42.043594,150.661652,,
381.1002,41.757812,153.598999,,
381.0002,41.309875,156.359467,,
380.9002,40.617744,158.963684,,
380.8002,39.755112,161.453461,,
380.7002,38.873634,162.719604,,
380.6002,38.263405,161.185577,,
380.5002,38.292175,158.146057,,
380.4002,38.963768,155.162598,,
380.3002,40.103516,151.917236,,
380.2002,41.405182,148.673737,,
380.1002,42.657036,146.298981,,
380.0002,43.634308,145.528168,,
379.9002,44.413101,145.9328,,
379.8002,45.153259,146.680695,,
379.7002,45.940651,147.902832,,
379.6002,46.410645,149.58429,,
379.5002,46.17012,151.284515,,
379.4002,45.15004,152.411011,,
379.3002,43.808617,152.722382,,
379.2002,42.498619,152.543182,,
379.1002,41.489372,152.102173,,
379.0002,40.775276,151.283325,,
378.9002,40.120674,150.038605,,
378.8002,39.481529,149.141693,,
378.7002,38.835449,149.069611,,
378.6002,38.180206,149.414642,,
378.5002,37.685158,149.69577,,
378.4002,37.414017,149.798645,,
378.3002,37.236725,149.992096,,
378.2002,37.158432,150.367401,,
378.1002,37.227005,150.709869,,
378.0002,37.553001,150.68811,,
377.9002,38.142212,150.358978,,
377.8002,38.858406,149.970337,,
377.7002,39.687408,149.589508,,
377.6002,40.413658,149.145264,,
377.5002,40.603172,148.683258,,
377.4002,39.88623,148.513641,,
377.3002,38.566467,148.690552,,
377.2002,37.857384,148.997101,,
377.1002,38.074043,149.274078,,
377.0002,39.295929,149.563385,,
376.9002,40.823112,149.971191,,
376.8002,42.0625,150.389099,,
376.7002,42.603394,150.59671,,
376.6002,42.889526,150.428375,,
376.5002,42.768166,150.077393,,
376.4002,42.186844,149.742859,,
376.3002,41.46154,149.494873,,
376.2002,40.669128,149.197113,,
376.1002,39.923065,148.819305,,
376.0002,39.260254,148.593384,,
375.9002,38.70829,148.647491,,
375.8002,38.293167,148.640594,,
375.7002,38.007462,147.650909,,
375.6002,37.955399,144.941803,,
375.5002,38.203827,140.399292,,
375.4002,38.688217,134.918152,,
375.3002,39.3414,128.303833,,
375.2002,39.871552,120.603546,,
375.1002,39.960976,113.364243,,
375.0002,39.709656,111.339584,,
374.9002,39.511505,118.195251,,
374.8002,39.325737,130.118164,,
374.7002,39.063377,143.079834,,
374.6002,38.570305,153.154236,,
374.5002,37.568634,157.866364,,
374.4002,36.334694,156.34256,,
374.3002,35.438515,150.755432,,
374.2002,35.063309,144.554626,,
374.1002,35.318916,137.947449,,
374.0002,35.997925,131.434631,,
373.9002,36.884674,128.567841,,
373.8002,37.890617,128.830444,,
373.7002,39.025406,130.232666,,
373.6002,40.050575,134.878754,,
373.5002,40.932411,141.781616,,
373.4002,41.770493,147.409149,,
373.3002,42.135895,149.924042,,
373.2002,42.000778,149.772614,,
373.1002,41.583519,148.455322,,
373.0002,41.028023,146.305603,,
372.9002,40.493874,143.730988,,
372.8002,40.05481,141.412201,,
372.7002,39.705032,139.859924,,
372.6002,39.38726,138.436737,,
372.5002,39.066154,136.454559,,
372.4002,38.461182,134.510956,,
372.3002,37.548409,133.485657,,
372.2002,36.349327,133.561096,,
372.1002,35.905251,134.508331,,
372.0002,36.292496,136.257019,,
371.9002,37.034843,138.872314,,
371.8002,37.82605,141.863464,,
371.7002,38.593178,144.670715,,
371.6002,39.441071,147.198303,,
371.5002,40.021851,150.019501,,
371.4002,40.192932,152.855621,,
371.3002,39.752617,154.79834,,
371.2002,39.176582,155.029541,,
371.1002,38.757088,153.891724,,
371.0002,38.60463,152.039307,,
370.9002,38.658501,149.700928,,
370.8002,38.822952,147.037781,,
370.7002,38.876366,144.374908,,
370.6002,38.969391,142.792603,,
370.5002,39.243729,142.4823,,
370.4002,39.69677,142.580048,,
370.3002,40.079208,142.876801,,
370.2002,40.222054,143.47168,,
370.1002,40.501289,144.252899,,
370.0002,40.972206,144.660736,,
369.9002,41.523079,144.436035,,
369.8002,42.115898,143.923553,,
369.7002,42.476234,143.349945,,
369.6002,42.280678,142.761902,,
369.5002,41.708527,142.283844,,
369.4002,41.027214,142.134521,,
369.3002,40.322083,142.372955,,
369.2002,39.594208,142.834808,,
369.1002,38.955765,143.502136,,
369.0002,38.650253,144.342377,,
368.9002,38.673927,143.618927,,
368.8002,38.879524,141.567352,,
368.7002,39.245789,140.345459,,
368.6002,39.488037,139.885315,,
368.5002,39.450188,139.54776,,
368.4002,39.31765,139.533295,,
368.3002,39.152084,139.765747,,
368.2002,38.871338,140.868195,,
368.1002,38.083038,144.096039,,
368.0002,36.606735,147.118866,,
367.9002,34.855255,147.345215,,
367.8002,33.729233,146.124115,,
367.7002,33.59166,144.440948,,
367.6002,33.812828,142.60022,,
367.5002,34.265602,141.016998,,
367.4002,34.84507,139.782928,,
367.3002,35.483772,138.359558,,
367.2002,35.884209,136.085632,,
367.1002,35.945045,133.450195,,
367.0002,36.065804,131.605255,,
366.9002,36.289032,130.349365,,
366.8002,36.612167,129.461456,,
366.7002,36.943016,129.187744,,
366.6002,37.222946,129.952972,,
366.5002,37.4076,131.84375,,
366.4002,37.531219,134.15271,,
366.3002,37.60273,136.283844,,
366.2002,37.690498,137.868805,,
366.1002,37.901184,138.805267,,
366.0002,38.33419,139.116028,,
365.9002,39.008797,138.860901,,
365.8002,39.742889,138.263062,,
365.7002,40.29921,137.57962,,
365.6002,40.406532,137.085815,,
365.5002,40.062965,136.907715,,
365.4002,39.229942,136.957489,,
365.3002,38.12854,137.021362,,
365.2002,37.043549,136.921997,,
365.1002,36.18544,136.686371,,
365.0002,35.681183,136.473938,,
364.9002,35.595612,136.40332,,
364.8002,35.973808,136.608093,,
364.7002,36.632034,136.920197,,
364.6002,37.570824,136.632385,,
364.5002,38.708664,135.326508,,
364.4002,39.783226,133.535645,,
364.3002,40.575363,132.527832,,
364.2002,40.966492,132.572205,,
364.1002,41.1213,133.704742,,
364.0002,41.197235,137.567902,,
363.9002,41.146698,143.488251,,
363.8002,40.72699,148.473724,,
363.7002,39.957764,150.931152,,
363.6002,39.230797,150.801697,,
363.5002,38.967056,149.191559,,
363.4002,39.204628,145.911285,,
363.3002,39.745644,141.994568,,
363.2002,40.407219,139.235687,,
363.1002,40.763535,137.258911,,
363.0002,40.645721,135.819427,,
362.9002,40.159073,135.313904,,
362.8002,39.638329,135.585358,,
362.7002,39.312576,136.344543,,
362.6002,39.178093,137.434021,,
362.5002,39.256653,138.160828,,
362.4002,39.329567,137.291077,,
362.3002,38.951607,134.131805,,
362.2002,38.373047,129.310089,,
362.1002,37.937164,124.820755,,
362.0002,37.869209,122.343124,,
361.9002,37.695473,122.633224,,
361.8002,37.249115,125.05603,,
361.7002,37.096306,128.612457,,
361.6002,37.509171,134.879608,,
361.5002,38.32518,141.809418,,
361.4002,39.066826,144.71814,,
361.3002,39.672546,144.380371,,
361.2002,40.213043,143.342896,,
361.1002,40.478477,142.099854,,
361.0002,40.555641,140.462036,,
360.9002,40.574265,138.348083,,
360.8002,40.870781,135.385193,,
360.7002,41.556496,133.255524,,
360.6002,42.638321,132.635925,,
360.5002,43.737984,132.156952,,
360.4002,44.400757,132.175964,,
360.3002,44.39447,133.311646,,
360.2002,44.009544,134.97641,,
360.1002,43.572044,136.582275,,
360.0002,43.18821,138.054626,,
359.9002,42.879707,139.267761,,
359.8002,42.67263,140.007202,,
359.7002,42.61985,140.267303,,
359.6002,42.601143,140.143066,,
359.5002,42.427277,140.34314,,
359.4002,41.851776,141.405273,,
359.3002,41.027435,141.498352,,
359.2002,40.322586,139.927917,,
359.1002,40.300507,137.463928,,
359.0002,40.913185,134.842224,,
358.9002,41.788467,132.943207,,
358.8002,42.663429,132.62793,,
358.7002,43.2267,132.697449,,
358.6002,43.36364,133.370087,,
358.5002,42.897705,136.958893,,
358.4002,42.147827,141.943604,,
358.3002,41.534348,145.456177,,
358.2002,41.135452,147.041016,,
358.1002,40.835243,147.484253,,
358.0002,40.538963,147.578796,,
357.9002,40.767509,147.33609,,
357.8002,41.502953,146.865753,,
357.7002,42.199821,146.600128,,
357.6002,42.528313,146.810791,,
357.5002,42.488068,147.142853,,
357.4002,42.468147,147.042633,,
357.3002,42.456871,146.694946,,
357.2002,42.390701,146.316986,,
357.1002,42.189835,145.936523,,
357.0002,41.790596,145.559509,,
356.9002,41.14933,145.220428,,
356.8002,40.273582,144.957672,,
356.7002,39.251221,144.790405,,
356.6002,38.325768,144.730835,,
356.5002,37.580742,144.73761,,
356.4002,37.004448,144.763885,,
356.3002,36.677582,144.76532,,
356.2002,36.933769,144.723541,,
356.1002,37.644203,144.631378,,
356.0002,38.117722,144.483398,,
355.9002,38.024216,144.285522,,
355.8002,37.54686,144.052826,,
355.7002,37.401245,143.819946,,
355.6002,37.536293,143.635986,,
355.5002,37.839134,143.511749,,
355.4002,38.058113,143.437561,,
355.3002,38.206131,143.437286,,
355.2002,38.28624,143.533142,,
355.1002,38.327065,143.717865,,
355.0002,38.31456,143.950775,,
354.9002,38.218033,144.170349,,
354.8002,38.056221,144.296417,,
354.7002,37.985168,144.301422,,
354.6002,38.209595,144.151764,,
354.5002,38.72435,143.848175,,
354.4002,39.204956,143.469421,,
354.3002,39.278038,143.077637,,
354.2002,38.988029,142.724182,,
354.1002,38.634811,142.457886,,
354.0002,38.515358,142.314117,,
353.9002,38.474037,142.303711,,
353.8002,38.251053,142.467194,,
353.7002,37.710068,142.677277,,
353.6002,37.097534,142.653503,,
353.5002,36.409035,142.309082,,
353.4002,35.692177,141.664246,,
353.3002,35.064964,140.85434,,
353.2002,34.575066,140.243134,,
353.1002,34.282028,140.385956,,
353.0002,34.341637,141.509186,,
352.9002,34.767448,142.880676,,
352.8002,35.397705,143.792755,,
352.7002,36.259819,144.355652,,
352.6002,37.034393,144.796753,,
352.5002,37.444107,144.690399,,
352.4002,37.351196,143.233643,,
352.3002,37.059387,142.027679,,
352.2002,36.914619,142.249054,,
352.1002,36.979675,143.226257,,
352.0002,37.009552,143.953125,,
351.9002,36.825165,144.132721,,
351.8002,36.461456,144.136719,,
351.7002,36.076569,144.400787,,
351.6002,35.761673,144.662506,,
351.5002,35.646187,143.960297,,
351.4002,35.78611,143.03656,,
351.3002,36.159088,142.77829,,
351.2002,36.415871,143.020599,,
351.1002,36.305557,143.211151,,
351.0002,35.750946,143.111328,,
350.9002,35.281929,142.824799,,
350.8002,35.158501,142.608032,,
350.7002,35.42437,142.528564,,
350.6002,35.925507,142.279358,,
350.5002,36.388313,141.90686,,
350.4002,36.61248,141.629974,,
350.3002,36.411705,141.523865,,
350.2002,35.937065,141.563843,,
350.1002,35.376579,141.691071,,
350.0002,34.596863,141.784729,,
349.9002,33.81163,141.771606,,
349.8002,33.522758,141.656311,,
349.7002,33.736366,141.456818,,
349.6002,34.247757,141.223816,,
349.5002,35.027855,140.994629,,
349.4002,35.696922,140.821045,,
349.3002,36.04274,140.720184,,
349.2002,35.890526,140.677216,,
349.1002,35.51442,140.672913,,
349.0002,35.170448,140.6828,,
348.9002,34.947342,140.691162,,
348.8002,34.86808,140.688293,,
348.7002,34.904655,140.67392,,
348.6002,35.105286,140.651917,,
348.5002,35.264771,140.6203,,
348.4002,35.232063,140.580017,,
348.3002,34.860214,140.538086,,
348.2002,34.317802,140.541321,,
348.1002,33.793503,140.632019,,
348.0002,33.598015,140.850891,,
347.9002,33.786003,141.115295,,
347.8002,34.22596,141.308075,,
347.7002,34.829277,141.388,,
347.6002,35.48748,141.357605,,
347.5002,36.132088,141.245911,,
347.4002,36.699135,141.101562,,
347.3002,37.133102,140.972809,,
347.2002,37.373169,140.887146,,
347.1002,37.31324,140.844696,,
347.0002,37.026237,140.811981,,
346.9002,36.672256,140.749023,,
346.8002,36.351204,140.64212,,
346.7002,36.085762,140.517059,,
346.6002,35.77224,140.431915,,
346.5002,35.422974,140.428253,,
346.4002,35.164856,140.483337,,
346.3002,35.178772,140.49115,,
346.2002,35.506882,140.382935,,
346.1002,35.918266,140.173553,,
346.0002,36.104538,139.984192,,
345.9002,35.921394,139.879211,,
345.8002,35.616356,139.880798,,
345.7002,35.543526,139.973053,,
345.6002,35.851921,140.133789,,
345.5002,36.211739,140.301422,,
345.4002,36.370972,140.410858,,
345.3002,36.121132,140.404297,,
345.2002,35.588364,140.275665,,
345.1002,34.924858,140.196472,,
345.0002,34.556999,140.643829,,
344.9002,34.935051,142.042572,,
344.8002,36.100761,143.919403,,
344.7002,37.723114,145.471741,,
344.6002,39.092766,146.255157,,
344.5002,40.111565,146.946808,,
344.4002,40.593498,148.176849,,
344.3002,40.442047,149.698425,,
344.2002,39.713127,150.582062,,
344.1002,38.800858,150.428711,,
344.0002,38.117989,150.157745,,
343.9002,38.001114,149.977112,,
343.8002,38.496925,149.255646,,
343.7002,39.188698,147.406982,,
343.6002,39.978958,145.489441,,
343.5002,40.824196,144.732513,,
343.4002,41.705917,144.835022,,
343.3002,42.422783,145.04953,,
343.2002,42.81144,144.940735,,
343.1002,42.947487,144.876099,,
343.0002,42.938095,145.140137,,
342.9002,42.93557,145.57901,,
342.8002,42.933739,145.703705,,
342.7002,42.925049,145.480682,,
342.6002,42.881676,145.131561,,
342.5002,42.642159,144.71875,,
342.4002,42.013412,144.41098,,
342.3002,41.042107,144.334625,,
342.2002,39.963066,144.37738,,
342.1002,39.049728,144.44696,,
342.0002,38.429306,144.510406,,
341.9002,38.60231,144.582306,,
341.8002,39.360855,144.642181,,
341.7002,40.17527,144.668213,,
341.6002,40.929825,144.679535,,
341.5002,41.682121,144.699432,,
341.4002,42.562225,144.74292,,
341.3002,43.184273,144.836578,,
341.2002,43.155067,144.98465,,
341.1002,42.251915,145.164062,,
341.0002,41.216537,145.328339,,
340.9002,40.372612,145.560394,,
340.8002,39.524948,145.925934,,
340.7002,38.872437,146.229156,,
340.6002,38.412445,146.322052,,
340.5002,38.044334,146.212677,,
340.4002,37.763222,145.969666,,
340.3002,37.654503,145.625519,,
340.2002,37.974777,145.190308,,
340.1002,38.821884,144.763336,,
340.0002,40.05574,144.370544,,
339.9002,41.580109,143.991241,,
339.8002,42.588722,143.657104,,
339.7002,42.869926,143.459717,,
339.6002,42.615295,143.47937,,
339.5002,41.838112,143.662689,,
339.4002,40.656441,143.932281,,
339.3002,39.39016,144.26474,,
339.2002,38.247566,144.615021,,
339.1002,37.315384,144.916016,,
339.0002,37.122269,145.104492,,
338.9002,37.508224,145.026215,,
338.8002,38.177925,144.742279,,
338.7002,38.736618,144.507935,,
338.6002,39.015388,144.419464,,
338.5002,39.027695,144.421509,,
338.4002,39.116776,144.469513,,
338.3002,39.181862,144.534363,,
338.2002,38.991493,144.582458,,
338.1002,38.396271,144.561462,,
338.0002,37.719315,144.517181,,
337.9002,37.314034,144.616058,,
337.8002,37.440445,145.415741,,
337.7002,37.92662,146.595062,,
337.6002,38.518738,147.449646,,
337.5002,38.844437,147.670807,,
337.4002,38.758972,147.456635,,
337.3002,38.3041,147.130005,,
337.2002,37.662964,146.316772,,
337.1002,37.091003,145.082275,,
337.0002,36.725914,144.041565,,
336.9002,36.787697,143.683807,,
336.8002,37.285614,143.973572,,
336.7002,38.159401,144.461212,,
336.6002,39.153526,144.961639,,
336.5002,39.873741,145.49057,,
336.4002,39.830429,146.088409,,
336.3002,39.225067,146.566681,,
336.2002,38.764435,146.771545,,
336.1002,38.501205,146.802277,,
336.0002,38.406708,146.761261,,
335.9002,38.307983,146.79715,,
335.8002,38.041512,147.08786,,
335.7002,37.539307,147.576996,,
335.6002,36.958153,147.983246,,
335.5002,36.438438,148.107971,,
335.4002,36.121307,147.927612,,
335.3002,36.019402,147.515259,,
335.2002,36.189857,146.859039,,
335.1002,36.58651,146.452148,,
335.0002,36.945877,147.147156,,
334.9002,37.020393,148.639282,,
334.8002,36.650841,150.098236,,
334.7002,36.155441,150.735352,,
334.6002,35.644936,150.94046,,
334.5002,35.278374,150.914673,,
334.4002,35.123543,150.120453,,
334.3002,35.202003,148.560425,,
334.2002,35.45916,146.823944,,
334.1002,35.900253,145.81012,,
334.0002,36.623222,145.331879,,
333.9002,37.562897,144.870422,,
333.8002,38.44915,144.389771,,
333.7002,39.167862,144.088348,,
333.6002,39.714912,144.099762,,
333.5002,40.139854,144.207733,,
333.4002,40.419914,144.434265,,
333.3002,40.513,144.912811,,
333.2002,40.341232,145.56073,,
333.1002,39.961418,146.075226,,
333.0002,39.656052,146.216553,,
332.9002,39.598381,146.190704,,
332.8002,39.824425,146.017792,,
332.7002,40.076256,145.679047,,
332.6002,40.064293,145.415924,,
332.5002,39.659096,145.448517,,
332.4002,39.089737,145.80838,,
332.3002,38.456268,146.389313,,
332.2002,37.837334,147.093536,,
332.1002,37.233154,147.753357,,
332.0002,36.677109,148.103577,,
331.9002,36.247368,148.022766,,
331.8002,36.027245,147.647949,,
331.7002,36.186684,147.132568,,
331.6002,36.659195,146.604553,,
331.5002,37.247551,146.198792,,
331.4002,37.539375,146.169617,,
331.3002,37.436577,146.515686,,
331.2002,37.148819,146.990417,,
331.1002,36.795578,147.568787,,
331.0002,36.457008,148.270782,,
330.9002,36.140244,149.028015,,
330.8002,35.826019,149.58905,,
330.7002,35.494751,149.80603,,
330.6002,35.108688,149.741425,,
330.5002,34.675812,149.398621,,
330.4002,34.274139,148.996613,,
330.3002,34.050621,148.792664,,
330.2002,33.94796,148.912811,,
330.1002,33.872169,149.282806,,
330.0002,33.783958,149.80188,,
329.9002,33.624687,150.586182,,
329.8002,33.389137,151.47937,,
329.7002,33.136742,152.087158,,
329.6002,33.074287,152.503937,,
329.5002,33.242805,152.779114,,
329.4002,33.335312,152.600616,,
329.3002,33.018898,152.096222,,
329.2002,32.222076,151.686066,,
329.1002,31.247475,151.848328,,
329.0002,30.538799,152.035187,,
328.9002,30.258533,151.861786,,
328.8002,30.449387,151.669495,,
328.7002,30.924973,151.820496,,
328.6002,31.572666,152.216095,,
328.5002,32.512329,152.218292,,
328.4002,33.643723,151.874084,,
328.3002,34.835648,151.602661,,
328.2002,35.550957,151.865784,,
328.1002,35.744499,152.422394,,
328.0002,35.474045,153.041595,,
327.9002,35.051857,155.450867,,
327.8002,34.722557,159.216888,,
327.7002,34.600296,162.481506,,
327.6002,34.658974,164.77124,,
327.5002,34.788231,166.075806,,
327.4002,34.886353,166.385406,,
327.3002,34.668152,166.25827,,
327.2002,34.069267,166.246338,,
327.1002,33.105461,166.495514,,
327.0002,32.001244,166.437897,,
326.9002,31.062366,166.063965,,
326.8002,30.644405,166.085876,,
326.7002,30.802547,167.064941,,
326.6002,31.28323,168.619354,,
326.5002,32.185081,169.92041,,
326.4002,33.223953,170.80188,,
326.3002,34.009209,171.59024,,
326.2002,34.127998,172.403351,,
326.1002,33.51899,171.685394,,
326.0002,32.582336,168.618927,,
325.9002,31.678371,165.031158,,
325.8002,31.051331,162.60437,,
325.7002,30.549427,161.939301,,
325.6002,30.275955,163.7453,,
325.5002,30.240391,166.52121,,
325.4002,30.304741,167.174377,,
325.3002,30.527378,165.092041,,
325.2002,30.909222,161.967346,,
325.1002,31.387238,160.39209,,
325.0002,32.067825,160.378723,,
324.9002,33.033302,161.512634,,
324.8002,34.158203,163.884674,,
324.7002,35.00251,166.568787,,
324.6002,35.135994,168.667023,,
324.5002,34.768532,170.322296,,
324.4002,34.083084,171.345184,,
324.3002,33.44281,170.813354,,
324.2002,32.887886,168.07663,,
324.1002,32.462585,165.087341,,
324.0002,32.127388,164.5849,,
323.9002,31.824299,166.073334,,
323.8002,31.522923,168.697052,,
323.7002,31.276138,171.271393,,
323.6002,31.304733,172.326385,,
323.5002,31.753857,171.610748,,
323.4002,32.367905,170.134216,,
323.3002,32.619698,169.297943,,
323.2002,32.255539,169.621613,,
323.1002,31.776051,170.774017,,
323.0002,31.448154,172.249084,,
322.9002,31.38855,173.837799,,
322.8002,31.320419,175.273529,,
322.7002,31.1842,176.063293,,
322.6002,30.994621,175.527893,,
322.5002,30.909676,173.740936,,
322.4002,31.08252,172.292938,,
322.3002,31.536842,171.912628,,
322.2002,32.043022,171.694336,,
322.1002,32.527443,171.034668,,
322.0002,32.840164,168.815277,,
321.9002,32.870987,164.558746,,
321.8002,32.568573,161.557251,,
321.7002,32.093292,162.778748,,
321.6002,31.659599,167.066254,,
321.5002,31.400032,170.029663,,
321.4002,31.307083,169.163208,,
321.3002,31.239529,166.456512,,
321.2002,31.059662,164.47226,,
321.1002,30.718311,164.060028,,
321.0002,30.261765,164.173218,,
320.9002,29.87278,164.167206,,
320.8002,29.679901,163.620453,,
320.7002,29.780499,162.26709,,
320.6002,30.12418,161.087433,,
320.5002,30.554695,160.945435,,
320.4002,30.981411,161.766571,,
320.3002,31.25135,163.024109,,
320.2002,,164.497986,,
320.1002,,166.48996,,
320.0002,,168.637512,,
319.9002,,170.309662,,
319.8002,,171.186188,,
319.7002,,171.270569,,
319.6002,,170.825134,,
319.5002,,169.979156,,
319.4002,,168.367401,,
319.3002,,166.465759,,
319.2002,,166.211151,,
319.1002,,167.53067,,
319.0002,,169.182861,,
318.9002,,170.542297,,
318.8002,,171.545135,,
318.7002,,172.306976,,
318.6002,,172.643921,,
318.5002,,172.537903,,
318.4002,,172.137726,,
318.3002,,171.388062,,
318.2002,,170.349854,,
318.1002,,169.139069,,
318.0002,,168.053864,,
317.9002,,167.355591,,
317.8002,,167.159698,,
317.7002,,167.527893,,
317.6002,,168.118317,,
317.5002,,168.51712,,
317.4002,,168.65744,,
317.3002,,168.596497,,
317.2002,,168.31076,,
317.1002,,167.642365,,
317.0002,,166.518768,,
316.9002,,164.955505,,
316.8002,,163.187592,,
316.7002,,161.448273,,
316.6002,,159.776581,,
316.5002,,158.360657,,
316.4002,,157.824097,,
316.3002,,159.448456,,
316.2002,,162.728485,,
316.1002,,165.701538,,
316.0002,,166.71933,,
315.9002,,165.16922,,
315.8002,,162.297516,,
315.7002,,160.39856,,
315.6002,,161.454407,,
315.5002,,165.178375,,
315.4002,,168.769073,,
315.3002,,169.301453,,
315.2002,,166.451904,,
315.1002,,162.847046,,
315.0002,,160.755127,,
314.9002,,159.506348,,
314.8002,,158.475128,,
314.7002,,157.516083,,
314.6002,,156.736908,,
314.5002,,156.449646,,
314.4002,,156.696411,,
314.3002,,156.878265,,
314.2002,,156.829559,,
314.1002,,156.664978,,
314.0002,,156.363892,,
313.9002,,155.920807,,
313.8002,,155.456329,,
313.7002,,155.405029,,
313.6002,,157.015442,,
313.5002,,160.716766,,
313.4002,,163.643311,,
313.3002,,163.448364,,
313.2002,,161.004456,,
313.1002,,160.36969,,
313.0002,,163.12674,,
312.9002,,166.259125,,
312.8002,,166.615234,,
312.7002,,164.006927,,
312.6002,,161.755157,,
312.5002,,161.15799,,
312.4002,,161.940796,,
312.3002,,162.943878,,
312.2002,,163.572815,,
312.1002,,163.708099,,
312.0002,,163.610565,,
311.9002,,163.489075,,
311.8002,,163.451355,,
311.7002,,163.49588,,
311.6002,,163.606079,,
311.5002,,163.778687,,
311.4002,,164.011444,,
311.3002,,164.267059,,
311.2002,,164.457947,,
311.1002,,164.520264,,
311.0002,,164.407959,,
310.9002,,164.13858,,
310.8002,,163.772034,,
310.7002,,163.511658,,
310.6002,,164.194366,,
310.5002,,167.19339,,
310.4002,,171.512695,,
310.3002,,174.590637,,
310.2002,,174.174011,,
310.1002,,171.561188,,
310.0002,,169.851593,,
309.9002,,171.206848,,
309.8002,,174.746735,,
309.7002,,178.158875,,
309.6002,,179.87796,,
309.5002,,180.040131,,
309.4002,,179.560272,,
309.3002,,178.925018,,
309.2002,,178.44696,,
309.1002,,178.201935,,
309.0002,,177.660309,,
308.9002,,177.040527,,
308.8002,,176.860168,,
308.7002,,177.198456,,
308.6002,,177.861969,,
308.5002,,178.669952,,
308.4002,,179.673615,,
308.3002,,180.495697,,
308.2002,,180.691742,,
308.1002,,180.535004,,
308.0002,,180.493622,,
307.9002,,180.801575,,
307.8002,,181.328583,,
307.7002,,181.920898,,
307.6002,,182.589264,,
307.5002,,183.628113,,
307.4002,,185.137482,,
307.3002,,187.13501,,
307.2002,,190.034821,,
307.1002,,193.631256,,
307.0002,,196.997528,,
306.9002,,199.182831,,
306.8002,,200.311127,,
306.7002,,201.018005,,
306.6002,,201.620239,,
306.5002,,202.127533,,
306.4002,,202.369659,,
306.3002,,202.26825,,
306.2003,,,,
306.1003,,,,
306.0003,,,,
305.9003,,,,
305.8003,,,,
305.7003,,,,
305.6003,,,,
305.5003,,,,
305.4003,,,,
305.3003,,,,
305.2003,,,,
305.1003,,,,
305.0003,,,,
304.9003,,,,
304.8003,,,,
304.7003,22.201321,,,
304.6003,22.39312,,,
304.5003,22.564316,,,
304.4003,22.691628,,,
304.3003,22.776104,,,
304.2003,22.849163,,,
304.1003,22.893372,,,
304.0003,22.906212,,,
303.9003,22.915218,,,
303.8003,22.920521,,,
303.7003,22.928856,,,
303.6003,22.961926,,,
303.5003,23.067616,,,
303.4003,23.277729,,,
303.3003,23.545681,,,
303.2003,23.845905,,,
303.1003,24.131485,,,
303.0003,24.410965,,,
302.9003,24.635212,,,
302.8003,24.708172,,,
302.7003,24.574738,,,
302.6003,24.190899,,,
302.5003,23.69717,,,
302.4003,23.319088,,,
302.3003,23.192875,,,
302.2003,23.260345,,,
302.1003,23.519814,,,
302.0003,23.915012,,,
301.9003,24.211651,,,
301.8003,24.09848,,,
301.7003,23.446903,,,
301.6003,22.608727,,,
301.5003,21.617756,,,
301.4003,20.524815,,,
301.3003,19.491459,,,
301.2003,19.092949,,,
301.1003,19.47604,,,
301.0003,19.93737,,,
300.9003,20.125748,,,
300.8003,19.830036,,,
300.7003,19.288231,,,
300.6003,19.033474,,,
300.5003,19.46167,,,
300.4003,20.398655,,,
300.3003,21.324608,,,
300.2003,21.910728,,,
300.1003,22.411118,,,
300.0003,22.852921,,,
299.9003,23.236214,,,
299.8003,23.555519,,,
299.7003,23.840076,,,
299.6003,24.102421,,,
299.5003,24.308697,,,
299.4003,24.229519,,,
299.3003,23.808525,,,
299.2003,23.037823,,,
299.1003,22.483795,,,
299.0003,22.405117,,,
298.9003,22.57716,,,
298.8003,22.86544,,,
298.7003,23.24369,,,
298.6003,23.846813,,,
298.5003,24.358322,,,
298.4003,24.567036,,,
298.3003,24.154072,,,
298.2003,23.583683,,,
298.1003,23.212849,,,
298.0003,23.121548,,,
297.9003,23.127262,,,
297.8003,23.10144,,,
297.7003,22.579124,,,
297.6003,21.929241,,,
297.5003,21.592636,,,
297.4003,21.596664,,,
297.3003,21.769447,,,
297.2003,22.020954,,,
297.1003,22.275249,,,
297.0003,22.493114,,,
296.9003,22.653126,,,
296.8003,22.783028,,,
296.7003,22.972286,,,
296.6003,23.354122,,,
296.5003,23.343781,,,
296.4003,22.878567,,,
296.3003,22.33889,,,
296.2003,21.882801,155.521729,,
296.1003,21.51244,154.925964,,
296.0003,21.212528,154.44809,,
295.9003,20.896168,153.672852,,
295.8003,20.560688,152.555115,,
295.7003,20.393444,151.47525,,
295.6003,20.450428,150.764679,,
295.5003,20.647449,150.450073,,
295.4003,20.913826,150.416351,,
295.3003,21.150307,150.733337,,
295.2003,21.309475,151.482819,,
295.1003,21.315876,152.619873,,
295.0003,21.335686,153.862671,,
294.9003,21.563332,154.732849,,
294.8003,21.997452,154.805023,,
294.7003,22.585045,154.778778,,
294.6003,23.26997,155.736725,,
294.5003,23.698154,157.767334,,
294.4003,23.711006,159.995453,,
294.3003,23.522728,161.586121,,
294.2003,23.349339,162.331573,,
294.1003,23.359203,162.268066,,
294.0003,23.462498,161.226196,,
293.9003,23.463535,159.150146,,
293.8003,23.226536,156.458588,,
293.7003,22.899406,154.008057,,
293.6003,22.793583,152.523376,,
293.5003,23.122845,151.844452,,
293.4003,23.656868,151.311462,,
293.3003,24.156456,150.749817,,
293.2003,24.294266,150.617004,,
293.1003,23.910336,151.312805,,
293.0003,23.04253,152.726807,,
292.9003,22.111919,154.578491,,
292.8003,21.401859,156.836731,,
292.7003,21.019306,159.752533,,
292.6003,20.831676,163.263123,,
292.5003,20.923908,166.678192,,
292.4003,21.445366,169.540985,,
292.3003,22.279095,171.898407,,
292.2003,22.959309,173.890808,,
292.1003,23.136646,175.101959,,
292.0003,23.021072,174.922668,,
291.9003,22.923836,173.751007,,
291.8003,23.0639,172.992706,,
291.7003,23.231308,174.047211,,
291.6003,23.252804,177.190613,,
291.5003,22.958702,181.461426,,
291.4003,22.472912,185.450287,,
291.3003,21.931705,187.781525,,
291.2003,21.53896,187.634308,,
291.1003,21.290405,185.471863,,
291.0003,21.193287,182.820557,,
290.9003,21.281376,181.313385,,
290.8003,21.656818,181.545898,,
290.7003,22.365505,182.949127,,
290.6003,23.192924,184.331726,,
290.5003,23.798088,184.502686,,
290.4003,24.176437,182.797058,,
290.3003,24.494251,179.476929,,
290.2003,24.764591,175.479065,,
290.1003,25.075275,171.58667,,
290.0003,25.504433,168.076263,,
289.9003,25.997402,165.09552,,
289.8003,26.365616,162.253723,,
289.7003,26.498211,159.384674,,
289.6003,26.451485,157.38736,,
289.5003,26.266304,156.83902,,
289.4003,26.008072,157.341248,,
289.3003,25.698349,158.245148,,
289.2003,25.368332,159.22821,,
289.1003,25.049496,160.091156,,
289.0003,24.749161,160.57016,,
288.9003,24.469646,160.467773,,
288.8003,24.212578,159.791656,,
288.7003,23.959976,158.641571,,
288.6003,23.705624,157.16153,,
288.5003,23.458084,155.713898,,
288.4003,23.200451,154.716003,,
288.3003,22.935894,154.341339,,
288.2003,22.6791,154.451874,,
288.1003,22.446636,154.907623,,
288.0003,22.242367,155.69342,,
287.9003,22.05978,156.619202,,
287.8003,21.929802,157.175507,,
287.7003,21.84457,157.148102,,
287.6003,21.786263,156.740845,,
287.5003,21.773071,156.200317,,
287.4003,21.829441,155.660858,,
287.3003,22.00045,155.155853,,
287.2003,22.297192,154.728851,,
287.1003,22.659782,154.362213,,
287.0003,23.02079,153.999084,,
286.9003,23.317982,153.588684,,
286.8003,23.55938,153.081299,,
286.7003,23.751144,152.531952,,
286.6003,23.930553,152.19162,,
286.5003,24.121078,152.148712,,
286.4003,24.322819,152.463867,,
286.3003,24.461086,153.453583,,
286.2003,24.492371,155.099854,,
286.1003,24.264328,156.983032,,
286.0003,23.894478,158.806458,,
285.9003,23.509315,160.334351,,
285.8003,23.136616,161.326294,,
285.7003,22.738556,161.791687,,
285.6003,22.313721,161.888855,,
285.5003,22.226662,161.758392,,
285.4003,22.565048,161.451172,,
285.3003,23.229801,160.985474,,
285.2003,23.651417,160.333282,,
285.1003,23.70425,159.428192,,
285.0003,23.579479,158.423157,,
284.9003,23.437153,157.680939,,
284.8003,23.432854,157.490051,,
284.7003,23.62571,157.770294,,
284.6003,23.951714,158.195801,,
284.5003,24.291195,158.498566,,
284.4003,24.609222,158.588776,,
284.3003,24.767963,158.427887,,
284.2003,24.70752,158.108978,,
284.1003,24.453499,157.84726,,
284.0003,24.089821,157.846222,,
283.9003,23.827049,158.096375,,
283.8003,23.844822,158.369049,,
283.7003,24.066299,158.490845,,
283.6003,24.219078,158.569092,,
283.5003,24.150436,158.791565,,
283.4003,23.836208,158.993195,,
283.3003,23.427628,158.965515,,
283.2003,23.023628,158.863647,,
283.1003,22.806221,158.864532,,
283.0003,22.874722,158.891052,,
282.9003,23.168079,158.766663,,
282.8003,23.599838,158.407959,,
282.7003,24.060104,157.810333,,
282.6003,24.615807,156.957703,,
282.5003,25.284832,155.923889,,
282.4003,25.990471,154.863739,,
282.3003,26.679985,153.925262,,
282.2003,27.245525,153.16095,,
282.1003,27.606403,152.665039,,
282.0003,27.876148,152.628052,,
281.9003,28.198612,153.076691,,
281.8003,28.561478,153.676086,,
281.7003,28.948013,153.980194,,
281.6003,29.352783,154.07193,,
281.5003,29.773693,154.482605,,
281.4003,30.141224,155.365387,,
281.3003,30.370586,156.444214,,
281.2003,30.449928,157.553986,,
281.1003,30.256889,158.781128,,
281.0003,29.750965,160.239258,,
280.9003,29.118053,161.731201,,
280.8003,28.415836,162.698029,,
280.7003,27.715397,162.64328,,
280.6003,27.053898,161.643982,,
280.5003,26.513783,160.250092,,
280.4003,26.199223,159.018402,,
280.3003,26.139595,158.224915,,
280.2003,26.209557,157.922333,,
280.1003,26.133377,158.051697,,
280.0003,25.833054,158.464813,,
279.9003,25.349335,159.060791,,
279.8003,24.879505,159.81369,,
279.7003,24.542919,160.686493,,
279.6003,24.442806,161.564911,,
279.5003,24.532501,162.324127,,
279.4003,24.763222,162.874115,,
279.3003,25.046909,163.219757,,
279.2003,25.314297,163.46759,,
279.1003,25.528297,163.667816,,
279.0003,25.602379,163.756104,,
278.9003,25.497173,163.694458,,
278.8003,25.188103,163.59375,,
278.7003,24.825768,163.620483,,
278.6003,24.572968,163.799316,,
278.5003,24.53162,163.999054,,
278.4003,24.591,164.186584,,
278.3003,24.587463,164.462982,,
278.2003,24.650272,164.858795,,
278.1003,24.830139,165.276978,,
278.0003,25.090565,165.561157,,
277.9003,25.370018,165.602081,,
277.8003,25.593479,165.380066,,
277.7003,25.690434,164.966705,,
277.6003,25.357143,164.465118,,
277.5003,24.765697,164.019928,,
277.4003,24.384945,163.71228,,
277.3003,24.442432,163.437561,,
277.2003,24.77219,163.114349,,
277.1003,25.107399,162.752319,,
277.0003,25.367725,162.335754,,
276.9003,25.568928,161.730927,,
276.8003,25.713543,160.867035,,
276.7003,25.715576,160.084412,,
276.6003,25.556076,159.719727,,
276.5003,25.159901,159.685822,,
276.4003,24.705845,159.505707,,
276.3003,24.315739,159.078461,,
276.2003,24.151028,158.764343,,
276.1003,24.199055,158.805328,,
276.0003,24.389477,159.091003,,
275.9003,24.618053,159.399078,,
275.8003,24.720089,159.656982,,
275.7003,24.630741,159.98114,,
275.6003,24.311756,160.518524,,
275.5003,23.974003,161.187469,,
275.4003,23.763958,161.68103,,
275.3003,24.051243,161.587555,,
275.2003,24.643925,160.877319,,
275.1003,25.247524,159.839661,,
275.0003,25.827194,158.81073,,
274.9003,26.392906,157.954559,,
274.8003,26.920799,157.362427,,
274.7003,27.40963,157.136902,,
274.6003,27.861416,157.250153,,
274.5003,28.226532,157.575714,,
274.4003,28.402214,158.00882,,
274.3003,28.388397,158.513245,,
274.2003,28.214661,159.09549,,
274.1003,27.885136,159.935211,,
274.0003,27.463074,161.423401,,
273.9003,26.990837,163.845367,,
273.8003,26.471363,167.1474,,
273.7003,25.94463,170.897095,,
273.6003,25.46833,174.824493,,
273.5003,25.128101,178.820526,,
273.4003,24.957943,182.20871,,
273.3003,24.975105,184.261719,,
273.2003,25.136051,185.637207,,
273.1003,25.333969,187.628723,,
273.0003,25.580044,190.476318,,
272.9003,25.819477,193.369812,,
272.8003,25.944561,195.296234,,
272.7003,25.841469,196.033844,,
272.6003,25.559624,195.901459,,
272.5003,25.360439,195.232635,,
272.4003,25.295486,194.129303,,
272.3003,25.399967,192.896179,,
272.2003,25.612823,191.783569,,
272.1003,25.859913,190.362671,,
272.0003,26.06786,188.348328,,
271.9003,26.284832,186.124054,,
271.8003,26.382061,183.920715,,
271.7003,26.224541,181.691254,,
271.6003,25.901226,179.444031,,
271.5003,25.47401,177.326385,,
271.4003,25.069283,175.360992,,
271.3003,24.735428,173.499451,,
271.2003,24.520935,171.717743,,
271.1003,24.420143,169.858643,,
271.0003,24.410084,167.644501,,
270.9003,24.516071,165.019409,,
270.8003,24.732391,162.488831,,
270.7003,25.008652,160.892303,,
270.6003,25.188217,160.357239,,
270.5003,25.111889,160.140564,,
270.4003,24.940228,159.846771,,
270.3003,24.833035,159.634155,,
270.2003,24.893314,159.836151,,
270.1003,25.06451,160.781158,,
270.0003,25.300354,162.490326,,
269.9003,25.56295,164.548767,,
269.8003,25.88517,166.389801,,
269.7003,26.292755,167.757446,,
269.6003,26.74688,168.676117,,
269.5003,27.255791,169.364655,,
269.4003,27.845016,170.137329,,
269.3003,28.494411,171.35318,,
269.2003,28.999184,173.321838,,
269.1003,29.151932,176.019684,,
269.0003,28.936111,179.020874,,
268.9003,28.371212,181.798889,,
268.8003,27.706966,184.012695,,
268.7003,27.175053,185.669708,,
268.6003,26.9478,186.781006,,
268.5003,27.005474,187.508209,,
268.4003,27.194553,188.418427,,
268.3003,27.473232,189.887726,,
268.2003,27.767754,191.436279,,
268.1003,28.043701,192.385345,,
268.0003,28.29628,192.766663,,
267.9003,28.524677,192.818237,,
267.8003,28.700256,192.380798,,
267.7003,28.643738,191.231079,,
267.6003,28.405445,189.394653,,
267.5003,28.284378,187.112915,,
267.4003,28.485016,184.670105,,
267.3003,28.988369,182.11441,,
267.2003,29.799534,179.565735,,
267.1003,30.830471,177.278595,,
267.0003,31.930767,175.244141,,
266.9003,32.804283,172.999878,,
266.8003,33.505501,169.950073,,
266.7003,34.144135,166.641449,,
266.6003,34.611801,164.354095,,
266.5003,34.944077,163.105621,,
266.4003,35.195885,162.334534,,
266.3003,35.340782,161.896851,,
266.2003,35.40448,161.791077,,
266.1003,35.415009,161.903015,,
266.0003,35.326225,162.162201,,
265.9003,35.161339,162.592926,,
265.8003,34.951927,163.149658,,
265.7003,34.656059,163.703735,,
265.6003,34.311363,164.124146,,
265.5003,33.968353,164.395477,,
265.4003,33.660362,164.638367,,
265.3003,33.396088,164.976105,,
265.2003,33.173737,165.411774,,
265.1003,32.992943,165.745575,,
265.0003,32.854797,165.677551,,
264.9003,32.773201,165.204346,,
264.8003,32.765953,164.779938,,
264.7003,32.810043,164.684418,,
264.6003,32.885803,164.938599,,
264.5003,32.855682,165.754425,,
264.4003,32.641495,167.229614,,
264.3003,32.119461,169.075745,,
264.2003,31.498753,170.589874,,
264.1003,30.954269,171.613068,,
264.0003,30.540497,172.522308,,
263.9003,30.277069,173.542664,,
263.8003,30.117119,174.382385,,
263.7003,30.063354,174.696136,,
263.6003,30.117428,175.071075,,
263.5003,30.243458,176.245758,,
263.4003,30.243309,177.96106,,
263.3003,30.197472,179.417236,,
263.2003,30.293865,180.519745,,
263.1003,30.466526,182.379913,,
263.0003,30.565704,185.697723,,
262.9003,30.492683,189.754089,,
262.8003,30.338577,192.837585,,
262.7003,30.208748,193.928375,,
262.6003,30.123993,193.355469,,
262.5003,30.064041,192.354401,,
262.4003,29.922504,191.79892,,
262.3003,29.571541,191.828217,,
262.2003,28.968994,192.357544,,
262.1003,28.259312,193.095581,,
262.0003,27.731304,193.189941,,
261.9003,27.507149,191.754913,,
261.8003,27.57497,188.944,,
261.7003,27.83984,186.279388,,
261.6003,28.291882,184.936646,,
261.5003,28.848373,184.494324,,
261.4003,29.477573,183.804657,,
261.3003,30.173504,183.23407,,
261.2003,30.873154,183.89859,,
261.1003,31.515762,185.380341,,
261.0003,31.956974,186.660126,,
260.9003,32.068245,187.256042,,
260.8003,31.936054,187.046722,,
260.7003,31.62199,186.150085,,
260.6003,31.24361,185.242065,,
260.5003,30.78027,185.173676,,
260.4003,30.276295,185.729767,,
260.3003,29.874973,185.878967,,
260.2003,29.714729,185.485748,,
260.1003,29.843182,184.909119,,
260.0003,30.016415,183.693359,,
259.9003,30.266445,181.335663,,
259.8003,30.756229,178.802216,,
259.7003,31.655106,177.59967,,
259.6003,32.722664,177.450684,,
259.5003,33.694931,177.069214,,
259.4003,34.59301,176.367157,,
259.3003,35.19342,175.709351,,
259.2003,35.372246,174.894104,,
259.1003,35.29467,173.488922,,
259.0003,34.923294,171.479492,,
258.9003,34.298683,169.466827,,
258.8003,33.496338,168.227478,,
258.7003,32.593941,167.976746,,
258.6003,31.734955,168.402374,,
258.5003,31.006626,169.088074,,
258.4003,30.397667,169.76236,,
258.3003,29.916908,170.269653,,
258.2003,29.782726,170.57077,,
258.1003,29.975594,170.828125,,
258.0003,30.269836,170.969269,,
257.9003,30.563,170.544952,,
257.8003,30.762962,169.498413,,
257.7003,30.893021,168.440399,,
257.6003,31.192184,167.91098,,
257.5003,31.726318,167.858826,,
257.4003,32.364578,167.889709,,
257.3003,32.920273,167.887024,,
257.2003,33.305405,168.185944,,
257.1003,33.560051,168.693878,,
257.0003,33.670135,168.876434,,
256.9003,33.683746,169.204773,,
256.8003,33.658531,170.525299,,
256.7003,33.731049,172.664154,,
256.6003,34.057312,174.618561,,
256.5003,34.704208,175.81778,,
256.4003,35.504417,176.266937,,
256.3003,36.226273,176.001373,,
256.2003,36.739342,175.242584,,
256.1003,36.39978,174.750061,,
256.0003,35.473366,175.310791,,
255.9003,34.384094,177.01944,,
255.8003,33.397713,179.079498,,
255.7003,32.544876,180.448975,,
255.6003,31.832123,180.522461,,
255.5003,31.359138,179.3909,,
255.4003,31.068867,177.557098,,
255.3003,30.928131,175.797455,,
255.2003,30.969311,174.9935,,
255.1002,31.170265,175.120728,,
255.0002,31.542931,175.155792,,
254.9002,32.134132,173.801422,,
254.8002,32.900681,171.305481,,
254.7002,33.802956,168.95929,,
254.6002,34.702919,167.337463,,
254.5002,35.522202,166.312164,,
254.4002,36.282661,165.630859,,
254.3002,36.973328,165.326904,,
254.2002,37.565567,165.429749,,
254.1002,37.922462,165.824188,,
254.0002,38.016624,166.305786,,
253.9002,37.905716,166.664978,,
253.8002,37.426048,166.790466,,
253.7002,36.656616,166.641357,,
253.6002,35.739601,166.135101,,
253.5002,34.932831,165.216248,,
253.4002,34.316765,164.358002,,
253.3002,33.796677,164.026978,,
253.2002,33.483856,164.197327,,
253.1002,33.389641,164.44223,,
253.0002,33.451462,164.426331,,
252.9002,33.664688,164.13797,,
252.8002,33.941055,163.798584,,
252.7002,34.205025,163.635132,,
252.6002,34.290054,163.779785,,
252.5002,34.089821,164.202148,,
252.4002,33.595604,164.825928,,
252.3002,33.187714,165.763794,,
252.2002,33.183434,167.287933,,
252.1002,33.516823,169.387634,,
252.0002,33.999825,171.456482,,
251.9002,34.399025,173.094177,,
251.8002,34.732658,174.503998,,
251.7002,34.994461,176.071747,,
251.6002,35.183388,178.087921,,
251.5002,35.233978,180.569092,,
251.4002,35.069687,183.365234,,
251.3002,34.675827,186.23288,,
251.2002,34.021141,188.82193,,
251.1002,33.124702,190.87558,,
251.0002,32.157547,192.24173,,
250.9002,31.231987,193.029602,,
250.8002,30.514168,193.690735,,
250.7002,30.153809,194.631744,,
250.6002,30.212654,195.693512,,
250.5002,30.658207,196.119324,,
250.4002,31.180859,195.27182,,
250.3002,31.745182,193.497681,,
250.2002,32.294266,191.740021,,
250.1002,32.76638,190.545959,,
250.0002,33.13015,189.462158,,
249.9002,33.364563,187.915131,,
249.8002,33.484848,186.058105,,
249.7002,33.46785,184.195404,,
249.6002,33.395988,182.314148,,
249.5002,33.47554,180.13501,,
249.4002,33.740112,177.512817,,
249.3002,34.111465,174.603363,,
249.2002,34.486526,171.442383,,
249.1002,34.793976,168.021484,,
249.0002,34.980591,164.871704,,
248.9002,35.095093,162.864075,,
248.8002,35.150948,162.277649,,
248.7002,35.146446,162.431122,,
248.6002,34.975037,162.629425,,
248.5002,34.532631,162.549042,,
248.4002,33.857719,162.179749,,
248.3002,33.086548,161.692566,,
248.2002,32.439285,161.326355,,
248.1002,32.000694,161.233246,,
248.0002,31.503334,161.395844,,
247.9002,30.733212,161.640533,,
247.8002,29.755699,161.747467,,
247.7002,29.069386,161.581604,,
247.6002,28.858746,161.116577,,
247.5002,28.865356,160.469696,,
247.4002,28.72448,159.881836,,
247.3002,28.399342,159.478027,,
247.2002,28.128773,159.227722,,
247.1002,27.918278,159.102631,,
247.0002,27.720871,159.172119,,
246.9002,27.498055,159.491608,,
246.8002,27.392742,160.016907,,
246.7002,27.434658,160.660492,,
246.6002,27.566483,161.322266,,
246.5002,27.771923,161.94931,,
246.4002,28.013287,162.530396,,
246.3002,28.279152,163.049042,,
246.2002,28.535763,163.429291,,
246.1002,28.75069,163.721527,,
246.0002,28.90781,164.07785,,
245.9002,29.078289,164.516602,,
245.8002,29.248699,164.963715,,
245.7002,29.333618,165.360291,,
245.6002,29.338032,165.596619,,
245.5002,29.250301,165.637543,,
245.4002,28.936764,165.55014,,
245.3002,28.620605,165.373047,,
245.2002,28.474274,165.016479,,
245.1002,28.713413,164.353027,,
245.0002,29.28952,163.392426,,
244.9002,30.076855,162.304016,,
244.8002,31.050564,161.289001,,
244.7002,32.226006,160.372314,,
244.6002,33.585915,159.452454,,
244.5002,34.973167,158.547852,,
244.4002,36.320419,157.793243,,
244.3002,37.605812,157.302795,,
244.2002,38.609558,157.164581,,
244.1002,39.491272,157.649872,,
244.0002,40.397758,159.535461,,
243.9002,40.949341,163.278839,,
243.8002,41.050743,167.159485,,
243.7002,40.741867,169.17511,,
243.6002,39.502289,169.07019,,
243.5002,37.7733,167.839539,,
243.4002,36.185532,166.500061,,
243.3002,34.334877,165.264374,,
243.2002,32.248596,163.820618,,
243.1002,30.295216,162.048218,,
243.0002,28.524734,160.321472,,
242.9002,27.004124,159.396973,,
242.8002,25.952831,159.643616,,
242.7002,25.247704,160.63974,,
242.6002,24.695297,161.73233,,
242.5002,24.282055,162.621674,,
242.4002,24.065273,163.700104,,
242.3002,23.967823,166.087616,,
242.2002,23.780334,170.220123,,
242.1002,23.494724,173.775879,,
242.0002,23.222397,174.847351,,
241.9002,23.061039,173.998016,,
241.8002,23.0103,171.871979,,
241.7002,22.992966,168.967133,,
241.6002,23.006065,166.224792,,
241.5002,23.001575,164.641693,,
241.4002,22.92038,164.391113,,
241.3002,22.729595,164.961029,,
241.2002,22.587284,165.802887,,
241.1002,22.706085,166.677429,,
241.0002,23.029915,167.525177,,
240.9002,23.449276,168.321655,,
240.8002,23.861126,169.000824,,
240.7002,24.281765,169.388977,,
240.6002,24.722351,169.380798,,
240.5002,25.145676,169.060028,,
240.4002,25.461613,168.67215,,
240.3002,25.522572,168.427002,,
240.2002,25.237976,168.41629,,
240.1002,24.663799,168.682281,,
240.0002,24.000961,169.244751,,
239.9002,23.363365,169.993744,,
239.8002,22.77491,170.57724,,
239.7002,22.281197,170.652924,,
239.6002,22.042385,170.20285,,
239.5002,22.117764,169.504883,,
239.4002,22.413589,168.722351,,
239.3002,22.81575,167.76532,,
239.2002,23.29388,166.606812,,
239.1002,23.78693,165.680878,,
239.0002,24.205898,165.490112,,
238.9002,24.497368,165.6203,,
238.8002,24.658073,165.111633,,
238.7002,24.670383,163.73175,,
238.6002,24.465389,161.85965,,
238.5002,24.031334,159.92923,,
238.4002,23.36002,158.307587,,
238.3002,22.614792,157.254272,,
238.2002,22.147987,156.690887,,
238.1002,22.089207,155.972473,,
238.0002,22.385674,154.504913,,
237.9002,22.69976,152.571564,,
237.8002,23.06422,151.289124,,
237.7002,23.402847,151.37674,,
237.6002,23.592346,152.487274,,
237.5002,23.639042,154.08194,,
237.4002,23.565346,155.778259,,
237.3002,23.391842,157.307861,,
237.2002,23.059414,158.564636,,
237.1002,22.618519,159.625885,,
237.0002,22.187908,160.72348,,
236.9002,21.799995,162.105042,,
236.8002,21.498463,163.964081,,
236.7002,21.349316,166.126984,,
236.6002,21.436321,167.881195,,
236.5002,21.705463,168.435791,,
236.4002,22.075565,167.514648,,
236.3002,22.432873,165.690033,,
236.2002,22.714119,164.199585,,
236.1002,22.923599,163.983582,,
236.0002,23.110493,164.973572,,
235.9002,23.25185,166.529205,,
235.8002,23.170841,167.860138,,
235.7002,22.828781,168.043549,,
235.6002,22.346214,166.782562,,
235.5002,21.888939,164.805786,,
235.4002,21.736351,163.207611,,
235.3002,21.90015,162.873108,,
235.2002,22.148846,164.085144,,
235.1002,22.324337,166.26947,,
235.0002,22.406052,168.413635,,
234.9002,22.415569,169.983337,,
234.8002,22.412022,171.12085,,
234.7002,22.424843,172.078491,,
234.6002,22.444786,172.726654,,
234.5002,22.459133,172.530518,,
234.4002,22.464451,171.588806,,
234.3002,22.44458,170.599915,,
234.2002,22.367386,169.711487,,
234.1002,22.21048,168.651184,,
234.0002,21.997234,167.438416,,
233.9002,21.780243,166.49939,,
233.8002,21.581898,166.042999,,
233.7002,21.403194,165.993256,,
233.6002,21.235104,166.275879,,
233.5002,21.077236,166.657623,,
233.4002,21.00816,166.523773,,
233.3002,21.011505,165.579651,,
233.2002,21.043411,164.124939,,
233.1002,21.109955,162.858063,,
233.0002,21.208359,162.085754,,
232.9002,21.333004,161.823181,,
232.8002,21.595348,162.138824,,
232.7002,21.990768,162.839081,,
232.6002,22.420132,163.469574,,
232.5002,22.765213,163.668518,,
232.4002,22.974873,163.575165,,
232.3002,22.970531,163.620453,,
232.2002,22.789623,163.945984,,
232.1002,22.527664,164.462708,,
232.0002,22.235516,165.094818,,
231.9002,21.935722,165.852478,,
231.8002,21.645203,166.589203,,
231.7002,21.367531,167.104279,,
231.6002,21.107212,167.411041,,
231.5002,20.86338,167.742554,,
231.4002,20.677811,168.276306,,
231.3002,20.699562,169.025604,,
231.2002,21.019707,169.855347,,
231.1002,21.453426,170.664856,,
231.0002,21.793983,171.415466,,
230.9002,21.997501,172.094727,,
230.8002,22.056236,172.683807,,
230.7002,22.04071,173.131714,,
230.6002,22.044289,173.440155,,
230.5002,22.068069,173.639648,,
230.4002,22.093746,173.746368,,
230.3002,22.107182,173.896362,,
230.2002,22.104649,174.488708,,
230.1002,22.096355,175.894379,,
230.0002,22.109493,177.97467,,
229.9002,22.194683,180.107788,,
229.8002,22.330265,181.703003,,
229.7002,22.377007,182.775726,,
229.6002,22.446632,183.648193,,
229.5002,22.757664,184.629669,,
229.4002,23.223866,185.886688,,
229.3002,23.809307,187.351685,,
229.2002,24.39304,188.709076,,
229.1002,24.739834,189.511505,,
229.0002,24.744308,189.589813,,
228.9002,24.63826,189.198761,,
228.8002,24.575867,188.707336,,
228.7002,24.693661,188.571991,,
228.6002,24.940739,189.277435,,
228.5002,25.061199,190.907867,,
228.4002,24.858295,193.006592,,
228.3002,24.446125,194.884705,,
228.2002,23.872608,195.956451,,
228.1002,23.261353,196.081268,,
228.0002,22.797924,195.48819,,
227.9002,22.546185,194.645782,,
227.8002,22.499054,193.984863,,
227.7002,22.513004,193.786377,,
227.6002,22.559387,194.141113,,
227.5002,22.608959,195.052307,,
227.4002,22.667583,196.366058,,
227.3002,22.679012,197.674072,,
227.2002,22.593056,198.390747,,
227.1002,22.423901,198.047852,,
227.0002,22.238018,196.709045,,
226.9002,22.117512,195.009613,,
226.8002,22.057777,193.772461,,
226.7002,22.085648,193.644348,,
226.6002,22.189983,194.91394,,
226.5002,22.348045,197.194397,,
226.4002,22.481167,199.107452,,
226.3002,22.539906,199.286011,,
226.2002,22.563862,197.655426,,
226.1002,22.575531,195.094147,,
226.0002,22.584293,192.648773,,
225.9002,22.571651,191.174896,,
225.8002,22.506126,190.977112,,
225.7002,22.37302,191.647278,,
225.6002,22.106972,192.366882,,
225.5002,21.7286,192.281128,,
225.4002,21.308376,191.153503,,
225.3002,20.951496,189.596436,,
225.2002,20.802055,188.303497,,
225.1002,20.899124,187.477142,,
225.0002,21.153107,186.894012,,
224.9002,21.410946,186.284698,,
224.8002,21.598301,185.538055,,
224.7002,21.853466,184.614258,,
224.6002,22.204277,183.445007,,
224.5002,22.611771,182.109802,,
224.4002,22.997364,180.761719,,
224.3002,23.350796,179.474487,,
224.2002,23.685974,178.118225,,
224.1002,24.038956,176.361389,,
224.0002,24.325279,174.247437,,
223.9002,24.415493,172.219025,,
223.8002,24.063263,170.642395,,
223.7002,23.425156,169.578156,,
223.6002,22.708664,168.858673,,
223.5002,22.187119,168.431244,,
223.4002,21.877048,168.284332,,
223.3002,21.699211,168.369965,,
223.2002,21.472393,168.653961,,
223.1002,21.157269,169.050842,,
223.0002,20.789597,169.408295,,
222.9002,20.368439,169.458008,,
222.8002,19.95229,169.179901,,
222.7002,19.728062,168.759552,,
222.6002,19.765312,168.333984,,
222.5002,20.000828,167.881714,,
222.4002,20.412022,167.352051,,
222.3002,20.92627,166.824371,,
222.2002,21.501053,166.345093,,
222.1002,22.171528,165.876221,,
222.0002,22.781441,165.371399,,
221.9002,23.228092,164.81308,,
221.8002,23.147896,164.232178,,
221.7002,22.641541,163.625763,,
221.6002,21.986549,162.971222,,
221.5002,21.297546,162.296478,,
221.4002,20.714554,161.649841,,
221.3002,20.344872,161.137421,,
221.2002,20.234566,160.859924,,
221.1002,20.284943,160.844238,,
221.0002,20.380764,161.025726,,
220.9002,20.431774,161.331909,,
220.8002,20.369545,161.707336,,
220.7002,20.194267,162.05545,,
220.6002,19.937431,162.28476,,
220.5002,19.700764,162.429352,,
220.4002,19.605537,162.633881,,
220.3002,19.847454,162.962799,,
220.2002,20.40799,163.377838,,
220.1002,20.943813,163.803925,,
220.0002,21.2085,164.198517,,
219.9002,21.183228,164.546234,,
219.8002,21.151356,164.854065,,
219.7002,21.224186,165.156311,,
219.6002,21.361698,165.496216,,
219.5002,21.551296,165.94104,,
219.4002,21.780033,166.563202,,
219.3002,22.034241,167.380188,,
219.2002,22.397663,168.31778,,
219.1002,22.884922,169.231628,,
219.0002,23.366455,170.188568,,
218.9002,23.834633,171.563019,,
218.8002,24.257591,173.254913,,
218.7002,24.593094,174.632172,,
218.6002,24.671955,175.408661,,
218.5002,24.424217,175.810913,,
218.4002,24.161221,176.171936,,
218.3002,23.972439,176.635773,,
218.2002,23.949627,177.193817,,
218.1002,24.018734,177.848999,,
218.0002,24.121632,178.522522,,
217.9002,24.151001,179.002197,,
217.8002,24.055611,179.138794,,
217.7002,23.792873,179.081665,,
217.6002,23.40316,179.001526,,
217.5002,23.022987,178.864532,,
217.4002,22.770309,178.676697,,
217.3002,22.698196,178.080627,,
217.2002,22.711884,176.437073,,
217.1002,22.827587,174.121979,,
217.0002,23.063972,172.245728,,
216.9002,23.433308,171.496277,,
216.8002,23.968575,172.449707,,
216.7002,24.624367,175.240875,,
216.6002,25.313602,178.51178,,
216.5002,25.927898,180.724457,,
216.4002,26.348934,181.422729,,
216.3002,26.374954,180.881165,,
216.2002,26.034336,179.562439,,
216.1002,25.597916,178.005615,,
216.0002,25.092216,176.886108,,
215.9002,24.574333,176.604767,,
215.8002,24.100048,176.767914,,
215.7002,23.608231,176.53653,,
215.6002,23.098579,175.871368,,
215.5002,22.60342,175.204712,,
215.4002,22.204277,174.426727,,
215.3002,22.091629,173.46698,,
215.2002,22.356319,172.708679,,
215.1002,23.000538,172.592682,,
215.0002,23.810608,173.251587,,
214.9002,24.642757,174.681335,,
214.8002,25.262974,176.437958,,
214.7002,25.591492,176.553345,,
214.6002,25.657909,174.071411,,
214.5002,25.437531,171.269226,,
214.4002,25.277248,169.948395,,
214.3002,25.62933,169.756439,,
214.2002,26.152363,169.839294,,
214.1002,26.614452,169.678802,,
214.0002,27.037209,169.059021,,
213.9002,27.378792,168.130829,,
213.8002,27.624474,167.5383,,
213.7002,27.717751,167.850555,,
213.6002,27.643738,168.890381,,
213.5002,27.442093,170.017365,,
213.4002,27.105293,170.773926,,
213.3002,26.65802,171.121094,,
213.2002,26.146889,170.909302,,
213.1002,25.608231,169.985474,,
213.0002,25.171696,168.688232,,
212.9002,24.884026,167.502502,,
212.8002,24.732422,166.568756,,
212.7002,24.601681,165.733429,,
212.6002,24.420593,164.845856,,
212.5002,24.030853,163.945618,,
212.4002,23.570343,163.416046,,
212.3002,23.184978,163.439728,,
212.2002,23.175625,163.80246,,
212.1002,23.445862,164.189453,,
212.0002,23.819443,164.561829,,
211.9002,24.169888,165.104187,,
211.8002,24.360363,165.644836,,
211.7002,24.318375,165.97464,,
211.6002,24.204914,166.125519,,
211.5002,24.180752,165.973633,,
211.4002,24.300934,165.269379,,
211.3002,24.687534,163.822662,,
211.2002,25.287231,161.668457,,
211.1002,26.031059,159.033661,,
211.0002,26.869633,156.410736,,
210.9002,27.795101,154.048218,,
210.8002,28.902962,151.961548,,
210.7002,30.364079,150.509705,,
210.6002,32.073074,149.77002,,
210.5002,33.473274,149.47876,,
210.4002,34.56118,149.275452,,
210.3002,35.614357,148.955963,,
210.2002,36.646294,148.599884,,
210.1002,37.300362,148.536377,,
210.0002,37.405518,148.748505,,
209.9002,37.164101,148.788879,,
209.8002,36.863556,148.48996,,
209.7002,36.710121,148.098053,,
209.6002,36.463516,147.860046,,
209.5002,36.016136,147.828156,,
209.4002,35.481598,148.101013,,
209.3002,34.882278,148.952301,,
209.2002,34.201118,150.540192,,
209.1002,33.391479,152.68515,,
209.0002,32.315445,155.005737,,
208.9002,30.969513,157.266815,,
208.8002,29.690102,159.279663,,
208.7002,28.432503,160.917511,,
208.6002,27.126434,162.051666,,
208.5002,25.819817,162.608368,,
208.4002,24.659069,162.724518,,
208.3002,23.737293,162.671906,,
208.2002,22.895557,162.683289,,
208.1002,22.168159,162.710907,,
208.0002,21.610905,162.570587,,
207.9002,21.159313,162.269897,,
207.8002,20.801037,161.946991,,
207.7002,20.567818,161.707397,,
207.6002,20.587734,161.567841,,
207.5002,20.861229,161.520172,,
207.4002,21.237976,161.546143,,
207.3002,21.751598,161.548401,,
207.2002,22.42841,161.365967,,
207.1002,23.20166,160.87677,,
207.0002,24.034576,160.149017,,
206.9002,24.828999,159.506256,,
206.8002,25.451988,159.315277,,
206.7002,25.756493,159.77829,,
206.6002,25.714596,160.914246,,
206.5002,25.575962,162.64444,,
206.4002,25.39006,164.729218,,
206.3002,25.210777,166.717285,,
206.2002,25.067833,168.142426,,
206.1002,24.985874,168.841309,,
206.0002,24.983891,169.3591,,
205.9002,25.049046,170.401855,,
205.8002,25.188046,171.81369,,
205.7002,25.365906,172.556793,,
205.6002,25.526535,171.932037,,
205.5002,25.626392,170.41684,,
205.4002,25.572495,168.961487,,
205.3002,25.294289,167.90329,,
205.2002,25.236683,167.227722,,
205.1002,25.554474,167.793335,,
205.0002,25.985409,170.015015,,
204.9002,26.587631,171.986023,,
204.8002,27.388996,171.79126,,
204.7002,28.396362,169.841949,,
204.6002,29.421967,167.591339,,
204.5002,30.180271,166.049347,,
204.4002,30.381683,165.433899,,
204.3002,30.057472,165.537537,,
204.2002,29.488804,165.969116,,
204.1002,28.825893,166.350525,,
204.0002,28.200375,166.462006,,
203.9002,27.661701,166.192627,,
203.8002,27.188267,165.554291,,
203.7002,26.734623,164.855103,,
203.6002,26.278732,164.474304,,
203.5002,25.878223,164.606201,,
203.4002,25.606926,165.081451,,
203.3002,25.454941,165.431793,,
203.2002,25.411232,165.211578,,
203.1002,25.44331,164.432831,,
203.0002,25.514725,163.308441,,
202.9002,25.473984,162.016693,,
202.8002,25.324074,160.781677,,
202.7002,25.113625,160.021942,,
202.6002,24.969505,160.026459,,
202.5002,24.758869,160.224091,,
202.4002,24.35714,160.092102,,
202.3002,23.697594,159.887665,,
202.2002,23.035339,160.10849,,
202.1002,22.599392,160.75,,
202.0002,22.711716,161.441315,,
201.9002,23.271629,162.495605,,
201.8002,24.154278,164.333069,,
201.7002,25.292206,166.803406,,
201.6002,26.607059,169.193146,,
201.5002,28.075268,170.74469,,
201.4002,29.722637,171.146484,,
201.3002,31.464428,170.920288,,
201.2002,33.168839,170.677338,,
201.1002,34.65271,170.013947,,
201.0002,35.837341,168.319672,,
200.9002,36.668823,165.726685,,
200.8002,36.85183,163.26767,,
200.7002,36.416367,161.628174,,
200.6002,35.447479,160.593292,,
200.5002,34.139267,160.076355,,
200.4002,32.774765,160.231628,,
200.3002,31.478065,161.090668,,
200.2002,30.491104,162.336731,,
200.1002,29.867893,163.624359,,
200.0002,29.93581,164.925751,,
199.9002,30.548744,166.579376,,
199.8002,31.269493,168.840881,,
199.7002,32.045937,171.429291,,
199.6002,32.735481,173.560303,,
199.5002,33.249382,175.117615,,
199.4002,33.287476,176.951874,,
199.3002,32.808586,179.54306,,
199.2002,32.134598,182.101196,,
199.1002,31.281239,183.295776,,
199.0002,30.329338,183.098114,,
198.9002,29.330212,182.855988,,
198.8002,28.34742,183.309875,,
198.7002,27.435963,183.972473,,
198.6002,26.612598,183.673828,,
198.5002,25.903362,181.44986,,
198.4002,25.288857,178.183563,,
198.3002,24.784607,176.139893,,
198.2002,24.428379,176.039185,,
198.1002,24.194729,176.471405,,
198.0002,24.049706,176.046234,,
197.9002,23.997112,174.692902,,
197.8002,23.960442,173.245453,,
197.7002,23.764084,172.442871,,
197.6002,23.368938,172.426758,,
197.5002,22.936646,173.411011,,
197.4002,22.617752,175.280792,,
197.3002,22.50423,175.988953,,
197.2002,22.560165,173.488586,,
197.1002,22.77541,169.201263,,
197.0002,23.0914,165.921936,,
196.9002,23.335876,164.487457,,
196.8002,23.454868,163.927368,,
196.7002,23.414818,163.237671,,
196.6002,23.284916,162.369995,,
196.5002,23.067986,161.781891,,
196.4002,22.786045,161.779449,,
196.3002,22.500824,162.317413,,
196.2002,22.24651,163.208313,,
196.1002,22.054565,164.286835,,
196.0002,21.897247,165.428558,,
195.9002,21.816303,166.525085,,
195.8002,21.827953,167.479492,,
195.7002,21.883308,168.278198,,
195.6002,21.994488,168.888885,,
195.5002,22.155354,169.197968,,
195.4002,22.344162,169.148438,,
195.3002,22.529198,168.854095,,
195.2002,22.641365,168.540344,,
195.1002,22.595863,168.30542,,
195.0002,22.395233,167.98764,,
194.9002,22.172031,167.379883,,
194.8002,22.083118,166.591156,,
194.7002,22.127766,165.972717,,
194.6002,22.210556,165.638428,,
194.5002,22.291008,165.358887,,
194.4002,22.375183,164.919617,,
194.3002,22.481579,164.273315,,
194.2002,22.625912,163.466644,,
194.1002,22.806782,162.569061,,
194.0002,23.012337,161.690338,,
193.9002,23.26712,160.929657,,
193.8002,23.569206,160.362701,,
193.7002,23.890476,160.451904,,
193.6002,24.2192,162.322144,,
193.5002,24.58799,167.180939,,
193.4002,25.005207,173.684326,,
193.3002,25.446857,178.257294,,
193.2002,25.854065,178.181793,,
193.1002,26.192596,174.388184,,
193.0002,26.511024,169.880859,,
192.9002,26.824059,166.781799,,
192.8002,27.131615,165.444824,,
192.7002,27.430603,165.710785,,
192.6002,27.707935,167.229645,,
192.5002,27.961826,169.393433,,
192.4002,28.180237,171.256622,,
192.3002,28.350922,171.833771,,
192.2002,28.462822,170.923676,,
192.1002,28.514946,169.020905,,
192.0002,28.611439,166.616272,,
191.9002,28.89819,163.93512,,
191.8002,29.51569,161.671295,,
191.7002,30.373856,160.92041,,
191.6002,31.354214,162.651947,,
191.5002,33.028625,167.092468,,
191.4002,35.358704,172.846191,,
191.3002,37.910919,177.956055,,
191.2002,40.74044,181.333649,,
191.1002,43.730736,182.834442,,
191.0002,46.022514,182.442444,,
190.9002,47.894585,180.548767,,
190.8002,49.718491,178.070801,,
190.7002,51.207901,176.01004,,
190.6002,52.373253,174.872742,,
190.5002,53.324501,175.013824,,
190.4002,53.80278,176.652008,,
190.3002,53.638527,179.427673,,
190.2002,52.877968,182.483826,,
190.1002,51.221474,185.306122,,
190.0002,48.838364,188.293976,,
189.9002,46.162079,191.985718,,
189.8002,41.210464,196.03418,,
189.7002,35.311546,198.255157,,
189.6002,31.453327,197.086945,,
189.5002,28.980598,193.902557,,
189.4002,27.268902,191.433044,,
189.3002,26.270252,191.171387,,
189.2002,25.718636,192.325104,,
189.1002,25.2813,192.950897,,
189.0002,24.930187,191.70929,,
188.9002,24.676865,188.740448,,
188.8002,24.487915,184.928131,,
188.7002,24.298985,180.962006,,
188.6002,24.089989,177.52829,,
188.5002,23.846756,175.156067,,
188.4002,23.528397,173.450378,,
188.3002,23.114956,171.581512,,
188.2002,22.647488,169.154907,,
188.1002,22.175133,166.577057,,
188.0002,21.800617,164.614471,,
187.9002,21.582256,163.49353,,
187.8002,21.477894,162.870392,,
187.7002,21.521862,162.430725,,
187.6002,21.741924,162.178741,,
187.5002,22.161636,162.349823,,
187.4002,22.779793,163.332672,,
187.3002,23.512959,165.33783,,
187.2002,24.40057,167.935791,,
187.1002,25.444004,170.402313,,
187.0002,26.434628,172.319122,,
186.9002,26.981663,173.670013,,
186.8002,26.876591,174.463196,,
186.7002,26.584835,174.478729,,
186.6002,26.234303,173.760345,,
186.5002,25.960579,172.600616,,
186.4002,25.728458,171.142578,,
186.3002,25.573452,169.495758,,
186.2002,25.511322,167.957397,,
186.1002,25.521511,166.998596,,
186.0002,25.664036,166.652008,,
185.9002,25.914959,166.605438,,
185.8002,26.080269,166.819733,,
185.7002,26.066265,167.60553,,
185.6002,25.880672,168.838928,,
185.5002,25.653908,169.612823,,
185.4002,25.428749,169.331268,,
185.3002,25.253719,168.192749,,
185.2002,25.165359,166.534485,,
185.1002,25.159451,164.547424,,
185.0002,25.16037,162.625458,,
184.9002,25.083496,161.416168,,
184.8002,24.916294,161.44632,,
184.7002,24.742683,162.69162,,
184.6002,24.6726,164.610504,,
184.5002,24.795753,166.500519,,
184.4002,25.064697,167.793549,,
184.3002,25.279942,168.43396,,
184.2002,25.307182,169.153595,,
184.1002,25.177757,171.129425,,
184.0002,24.959496,174.639221,,
183.9002,24.801243,178.038422,,
183.8002,24.786121,179.02829,,
183.7002,25.077049,176.684814,,
183.6002,25.577625,172.451233,,
183.5002,26.096218,168.922791,,
183.4002,26.552685,167.583984,,
183.3002,26.940407,168.169098,,
183.2002,27.28212,169.79306,,
183.1002,27.614376,171.998138,,
183.0002,27.94923,174.738464,,
182.9002,28.262074,177.479462,,
182.8002,28.484016,179.252777,,
182.7002,28.610443,179.828247,,
182.6002,28.649956,180.120178,,
182.5002,28.490025,181.434357,,
182.4002,28.177368,184.107422,,
182.3002,27.805302,187.387421,,
182.2002,27.372074,190.024719,,
182.1002,26.903252,189.898285,,
182.0002,26.449192,186.750702,,
181.9002,26.002136,184.056244,,
181.8002,25.558659,183.234802,,
181.7002,25.105457,183.014465,,
181.6002,24.634182,183.395233,,
181.5002,24.15823,184.91217,,
181.4002,23.678143,187.342316,,
181.3002,23.231678,189.705627,,
181.2002,22.85371,191.251495,,
181.1002,22.645447,191.986237,,
181.0002,22.568817,192.420929,,
180.9002,22.561226,193.125061,,
180.8002,22.665119,194.480316,,
180.7002,22.835781,196.50589,,
180.6002,23.026077,198.566742,,
180.5002,23.12994,199.634125,,
180.4002,23.153271,199.561371,,
180.3002,23.138027,199.101318,,
180.2002,23.074886,199.028992,,
180.1002,22.992283,199.498871,,
180.0002,22.918854,200.182495,,
179.9002,23.029507,200.641876,,
179.8002,23.353088,200.625916,,
179.7002,23.850616,199.789948,,
179.6002,24.540722,197.757935,,
179.5002,25.29155,195.3508,,
179.4002,25.929111,194.020111,,
179.3002,26.249966,194.281311,,
179.2002,26.325581,195.270935,,
179.1002,26.331257,195.830017,,
179.0002,26.400547,195.463898,,
178.9002,26.556519,194.197113,,
178.8002,26.695354,192.500336,,
178.7002,26.718513,191.222321,,
178.6002,26.620087,190.984192,,
178.5002,26.495281,191.748871,,
178.4002,26.380322,193.257568,,
178.3002,26.310368,195.030975,,
178.2002,26.39986,196.30011,,
178.1002,26.636486,196.508484,,
178.0002,26.829659,195.672607,,
177.9002,26.789143,194.40802,,
177.8002,26.523975,193.530609,,
177.7002,26.308388,193.544617,,
177.6002,26.217926,194.191895,,
177.5002,26.31525,194.899506,,
177.4002,26.557362,195.127228,,
177.3002,26.938354,194.504242,,
177.2002,27.392883,193.002869,,
177.1002,27.823734,190.993958,,
177.0002,28.23851,188.966827,,
176.9002,28.662849,187.288635,,
176.8002,29.15353,185.957855,,
176.7002,29.69017,184.764404,,
176.6002,30.145481,183.499084,,
176.5002,30.347118,182.012543,,
176.4002,30.120438,180.349609,,
176.3002,29.456474,178.687439,,
176.2002,28.676624,176.955444,,
176.1002,27.838654,174.928467,,
176.0002,26.968063,172.678619,,
175.9002,26.089935,170.757812,,
175.8002,25.307777,169.505005,,
175.7002,24.730068,168.609161,,
175.6002,24.423809,167.694702,,
175.5002,24.623997,166.537628,,
175.4002,25.328037,165.058502,,
175.3002,26.098904,163.56427,,
175.2002,26.765858,162.820404,,
175.1002,27.301792,163.759796,,
175.0002,27.504375,166.397614,,
174.9002,27.341312,169.090881,,
174.8002,27.051964,170.030884,,
174.7002,26.647076,169.051178,,
174.6002,26.220005,167.005859,,
174.5002,25.898338,164.857574,,
174.4002,25.557369,163.776978,,
174.3002,25.169277,163.996918,,
174.2002,24.848236,164.554504,,
174.1002,24.793922,164.787109,,
174.0002,25.035564,164.865509,,
173.9002,25.377251,165.05899,,
173.8002,25.851753,165.354309,,
173.7002,26.415241,165.757996,,
173.6002,27.003014,166.405914,,
173.5002,27.332157,167.279633,,
173.4002,27.292816,168.383789,,
173.3002,26.993275,169.912964,,
173.2002,26.65934,171.813019,,
173.1002,26.499931,173.449707,,
173.0002,26.570709,174.11203,,
172.9002,26.777588,173.518768,,
172.8002,26.958103,172.04248,,
172.7002,26.989368,170.499817,,
172.6002,26.828186,169.690948,,
172.5002,26.554707,169.951019,,
172.4002,26.254543,171.462585,,
172.3002,25.990177,174.499207,,
172.2002,25.782536,178.087311,,
172.1002,25.68792,180.206177,,
172.0002,25.768341,179.818909,,
171.9002,25.981884,177.32962,,
171.8002,26.225441,173.951263,,
171.7002,26.479836,171.038727,,
171.6002,26.743557,169.231689,,
171.5002,26.96764,168.5466,,
171.4002,27.169239,169.230774,,
171.3002,27.370773,171.046722,,
171.2002,27.593037,172.935699,,
171.1002,27.831047,173.985107,,
171.0002,28.069836,174.425659,,
170.9002,28.305698,175.052216,,
170.8002,28.539501,175.585754,,
170.7002,28.768391,176.016083,,
170.6002,28.990154,177.623688,,
170.5002,29.163624,181.059509,,
170.4002,29.252747,183.284851,,
170.3002,29.324856,179.762604,,
170.2002,29.446796,173.289215,,
170.1002,29.657928,169.075287,,
170.0002,29.967915,168.277863,,
169.9002,30.23568,169.648651,,
169.8002,30.302265,173.251556,,
169.7002,30.066933,179.882721,,
169.6002,29.613724,184.54068,,
169.5002,28.991997,182.837341,,
169.4002,28.154613,178.103149,,
169.3002,27.195084,174.638153,,
169.2002,26.210629,172.625031,,
169.1002,25.607101,171.335419,,
169.0002,25.553368,170.448944,,
168.9002,26.210575,169.737274,,
168.8002,27.367527,168.802338,,
168.7002,28.695328,167.394318,,
168.6002,30.098717,165.813965,,
168.5002,31.41082,164.782471,,
168.4002,32.513206,164.582855,,
168.3002,33.206192,164.896637,,
168.2002,33.371826,165.498383,,
168.1002,33.129219,166.189606,,
168.0002,32.545685,166.71814,,
167.9002,31.759609,167.411896,,
167.8002,30.900784,168.702911,,
167.7002,29.900875,170.283844,,
167.6002,28.779232,171.610718,,
167.5002,27.666649,172.399719,,
167.4002,26.527431,172.46756,,
167.3002,25.376011,171.430115,,
167.2002,24.359436,169.299988,,
167.1002,23.546883,166.960205,,
167.0002,22.878704,165.110138,,
166.9002,22.24371,163.691559,,
166.8002,22.127991,162.50058,,
166.7002,22.876434,161.594177,,
166.6002,23.960209,161.218018,,
166.5002,25.176792,161.788483,,
166.4002,26.332321,163.574646,,
166.3002,27.52697,166.286804,,
166.2002,28.920815,169.483337,,
166.1002,30.438007,172.633301,,
166.0002,31.618465,175.134155,,
165.9002,32.410271,176.391998,,
165.8002,33.074387,176.16275,,
165.7002,33.502823,174.934814,,
165.6002,33.632278,173.415649,,
165.5002,33.550293,172.232452,,
165.4002,33.225891,171.785431,,
165.3002,32.589455,171.947021,,
165.2002,31.743626,172.179108,,
165.1002,30.962185,172.240204,,
165.0002,30.410812,172.424469,,
164.9002,29.925629,173.374237,,
164.8002,29.528271,175.396362,,
164.7002,29.214367,177.572449,,
164.6002,28.899487,178.705261,,
164.5002,28.591003,179.032562,,
164.4002,28.382114,179.412354,,
164.3002,28.399231,179.869446,,
164.2002,28.572338,180.439362,,
164.1002,28.815323,181.503113,,
164.0002,29.139088,183.004913,,
163.9002,29.54092,184.292938,,
163.8002,29.986015,185.098358,,
163.7002,30.426773,186.096039,,
163.6002,30.792648,188.127045,,
163.5002,31.081272,190.928436,,
163.4002,31.36306,193.256287,,
163.3002,31.647335,194.550842,,
163.2002,31.944458,195.291595,,
163.1002,32.274902,196.075836,,
163.0002,32.652328,197.091217,,
162.9002,33.048973,198.17038,,
162.8002,33.431564,199.337311,,
162.7002,33.704391,200.885834,,
162.6002,33.828041,202.280884,,
162.5002,33.797256,202.5354,,
162.4002,33.587799,201.865021,,
162.3002,33.241005,200.882233,,
162.2002,32.746712,199.46048,,
162.1002,32.173004,197.786774,,
162.0002,31.565784,196.484406,,
161.9002,30.844048,195.590851,,
161.8002,29.961872,194.080627,,
161.7002,28.967491,191.793335,,
161.6002,28.621555,189.910828,,
161.5002,28.868141,188.350006,,
161.4002,29.382282,185.704987,,
161.3002,29.739151,181.378296,,
161.2002,29.791428,177.074768,,
161.1002,29.566273,174.229706,,
161.0002,29.162548,172.716919,,
160.9002,28.714607,171.741547,,
160.8002,28.291718,171.137573,,
160.7002,27.834335,171.545807,,
160.6002,27.338131,173.323059,,
160.5002,26.833824,176.050934,,
160.4002,26.369015,178.921631,,
160.3002,26.031769,181.739563,,
160.2002,25.963974,183.855316,,
160.1002,26.124142,183.727509,,
160.0002,26.40321,181.899872,,
159.9002,26.75655,180.191528,,
159.8002,27.214779,179.088135,,
159.7002,27.787346,178.645447,,
159.6002,28.513554,178.874023,,
159.5002,29.397419,179.168396,,
159.4002,30.326447,179.178894,,
159.3002,31.130348,178.930908,,
159.2002,31.666981,178.170593,,
159.1002,31.951439,177.112152,,
159.0002,32.004799,176.438904,,
158.9002,31.9398,176.622589,,
158.8002,31.859917,177.48996,,
158.7002,31.808674,178.564789,,
158.6002,31.780281,179.354614,,
158.5002,31.753952,179.520844,,
158.4002,31.730598,178.909241,,
158.3002,31.735081,177.483704,,
158.2002,31.79031,175.545563,,
158.1002,32.564514,173.628998,,
158.0002,33.819878,172.254761,,
157.9002,34.914299,171.752075,,
157.8002,35.807785,172.585938,,
157.7002,36.589088,174.637115,,
157.6002,37.37471,177.23288,,
157.5002,37.914177,179.715088,,
157.4002,38.071587,181.493011,,
157.3002,37.96106,181.935364,,
157.2002,37.810921,180.386353,,
157.1002,37.880524,176.826447,,
157.0002,38.192139,172.141449,,
156.9002,38.686325,168.079987,,
156.8002,39.23864,166.798218,,
156.7002,39.871086,168.984955,,
156.6002,40.634132,171.792236,,
156.5002,41.522125,173.237122,,
156.4002,42.384163,175.474731,,
156.3002,42.859337,180.235748,,
156.2002,42.663376,185.922943,,
156.1002,41.965248,189.478729,,
156.0002,40.978363,189.809052,,
155.9002,40.039581,187.926514,,
155.8002,39.097099,185.381012,,
155.7002,38.103424,183.262329,,
155.6002,37.096565,182.200867,,
155.5002,36.231041,182.643524,,
155.4002,35.612587,184.970673,,
155.3002,35.180687,189.038208,,
155.2002,34.912186,193.561218,,
155.1002,34.756256,196.695801,,
155.0002,34.622719,197.533905,,
154.9002,34.513779,197.210144,,
154.8002,34.444405,197.067749,,
154.7002,34.449928,197.278595,,
154.6002,34.602119,197.830353,,
154.5002,34.939095,198.892487,,
154.4002,35.357712,200.252991,,
154.3002,35.751465,201.410858,,
154.2002,35.941513,202.022675,,
154.1002,35.878357,202.176422,,
154.0002,35.553543,202.062714,,
153.9002,35.072647,201.7258,,
153.8002,34.486801,201.317169,,
153.7002,33.728065,201.312256,,
153.6002,32.850502,202.013245,,
153.5002,32.085732,202.910309,,
153.4002,31.593311,203.11734,,
153.3002,31.348785,202.184265,,
153.2002,31.254765,200.472229,,
153.1002,31.259644,199.000946,,
153.0002,31.296577,198.535583,,
152.9002,31.365566,199.073273,,
152.8002,31.482246,200.323181,,
152.7002,31.646519,201.738953,,
152.6002,31.8545,202.484222,,
152.5002,32.091942,202.268738,,
152.4002,32.341347,201.621948,,
152.3002,32.639481,201.244598,,
152.2002,33.014618,201.291779,,
152.1002,33.445824,201.171844,,
152.0002,33.915115,199.948761,,
151.9002,34.19854,197.227661,,
151.8002,34.145355,193.974487,,
151.7002,33.647972,191.764282,,
151.6002,32.814667,191.268463,,
151.5002,31.792141,191.931,,
151.4002,30.291439,192.962219,,
151.3002,28.513241,193.724945,,
151.2002,26.784401,193.104126,,
151.1002,25.293427,189.645752,,
151.0002,23.990154,184.339478,,
150.9002,22.737469,179.736877,,
150.8002,21.833786,177.616791,,
150.7002,21.257133,177.658966,,
150.6002,20.846176,178.396118,,
150.5002,20.543785,178.615356,,
150.4002,20.308468,178.359253,,
150.3002,20.118076,178.593781,,
150.2002,19.987782,180.180939,,
150.1002,19.927151,181.873505,,
150.0002,19.993404,181.7966,,
149.9002,20.183666,180.070526,,
149.8002,20.433941,178.168396,,
149.7002,20.642754,177.171539,,
149.6002,20.891521,176.941956,,
149.5002,21.246483,177.063416,,
149.4002,21.790501,177.325653,,
149.3002,22.515121,177.315338,,
149.2002,23.375324,176.890808,,
149.1002,24.438892,176.392792,,
149.0002,25.585247,176.237885,,
148.9002,26.695045,176.6716,,
148.8002,27.613071,177.558167,,
148.7002,28.428288,178.145691,,
148.6002,29.235069,177.827393,,
148.5002,29.387169,176.811493,,
148.4002,28.967155,176.000458,,
148.3002,28.287388,175.936066,,
148.2002,27.536144,176.394104,,
148.1002,26.761135,177.187317,,
148.0002,25.915001,178.313019,,
147.9002,25.252705,179.495636,,
147.8002,24.961987,179.683502,,
147.7002,25.106323,178.518372,,
147.6002,25.739395,177.488373,,
147.5002,26.720009,177.902679,,
147.4002,28.022747,179.390991,,
147.3002,29.593727,180.736511,,
147.2002,31.174412,181.153839,,
147.1002,32.553406,180.705475,,
147.0002,33.935341,179.648071,,
146.9002,35.425415,178.396881,,
146.8002,36.699638,177.467804,,
146.7002,37.476135,177.362183,,
146.6002,37.697853,178.339478,,
146.5002,37.295746,180.279053,,
146.4002,36.300484,182.837006,,
146.3002,35.039986,185.988403,,
146.2002,33.657364,190.005341,,
146.1002,32.224281,194.426453,,
146.0002,30.777729,197.805054,,
145.9002,29.704075,198.682007,,
145.8002,29.181625,197.160431,,
145.7002,28.822449,194.544891,,
145.6002,28.635372,191.644318,,
145.5002,28.624775,189.644165,,
145.4002,28.75106,190.206055,,
145.3002,29.079945,193.177246,,
145.2002,29.496082,195.786163,,
145.1002,29.603287,195.754059,,
145.0002,29.216209,194.654846,,
144.9002,28.366905,195.624542,,
144.8002,27.471306,198.794403,,
144.7002,26.480537,201.437531,,
144.6002,25.336758,201.202271,,
144.5002,24.22961,198.304016,,
144.4002,23.361633,194.718658,,
144.3002,22.886219,191.757751,,
144.2002,22.646305,189.233307,,
144.1002,22.586555,186.240601,,
144.0002,22.585281,182.816864,,
143.9002,22.590027,180.154175,,
143.8002,22.543354,179.018677,,
143.7002,22.413849,179.159607,,
143.6002,22.270809,180.14505,,
143.5002,22.226974,181.619812,,
143.4002,22.394611,182.806671,,
143.3002,22.798927,182.840607,,
143.2002,23.377731,182.171021,,
143.1002,23.947227,181.921753,,
143.0002,24.577614,181.927856,,
142.9002,25.287773,181.628937,,
142.8002,25.988522,181.484375,,
142.7002,26.479187,182.012207,,
142.6002,26.556911,182.520355,,
142.5002,26.273815,182.306641,,
142.4002,25.802689,182.271088,,
142.3002,25.347237,183.042297,,
142.2002,24.965828,183.941437,,
142.1002,24.71114,184.781067,,
142.0002,24.529377,186.129822,,
141.9002,24.312,187.520416,,
141.8002,24.155281,187.122437,,
141.7002,24.177792,184.593109,,
141.6002,24.45042,181.735168,,
141.5002,24.887081,180.033813,,
141.4002,25.309483,179.651428,,
141.3002,25.599422,179.976959,,
141.2002,25.726795,180.006287,,
141.1002,25.747616,178.970184,,
141.0002,25.685543,177.116272,,
140.9002,25.556309,175.542694,,
140.8002,25.386684,174.837433,,
140.7002,25.179695,174.710846,,
140.6002,24.944714,174.853149,,
140.5002,24.715721,174.882843,,
140.4002,24.556622,174.370575,,
140.3002,24.430202,173.43338,,
140.2002,24.266174,173.06076,,
140.1002,23.910206,173.90506,,
140.0002,23.422462,174.972198,,
139.9002,22.890457,175.338715,,
139.8002,22.247303,175.194092,,
139.7002,21.446495,174.990814,,
139.6002,20.561275,174.747192,,
139.5002,19.942013,174.285278,,
139.4002,19.622353,173.812164,,
139.3002,19.508778,173.429413,,
139.2002,19.89109,172.89267,,
139.1002,20.551929,172.032867,,
139.0002,21.286106,170.882568,,
138.9002,22.092621,169.745148,,
138.8002,22.867619,169.323486,,
138.7002,23.54974,169.730316,,
138.6002,24.038044,170.282654,,
138.5002,24.406654,170.409027,,
138.4002,24.752728,170.220184,,
138.3002,25.047718,170.214447,,
138.2002,25.292301,170.600159,,
138.1002,25.493752,171.179108,,
138.0002,25.620525,171.596039,,
137.9002,25.654686,171.773132,,
137.8002,25.549568,171.934052,,
137.7002,25.645226,172.390717,,
137.6002,25.951176,173.025085,,
137.5002,26.146507,173.450684,,
137.4002,26.159943,173.554626,,
137.3002,26.12431,173.541901,,
137.2002,26.257248,173.681702,,
137.1002,26.360149,174.125916,,
137.0002,26.235928,174.792786,,
136.9002,25.94413,175.435425,,
136.8002,25.577103,175.856567,,
136.7002,25.227638,175.966858,,
136.6002,24.841366,175.850586,,
136.5002,24.405674,175.657623,,
136.4002,23.963001,175.383331,,
136.3002,23.515221,174.83374,,
136.2002,23.083714,174.006134,,
136.1002,22.73064,173.171082,,
136.0002,22.702591,172.511353,,
135.9002,23.053303,172.076508,,
135.8002,23.504341,171.833344,,
135.7002,24.019356,171.657715,,
135.6002,24.576916,171.426758,,
135.5002,25.185135,171.115997,,
135.4002,25.76495,170.846619,,
135.3002,26.228519,170.844116,,
135.2002,26.640022,171.35611,,
135.1002,27.024525,172.65741,,
135.0002,27.380276,174.910309,,
134.9002,27.631115,178.275391,,
134.8002,27.592876,182.987213,,
134.7002,27.16309,188.488281,,
134.6002,26.5424,193.17392,,
134.5002,25.776398,195.410187,,
134.4002,24.938213,195.090881,,
134.3002,24.095669,193.292023,,
134.2002,23.317863,191.145569,,
134.1002,22.624447,189.073792,,
134.0002,21.996616,187.190491,,
133.9002,21.464241,185.558105,,
133.8002,21.028473,184.102173,,
133.7002,20.706135,182.660248,,
133.6002,20.533447,180.924744,,
133.5002,20.512768,178.754517,,
133.4002,20.678856,176.512451,,
133.3002,21.079926,174.653625,,
133.2002,21.658436,173.315643,,
133.1002,22.327553,172.380524,,
133.0002,23.034882,171.552307,,
132.9002,23.773911,170.545563,,
132.8002,24.494762,169.146851,,
132.7002,25.057755,167.339355,,
132.6002,25.308064,165.642303,,
132.5002,25.198101,164.943085,,
132.4002,24.841846,165.629791,,
132.3002,24.488014,167.052368,,
132.2002,24.221733,168.3172,,
132.1002,24.123161,169.228271,,
132.0002,24.212868,170.281433,,
131.9002,24.586727,171.980774,,
131.8002,25.209114,174.123962,,
131.7002,25.999428,176.151031,,
131.6002,26.890392,177.76825,,
131.5002,27.750511,178.77713,,
131.4002,28.547035,178.901825,,
131.3002,29.26355,178.066254,,
131.2002,29.842155,176.529816,,
131.1002,30.14336,174.415131,,
131.0002,30.142574,171.734863,,
130.9002,29.926208,169.453308,,
130.8002,29.439495,169.073456,,
130.7002,28.739494,170.49353,,
130.6002,27.947105,172.57016,,
130.5002,27.159454,174.685974,,
130.4002,26.529568,176.965759,,
130.3002,26.065689,180.761566,,
130.2002,25.731125,186.727478,,
130.1002,25.392426,192.049469,,
130.0002,24.969959,193.960724,,
129.9002,24.383114,192.956329,,
129.8002,23.667126,190.780853,,
129.7002,22.892487,188.495056,,
129.6002,22.305813,186.576508,,
129.5002,21.933441,185.564209,,
129.4002,21.729656,185.8703,,
129.3002,21.832855,187.814301,,
129.2002,22.186378,191.915405,,
129.1002,22.709587,197.010376,,
129.0002,23.322018,199.958191,,
128.9002,23.873009,198.136536,,
128.8002,24.242485,192.822632,,
128.7002,24.403278,188.028748,,
128.6002,24.440521,185.75235,,
128.5002,24.411839,185.335999,,
128.4002,24.337559,185.770721,,
128.3002,24.260006,186.618317,,
128.2002,24.224678,187.920593,,
128.1002,24.32132,189.999725,,
128.0002,24.540123,192.687988,,
127.9002,24.869919,195.457184,,
127.8002,25.255283,197.337708,,
127.7002,25.648243,197.31778,,
127.6002,26.059715,194.31485,,
127.5002,26.480698,187.18222,,
127.4002,26.907257,178.176483,,
127.3002,27.336723,171.87326,,
127.2002,27.785004,171.214203,,
127.1002,28.257095,174.930695,,
127.0002,28.658962,180.072601,,
126.9002,28.83807,184.794922,,
126.8002,28.778149,188.97995,,
126.7002,28.51923,192.747559,,
126.6002,28.181534,195.989258,,
126.5002,27.854683,198.37085,,
126.4002,27.514004,199.322998,,
126.3002,27.180958,198.431885,,
126.2002,26.920963,194.957764,,
126.1002,26.743706,188.581268,,
126.0002,26.636665,181.670685,,
125.9002,26.599747,177.22403,,
125.8002,26.807884,175.248199,,
125.7002,27.25742,174.402954,,
125.6002,27.758873,174.348297,,
125.5002,28.27544,174.760284,,
125.4002,28.821449,174.065308,,
125.3002,29.445774,171.190857,,
125.2002,30.124775,168.042084,,
125.1002,30.812107,166.891754,,
125.0002,31.508331,167.698792,,
124.9002,32.227478,169.576599,,
124.8002,33.026413,172.133087,,
124.7002,34.022881,175.090057,,
124.6002,35.216331,178.316498,,
124.5002,36.33596,181.430145,,
124.4002,37.134796,183.828247,,
124.3002,37.500275,185.027405,,
124.2002,37.627754,184.740601,,
124.1002,37.698608,182.825714,,
124.0002,37.847466,179.219849,,
123.9002,38.147285,174.205475,,
123.8002,38.724586,168.521545,,
123.7002,39.808182,163.632172,,
123.6002,41.395439,160.511261,,
123.5002,43.074448,158.815521,,
123.4002,44.519699,157.924408,,
123.3002,45.998466,157.922791,,
123.2002,47.66748,159.131104,,
123.1002,49.401215,161.549225,,
123.0002,50.742737,165.038696,,
122.9002,51.717255,169.603973,,
122.8002,52.325905,174.872559,,
122.7002,52.549484,179.890625,,
122.6002,52.307693,183.612091,,
122.5002,51.672485,185.768585,,
122.4002,50.826553,186.610413,,
122.3002,49.852364,186.544769,,
122.2002,48.928543,185.944946,,
122.1002,48.206551,185.083313,,
122.0002,47.701271,184.056427,,
121.9002,47.333923,182.835724,,
121.8002,47.156235,181.639221,,
121.7002,47.189377,180.989868,,
121.6002,47.250839,181.228058,,
121.5002,47.005783,182.011871,,
121.4002,46.127983,182.667725,,
121.3002,44.638794,182.76358,,
121.2002,42.607307,182.148499,,
121.1002,40.513847,180.797882,,
121.0002,38.797417,178.980225,,
120.9002,36.950974,177.222473,,
120.8002,34.968025,175.931091,,
120.7002,33.136681,175.417938,,
120.6002,31.493809,175.90152,,
120.5002,29.949982,177.135284,,
120.4002,28.450729,178.458344,,
120.3002,27.217964,179.45285,,
120.2002,26.220901,180.070923,,
120.1002,25.294304,180.409851,,
120.0002,24.603611,180.471497,,
119.9002,24.235424,180.109863,,
119.8002,24.150307,179.179657,,
119.7002,24.5471,177.816589,,
119.6002,25.231987,176.802521,,
119.5002,26.00415,176.67218,,
119.4002,26.488037,177.129547,,
119.3002,26.628712,177.731506,,
119.2002,26.480129,178.325134,,
119.1002,26.237545,178.858032,,
119.0002,26.008896,179.168396,,
118.9002,25.804062,179.167755,,
118.8002,25.6987,179.054016,,
118.7002,25.69928,179.013428,,
118.6002,25.815765,178.98642,,
118.5002,25.978451,178.773529,,
118.4002,26.118168,178.576904,,
118.3002,26.158825,178.748444,,
118.2002,26.07737,179.281525,,
118.1002,25.897411,179.92746,,
118.0002,25.605556,180.465942,,
117.9002,25.215633,180.770691,,
117.8002,24.755566,180.72052,,
117.7002,24.209023,180.295715,,
117.6002,23.664417,179.717896,,
117.5002,23.213467,179.263702,,
117.4002,23.081139,178.986389,,
117.3002,23.38776,178.625824,,
117.2002,24.102909,177.95224,,
117.1002,25.788498,177.096375,,
117.0002,28.123333,176.747559,,
116.9002,30.589981,177.172577,,
116.8002,33.629936,177.860016,,
116.7002,36.618568,178.230927,,
116.6002,38.930893,178.433319,,
116.5002,40.575279,179.046021,,
116.4002,41.704323,179.809784,,
116.3002,42.413361,180.712891,,
116.2002,42.574234,182.623474,,
116.1002,42.261803,184.352509,,
116.0002,41.551155,183.794067,,
115.9002,40.622383,180.909363,,
115.8002,39.865562,178.006256,,
115.7002,39.607384,176.808868,,
115.6002,40.030594,176.9422,,
115.5002,40.867012,177.761475,,
115.4002,41.709846,179.177704,,
115.3002,42.137863,180.492096,,
115.2002,42.045235,180.878815,,
115.1002,41.570465,180.51181,,
115.0002,40.307693,180.622681,,
114.9002,38.327835,181.840393,,
114.8002,36.641411,183.461151,,
114.7002,35.62236,184.829956,,
114.6002,34.852951,185.931244,,
114.5002,33.932648,186.731262,,
114.4002,32.745796,186.937653,,
114.3002,31.540874,186.287994,,
114.2002,30.401958,184.971619,,
114.1002,29.368233,183.440002,,
114.0002,28.471958,182.206604,,
113.9002,28.014114,181.665192,,
113.8002,28.139263,181.521271,,
113.7002,28.511677,180.780579,,
113.6002,29.240631,178.461029,,
113.5002,30.370033,174.26535,,
113.4002,31.623623,169.358368,,
113.3002,32.862679,165.905792,,
113.2002,33.895134,165.410431,,
113.1002,34.629761,167.71756,,
113.0002,34.892593,171.68512,,
112.9002,34.635124,176.097168,,
112.8002,34.130775,179.64035,,
112.7002,33.456627,181.649261,,
112.6002,32.773193,182.191528,,
112.5002,32.10482,181.86377,,
112.4002,31.502377,181.30542,,
112.3002,31.026501,180.924652,,
112.2002,30.621696,180.841888,,
112.1002,30.223392,181.011017,,
112.0002,29.762562,181.359344,,
111.9002,29.250374,181.820648,,
111.8002,28.614403,182.340607,,
111.7002,27.812202,182.914093,,
111.6002,26.996365,183.562012,,
111.5002,26.294376,184.252625,,
111.4002,25.700691,184.838043,,
111.3002,25.123062,185.070862,,
111.2002,24.532936,184.848358,,
111.1002,23.955204,184.472382,,
111.0002,23.458187,184.583771,,
110.9002,23.172844,185.788696,,
110.8002,23.163124,187.778839,,
110.7002,23.487427,189.181183,,
110.6002,24.103569,189.100067,,
110.5002,24.862522,187.791138,,
110.4002,25.595394,185.856873,,
110.3002,26.112488,183.781921,,
110.2002,26.350079,181.99823,,
110.1002,26.443954,180.626282,,
110.0002,26.600628,179.517792,,
109.9002,26.903282,178.588135,,
109.8002,27.366943,177.801025,,
109.7002,27.904888,176.975616,,
109.6002,28.429203,175.781891,,
109.5002,28.983391,174.101044,,
109.4002,29.577221,172.693298,,
109.3002,30.209801,172.357513,,
109.2002,30.554783,172.931915,,
109.1002,30.409885,173.841888,,
109.0002,29.55352,174.86731,,
108.9002,28.455524,176.036774,,
108.8002,27.475914,177.300598,,
108.7002,26.618614,178.4104,,
108.6002,25.792114,178.753387,,
108.5002,24.914799,178.235626,,
108.4002,23.915699,177.499237,,
108.3002,22.902374,177.51413,,
108.2002,21.970718,178.484222,,
108.1002,21.422794,179.805328,,
108.0002,21.290215,180.762634,,
107.9002,21.431335,181.730591,,
107.8002,21.730099,183.189514,,
107.7002,22.039532,183.744263,,
107.6002,22.305405,182.644745,,
107.5002,22.466442,180.831421,,
107.4002,22.552704,179.439362,,
107.3002,22.599094,178.827301,,
107.2002,22.512047,178.870422,,
107.1002,22.436062,179.574951,,
107.0002,22.502693,181.070007,,
106.9002,22.838749,183.16925,,
106.8002,23.331448,184.976074,,
106.7002,23.856075,185.923553,,
106.6002,24.379673,186.641113,,
106.5002,24.799458,188.099792,,
106.4002,24.987194,190.491638,,
106.3002,24.790886,193.025879,,
106.2002,24.282642,194.084564,,
106.1002,23.570591,193.076782,,
106.0002,22.779209,191.427032,,
105.9002,21.983601,190.325256,,
105.8002,21.178741,189.782013,,
105.7002,20.630383,189.761627,,
105.6002,20.43618,190.983612,,
105.5002,20.524529,193.356262,,
105.4002,20.77504,194.151001,,
105.3002,21.028454,192.421814,,
105.2002,21.234707,190.436279,,
105.1002,21.413166,189.108307,,
105.0002,21.61042,187.653229,,
104.9002,21.822536,185.454834,,
104.8002,21.99939,182.463806,,
104.7002,22.086613,179.462433,,
104.6002,22.003292,177.471558,,
104.5002,21.763634,176.355804,,
104.4002,21.524773,175.319855,,
104.3002,21.568626,174.930176,,
104.2002,21.979496,177.023773,,
104.1002,22.480156,181.995514,,
104.0002,22.955036,187.587708,,
103.9002,23.320755,191.561554,,
103.8002,23.657639,193.950348,,
103.7002,23.984425,195.821899,,
103.6002,24.348263,197.864563,,
103.5002,24.74884,199.983246,,
103.4002,25.008732,201.711426,,
103.3002,24.946487,202.815613,,
103.2002,24.606251,203.241669,,
103.1002,23.993645,202.573578,,
103.0002,23.239418,199.684875,,
102.9002,22.482895,193.499451,,
102.8002,21.843193,184.786682,,
102.7002,21.419979,176.478088,,
102.6002,21.234856,172.025787,,
102.5002,21.313015,171.767914,,
102.4002,21.498459,173.636414,,
102.3002,21.569553,175.878479,,
102.2002,21.652092,177.673401,,
102.1002,22.08049,178.637054,,
102.0002,22.769222,178.761749,,
101.9002,23.598873,178.313538,,
101.8002,24.308365,177.67453,,
101.7002,24.867882,177.29837,,
101.6002,25.302147,177.278839,,
101.5002,25.703205,177.341644,,
101.4002,25.986801,177.360077,,
101.3002,26.092209,177.448029,,
101.2002,26.064461,177.660217,,
101.1002,25.879612,177.884216,,
101.0002,25.587444,177.997742,,
100.9002,25.311592,178.076538,,
100.8002,25.042862,178.311371,,
100.7002,24.792927,178.731293,,
100.6002,24.576359,179.155579,,
100.5002,24.407253,179.41275,,
100.4002,24.295055,179.416626,,
100.3002,24.230907,179.164246,,
100.2002,24.209599,178.742523,,
100.1002,24.200218,178.166046,,
100.0002,24.173923,177.262054,,
99.9002,24.136253,175.925751,,
99.8002,24.100933,174.505127,,
99.7002,24.074406,173.647919,,
99.6002,23.967529,173.561859,,
99.5002,23.740486,174.008026,,
99.4002,23.415127,174.733612,,
99.3002,23.004337,175.486572,,
99.2002,22.562721,175.924286,,
99.1002,22.161533,175.778381,,
99.0002,21.807114,174.963318,,
98.9002,21.487289,173.452789,,
98.8002,21.242386,171.475464,,
98.7002,21.076977,169.759583,,
98.6002,20.977345,168.967224,,
98.5002,20.993233,169.098907,,
98.4002,21.044388,169.779785,,
98.3002,21.052841,170.722839,,
98.2002,20.912094,171.914917,,
98.1002,20.577133,173.30423,,
98.0002,20.090542,174.639618,,
97.9002,19.605797,175.720367,,
97.8002,19.31461,176.522308,,
97.7002,19.282173,177.192963,,
97.6002,19.41412,178.072723,,
97.5002,19.583046,179.656219,,
97.4002,19.741482,182.172119,,
97.3002,19.896027,185.281677,,
97.2002,20.044353,187.954315,,
97.1002,20.184311,189.433838,,
97.0002,20.328388,189.268555,,
96.9002,20.572285,187.438995,,
96.8002,21.040062,184.645966,,
96.7002,21.42952,182.440918,,
96.6002,21.646294,181.737793,,
96.5002,21.718052,182.488739,,
96.4002,21.701088,184.162506,,
96.3002,21.637028,186.197968,,
96.2002,21.517895,187.956177,,
96.1002,21.357239,188.592407,,
96.0002,21.16864,188.010132,,
95.9002,20.94574,186.738281,,
95.8002,20.65937,185.317383,,
95.7002,20.335484,184.037048,,
95.6002,20.08551,182.967773,,
95.5002,19.935329,181.892548,,
95.4002,19.865536,180.378693,,
95.3002,19.944122,178.202026,,
95.2002,20.180344,175.804169,,
95.1002,20.519142,174.003632,,
95.0002,20.871708,173.357788,,
94.9002,21.104698,173.747955,,
94.8002,21.159325,174.734924,,
94.7002,21.138454,176.249725,,
94.6002,21.144295,178.802612,,
94.5002,21.203526,182.287506,,
94.4002,21.276176,185.460144,,
94.3002,21.369236,186.891876,,
94.2002,21.527699,186.032379,,
94.1002,21.758865,183.42749,,
94.0002,22.03249,180.28241,,
93.9002,22.303032,177.875305,,
93.8002,22.523335,176.684601,,
93.7002,22.643669,176.508728,,
93.6002,22.659126,176.933685,,
93.5002,22.519547,177.820709,,
93.4002,22.2649,179.032104,,
93.3002,22.060959,180.157532,,
93.2002,22.246853,180.68158,,
93.1002,22.961494,180.299164,,
93.0002,23.775253,179.16745,,
92.9002,24.590679,177.658081,,
92.8002,25.370831,176.16571,,
92.7002,25.982754,174.889709,,
92.6002,26.230213,173.923157,,
92.5002,26.082199,173.688721,,
92.4002,25.680836,175.039337,,
92.3002,25.231289,178.087494,,
92.2002,24.95631,181.720764,,
92.1002,24.686218,184.705933,,
92.0002,24.322369,186.501587,,
91.9002,23.91098,187.041382,,
91.8002,23.494507,185.880768,,
91.7002,23.068943,182.835083,,
91.6002,22.578209,178.908478,,
91.5002,22.049328,175.964203,,
91.4002,21.512928,174.98584,,
91.3002,20.995968,175.816681,,
91.2002,20.516453,178.286682,,
91.1002,20.105545,182.328979,,
91.0002,19.820137,187.113281,,
90.9002,19.735832,191.388245,,
90.8002,19.842094,194.087158,,
90.7002,19.973694,194.643524,,
90.6002,20.048374,193.22934,,
90.5002,19.990116,190.307617,,
90.4002,19.820816,186.449799,,
90.3002,19.648262,182.14798,,
90.2002,19.634659,178.205292,,
90.1002,19.853127,175.772797,,
90.0002,20.273571,175.299072,,
89.9002,20.743416,176.296661,,
89.8002,21.217583,177.935455,,
89.7002,21.688377,179.753113,,
89.6002,22.122551,181.637512,,
89.5002,22.439266,183.663818,,
89.4002,22.586113,185.89743,,
89.3002,22.602127,188.380524,,
89.2002,22.520275,191.205536,,
89.1002,22.419083,194.416321,,
89.0002,22.363846,197.614166,,
88.9002,22.390942,199.560577,,
88.8002,22.636021,199.041077,,
88.7002,23.130413,196.099518,,
88.6002,23.739403,192.164948,,
88.5002,24.368061,189.121307,,
88.4002,24.985313,188.18399,,
88.3002,25.406261,189.296082,,
88.2002,25.628071,191.571381,,
88.1002,25.725117,194.034637,,
88.0002,25.699158,196.071228,,
87.9002,25.581154,197.637787,,
87.8002,25.387218,198.892456,,
87.7002,25.140171,199.914642,,
87.6002,24.832573,200.773987,,
87.5002,24.446091,201.560059,,
87.4002,23.870995,202.475494,,
87.3002,23.164242,203.680237,,
87.2002,22.42141,204.897766,,
87.1002,21.693871,205.472443,,
87.0002,21.01305,205.310059,,
86.9002,20.423901,204.936493,,
86.8002,20.068398,204.775574,,
86.7002,19.894009,204.670929,,
86.6002,19.779167,204.444794,,
86.5002,19.511398,204.492065,,
86.4002,19.144733,204.915436,,
86.3002,18.935448,205.329193,,
86.2002,19.059925,205.208893,,
86.1002,19.418766,204.318146,,
86.0002,19.792217,202.832794,,
85.9002,20.10376,201.522064,,
85.8002,20.370094,200.918457,,
85.7002,20.567341,201.144562,,
85.6002,20.628353,202.188599,,
85.5002,20.54224,203.860016,,
85.4002,20.222912,205.70401,,
85.3002,19.779644,206.959412,,
85.2002,19.315716,207.104889,,
85.1002,18.90556,206.088104,,
85.0002,18.662605,204.841736,,
84.9002,18.623077,204.166779,,
84.8002,18.879124,204.001526,,
84.7002,19.30555,203.951599,,
84.6002,19.749825,203.844635,,
84.5002,20.082409,203.701599,,
84.4002,20.242928,203.55069,,
84.3002,20.215004,203.400391,,
84.2002,20.081703,203.250153,,
84.1002,19.937748,203.099518,,
84.0002,19.791199,202.948822,,
83.9002,19.677731,202.798492,,
83.8002,19.603275,202.646881,,
83.7002,19.53503,202.49707,,
83.6002,19.461029,202.347046,,
83.5002,19.381462,202.194733,,
83.4002,19.311741,202.044281,,
83.3002,19.293739,201.894318,,
83.2002,19.362881,201.743622,,
83.1002,19.535099,201.593353,,
83.0002,19.802803,201.441803,,
82.9002,20.095833,201.291809,,
82.8002,20.399273,201.143585,,
82.7002,20.703041,201.021698,,
82.6002,20.98748,201.060913,,
82.5002,21.24379,201.451111,,
82.4002,21.504745,201.923279,,
82.3002,21.800926,201.418945,,
82.2002,22.012836,199.183228,,
82.1002,22.02758,195.700195,,
82.0002,21.89835,192.31665,,
81.9002,21.775459,190.303955,,
81.8002,21.784626,190.457275,,
81.7002,21.822746,192.344879,,
81.6002,21.843548,194.566162,,
81.5002,21.792473,195.883667,,
81.4002,21.695679,196.091644,,
81.3002,21.614708,195.34668,,
81.2002,21.653465,193.885712,,
81.1002,21.801361,192.51825,,
81.0002,21.850224,192.47998,,
80.9002,21.58601,193.964355,,
80.8002,21.19717,195.773407,,
80.7002,20.811584,196.948944,,
80.6002,20.567905,197.663361,,
80.5002,20.442459,198.121368,,
80.4002,20.455826,198.263214,,
80.3002,20.561703,198.386261,,
80.2002,20.671501,199.273743,,
80.1002,20.613434,201.263794,,
80.0002,20.290462,203.5401,,
79.9002,19.876049,204.752991,,
79.8002,19.45956,204.286255,,
79.7002,19.137306,202.359344,,
79.6002,19.13216,199.478302,,
79.5002,19.473835,196.298798,,
79.4002,19.937576,193.641479,,
79.3002,20.497219,192.138702,,
79.2002,21.130009,191.979919,,
79.1002,21.789501,192.971313,,
79.0002,22.530071,194.609863,,
78.9002,23.326748,196.311066,,
78.8002,24.089134,197.53952,,
78.7002,24.958366,198.027802,,
78.6002,26.075451,197.785767,,
78.5002,27.477856,196.953278,,
78.4002,29.46825,195.385864,,
78.3002,32.00634,192.578888,,
78.2002,34.97699,188.934082,,
78.1002,37.669792,186.503571,,
78.0002,39.587776,186.475037,,
77.9002,40.728676,188.100861,,
77.8002,40.971176,190.432373,,
77.7002,40.589996,192.832214,,
77.6002,39.76635,194.936646,,
77.5002,38.349487,196.549194,,
77.4002,36.380478,197.717072,,
77.3002,33.842697,198.60144,,
77.2002,31.389977,199.318207,,
77.1002,29.211048,199.874176,,
77.0002,27.182747,200.249725,,
76.9002,25.564915,200.669586,,
76.8002,24.226521,201.532349,,
76.7002,22.804352,202.750427,,
76.6002,21.875408,203.33844,,
76.5002,21.622604,202.906189,,
76.4002,21.835258,202.00415,,
76.3002,22.173653,201.072662,,
76.2002,22.451797,200.171387,,
76.1002,22.41198,199.26358,,
76.0002,22.122292,198.394196,,
75.9002,21.72308,197.639618,,
75.8002,21.38866,196.944824,,
75.7002,21.154629,196.068787,,
75.6002,20.995281,194.541656,,
75.5002,20.926537,191.955933,,
75.4002,20.948509,189.012451,,
75.3002,21.051041,186.851593,,
75.2002,21.266418,186.149933,,
75.1002,21.519058,187.34906,,
75.0002,21.733665,190.229614,,
74.9002,21.925682,193.974701,,
74.8002,22.105255,196.997864,,
74.7002,22.270821,198.347229,,
74.6002,22.373795,198.24942,,
74.5002,22.418522,197.563263,,
74.4002,22.434143,196.989929,,
74.3002,22.593044,197.005615,,
74.2002,22.865261,197.821014,,
74.1002,23.070976,199.411255,,
74.0002,23.044075,201.532471,,
73.9002,22.822906,203.448486,,
73.8002,22.556313,204.367889,,
73.7002,22.32774,204.180969,,
73.6002,22.158279,203.492035,,
73.5002,22.110775,202.936218,,
73.4002,22.196617,202.755066,,
73.3002,22.339718,202.858795,,
73.2002,22.438416,203.095032,,
73.1002,22.421494,203.229034,,
73.0002,22.304695,202.642914,,
72.9002,22.141312,200.823517,,
72.8002,22.00106,198.464294,,
72.7002,21.943428,196.691254,,
72.6002,22.063549,195.683655,,
72.5002,22.404972,195.036102,,
72.4002,22.883606,194.463745,,
72.3002,23.436146,193.518219,,
72.2002,23.993057,191.504028,,
72.1002,24.528011,188.575226,,
72.0002,25.034298,186.367188,,
71.9002,25.474583,185.927246,,
71.8002,25.763966,186.626038,,
71.7002,25.891533,187.702454,,
71.6002,25.908279,189.060852,,
71.5002,25.891087,190.673065,,
71.4002,25.830261,192.346802,,
71.3002,25.742371,193.510956,,
71.2002,25.726894,193.408356,,
71.1002,25.933056,192.093597,,
71.0002,26.419857,190.825256,,
70.9002,26.961525,191.009369,,
70.8002,27.482288,192.782745,,
70.7002,27.87719,195.026367,,
70.6002,28.014645,196.818359,,
70.5002,27.816078,198.058472,,
70.4002,27.388264,199.041595,,
70.3002,26.81316,200.023682,,
70.2002,26.125126,201.094818,,
70.1002,25.375488,202.326202,,
70.0002,24.635296,203.603424,,
69.9002,23.963398,204.400818,,
69.8002,23.347118,204.109894,,
69.7002,22.870773,202.772156,,
69.6002,22.705315,201.465118,,
69.5002,22.895367,201.397919,,
69.4002,23.366745,202.668945,,
69.3002,23.96653,204.458099,,
69.2002,24.512127,205.975372,,
69.1002,24.849728,206.836945,,
69.0002,24.917904,207.119751,,
68.9002,24.834629,206.82901,,
68.8002,24.543312,205.618835,,
68.7002,24.087955,203.325806,,
68.6002,23.590721,200.709503,,
68.5002,23.101387,199.120697,,
68.4002,22.638985,199.455078,,
68.3002,22.189262,201.439331,,
68.2002,21.820267,203.929504,,
68.1002,21.607761,205.753784,,
68.0002,21.622467,206.201263,,
67.9002,21.814152,205.032715,,
67.8002,22.057846,202.496307,,
67.7002,22.299702,199.546661,,
67.6002,22.363823,197.294495,,
67.5002,22.273415,196.175415,,
67.4002,22.240883,195.832581,,
67.3002,22.203259,195.737488,,
67.2002,22.106701,194.923828,,
67.1002,22.022198,192.218872,,
67.0002,21.980263,187.586823,,
66.9002,21.972878,182.734253,,
66.8002,22.001331,179.301331,,
66.7002,22.0639,177.485962,,
66.6002,22.153637,176.552094,,
66.5002,22.275208,176.078705,,
66.4002,22.421799,176.152344,,
66.3002,22.573875,176.848022,,
66.2002,22.505096,178.100159,,
66.1002,22.167191,179.759705,,
66.0002,21.609695,181.730988,,
65.9002,21.238815,183.723633,,
65.8002,21.187252,185.081268,,
65.7002,21.439938,185.121155,,
65.6002,21.899727,183.471466,,
65.5002,22.465237,180.432404,,
65.4002,23.100651,177.044342,,
65.3002,23.769794,174.703217,,
65.2002,24.419312,173.887939,,
65.1002,24.991409,174.314789,,
65.0002,25.433651,175.561951,,
64.9002,25.751965,177.501678,,
64.8002,25.909683,180.091492,,
64.7002,25.921947,183.210968,,
64.6002,25.837299,186.042969,,
64.5002,25.660683,187.680023,,
64.4002,25.399849,187.932007,,
64.3002,25.078926,186.947906,,
64.2002,24.699249,185.187653,,
64.1002,24.302689,183.649933,,
64.0002,23.95195,183.564941,,
63.9002,23.740578,185.546814,,
63.8002,23.703362,189.12738,,
63.7002,23.77087,192.770142,,
63.6002,23.827194,195.324615,,
63.5002,23.851101,196.673035,,
63.4002,23.872887,197.191284,,
63.3002,23.897766,197.071655,,
63.2002,23.920841,196.561401,,
63.1002,23.937721,196.636108,,
63.0002,23.948948,198.354767,,
62.9002,23.934799,200.90155,,
62.8002,23.872086,202.274048,,
62.7002,23.571423,201.429932,,
62.6002,23.043938,199.61438,,
62.5002,22.498238,198.984711,,
62.4002,22.176044,200.218994,,
62.3002,22.131023,201.846436,,
62.2002,22.113773,201.913086,,
62.1002,22.191673,199.848846,,
62.0002,22.378906,196.419678,,
61.9002,22.569893,192.632904,,
61.8002,22.689896,189.230652,,
61.7002,22.720016,186.840515,,
61.6002,22.739338,186.248535,,
61.5002,22.753521,187.68689,,
61.4002,22.75478,190.293335,,
61.3002,22.746338,192.624908,,
61.2002,22.744358,193.513153,,
61.1002,22.766651,192.579407,,
61.0002,22.797302,190.49469,,
60.9002,22.831524,189.033325,,
60.8002,22.908886,189.569824,,
60.7002,23.153141,191.496643,,
60.6002,23.616184,193.227264,,
60.5002,24.142487,193.83606,,
60.4002,24.523731,193.083221,,
60.3002,24.663181,190.97171,,
60.2002,24.699299,187.408844,,
60.1002,24.672531,182.60672,,
60.0002,24.74976,177.836334,,
59.9002,25.123386,175.017822,,
59.8002,25.595543,174.550995,,
59.7002,25.9739,175.389404,,
59.6002,26.24688,176.460388,,
59.5002,26.485683,177.396942,,
59.4002,26.743656,178.447205,,
59.3002,26.971069,179.958984,,
59.2002,27.176311,182.236053,,
59.1002,27.36475,185.293335,,
59.0002,27.531212,188.75766,,
58.9002,27.603043,191.6521,,
58.8002,27.561039,192.444214,,
58.7002,27.512173,190.240936,,
58.6002,27.455395,186.044952,,
58.5002,27.297066,182.3526,,
58.4002,26.877937,181.530853,,
58.3002,26.313496,184.480072,,
58.2002,25.823452,189.481323,,
58.1002,25.450272,193.135101,,
58.0002,25.182346,193.595459,,
57.9002,24.962513,191.747101,,
57.8002,24.836521,189.265778,,
57.7002,24.781593,187.077393,,
57.6002,24.741516,185.35083,,
57.5002,24.740067,184.165344,,
57.4002,24.809685,183.43277,,
57.3002,24.930977,182.596802,,
57.2002,25.006184,181.039276,,
57.1002,24.909348,179.079163,,
57.0002,24.652245,177.940094,,
56.9002,24.529514,178.523712,,
56.8002,24.551403,180.566986,,
56.7002,24.595634,183.177551,,
56.6002,24.636311,185.680634,,
56.5002,24.682003,187.237122,,
56.4002,24.744286,187.11618,,
56.3002,24.764877,185.186737,,
56.2002,24.754047,182.121124,,
56.1002,24.741898,179.071655,,
56.0002,24.703499,177.128967,,
55.9002,24.547379,177.426422,,
55.8002,24.189018,179.529877,,
55.7002,23.790981,181.2435,,
55.6002,23.573029,181.798004,,
55.5002,23.690845,181.825928,,
55.4002,24.012486,181.326996,,
55.3002,24.236965,179.880005,,
55.2002,24.086914,177.73288,,
55.1002,23.590237,176.128601,,
55.0002,23.03215,175.620331,,
54.9002,22.699142,175.878021,,
54.8002,22.704906,176.677094,,
54.7002,22.938049,177.901825,,
54.6002,23.295464,179.394714,,
54.5002,23.750011,180.985321,,
54.4002,24.217285,182.542206,,
54.3002,24.419434,183.765228,,
54.2002,24.492813,184.116547,,
54.1002,24.613281,183.481964,,
54.0002,24.921532,182.251648,,
53.9002,25.445206,181.059387,,
53.8002,26.134033,180.015015,,
53.7002,26.982468,178.901886,,
53.6002,27.888779,178.109741,,
53.5002,28.765068,178.102905,,
53.4002,29.520729,178.798157,,
53.3002,30.081783,179.892517,,
53.2002,30.420937,181.271973,,
53.1002,30.327599,183.081665,,
53.0002,29.805431,185.285553,,
52.9002,28.99929,187.443115,,
52.8002,28.08427,189.175751,,
52.7002,27.285667,190.298859,,
52.6002,26.662842,191.021759,,
52.5002,26.179394,191.652954,,
52.4002,25.751251,192.40744,,
52.3002,25.319359,193.417664,,
52.2002,24.891766,194.75943,,
52.1002,24.585239,196.315674,,
52.0002,24.585823,197.919769,,
51.9002,24.882462,199.656738,,
51.8002,25.206001,201.524902,,
51.7002,25.291161,203.333588,,
51.6002,25.084991,204.851715,,
51.5002,24.756851,205.919037,,
51.4002,24.428017,206.578888,,
51.3002,24.159958,206.889893,,
51.2002,23.960758,206.890839,,
51.1002,23.811508,206.630066,,
51.0002,23.666504,206.113831,,
50.9002,23.457836,205.326385,,
50.8002,23.190029,204.274231,,
50.7002,22.892204,202.9953,,
50.6002,22.620388,201.534515,,
50.5002,22.425808,199.987366,,
50.4002,22.402908,198.437531,,
50.3002,22.588142,196.852203,,
50.2002,22.95813,195.220154,,
50.1002,23.44009,193.361816,,
50.0002,23.90942,190.916779,,
49.9002,24.343163,188.035187,,
49.8002,24.704903,185.96405,,
49.7002,24.958794,185.884216,,
49.6002,25.070309,186.949951,,
49.5002,25.055088,187.486572,,
49.4002,24.983017,187.262604,,
49.3002,24.847607,186.742828,,
49.2002,24.694477,186.103546,,
49.1002,24.643555,185.265442,,
49.0002,24.767788,184.099152,,
48.9002,25.017262,182.989532,,
48.8002,25.169884,182.961182,,
48.7002,25.119873,184.539032,,
48.6002,24.901794,186.913879,,
48.5002,24.690327,188.625397,,
48.4002,24.661392,189.161316,,
48.3002,24.883614,189.022156,,
48.2002,25.193779,188.683594,,
48.1002,25.498043,188.508667,,
48.0002,25.745789,189.049591,,
47.9002,25.978195,190.569031,,
47.8002,26.240398,192.388702,,
47.7002,26.561775,193.76059,,
47.6002,26.968906,195.23233,,
47.5002,27.382473,197.647858,,
47.4002,27.701374,200.421021,,
47.3002,27.847462,201.769043,,
47.2002,27.893326,201.175415,,
47.1002,27.9841,199.758698,,
47.0002,27.996498,198.278656,,
46.9002,27.87262,196.847534,,
46.8002,27.649548,195.483673,,
46.7002,27.177147,194.773834,,
46.6002,26.457706,195.877106,,
46.5002,25.585854,198.506378,,
46.4002,24.718994,201.267303,,
46.3002,23.975666,203.540253,,
46.2002,23.404148,205.07196,,
46.1002,23.015602,205.761536,,
46.0002,22.765884,205.812469,,
45.9002,22.669773,205.406799,,
45.8002,22.769718,204.533295,,
45.7002,23.012249,203.165405,,
45.6002,23.355625,201.139221,,
45.5002,23.714684,198.049377,,
45.4002,23.983204,194.957672,,
45.3002,24.014114,193.820099,,
45.2002,23.737946,,,
45.1002,23.261532,,,
45.0002,22.672886,,,
44.9002,22.213104,,,
44.8002,21.964939,,,
44.7002,21.959473,,,
44.6002,22.076889,,,
44.5002,22.226234,,,
44.4002,22.419178,,,
44.3002,22.617447,,,
44.2002,22.782898,,,
44.1002,22.825485,,,
44.0002,22.72876,,,
43.9002,22.517536,,,
43.8002,22.143555,,,
43.7002,21.746483,,,
43.6002,21.418915,,,
43.5002,21.41951,,,
43.4002,21.641506,,,
43.3002,21.929363,,,
43.2002,22.053665,,,
43.1002,21.961227,,,
43.0002,21.676971,,,
42.9002,21.326485,,,
42.8002,21.073036,,,
42.7002,21.045551,,,
42.6002,21.130741,,,
42.5002,21.191463,,,
42.4002,21.189014,,,
42.3002,20.866894,,,
42.2002,20.223175,,,
42.1002,19.483162,,,
42.0002,18.915405,,,
41.9002,18.617817,,,
41.8002,18.434921,,,
41.7002,18.309124,,,
41.6002,18.223797,,,
41.5002,18.200005,,,
41.4002,18.285038,,,
41.3002,18.488316,,,
41.2002,18.801365,,,
41.1002,19.221478,,,
41.0002,19.664879,,,
40.9002,19.920959,,,
40.8002,19.85664,,,
40.7002,19.593548,,,
40.6002,19.199093,,,
40.5002,18.773033,,,
40.4002,18.409363,,,
40.3002,18.210648,,,
40.2002,18.241138,,,
40.1002,,,,
