well_id,easting,northing,depth_tvd_m,porosity_pct,gamma_ray_api,bulk_density_gcc,formation_thickness_m,formation_top_tvd,formation_base_tvd
EVD-01,136997.0,441189.0,1859.49202541,9.09240392929743,133.971649,2.664982,76.83899999999994,1782.7512,1859.5901999999999
EVD-01,136997.0,441189.0,1859.39355541,8.659416522644852,134.38327,2.654986,76.83899999999994,1782.7512,1859.5901999999999
EVD-01,136997.0,441189.0,1859.29508541,8.22227731753139,132.20752,2.644994,76.83899999999994,1782.7512,1859.5901999999999
EVD-01,136997.0,441189.0,1859.19661541,7.788055038947091,124.465179,2.634906,76.83899999999994,1782.7512,1859.5901999999999
EVD-01,136997.0,441189.0,1859.09814541,7.366498726142652,111.87999,2.627269,76.83899999999994,1782.7512,1859.5901999999999
EVD-01,136997.0,441189.0,1858.99967541,6.924859464584673,96.478699,2.626417,76.83899999999994,1782.7512,1859.5901999999999
EVD-01,136997.0,441189.0,1858.90120541,6.487969275586757,80.286331,2.632565,76.83899999999994,1782.7512,1859.5901999999999
EVD-01,136997.0,441189.0,1858.80273541,6.1170124437085,66.232452,2.642315,76.83899999999994,1782.7512,1859.5901999999999
EVD-01,136997.0,441189.0,1858.70426541,5.818334605145887,55.544022,2.652485,76.83899999999994,1782.7512,1859.5901999999999
EVD-01,136997.0,441189.0,1858.60579541,5.687828678325019,48.206848,2.66164,76.83899999999994,1782.7512,1859.5901999999999
EVD-01,136997.0,441189.0,1858.50732541,5.739711604215449,42.77597,2.669318,76.83899999999994,1782.7512,1859.5901999999999
EVD-01,136997.0,441189.0,1858.4088554100001,5.92183451458795,39.755157,2.673566,76.83899999999994,1782.7512,1859.5901999999999
EVD-01,136997.0,441189.0,1858.31038541,6.313424513449607,38.505486,2.672051,76.83899999999994,1782.7512,1859.5901999999999
EVD-01,136997.0,441189.0,1858.21191541,7.013696202185157,37.566582,2.664149,76.83899999999994,1782.7512,1859.5901999999999
EVD-01,136997.0,441189.0,1858.11344541,7.940918651548679,36.847664,2.65387,76.83899999999994,1782.7512,1859.5901999999999
EVD-01,136997.0,441189.0,1858.01497541,8.532509364239708,36.288956,2.649852,76.83899999999994,1782.7512,1859.5901999999999
EVD-01,136997.0,441189.0,1857.9165054100001,8.36189489694303,35.774879,2.656878,76.83899999999994,1782.7512,1859.5901999999999
EVD-01,136997.0,441189.0,1857.81803541,7.595048415727573,35.273003,2.670783,76.83899999999994,1782.7512,1859.5901999999999
EVD-01,136997.0,441189.0,1857.71956541,6.408095731163533,34.810005,2.68469,76.83899999999994,1782.7512,1859.5901999999999
EVD-01,136997.0,441189.0,1857.62109541,5.047431475470788,34.428139,2.696392,76.83899999999994,1782.7512,1859.5901999999999
EVD-01,136997.0,441189.0,1857.52262541,3.9132161113968387,34.195854,2.705086,76.83899999999994,1782.7512,1859.5901999999999
EVD-01,136997.0,441189.0,1857.4241554100001,3.0785570515688683,34.139435,2.709484,76.83899999999994,1782.7512,1859.5901999999999
EVD-01,136997.0,441189.0,1857.32568541,2.48122647080406,34.135597,2.708602,76.83899999999994,1782.7512,1859.5901999999999
EVD-01,136997.0,441189.0,1857.22721541,2.25516297782527,34.029579,2.704588,76.83899999999994,1782.7512,1859.5901999999999
EVD-01,136997.0,441189.0,1857.1287454099997,2.4202672216396444,33.661469,2.699532,76.83899999999994,1782.7512,1859.5901999999999
EVD-01,136997.0,441189.0,1857.0302754099998,2.8270279507426253,33.022896,2.693104,76.83899999999994,1782.7512,1859.5901999999999
EVD-01,136997.0,441189.0,1856.93180541,3.2711425651654658,32.00264,2.687574,76.83899999999994,1782.7512,1859.5901999999999
EVD-01,136997.0,441189.0,1856.8333354099998,3.56458367659355,30.584808,2.688078,76.83899999999994,1782.7512,1859.5901999999999
EVD-01,136997.0,441189.0,1856.7348654099999,3.544668020888224,29.007034,2.699311,76.83899999999994,1782.7512,1859.5901999999999
EVD-01,136997.0,441189.0,1856.6363954099997,3.2472200181089903,27.435844,2.717121,76.83899999999994,1782.7512,1859.5901999999999
EVD-01,136997.0,441189.0,1856.5379254099998,2.858225093590381,25.97253,2.731019,76.83899999999994,1782.7512,1859.5901999999999
EVD-01,136997.0,441189.0,1856.43945541,2.5413046893076157,24.582161,2.735389,76.83899999999994,1782.7512,1859.5901999999999
EVD-01,136997.0,441189.0,1856.3409854099998,2.292105041281637,23.806061,2.735233,76.83899999999994,1782.7512,1859.5901999999999
EVD-01,136997.0,441189.0,1856.24251541,2.0865877142016895,24.151642,2.735993,76.83899999999994,1782.7512,1859.5901999999999
EVD-01,136997.0,441189.0,1856.1440454099998,2.1134299299613932,25.225685,2.730711,76.83899999999994,1782.7512,1859.5901999999999
EVD-01,136997.0,441189.0,1856.0455754099999,2.385133140772661,26.846359,2.718017,76.83899999999994,1782.7512,1859.5901999999999
EVD-01,136997.0,441189.0,1855.94710541,2.8072546507692344,28.479057,2.702768,76.83899999999994,1782.7512,1859.5901999999999
EVD-01,136997.0,441189.0,1855.8486354099998,3.299938949010734,29.689583,2.688874,76.83899999999994,1782.7512,1859.5901999999999
EVD-01,136997.0,441189.0,1855.75016541,3.8313023101738555,30.444504,2.677033,76.83899999999994,1782.7512,1859.5901999999999
EVD-01,136997.0,441189.0,1855.6516954099998,4.296011791398437,31.002869,2.666255,76.83899999999994,1782.7512,1859.5901999999999
EVD-01,136997.0,441189.0,1855.5532254099999,4.422692217043277,31.390118,2.659599,76.83899999999994,1782.7512,1859.5901999999999
EVD-01,136997.0,441189.0,1855.45475541,4.165108803534878,31.550617,2.661278,76.83899999999994,1782.7512,1859.5901999999999
EVD-01,136997.0,441189.0,1855.3562854099998,3.6019175766068106,31.562325,2.672501,76.83899999999994,1782.7512,1859.5901999999999
EVD-01,136997.0,441189.0,1855.25781541,2.9192006587365196,31.741489,2.687001,76.83899999999994,1782.7512,1859.5901999999999
EVD-01,136997.0,441189.0,1855.1593454099998,2.3727532522778816,32.250168,2.695801,76.83899999999994,1782.7512,1859.5901999999999
EVD-01,136997.0,441189.0,1855.0608754099999,2.1505334338165483,33.014313,2.695531,76.83899999999994,1782.7512,1859.5901999999999
EVD-01,136997.0,441189.0,1854.96240541,2.1831527380435887,34.055481,2.691753,76.83899999999994,1782.7512,1859.5901999999999
EVD-01,136997.0,441189.0,1854.8639354099998,2.3016343028911717,35.38591,2.69249,76.83899999999994,1782.7512,1859.5901999999999
EVD-01,136997.0,441189.0,1854.76546541,2.4371478423873576,36.799042,2.698951,76.83899999999994,1782.7512,1859.5901999999999
EVD-01,136997.0,441189.0,1854.6669954099998,2.6490443794230885,38.105698,2.704561,76.83899999999994,1782.7512,1859.5901999999999
EVD-01,136997.0,441189.0,1854.56852541,2.9698400671534664,39.127762,2.702804,76.83899999999994,1782.7512,1859.5901999999999
EVD-01,136997.0,441189.0,1854.47005541,3.3491229967323655,39.792175,2.691641,76.83899999999994,1782.7512,1859.5901999999999
EVD-01,136997.0,441189.0,1854.3715854099999,3.792371066137653,39.871178,2.671985,76.83899999999994,1782.7512,1859.5901999999999
EVD-01,136997.0,441189.0,1854.27311541,4.185649592218411,39.357346,2.650058,76.83899999999994,1782.7512,1859.5901999999999
EVD-01,136997.0,441189.0,1854.1746454099998,4.41780728415311,38.633987,2.632697,76.83899999999994,1782.7512,1859.5901999999999
EVD-01,136997.0,441189.0,1854.07617541,4.486124774180906,37.706444,2.622567,76.83899999999994,1782.7512,1859.5901999999999
EVD-01,136997.0,441189.0,1853.97770541,4.4780345936748365,36.631668,2.616705,76.83899999999994,1782.7512,1859.5901999999999
EVD-01,136997.0,441189.0,1853.8792354099999,4.506669955180474,35.432213,2.61023,76.83899999999994,1782.7512,1859.5901999999999
EVD-01,136997.0,441189.0,1853.78076541,4.609648812666174,33.939957,2.602163,76.83899999999994,1782.7512,1859.5901999999999
EVD-01,136997.0,441189.0,1853.6822954099998,4.767163967409791,32.230255,2.595335,76.83899999999994,1782.7512,1859.5901999999999
EVD-01,136997.0,441189.0,1853.58382541,4.9468953313406985,30.577187,2.591578,76.83899999999994,1782.7512,1859.5901999999999
EVD-01,136997.0,441189.0,1853.48535541,5.166043700245869,29.910252,2.588164,76.83899999999994,1782.7512,1859.5901999999999
EVD-01,136997.0,441189.0,1853.3868854099999,5.437028597849885,30.361176,2.584263,76.83899999999994,1782.7512,1859.5901999999999
EVD-01,136997.0,441189.0,1853.28841541,5.710015700455411,31.287975,2.583219,76.83899999999994,1782.7512,1859.5901999999999
EVD-01,136997.0,441189.0,1853.1899454099998,6.016392782078176,32.428345,2.584813,76.83899999999994,1782.7512,1859.5901999999999
EVD-01,136997.0,441189.0,1853.09147541,6.297038503638079,33.434349,2.587457,76.83899999999994,1782.7512,1859.5901999999999
EVD-01,136997.0,441189.0,1852.99300541,6.462059224553062,34.068779,2.589955,76.83899999999994,1782.7512,1859.5901999999999
EVD-01,136997.0,441189.0,1852.89453541,6.5471153959993185,34.291962,2.590425,76.83899999999994,1782.7512,1859.5901999999999
EVD-01,136997.0,441189.0,1852.79606541,6.588076045866211,34.309158,2.589374,76.83899999999994,1782.7512,1859.5901999999999
EVD-01,136997.0,441189.0,1852.6975954099998,6.6008664480463315,34.279579,2.588707,76.83899999999994,1782.7512,1859.5901999999999
EVD-01,136997.0,441189.0,1852.59912541,6.678091549767301,34.214615,2.586412,76.83899999999994,1782.7512,1859.5901999999999
EVD-01,136997.0,441189.0,1852.50065541,6.8802906329016595,34.080902,2.579915,76.83899999999994,1782.7512,1859.5901999999999
EVD-01,136997.0,441189.0,1852.40218541,7.155019785356963,33.808372,2.570646,76.83899999999994,1782.7512,1859.5901999999999
EVD-01,136997.0,441189.0,1852.30371541,7.409206801393182,33.347481,2.562238,76.83899999999994,1782.7512,1859.5901999999999
EVD-01,136997.0,441189.0,1852.2052454099999,7.583593180918717,32.754547,2.55645,76.83899999999994,1782.7512,1859.5901999999999
EVD-01,136997.0,441189.0,1852.10677541,7.699234039060628,32.098389,2.551548,76.83899999999994,1782.7512,1859.5901999999999
EVD-01,136997.0,441189.0,1852.00830541,7.793232080729328,31.470783,2.545096,76.83899999999994,1782.7512,1859.5901999999999
EVD-01,136997.0,441189.0,1851.90983541,7.863693186396743,30.932064,2.538748,76.83899999999994,1782.7512,1859.5901999999999
EVD-01,136997.0,441189.0,1851.81136541,7.868571630196543,30.563213,2.536521,76.83899999999994,1782.7512,1859.5901999999999
EVD-01,136997.0,441189.0,1851.7128954099999,7.8137199448115435,30.357143,2.53718,76.83899999999994,1782.7512,1859.5901999999999
EVD-01,136997.0,441189.0,1851.61442541,7.769286621763259,30.273418,2.537282,76.83899999999994,1782.7512,1859.5901999999999
EVD-01,136997.0,441189.0,1851.51595541,7.7807861016438356,30.391823,2.535648,76.83899999999994,1782.7512,1859.5901999999999
EVD-01,136997.0,441189.0,1851.41748541,7.8934609631896135,30.668324,2.532786,76.83899999999994,1782.7512,1859.5901999999999
EVD-01,136997.0,441189.0,1851.31901541,8.054637436472824,31.017368,2.530467,76.83899999999994,1782.7512,1859.5901999999999
EVD-01,136997.0,441189.0,1851.2205454099999,8.174690336735694,31.343334,2.530745,76.83899999999994,1782.7512,1859.5901999999999
EVD-01,136997.0,441189.0,1851.12207541,8.20072735950352,31.687843,2.535172,76.83899999999994,1782.7512,1859.5901999999999
EVD-01,136997.0,441189.0,1851.02360541,8.141877511566424,32.106789,2.542792,76.83899999999994,1782.7512,1859.5901999999999
EVD-01,136997.0,441189.0,1850.92513541,8.06584201374171,32.865295,2.549282,76.83899999999994,1782.7512,1859.5901999999999
EVD-01,136997.0,441189.0,1850.82666541,8.01719777965744,33.8339,2.552701,76.83899999999994,1782.7512,1859.5901999999999
EVD-01,136997.0,441189.0,1850.72819541,8.001857975750951,34.889565,2.553854,76.83899999999994,1782.7512,1859.5901999999999
EVD-01,136997.0,441189.0,1850.62972541,8.007302931803109,36.113632,2.554117,76.83899999999994,1782.7512,1859.5901999999999
EVD-01,136997.0,441189.0,1850.53125541,8.00226617574533,37.463974,2.554864,76.83899999999994,1782.7512,1859.5901999999999
EVD-01,136997.0,441189.0,1850.43278541,7.9663534664800615,38.93615,2.55678,76.83899999999994,1782.7512,1859.5901999999999
EVD-01,136997.0,441189.0,1850.33431541,7.9126170157190625,38.92514,2.558904,76.83899999999994,1782.7512,1859.5901999999999
EVD-01,136997.0,441189.0,1850.23584541,7.8731009478011025,37.591034,2.558932,76.83899999999994,1782.7512,1859.5901999999999
EVD-01,136997.0,441189.0,1850.13737541,7.911782082975021,35.519791,2.553994,76.83899999999994,1782.7512,1859.5901999999999
EVD-01,136997.0,441189.0,1850.03890541,8.080037937095504,33.678207,2.543483,76.83899999999994,1782.7512,1859.5901999999999
EVD-01,136997.0,441189.0,1849.94043541,8.387797237297034,32.261253,2.527182,76.83899999999994,1782.7512,1859.5901999999999
EVD-01,136997.0,441189.0,1849.84196541,8.771713873210246,31.17701,2.507443,76.83899999999994,1782.7512,1859.5901999999999
EVD-01,136997.0,441189.0,1849.74349541,9.100765658709506,30.611244,2.490127,76.83899999999994,1782.7512,1859.5901999999999
EVD-01,136997.0,441189.0,1849.64502541,9.318248734652258,30.375832,2.477718,76.83899999999994,1782.7512,1859.5901999999999
EVD-01,136997.0,441189.0,1849.54655541,9.442665032549119,30.221333,2.469234,76.83899999999994,1782.7512,1859.5901999999999
EVD-01,136997.0,441189.0,1849.44808541,9.489953923712648,30.179134,2.463636,76.83899999999994,1782.7512,1859.5901999999999
EVD-01,136997.0,441189.0,1849.34961541,9.475491041693484,30.222042,2.460875,76.83899999999994,1782.7512,1859.5901999999999
EVD-01,136997.0,441189.0,1849.25114541,9.414112581205302,30.248737,2.461314,76.83899999999994,1782.7512,1859.5901999999999
EVD-01,136997.0,441189.0,1849.15267541,9.315923909851772,30.088436,2.465574,76.83899999999994,1782.7512,1859.5901999999999
EVD-01,136997.0,441189.0,1849.0542054100001,9.243851314737785,29.695274,2.471953,76.83899999999994,1782.7512,1859.5901999999999
EVD-01,136997.0,441189.0,1848.95573541,9.289923962357893,29.058064,2.476067,76.83899999999994,1782.7512,1859.5901999999999
EVD-01,136997.0,441189.0,1848.85726541,9.464848301475822,28.407642,2.477974,76.83899999999994,1782.7512,1859.5901999999999
EVD-01,136997.0,441189.0,1848.75879541,9.724017145951276,27.963848,2.479128,76.83899999999994,1782.7512,1859.5901999999999
EVD-01,136997.0,441189.0,1848.66032541,10.027634375333378,27.96508,2.479185,76.83899999999994,1782.7512,1859.5901999999999
EVD-01,136997.0,441189.0,1848.5618554100001,10.342149517732393,28.439926,2.48,76.83899999999994,1782.7512,1859.5901999999999
EVD-01,136997.0,441189.0,1848.46338541,10.55475911181741,29.14814,2.484628,76.83899999999994,1782.7512,1859.5901999999999
EVD-01,136997.0,441189.0,1848.3649154099999,10.601974107002489,29.734325,2.493104,76.83899999999994,1782.7512,1859.5901999999999
EVD-01,136997.0,441189.0,1848.26644541,10.526551595374475,29.955914,2.500256,76.83899999999994,1782.7512,1859.5901999999999
EVD-01,136997.0,441189.0,1848.16797541,10.46921980546059,29.84296,2.500312,76.83899999999994,1782.7512,1859.5901999999999
EVD-01,136997.0,441189.0,1848.06950541,10.503313088316391,29.237648,2.493924,76.83899999999994,1782.7512,1859.5901999999999
EVD-01,136997.0,441189.0,1847.9710354099998,10.560854562372,28.29908,2.486035,76.83899999999994,1782.7512,1859.5901999999999
EVD-01,136997.0,441189.0,1847.8725654099999,10.574059320884462,27.412628,2.47994,76.83899999999994,1782.7512,1859.5901999999999
EVD-01,136997.0,441189.0,1847.7740954099997,10.56632039269855,26.553219,2.473841,76.83899999999994,1782.7512,1859.5901999999999
EVD-01,136997.0,441189.0,1847.6756254099998,10.574912608630676,25.638733,2.468289,76.83899999999994,1782.7512,1859.5901999999999
EVD-01,136997.0,441189.0,1847.57715541,10.539783804925888,24.641285,2.467915,76.83899999999994,1782.7512,1859.5901999999999
EVD-01,136997.0,441189.0,1847.4786854099998,10.381309064561606,24.072792,2.473297,76.83899999999994,1782.7512,1859.5901999999999
EVD-01,136997.0,441189.0,1847.38021541,10.113504889472392,24.18314,2.482398,76.83899999999994,1782.7512,1859.5901999999999
EVD-01,136997.0,441189.0,1847.2817454099998,9.81393199021679,24.528191,2.493087,76.83899999999994,1782.7512,1859.5901999999999
EVD-01,136997.0,441189.0,1847.1832754099999,9.598978034179492,25.048149,2.501173,76.83899999999994,1782.7512,1859.5901999999999
EVD-01,136997.0,441189.0,1847.08480541,9.537883426949557,25.58036,2.503688,76.83899999999994,1782.7512,1859.5901999999999
EVD-01,136997.0,441189.0,1846.9863354099998,9.602157708639691,26.024639,2.501696,76.83899999999994,1782.7512,1859.5901999999999
EVD-01,136997.0,441189.0,1846.88786541,9.764801201038765,26.2771,2.497746,76.83899999999994,1782.7512,1859.5901999999999
EVD-01,136997.0,441189.0,1846.7893954099998,9.998761079907675,26.22654,2.494017,76.83899999999994,1782.7512,1859.5901999999999
EVD-01,136997.0,441189.0,1846.6909254099999,10.262521410729853,25.880272,2.49076,76.83899999999994,1782.7512,1859.5901999999999
EVD-01,136997.0,441189.0,1846.59245541,10.51218842277003,25.451118,2.487021,76.83899999999994,1782.7512,1859.5901999999999
EVD-01,136997.0,441189.0,1846.4939854099998,10.70860752420629,25.276947,2.481237,76.83899999999994,1782.7512,1859.5901999999999
EVD-01,136997.0,441189.0,1846.39551541,10.835243109955318,25.325962,2.472872,76.83899999999994,1782.7512,1859.5901999999999
EVD-01,136997.0,441189.0,1846.2970454099998,10.880317850560335,25.648071,2.46385,76.83899999999994,1782.7512,1859.5901999999999
EVD-01,136997.0,441189.0,1846.1985754099999,10.86240828775221,26.209545,2.456063,76.83899999999994,1782.7512,1859.5901999999999
EVD-01,136997.0,441189.0,1846.10010541,10.854917593772388,26.937611,2.449688,76.83899999999994,1782.7512,1859.5901999999999
EVD-01,136997.0,441189.0,1846.0016354099998,10.861880516603058,27.673977,2.446184,76.83899999999994,1782.7512,1859.5901999999999
EVD-01,136997.0,441189.0,1845.90316541,10.835051241160448,28.179115,2.448327,76.83899999999994,1782.7512,1859.5901999999999
EVD-01,136997.0,441189.0,1845.8046954099998,10.71600890068967,28.428265,2.457741,76.83899999999994,1782.7512,1859.5901999999999
EVD-01,136997.0,441189.0,1845.70622541,10.49531052047122,28.453503,2.472708,76.83899999999994,1782.7512,1859.5901999999999
EVD-01,136997.0,441189.0,1845.5092854099998,10.295421024275463,28.459961,2.487276,76.83899999999994,1782.7512,1859.5901999999999
EVD-01,136997.0,441189.0,1845.5092854099998,10.20596181946382,28.459961,2.49204,76.83899999999994,1782.7512,1859.5901999999999
EVD-01,136997.0,441189.0,1845.41081541,10.364106934929556,28.460953,2.485426,76.83899999999994,1782.7512,1859.5901999999999
EVD-01,136997.0,441189.0,1845.3123454099998,10.587898751637336,28.475201,2.475094,76.83899999999994,1782.7512,1859.5901999999999
EVD-01,136997.0,441189.0,1845.21387541,10.766917278940213,28.546902,2.468756,76.83899999999994,1782.7512,1859.5901999999999
EVD-01,136997.0,441189.0,1845.11540541,10.826750551196312,28.720173,2.47156,76.83899999999994,1782.7512,1859.5901999999999
EVD-01,136997.0,441189.0,1845.0169354099999,10.729710222579916,28.969799,2.483027,76.83899999999994,1782.7512,1859.5901999999999
EVD-01,136997.0,441189.0,1844.91846541,10.476871218768927,29.225307,2.496142,76.83899999999994,1782.7512,1859.5901999999999
EVD-01,136997.0,441189.0,1844.8199954099998,10.189511186258414,29.466454,2.504325,76.83899999999994,1782.7512,1859.5901999999999
EVD-01,136997.0,441189.0,1844.72152541,9.971762977030721,29.768856,2.50701,76.83899999999994,1782.7512,1859.5901999999999
EVD-01,136997.0,441189.0,1844.62305541,9.856413837914227,30.201977,2.50502,76.83899999999994,1782.7512,1859.5901999999999
EVD-01,136997.0,441189.0,1844.5245854099999,9.82170026637419,30.816177,2.501292,76.83899999999994,1782.7512,1859.5901999999999
EVD-01,136997.0,441189.0,1844.42611541,9.862627278307356,31.530666,2.498177,76.83899999999994,1782.7512,1859.5901999999999
EVD-01,136997.0,441189.0,1844.3276454099998,9.98342934942087,32.40519,2.495408,76.83899999999994,1782.7512,1859.5901999999999
EVD-01,136997.0,441189.0,1844.22917541,10.087315129015364,33.476189,2.49466,76.83899999999994,1782.7512,1859.5901999999999
EVD-01,136997.0,441189.0,1844.13070541,10.009694118546907,34.647095,2.499708,76.83899999999994,1782.7512,1859.5901999999999
EVD-01,136997.0,441189.0,1844.0322354099999,9.837655273802035,35.806427,2.506468,76.83899999999994,1782.7512,1859.5901999999999
EVD-01,136997.0,441189.0,1843.93376541,9.662276270397927,36.727234,2.511037,76.83899999999994,1782.7512,1859.5901999999999
EVD-01,136997.0,441189.0,1843.8352954099998,9.442727527674087,37.232849,2.515933,76.83899999999994,1782.7512,1859.5901999999999
EVD-01,136997.0,441189.0,1843.73682541,9.180855533850188,37.366806,2.521044,76.83899999999994,1782.7512,1859.5901999999999
EVD-01,136997.0,441189.0,1843.63835541,8.954323170940283,37.35186,2.524332,76.83899999999994,1782.7512,1859.5901999999999
EVD-01,136997.0,441189.0,1843.53988541,8.809096301242246,37.323357,2.52607,76.83899999999994,1782.7512,1859.5901999999999
EVD-01,136997.0,441189.0,1843.44141541,8.6982570751402,37.255272,2.529146,76.83899999999994,1782.7512,1859.5901999999999
EVD-01,136997.0,441189.0,1843.3429454099999,8.599191203280785,37.121513,2.533236,76.83899999999994,1782.7512,1859.5901999999999
EVD-01,136997.0,441189.0,1843.24447541,8.557192107508422,36.929375,2.533577,76.83899999999994,1782.7512,1859.5901999999999
EVD-01,136997.0,441189.0,1843.14600541,8.561684493475742,36.654602,2.53027,76.83899999999994,1782.7512,1859.5901999999999
EVD-01,136997.0,441189.0,1843.04753541,8.537210993270488,36.236237,2.527533,76.83899999999994,1782.7512,1859.5901999999999
EVD-01,136997.0,441189.0,1842.94906541,8.431410407503162,35.496216,2.528554,76.83899999999994,1782.7512,1859.5901999999999
EVD-01,136997.0,441189.0,1842.8505954099999,8.268738915567353,34.615852,2.532966,76.83899999999994,1782.7512,1859.5901999999999
EVD-01,136997.0,441189.0,1842.75212541,8.127713045774438,33.928497,2.5372,76.83899999999994,1782.7512,1859.5901999999999
EVD-01,136997.0,441189.0,1842.65365541,8.074675429149902,33.864174,2.537744,76.83899999999994,1782.7512,1859.5901999999999
EVD-01,136997.0,441189.0,1842.55518541,8.102925417159993,34.025566,2.535572,76.83899999999994,1782.7512,1859.5901999999999
EVD-01,136997.0,441189.0,1842.45671541,8.161027561519187,33.904228,2.533643,76.83899999999994,1782.7512,1859.5901999999999
EVD-01,136997.0,441189.0,1842.3582454099999,8.218984990393583,33.354683,2.533096,76.83899999999994,1782.7512,1859.5901999999999
EVD-01,136997.0,441189.0,1842.25977541,8.25958314906499,32.808403,2.533552,76.83899999999994,1782.7512,1859.5901999999999
EVD-01,136997.0,441189.0,1842.16130541,8.310610633836768,32.5896,2.532762,76.83899999999994,1782.7512,1859.5901999999999
EVD-01,136997.0,441189.0,1842.06283541,8.41767643513812,32.724167,2.528389,76.83899999999994,1782.7512,1859.5901999999999
EVD-01,136997.0,441189.0,1841.96436541,8.555247739428776,33.0606,2.522645,76.83899999999994,1782.7512,1859.5901999999999
EVD-01,136997.0,441189.0,1841.86589541,8.62728690375226,33.453606,2.520935,76.83899999999994,1782.7512,1859.5901999999999
EVD-01,136997.0,441189.0,1841.76742541,8.579454237334632,33.906975,2.525726,76.83899999999994,1782.7512,1859.5901999999999
EVD-01,136997.0,441189.0,1841.66895541,8.476058662359879,34.221298,2.532806,76.83899999999994,1782.7512,1859.5901999999999
EVD-01,136997.0,441189.0,1841.57048541,8.406761711144512,34.263519,2.536843,76.83899999999994,1782.7512,1859.5901999999999
EVD-01,136997.0,441189.0,1841.47201541,8.36066312766419,33.666039,2.538134,76.83899999999994,1782.7512,1859.5901999999999
EVD-01,136997.0,441189.0,1841.37354541,8.327986850520784,32.665031,2.537611,76.83899999999994,1782.7512,1859.5901999999999
EVD-01,136997.0,441189.0,1841.27507541,8.33316199104123,31.559525,2.535016,76.83899999999994,1782.7512,1859.5901999999999
EVD-01,136997.0,441189.0,1841.17660541,8.388776097763834,30.645264,2.53062,76.83899999999994,1782.7512,1859.5901999999999
EVD-01,136997.0,441189.0,1841.07813541,8.516146350813553,30.092911,2.524153,76.83899999999994,1782.7512,1859.5901999999999
EVD-01,136997.0,441189.0,1840.97966541,8.720305437863008,29.974503,2.515193,76.83899999999994,1782.7512,1859.5901999999999
EVD-01,136997.0,441189.0,1840.88119541,8.987313704344608,30.251587,2.504006,76.83899999999994,1782.7512,1859.5901999999999
EVD-01,136997.0,441189.0,1840.78272541,9.242620264227138,30.637569,2.4934,76.83899999999994,1782.7512,1859.5901999999999
EVD-01,136997.0,441189.0,1840.68425541,9.40044511710574,30.91119,2.487131,76.83899999999994,1782.7512,1859.5901999999999
EVD-01,136997.0,441189.0,1840.58578541,9.464946327421316,30.855343,2.484812,76.83899999999994,1782.7512,1859.5901999999999
EVD-01,136997.0,441189.0,1840.48731541,9.466641190259374,30.488796,2.484832,76.83899999999994,1782.7512,1859.5901999999999
EVD-01,136997.0,441189.0,1840.38884541,9.439848478838726,29.816242,2.485642,76.83899999999994,1782.7512,1859.5901999999999
EVD-01,136997.0,441189.0,1840.29037541,9.3938451308649,28.87883,2.487031,76.83899999999994,1782.7512,1859.5901999999999
EVD-01,136997.0,441189.0,1840.1919054100001,9.383295252882519,27.820663,2.487854,76.83899999999994,1782.7512,1859.5901999999999
EVD-01,136997.0,441189.0,1840.09343541,9.461161572252525,26.690327,2.4862,76.83899999999994,1782.7512,1859.5901999999999
EVD-01,136997.0,441189.0,1839.99496541,9.61513727773129,25.634834,2.481962,76.83899999999994,1782.7512,1859.5901999999999
EVD-01,136997.0,441189.0,1839.89649541,9.820930676683588,24.800152,2.475728,76.83899999999994,1782.7512,1859.5901999999999
EVD-01,136997.0,441189.0,1839.79802541,10.0593300691601,24.388519,2.468386,76.83899999999994,1782.7512,1859.5901999999999
EVD-01,136997.0,441189.0,1839.6995554100001,10.280389815740334,24.372467,2.46181,76.83899999999994,1782.7512,1859.5901999999999
EVD-01,136997.0,441189.0,1839.60108541,10.424086010833546,24.565792,2.458437,76.83899999999994,1782.7512,1859.5901999999999
EVD-01,136997.0,441189.0,1839.50261541,10.475343328694635,24.858025,2.459016,76.83899999999994,1782.7512,1859.5901999999999
EVD-01,136997.0,441189.0,1839.40414541,10.459010288380524,25.218826,2.461364,76.83899999999994,1782.7512,1859.5901999999999
EVD-01,136997.0,441189.0,1839.3056754099998,10.406426425594951,25.647461,2.464256,76.83899999999994,1782.7512,1859.5901999999999
EVD-01,136997.0,441189.0,1839.20720541,10.331683463963639,26.197285,2.468042,76.83899999999994,1782.7512,1859.5901999999999
EVD-01,136997.0,441189.0,1839.1087354099998,10.308412089400123,26.803474,2.469767,76.83899999999994,1782.7512,1859.5901999999999
EVD-01,136997.0,441189.0,1839.0102654099999,10.400561428221351,27.369862,2.466734,76.83899999999994,1782.7512,1859.5901999999999
EVD-01,136997.0,441189.0,1838.9117954099997,10.568977753563615,27.508842,2.461405,76.83899999999994,1782.7512,1859.5901999999999
EVD-01,136997.0,441189.0,1838.8133254099998,10.616026265348143,27.302387,2.460521,76.83899999999994,1782.7512,1859.5901999999999
EVD-01,136997.0,441189.0,1838.71485541,10.414479920765933,27.011215,2.469365,76.83899999999994,1782.7512,1859.5901999999999
EVD-01,136997.0,441189.0,1838.6163854099998,10.033511521786902,26.998192,2.486041,76.83899999999994,1782.7512,1859.5901999999999
EVD-01,136997.0,441189.0,1838.51791541,9.613399855554178,27.190716,2.505631,76.83899999999994,1782.7512,1859.5901999999999
EVD-01,136997.0,441189.0,1838.4194454099998,9.25240916378933,27.351746,2.52376,76.83899999999994,1782.7512,1859.5901999999999
EVD-01,136997.0,441189.0,1838.3209754099998,8.989869598929497,27.339314,2.537405,76.83899999999994,1782.7512,1859.5901999999999
EVD-01,136997.0,441189.0,1838.22250541,8.830828259110692,27.107868,2.54665,76.83899999999994,1782.7512,1859.5901999999999
EVD-01,136997.0,441189.0,1838.1240354099998,8.791644339295198,26.701767,2.551088,76.83899999999994,1782.7512,1859.5901999999999
EVD-01,136997.0,441189.0,1838.02556541,8.86403052303132,26.088539,2.550693,76.83899999999994,1782.7512,1859.5901999999999
EVD-01,136997.0,441189.0,1837.9270954099998,9.031872216096247,25.335049,2.544766,76.83899999999994,1782.7512,1859.5901999999999
EVD-01,136997.0,441189.0,1837.8286254099999,9.23929765283329,24.573235,2.534172,76.83899999999994,1782.7512,1859.5901999999999
EVD-01,136997.0,441189.0,1837.73015541,9.37671479166897,23.8088,2.522949,76.83899999999994,1782.7512,1859.5901999999999
EVD-01,136997.0,441189.0,1837.6316854099998,9.373824684722198,23.036774,2.51328,76.83899999999994,1782.7512,1859.5901999999999
EVD-01,136997.0,441189.0,1837.53321541,9.283713144928758,22.283176,2.503622,76.83899999999994,1782.7512,1859.5901999999999
EVD-01,136997.0,441189.0,1837.4347454099998,9.189735439393846,21.639004,2.49151,76.83899999999994,1782.7512,1859.5901999999999
EVD-01,136997.0,441189.0,1837.3362754099999,9.107907372019866,21.206436,2.477714,76.83899999999994,1782.7512,1859.5901999999999
EVD-01,136997.0,441189.0,1837.23780541,9.008257049793826,21.052677,2.466631,76.83899999999994,1782.7512,1859.5901999999999
EVD-01,136997.0,441189.0,1837.1393354099998,8.946544075579101,21.179543,2.45928,76.83899999999994,1782.7512,1859.5901999999999
EVD-01,136997.0,441189.0,1837.04086541,9.041383283277908,21.44503,2.452853,76.83899999999994,1782.7512,1859.5901999999999
EVD-01,136997.0,441189.0,1836.9423954099998,9.322000236975848,21.700993,2.444275,76.83899999999994,1782.7512,1859.5901999999999
EVD-01,136997.0,441189.0,1836.8439254099999,9.71951061352541,21.840477,2.432715,76.83899999999994,1782.7512,1859.5901999999999
EVD-01,136997.0,441189.0,1836.74545541,10.162657521956884,21.776478,2.419476,76.83899999999994,1782.7512,1859.5901999999999
EVD-01,136997.0,441189.0,1836.6469854099998,10.632086857384541,21.448444,2.405944,76.83899999999994,1782.7512,1859.5901999999999
EVD-01,136997.0,441189.0,1836.54851541,11.079122718433066,20.869854,2.394704,76.83899999999994,1782.7512,1859.5901999999999
EVD-01,136997.0,441189.0,1836.4500454099998,11.456668234587383,20.222214,2.387303,76.83899999999994,1782.7512,1859.5901999999999
EVD-01,136997.0,441189.0,1836.35157541,11.78966792579125,19.546352,2.381984,76.83899999999994,1782.7512,1859.5901999999999
EVD-01,136997.0,441189.0,1836.25310541,12.067474902392991,18.881279,2.379416,76.83899999999994,1782.7512,1859.5901999999999
EVD-01,136997.0,441189.0,1836.1546354099999,12.2184886402329,18.298241,2.382671,76.83899999999994,1782.7512,1859.5901999999999
EVD-01,136997.0,441189.0,1836.05616541,12.254236235117245,17.845543,2.390316,76.83899999999994,1782.7512,1859.5901999999999
EVD-01,136997.0,441189.0,1835.9576954099998,12.236273717135546,17.564346,2.399287,76.83899999999994,1782.7512,1859.5901999999999
EVD-01,136997.0,441189.0,1835.85922541,12.23728024350301,17.417793,2.406561,76.83899999999994,1782.7512,1859.5901999999999
EVD-01,136997.0,441189.0,1835.76075541,12.352812394694558,17.416805,2.407923,76.83899999999994,1782.7512,1859.5901999999999
EVD-01,136997.0,441189.0,1835.6622854099999,12.592041331237256,17.572971,2.402721,76.83899999999994,1782.7512,1859.5901999999999
EVD-01,136997.0,441189.0,1835.56381541,12.86664651794196,17.816044,2.395236,76.83899999999994,1782.7512,1859.5901999999999
EVD-01,136997.0,441189.0,1835.4653454099998,13.086913328032932,18.104729,2.390029,76.83899999999994,1782.7512,1859.5901999999999
EVD-01,136997.0,441189.0,1835.36687541,13.189206987530554,18.42308,2.38979,76.83899999999994,1782.7512,1859.5901999999999
EVD-01,136997.0,441189.0,1835.26840541,13.178933861551364,18.813114,2.393648,76.83899999999994,1782.7512,1859.5901999999999
EVD-01,136997.0,441189.0,1835.1699354099999,13.098872168049315,19.24696,2.399304,76.83899999999994,1782.7512,1859.5901999999999
EVD-01,136997.0,441189.0,1835.07146541,12.963741352299188,19.693279,2.405557,76.83899999999994,1782.7512,1859.5901999999999
EVD-01,136997.0,441189.0,1834.9729954099998,12.756106744136687,20.157349,2.4132,76.83899999999994,1782.7512,1859.5901999999999
EVD-01,136997.0,441189.0,1834.87452541,12.535757981472056,20.585903,2.419739,76.83899999999994,1782.7512,1859.5901999999999
EVD-01,136997.0,441189.0,1834.77605541,12.362688390335551,20.955433,2.423184,76.83899999999994,1782.7512,1859.5901999999999
EVD-01,136997.0,441189.0,1834.67758541,12.239649025783311,21.330292,2.425229,76.83899999999994,1782.7512,1859.5901999999999
EVD-01,136997.0,441189.0,1834.57911541,12.159175388368178,21.614159,2.427299,76.83899999999994,1782.7512,1859.5901999999999
EVD-01,136997.0,441189.0,1834.4806454099999,12.161019187405016,21.680775,2.428172,76.83899999999994,1782.7512,1859.5901999999999
EVD-01,136997.0,441189.0,1834.38217541,12.298099056629562,21.502769,2.424786,76.83899999999994,1782.7512,1859.5901999999999
EVD-01,136997.0,441189.0,1834.28370541,12.510565670502656,21.083916,2.417756,76.83899999999994,1782.7512,1859.5901999999999
EVD-01,136997.0,441189.0,1834.18523541,12.683622628148584,20.612595,2.409552,76.83899999999994,1782.7512,1859.5901999999999
EVD-01,136997.0,441189.0,1834.08676541,12.774116979818885,20.332253,2.400643,76.83899999999994,1782.7512,1859.5901999999999
EVD-01,136997.0,441189.0,1833.9882954099999,12.82506162915759,20.272022,2.392072,76.83899999999994,1782.7512,1859.5901999999999
EVD-01,136997.0,441189.0,1833.88982541,12.860467901094127,20.322983,2.385574,76.83899999999994,1782.7512,1859.5901999999999
EVD-01,136997.0,441189.0,1833.79135541,12.830996304616544,20.46077,2.38345,76.83899999999994,1782.7512,1859.5901999999999
EVD-01,136997.0,441189.0,1833.69288541,12.689343578831975,20.663284,2.385469,76.83899999999994,1782.7512,1859.5901999999999
EVD-01,136997.0,441189.0,1833.59441541,12.486674985161246,20.870804,2.390754,76.83899999999994,1782.7512,1859.5901999999999
EVD-01,136997.0,441189.0,1833.4959454099999,12.354317813976156,21.027702,2.398362,76.83899999999994,1782.7512,1859.5901999999999
EVD-01,136997.0,441189.0,1833.39747541,12.36639117327988,20.939838,2.403657,76.83899999999994,1782.7512,1859.5901999999999
EVD-01,136997.0,441189.0,1833.29900541,12.5156034918643,20.570831,2.403591,76.83899999999994,1782.7512,1859.5901999999999
EVD-01,136997.0,441189.0,1833.20043694,12.697966965247863,20.236347,2.401668,76.83899999999994,1782.7512,1859.5901999999999
EVD-01,136997.0,441189.0,1833.10196694,12.858014258567858,20.15115,2.401006,76.83899999999994,1782.7512,1859.5901999999999
EVD-01,136997.0,441189.0,1833.0034969399999,13.016619833845464,20.314823,2.400413,76.83899999999994,1782.7512,1859.5901999999999
EVD-01,136997.0,441189.0,1832.90502694,13.213011354153052,20.659565,2.397367,76.83899999999994,1782.7512,1859.5901999999999
EVD-01,136997.0,441189.0,1832.8065569399998,13.466810727911163,21.060783,2.391478,76.83899999999994,1782.7512,1859.5901999999999
EVD-01,136997.0,441189.0,1832.70808694,13.66303928490641,21.399075,2.386319,76.83899999999994,1782.7512,1859.5901999999999
EVD-01,136997.0,441189.0,1832.60961694,13.621482766155378,21.665363,2.386644,76.83899999999994,1782.7512,1859.5901999999999
EVD-01,136997.0,441189.0,1832.51114694,13.496775844096074,21.853153,2.392012,76.83899999999994,1782.7512,1859.5901999999999
EVD-01,136997.0,441189.0,1832.41267694,13.474513074807234,21.98444,2.397486,76.83899999999994,1782.7512,1859.5901999999999
EVD-01,136997.0,441189.0,1832.3142069399998,13.497942040861506,22.214294,2.399828,76.83899999999994,1782.7512,1859.5901999999999
EVD-01,136997.0,441189.0,1832.21573694,13.403798198230874,22.614246,2.401427,76.83899999999994,1782.7512,1859.5901999999999
EVD-01,136997.0,441189.0,1832.11726694,13.124726699366754,23.146343,2.40666,76.83899999999994,1782.7512,1859.5901999999999
EVD-01,136997.0,441189.0,1832.01879694,12.772687755823291,23.729649,2.415434,76.83899999999994,1782.7512,1859.5901999999999
EVD-01,136997.0,441189.0,1831.92032694,12.425786330469649,24.139935,2.426175,76.83899999999994,1782.7512,1859.5901999999999
EVD-01,136997.0,441189.0,1831.8218569399999,12.114902937008996,24.253078,2.436644,76.83899999999994,1782.7512,1859.5901999999999
EVD-01,136997.0,441189.0,1831.72338694,11.908836013128859,23.72657,2.442583,76.83899999999994,1782.7512,1859.5901999999999
EVD-01,136997.0,441189.0,1831.62491694,11.93918312716012,22.804012,2.440561,76.83899999999994,1782.7512,1859.5901999999999
EVD-01,136997.0,441189.0,1831.52644694,12.196160404865152,21.808231,2.431368,76.83899999999994,1782.7512,1859.5901999999999
EVD-01,136997.0,441189.0,1831.42797694,12.469884338268393,21.170475,2.421434,76.83899999999994,1782.7512,1859.5901999999999
EVD-01,136997.0,441189.0,1831.3295069399999,12.66770746321009,20.882755,2.413355,76.83899999999994,1782.7512,1859.5901999999999
EVD-01,136997.0,441189.0,1831.23103694,12.817158855797617,20.777519,2.406085,76.83899999999994,1782.7512,1859.5901999999999
EVD-01,136997.0,441189.0,1831.13256694,12.917537279742467,20.778316,2.400021,76.83899999999994,1782.7512,1859.5901999999999
EVD-01,136997.0,441189.0,1831.03409694,12.870741130242623,20.811054,2.398142,76.83899999999994,1782.7512,1859.5901999999999
EVD-01,136997.0,441189.0,1830.93562694,12.61499458360338,20.840397,2.403164,76.83899999999994,1782.7512,1859.5901999999999
EVD-01,136997.0,441189.0,1830.8371569399999,12.255886570461907,20.891796,2.412514,76.83899999999994,1782.7512,1859.5901999999999
EVD-01,136997.0,441189.0,1830.73868694,11.913998811833622,20.916981,2.422053,76.83899999999994,1782.7512,1859.5901999999999
EVD-01,136997.0,441189.0,1830.64021694,11.669328468677556,20.798965,2.428394,76.83899999999994,1782.7512,1859.5901999999999
EVD-01,136997.0,441189.0,1830.54174694,11.546439637308994,20.499084,2.432061,76.83899999999994,1782.7512,1859.5901999999999
EVD-01,136997.0,441189.0,1830.44327694,11.570666847526546,20.256157,2.433986,76.83899999999994,1782.7512,1859.5901999999999
EVD-01,136997.0,441189.0,1830.34480694,11.713543914542738,20.601776,2.435538,76.83899999999994,1782.7512,1859.5901999999999
EVD-01,136997.0,441189.0,1830.24633694,11.864971937997009,21.514786,2.440869,76.83899999999994,1782.7512,1859.5901999999999
EVD-01,136997.0,441189.0,1830.14786694,11.949299121194581,22.732075,2.45039,76.83899999999994,1782.7512,1859.5901999999999
EVD-01,136997.0,441189.0,1830.04939694,12.017208888564383,24.085678,2.45861,76.83899999999994,1782.7512,1859.5901999999999
EVD-01,136997.0,441189.0,1829.95092694,12.061321931594112,25.276409,2.463111,76.83899999999994,1782.7512,1859.5901999999999
EVD-01,136997.0,441189.0,1829.85245694,12.053381165485956,26.151714,2.463989,76.83899999999994,1782.7512,1859.5901999999999
EVD-01,136997.0,441189.0,1829.75398694,11.973926139763638,26.411652,2.462754,76.83899999999994,1782.7512,1859.5901999999999
EVD-01,136997.0,441189.0,1829.65551694,11.854726636738631,26.322227,2.460271,76.83899999999994,1782.7512,1859.5901999999999
EVD-01,136997.0,441189.0,1829.55704694,11.76007423287371,26.151466,2.456616,76.83899999999994,1782.7512,1859.5901999999999
EVD-01,136997.0,441189.0,1829.45857694,11.723466408847733,26.068115,2.451843,76.83899999999994,1782.7512,1859.5901999999999
EVD-01,136997.0,441189.0,1829.36010694,11.735678255667127,26.037342,2.446424,76.83899999999994,1782.7512,1859.5901999999999
EVD-01,136997.0,441189.0,1829.26163694,11.733295180101761,26.001514,2.442817,76.83899999999994,1782.7512,1859.5901999999999
EVD-01,136997.0,441189.0,1829.16316694,11.64312158120275,26.007576,2.444226,76.83899999999994,1782.7512,1859.5901999999999
EVD-01,136997.0,441189.0,1829.06469694,11.438716291987902,26.074059,2.451976,76.83899999999994,1782.7512,1859.5901999999999
EVD-01,136997.0,441189.0,1828.96622694,11.153921157941188,26.188171,2.464396,76.83899999999994,1782.7512,1859.5901999999999
EVD-01,136997.0,441189.0,1828.8677569399997,10.856078283935167,26.411961,2.477932,76.83899999999994,1782.7512,1859.5901999999999
EVD-01,136997.0,441189.0,1828.7692869399998,10.603578157156456,26.726807,2.48991,76.83899999999994,1782.7512,1859.5901999999999
EVD-01,136997.0,441189.0,1828.67081694,10.445477999902035,27.103271,2.498127,76.83899999999994,1782.7512,1859.5901999999999
EVD-01,136997.0,441189.0,1828.5723469399998,10.439469303201198,27.31163,2.500144,76.83899999999994,1782.7512,1859.5901999999999
EVD-01,136997.0,441189.0,1828.4738769399999,10.579198347896593,27.325932,2.496729,76.83899999999994,1782.7512,1859.5901999999999
EVD-01,136997.0,441189.0,1828.3754069399997,10.75991333789603,27.234352,2.492181,76.83899999999994,1782.7512,1859.5901999999999
EVD-01,136997.0,441189.0,1828.2769369399998,10.84662088597035,27.072289,2.490768,76.83899999999994,1782.7512,1859.5901999999999
EVD-01,136997.0,441189.0,1828.17846694,10.737569691623241,26.894047,2.494891,76.83899999999994,1782.7512,1859.5901999999999
EVD-01,136997.0,441189.0,1828.0799969399998,10.451339587821693,26.721813,2.503985,76.83899999999994,1782.7512,1859.5901999999999
EVD-01,136997.0,441189.0,1827.9815269399999,10.121925645050613,26.744068,2.514019,76.83899999999994,1782.7512,1859.5901999999999
EVD-01,136997.0,441189.0,1827.8830569399997,9.813317474655596,27.065407,2.522098,76.83899999999994,1782.7512,1859.5901999999999
EVD-01,136997.0,441189.0,1827.7845869399998,9.503435622304519,27.741806,2.528387,76.83899999999994,1782.7512,1859.5901999999999
EVD-01,136997.0,441189.0,1827.68611694,9.1788799328547,28.245735,2.534333,76.83899999999994,1782.7512,1859.5901999999999
EVD-01,136997.0,441189.0,1827.5876469399998,8.921478247342709,28.300423,2.539165,76.83899999999994,1782.7512,1859.5901999999999
EVD-01,136997.0,441189.0,1827.4891769399999,8.870614069720702,28.074856,2.539028,76.83899999999994,1782.7512,1859.5901999999999
EVD-01,136997.0,441189.0,1827.3907069399997,9.033928312045198,27.918694,2.533159,76.83899999999994,1782.7512,1859.5901999999999
EVD-01,136997.0,441189.0,1827.2922369399998,9.311240375643733,28.064255,2.524316,76.83899999999994,1782.7512,1859.5901999999999
EVD-01,136997.0,441189.0,1827.19376694,9.580615613648941,28.450962,2.516247,76.83899999999994,1782.7512,1859.5901999999999
EVD-01,136997.0,441189.0,1827.0952969399998,9.790757390736527,28.843464,2.510115,76.83899999999994,1782.7512,1859.5901999999999
EVD-01,136997.0,441189.0,1826.99682694,9.935103537985462,29.003185,2.504905,76.83899999999994,1782.7512,1859.5901999999999
EVD-01,136997.0,441189.0,1826.8983569399998,9.98981193789942,28.851921,2.501032,76.83899999999994,1782.7512,1859.5901999999999
EVD-01,136997.0,441189.0,1826.7998869399999,9.954372571610733,28.329506,2.498547,76.83899999999994,1782.7512,1859.5901999999999
EVD-01,136997.0,441189.0,1826.70141694,9.8576967647158,27.528271,2.497311,76.83899999999994,1782.7512,1859.5901999999999
EVD-01,136997.0,441189.0,1826.6029469399998,9.752613614304765,26.528355,2.497092,76.83899999999994,1782.7512,1859.5901999999999
EVD-01,136997.0,441189.0,1826.50447694,9.706692975265707,25.499527,2.495483,76.83899999999994,1782.7512,1859.5901999999999
EVD-01,136997.0,441189.0,1826.4060069399998,9.78121928453713,24.673141,2.489442,76.83899999999994,1782.7512,1859.5901999999999
EVD-01,136997.0,441189.0,1826.3075369399999,9.958247314260426,24.183411,2.479206,76.83899999999994,1782.7512,1859.5901999999999
EVD-01,136997.0,441189.0,1826.20906694,10.186393230372477,24.079243,2.467084,76.83899999999994,1782.7512,1859.5901999999999
EVD-01,136997.0,441189.0,1826.1105969399998,10.399960389141098,24.200539,2.455556,76.83899999999994,1782.7512,1859.5901999999999
EVD-01,136997.0,441189.0,1826.01212694,10.512890875281876,24.47773,2.447728,76.83899999999994,1782.7512,1859.5901999999999
EVD-01,136997.0,441189.0,1825.9136569399998,10.527606809337279,24.799911,2.444665,76.83899999999994,1782.7512,1859.5901999999999
EVD-01,136997.0,441189.0,1825.8151869399999,10.513888434770452,25.062874,2.445402,76.83899999999994,1782.7512,1859.5901999999999
EVD-01,136997.0,441189.0,1825.71671694,10.505723027667893,25.300514,2.44807,76.83899999999994,1782.7512,1859.5901999999999
EVD-01,136997.0,441189.0,1825.6182469399998,10.504685160747947,25.567848,2.451626,76.83899999999994,1782.7512,1859.5901999999999
EVD-01,136997.0,441189.0,1825.51977694,10.492949117542066,25.889488,2.456983,76.83899999999994,1782.7512,1859.5901999999999
EVD-01,136997.0,441189.0,1825.4213069399998,10.524883251635533,26.272957,2.464997,76.83899999999994,1782.7512,1859.5901999999999
EVD-01,136997.0,441189.0,1825.32283694,10.69611612134732,26.696072,2.47444,76.83899999999994,1782.7512,1859.5901999999999
EVD-01,136997.0,441189.0,1825.22436694,11.019674710234431,27.09866,2.482619,76.83899999999994,1782.7512,1859.5901999999999
EVD-01,136997.0,441189.0,1825.1258969399998,11.31931702606659,27.522247,2.490618,76.83899999999994,1782.7512,1859.5901999999999
EVD-01,136997.0,441189.0,1825.02742694,11.470242617311122,27.996429,2.499994,76.83899999999994,1782.7512,1859.5901999999999
EVD-01,136997.0,441189.0,1824.9289569399998,11.570687685183906,28.481857,2.507484,76.83899999999994,1782.7512,1859.5901999999999
EVD-01,136997.0,441189.0,1824.83048694,11.67763123104525,28.962868,2.508411,76.83899999999994,1782.7512,1859.5901999999999
EVD-01,136997.0,441189.0,1824.73201694,11.713571660967464,29.381096,2.501858,76.83899999999994,1782.7512,1859.5901999999999
EVD-01,136997.0,441189.0,1824.6335469399999,11.583257355562559,29.693329,2.493001,76.83899999999994,1782.7512,1859.5901999999999
EVD-01,136997.0,441189.0,1824.53507694,11.372204045000952,29.924225,2.485494,76.83899999999994,1782.7512,1859.5901999999999
EVD-01,136997.0,441189.0,1824.4366069399998,11.20903428159613,30.132298,2.478738,76.83899999999994,1782.7512,1859.5901999999999
EVD-01,136997.0,441189.0,1824.33813694,11.075306346969986,30.266041,2.47156,76.83899999999994,1782.7512,1859.5901999999999
EVD-01,136997.0,441189.0,1824.23966694,10.942591124758763,30.228096,2.465237,76.83899999999994,1782.7512,1859.5901999999999
EVD-01,136997.0,441189.0,1824.1411969399999,10.755199632710879,30.009808,2.464139,76.83899999999994,1782.7512,1859.5901999999999
EVD-01,136997.0,441189.0,1824.04272694,10.454288816338696,29.806545,2.471006,76.83899999999994,1782.7512,1859.5901999999999
EVD-01,136997.0,441189.0,1823.9442569399998,10.097387044858413,29.680676,2.482315,76.83899999999994,1782.7512,1859.5901999999999
EVD-01,136997.0,441189.0,1823.84578694,9.837712754510727,29.615677,2.491383,76.83899999999994,1782.7512,1859.5901999999999
EVD-01,136997.0,441189.0,1823.74731694,9.783590659871127,29.712143,2.495447,76.83899999999994,1782.7512,1859.5901999999999
EVD-01,136997.0,441189.0,1823.6488469399999,9.879353947300565,29.902668,2.496543,76.83899999999994,1782.7512,1859.5901999999999
EVD-01,136997.0,441189.0,1823.55037694,9.996359807619186,29.965061,2.498978,76.83899999999994,1782.7512,1859.5901999999999
EVD-01,136997.0,441189.0,1823.4519069399998,10.093996336808583,29.887814,2.503921,76.83899999999994,1782.7512,1859.5901999999999
EVD-01,136997.0,441189.0,1823.35343694,10.215065125900715,29.657379,2.509659,76.83899999999994,1782.7512,1859.5901999999999
EVD-01,136997.0,441189.0,1823.25496694,10.43168207220226,29.317543,2.511891,76.83899999999994,1782.7512,1859.5901999999999
EVD-01,136997.0,441189.0,1823.15649694,10.766824872828547,28.856724,2.506185,76.83899999999994,1782.7512,1859.5901999999999
EVD-01,136997.0,441189.0,1823.05802694,11.118290584385761,28.302608,2.494489,76.83899999999994,1782.7512,1859.5901999999999
EVD-01,136997.0,441189.0,1822.9595569399999,11.298086710574573,27.741287,2.484694,76.83899999999994,1782.7512,1859.5901999999999
EVD-01,136997.0,441189.0,1822.86108694,11.209900030792882,27.229778,2.48308,76.83899999999994,1782.7512,1859.5901999999999
EVD-01,136997.0,441189.0,1822.76261694,10.880013292558495,26.819366,2.48967,76.83899999999994,1782.7512,1859.5901999999999
EVD-01,136997.0,441189.0,1822.66414694,10.438640157388432,26.51849,2.500146,76.83899999999994,1782.7512,1859.5901999999999
EVD-01,136997.0,441189.0,1822.56567694,10.001903329076793,26.510605,2.51035,76.83899999999994,1782.7512,1859.5901999999999
EVD-01,136997.0,441189.0,1822.4672069399999,9.678556978693658,26.626888,2.5187,76.83899999999994,1782.7512,1859.5901999999999
EVD-01,136997.0,441189.0,1822.36873694,9.557958195330505,26.506958,2.523685,76.83899999999994,1782.7512,1859.5901999999999
EVD-01,136997.0,441189.0,1822.27026694,9.697589785189352,25.956421,2.521841,76.83899999999994,1782.7512,1859.5901999999999
EVD-01,136997.0,441189.0,1822.17179694,10.063886963183378,25.098892,2.510522,76.83899999999994,1782.7512,1859.5901999999999
EVD-01,136997.0,441189.0,1822.07332694,10.511973418401801,24.227154,2.491825,76.83899999999994,1782.7512,1859.5901999999999
EVD-01,136997.0,441189.0,1821.9748569399999,10.868148772854179,23.5476,2.472742,76.83899999999994,1782.7512,1859.5901999999999
EVD-01,136997.0,441189.0,1821.87638694,11.08832575450838,23.163094,2.458249,76.83899999999994,1782.7512,1859.5901999999999
EVD-01,136997.0,441189.0,1821.77791694,11.21339500744693,23.090508,2.449475,76.83899999999994,1782.7512,1859.5901999999999
EVD-01,136997.0,441189.0,1821.67944694,11.247788690632788,23.367035,2.445027,76.83899999999994,1782.7512,1859.5901999999999
EVD-01,136997.0,441189.0,1821.58097694,11.18941885648927,23.943356,2.443116,76.83899999999994,1782.7512,1859.5901999999999
EVD-01,136997.0,441189.0,1821.48250694,11.06622914264663,24.888027,2.442173,76.83899999999994,1782.7512,1859.5901999999999
EVD-01,136997.0,441189.0,1821.38403694,10.902448519138233,26.214035,2.441928,76.83899999999994,1782.7512,1859.5901999999999
EVD-01,136997.0,441189.0,1821.28556694,10.695912815429077,27.733448,2.445235,76.83899999999994,1782.7512,1859.5901999999999
EVD-01,136997.0,441189.0,1821.18709694,10.407971965005402,29.371662,2.455939,76.83899999999994,1782.7512,1859.5901999999999
EVD-01,136997.0,441189.0,1821.08862694,10.05805487903367,30.985645,2.474957,76.83899999999994,1782.7512,1859.5901999999999
EVD-01,136997.0,441189.0,1820.99015694,9.750065917801477,32.427383,2.498174,76.83899999999994,1782.7512,1859.5901999999999
EVD-01,136997.0,441189.0,1820.89168694,9.588062523938554,33.584099,2.519247,76.83899999999994,1782.7512,1859.5901999999999
EVD-01,136997.0,441189.0,1820.79321694,9.518131239512568,34.484245,2.535685,76.83899999999994,1782.7512,1859.5901999999999
EVD-01,136997.0,441189.0,1820.69474694,9.559562390739007,35.23745,2.546986,76.83899999999994,1782.7512,1859.5901999999999
EVD-01,136997.0,441189.0,1820.59627694,9.769941610960975,35.807358,2.553216,76.83899999999994,1782.7512,1859.5901999999999
EVD-01,136997.0,441189.0,1820.49780694,9.913689641676909,36.147171,2.557449,76.83899999999994,1782.7512,1859.5901999999999
EVD-01,136997.0,441189.0,1820.39933694,9.893532617598046,36.280014,2.562893,76.83899999999994,1782.7512,1859.5901999999999
EVD-01,136997.0,441189.0,1820.30086694,9.791702985677075,36.034088,2.570052,76.83899999999994,1782.7512,1859.5901999999999
EVD-01,136997.0,441189.0,1820.20239694,9.613269026612913,35.51297,2.577529,76.83899999999994,1782.7512,1859.5901999999999
EVD-01,136997.0,441189.0,1820.10392694,9.363418554366959,34.828941,2.581892,76.83899999999994,1782.7512,1859.5901999999999
EVD-01,136997.0,441189.0,1820.00545694,9.074959710019876,33.826691,2.579614,76.83899999999994,1782.7512,1859.5901999999999
EVD-01,136997.0,441189.0,1819.90698694,8.796505594835033,32.674698,2.573566,76.83899999999994,1782.7512,1859.5901999999999
EVD-01,136997.0,441189.0,1819.80851694,8.478180343880831,31.486996,2.568956,76.83899999999994,1782.7512,1859.5901999999999
EVD-01,136997.0,441189.0,1819.7100469399998,8.060443946925732,30.130226,2.567894,76.83899999999994,1782.7512,1859.5901999999999
EVD-01,136997.0,441189.0,1819.6115769399998,7.607496131436197,28.811455,2.568951,76.83899999999994,1782.7512,1859.5901999999999
EVD-01,136997.0,441189.0,1819.5131069399997,7.266295744840098,27.709496,2.569287,76.83899999999994,1782.7512,1859.5901999999999
EVD-01,136997.0,441189.0,1819.4146369399998,7.170701824141391,27.006062,2.567294,76.83899999999994,1782.7512,1859.5901999999999
EVD-01,136997.0,441189.0,1819.31616694,7.147191864341902,26.617374,2.565131,76.83899999999994,1782.7512,1859.5901999999999
EVD-01,136997.0,441189.0,1819.2176969399998,7.066503396799302,26.485348,2.564981,76.83899999999994,1782.7512,1859.5901999999999
EVD-01,136997.0,441189.0,1819.1192269399999,7.045415602168544,26.764835,2.564507,76.83899999999994,1782.7512,1859.5901999999999
EVD-01,136997.0,441189.0,1819.0207569399997,7.01065013865574,27.342381,2.565682,76.83899999999994,1782.7512,1859.5901999999999
EVD-01,136997.0,441189.0,1818.9222869399998,6.8633621101167375,28.100037,2.57152,76.83899999999994,1782.7512,1859.5901999999999
EVD-01,136997.0,441189.0,1818.82381694,6.723220040145025,29.045612,2.578025,76.83899999999994,1782.7512,1859.5901999999999
EVD-01,136997.0,441189.0,1818.7253469399998,6.69499610352157,30.050812,2.581749,76.83899999999994,1782.7512,1859.5901999999999
EVD-01,136997.0,441189.0,1818.6268769399999,6.745654511379961,30.957111,2.582806,76.83899999999994,1782.7512,1859.5901999999999
EVD-01,136997.0,441189.0,1818.5284069399997,6.747842104582711,31.81913,2.582891,76.83899999999994,1782.7512,1859.5901999999999
EVD-01,136997.0,441189.0,1818.4299369399998,6.685846411516916,32.662544,2.58297,76.83899999999994,1782.7512,1859.5901999999999
EVD-01,136997.0,441189.0,1818.33146694,6.6177406854458,33.429718,2.583206,76.83899999999994,1782.7512,1859.5901999999999
EVD-01,136997.0,441189.0,1818.2329969399998,6.571461609326198,33.854691,2.583547,76.83899999999994,1782.7512,1859.5901999999999
EVD-01,136997.0,441189.0,1818.13452694,6.54167638962484,34.011963,2.584046,76.83899999999994,1782.7512,1859.5901999999999
EVD-01,136997.0,441189.0,1818.0360569399998,6.507295198102862,34.201714,2.585169,76.83899999999994,1782.7512,1859.5901999999999
EVD-01,136997.0,441189.0,1817.9375869399998,6.445616945979632,34.514946,2.587953,76.83899999999994,1782.7512,1859.5901999999999
EVD-01,136997.0,441189.0,1817.83911694,6.3612353498906185,34.924492,2.592431,76.83899999999994,1782.7512,1859.5901999999999
EVD-01,136997.0,441189.0,1817.7406469399998,6.29413034152046,35.485191,2.59664,76.83899999999994,1782.7512,1859.5901999999999
EVD-01,136997.0,441189.0,1817.64217694,6.303006940354691,35.805298,2.597459,76.83899999999994,1782.7512,1859.5901999999999
EVD-01,136997.0,441189.0,1817.5437069399998,6.428693381094218,35.613876,2.591812,76.83899999999994,1782.7512,1859.5901999999999
EVD-01,136997.0,441189.0,1817.4452369399999,6.66617112176992,34.753937,2.579075,76.83899999999994,1782.7512,1859.5901999999999
EVD-01,136997.0,441189.0,1817.34676694,6.981871286501693,33.431656,2.561747,76.83899999999994,1782.7512,1859.5901999999999
EVD-01,136997.0,441189.0,1817.2482969399998,7.3499307469751205,32.031029,2.542678,76.83899999999994,1782.7512,1859.5901999999999
EVD-01,136997.0,441189.0,1817.14982694,7.7424935899000475,30.666214,2.52403,76.83899999999994,1782.7512,1859.5901999999999
EVD-01,136997.0,441189.0,1817.0513569399998,8.12896726903835,29.148472,2.50739,76.83899999999994,1782.7512,1859.5901999999999
EVD-01,136997.0,441189.0,1816.9528869399999,8.483195873843929,27.330242,2.492545,76.83899999999994,1782.7512,1859.5901999999999
EVD-01,136997.0,441189.0,1816.85441694,8.78724287758491,25.652252,2.478252,76.83899999999994,1782.7512,1859.5901999999999
EVD-01,136997.0,441189.0,1816.7559469399998,8.949508417534108,24.44379,2.468525,76.83899999999994,1782.7512,1859.5901999999999
EVD-01,136997.0,441189.0,1816.65747694,8.920818477825526,23.576687,2.468143,76.83899999999994,1782.7512,1859.5901999999999
EVD-01,136997.0,441189.0,1816.5590069399998,8.84469849492961,22.922417,2.472993,76.83899999999994,1782.7512,1859.5901999999999
EVD-01,136997.0,441189.0,1816.4605369399999,8.875433226081338,22.391678,2.473462,76.83899999999994,1782.7512,1859.5901999999999
EVD-01,136997.0,441189.0,1816.36206694,9.047312025203059,21.955727,2.465153,76.83899999999994,1782.7512,1859.5901999999999
EVD-01,136997.0,441189.0,1816.2635969399998,9.298195219003375,21.61758,2.453136,76.83899999999994,1782.7512,1859.5901999999999
EVD-01,136997.0,441189.0,1816.16512694,9.589340299859078,21.389797,2.44239,76.83899999999994,1782.7512,1859.5901999999999
EVD-01,136997.0,441189.0,1816.0666569399998,9.967333846533013,21.289585,2.431628,76.83899999999994,1782.7512,1859.5901999999999
EVD-01,136997.0,441189.0,1815.96818694,10.360610489315901,21.368408,2.422828,76.83899999999994,1782.7512,1859.5901999999999
EVD-01,136997.0,441189.0,1815.86971694,10.711033644267793,21.620628,2.417815,76.83899999999994,1782.7512,1859.5901999999999
EVD-01,136997.0,441189.0,1815.7712469399999,10.992223103287188,21.974194,2.416135,76.83899999999994,1782.7512,1859.5901999999999
EVD-01,136997.0,441189.0,1815.67277694,11.14087002377411,22.343307,2.417178,76.83899999999994,1782.7512,1859.5901999999999
EVD-01,136997.0,441189.0,1815.5743069399998,11.151304643003828,22.614594,2.419852,76.83899999999994,1782.7512,1859.5901999999999
EVD-01,136997.0,441189.0,1815.47583694,11.09670543753299,22.759884,2.423142,76.83899999999994,1782.7512,1859.5901999999999
EVD-01,136997.0,441189.0,1815.37736694,11.024666297145458,22.728828,2.427451,76.83899999999994,1782.7512,1859.5901999999999
EVD-01,136997.0,441189.0,1815.2788969399999,10.973789897458923,22.552197,2.432729,76.83899999999994,1782.7512,1859.5901999999999
EVD-01,136997.0,441189.0,1815.18042694,11.015341728353226,22.367085,2.436168,76.83899999999994,1782.7512,1859.5901999999999
EVD-01,136997.0,441189.0,1815.0819569399998,11.174418238916722,22.32386,2.437244,76.83899999999994,1782.7512,1859.5901999999999
EVD-01,136997.0,441189.0,1814.98348694,11.395579923553953,22.536942,2.437838,76.83899999999994,1782.7512,1859.5901999999999
EVD-01,136997.0,441189.0,1814.88501694,11.559480356331038,22.88073,2.439222,76.83899999999994,1782.7512,1859.5901999999999
EVD-01,136997.0,441189.0,1814.7865469399999,11.61882187431878,23.254814,2.442232,76.83899999999994,1782.7512,1859.5901999999999
EVD-01,136997.0,441189.0,1814.68807694,11.586762147975694,23.48428,2.44676,76.83899999999994,1782.7512,1859.5901999999999
EVD-01,136997.0,441189.0,1814.5896069399998,11.528705259569252,23.421124,2.451855,76.83899999999994,1782.7512,1859.5901999999999
EVD-01,136997.0,441189.0,1814.49113694,11.48460399627865,22.978436,2.456583,76.83899999999994,1782.7512,1859.5901999999999
EVD-01,136997.0,441189.0,1814.39266694,11.443109425167957,22.352219,2.460959,76.83899999999994,1782.7512,1859.5901999999999
EVD-01,136997.0,441189.0,1814.29419694,11.363810457151793,21.871117,2.465525,76.83899999999994,1782.7512,1859.5901999999999
EVD-01,136997.0,441189.0,1814.19572694,11.268146195589285,21.707947,2.470655,76.83899999999994,1782.7512,1859.5901999999999
EVD-01,136997.0,441189.0,1814.0972569399999,11.198041994798414,21.723278,2.475042,76.83899999999994,1782.7512,1859.5901999999999
EVD-01,136997.0,441189.0,1813.99878694,11.123709843828799,21.762005,2.476754,76.83899999999994,1782.7512,1859.5901999999999
EVD-01,136997.0,441189.0,1813.90031694,11.059813062578808,21.687469,2.476281,76.83899999999994,1782.7512,1859.5901999999999
EVD-01,136997.0,441189.0,1813.80184694,11.049150428024845,21.462139,2.475308,76.83899999999994,1782.7512,1859.5901999999999
EVD-01,136997.0,441189.0,1813.70337694,11.108997453765781,21.086586,2.472435,76.83899999999994,1782.7512,1859.5901999999999
EVD-01,136997.0,441189.0,1813.6049069399999,11.195354056718552,20.696228,2.466934,76.83899999999994,1782.7512,1859.5901999999999
EVD-01,136997.0,441189.0,1813.50643694,11.22942161537741,20.589954,2.460485,76.83899999999994,1782.7512,1859.5901999999999
EVD-01,136997.0,441189.0,1813.40796694,11.23496924471398,20.977444,2.454299,76.83899999999994,1782.7512,1859.5901999999999
EVD-01,136997.0,441189.0,1813.30949694,11.222234900530202,21.711094,2.449316,76.83899999999994,1782.7512,1859.5901999999999
EVD-01,136997.0,441189.0,1813.21102694,11.157877399782755,22.130611,2.446481,76.83899999999994,1782.7512,1859.5901999999999
EVD-01,136997.0,441189.0,1813.1125569399999,10.994031329157048,22.097954,2.446709,76.83899999999994,1782.7512,1859.5901999999999
EVD-01,136997.0,441189.0,1813.01408694,10.771596723339496,21.703045,2.448788,76.83899999999994,1782.7512,1859.5901999999999
EVD-01,136997.0,441189.0,1812.91561694,10.58240623666756,21.331299,2.451087,76.83899999999994,1782.7512,1859.5901999999999
EVD-01,136997.0,441189.0,1812.81714694,10.435205890467952,21.076008,2.455513,76.83899999999994,1782.7512,1859.5901999999999
EVD-01,136997.0,441189.0,1812.71867694,10.367539114593301,21.01149,2.46066,76.83899999999994,1782.7512,1859.5901999999999
EVD-01,136997.0,441189.0,1812.62020694,10.45360434051626,21.121429,2.460665,76.83899999999994,1782.7512,1859.5901999999999
EVD-01,136997.0,441189.0,1812.52173694,10.632199513415516,21.536148,2.457654,76.83899999999994,1782.7512,1859.5901999999999
EVD-01,136997.0,441189.0,1812.42326694,10.78266120915986,22.23317,2.456763,76.83899999999994,1782.7512,1859.5901999999999
EVD-01,136997.0,441189.0,1812.32479694,10.847780821172707,23.033882,2.459185,76.83899999999994,1782.7512,1859.5901999999999
EVD-01,136997.0,441189.0,1812.22632694,10.798836797020805,23.777386,2.465495,76.83899999999994,1782.7512,1859.5901999999999
EVD-01,136997.0,441189.0,1812.12785694,10.681588893029526,24.28194,2.473401,76.83899999999994,1782.7512,1859.5901999999999
EVD-01,136997.0,441189.0,1812.02938694,10.593252181676785,24.386395,2.478469,76.83899999999994,1782.7512,1859.5901999999999
EVD-01,136997.0,441189.0,1811.93091694,10.522338954115872,24.201908,2.480495,76.83899999999994,1782.7512,1859.5901999999999
EVD-01,136997.0,441189.0,1811.83244694,10.432146099989726,23.998848,2.482155,76.83899999999994,1782.7512,1859.5901999999999
EVD-01,136997.0,441189.0,1811.73397694,10.34824586963595,23.882381,2.484335,76.83899999999994,1782.7512,1859.5901999999999
EVD-01,136997.0,441189.0,1811.63550694,10.314466516928128,23.793983,2.485975,76.83899999999994,1782.7512,1859.5901999999999
EVD-01,136997.0,441189.0,1811.53703694,10.331621346842939,23.656639,2.485299,76.83899999999994,1782.7512,1859.5901999999999
EVD-01,136997.0,441189.0,1811.43856694,10.350974346854251,23.486298,2.482399,76.83899999999994,1782.7512,1859.5901999999999
EVD-01,136997.0,441189.0,1811.34009694,10.310905697739685,23.284714,2.479874,76.83899999999994,1782.7512,1859.5901999999999
EVD-01,136997.0,441189.0,1811.24162694,10.204723786870922,23.061535,2.479057,76.83899999999994,1782.7512,1859.5901999999999
EVD-01,136997.0,441189.0,1811.14315694,10.090974380959874,22.83025,2.478288,76.83899999999994,1782.7512,1859.5901999999999
EVD-01,136997.0,441189.0,1811.04468694,10.02937017539974,22.611809,2.476985,76.83899999999994,1782.7512,1859.5901999999999
EVD-01,136997.0,441189.0,1810.9462169399999,10.01198151298427,22.420723,2.47654,76.83899999999994,1782.7512,1859.5901999999999
EVD-01,136997.0,441189.0,1810.8477469399998,9.999328165255744,22.268436,2.478061,76.83899999999994,1782.7512,1859.5901999999999
EVD-01,136997.0,441189.0,1810.7492769399998,9.999980754737942,22.198952,2.480131,76.83899999999994,1782.7512,1859.5901999999999
EVD-01,136997.0,441189.0,1810.6508069399997,10.027544092554379,22.227489,2.480357,76.83899999999994,1782.7512,1859.5901999999999
EVD-01,136997.0,441189.0,1810.5523369399998,10.06374983823779,22.42067,2.478225,76.83899999999994,1782.7512,1859.5901999999999
EVD-01,136997.0,441189.0,1810.45386694,10.09089833669649,22.806866,2.475163,76.83899999999994,1782.7512,1859.5901999999999
EVD-01,136997.0,441189.0,1810.3553969399998,10.080513345319677,23.350441,2.474313,76.83899999999994,1782.7512,1859.5901999999999
EVD-01,136997.0,441189.0,1810.2569269399999,10.007368917653032,24.039772,2.47822,76.83899999999994,1782.7512,1859.5901999999999
EVD-01,136997.0,441189.0,1810.1584569399997,9.915488809591281,24.835453,2.484716,76.83899999999994,1782.7512,1859.5901999999999
EVD-01,136997.0,441189.0,1810.0599869399998,9.847979965250314,25.733665,2.490716,76.83899999999994,1782.7512,1859.5901999999999
EVD-01,136997.0,441189.0,1809.96151694,9.78284958889081,26.729084,2.496468,76.83899999999994,1782.7512,1859.5901999999999
EVD-01,136997.0,441189.0,1809.8630469399998,9.698965481936558,27.536488,2.501289,76.83899999999994,1782.7512,1859.5901999999999
EVD-01,136997.0,441189.0,1809.7645769399999,9.638604221192173,27.967625,2.502425,76.83899999999994,1782.7512,1859.5901999999999
EVD-01,136997.0,441189.0,1809.6661069399997,9.650222891830332,27.798145,2.497669,76.83899999999994,1782.7512,1859.5901999999999
EVD-01,136997.0,441189.0,1809.5676369399998,9.729733282179673,27.234978,2.488168,76.83899999999994,1782.7512,1859.5901999999999
EVD-01,136997.0,441189.0,1809.46916694,9.85737170617868,26.439938,2.476392,76.83899999999994,1782.7512,1859.5901999999999
EVD-01,136997.0,441189.0,1809.3706969399998,10.068115490959261,25.577587,2.463033,76.83899999999994,1782.7512,1859.5901999999999
EVD-01,136997.0,441189.0,1809.2722269399999,10.262771440817675,24.757557,2.452645,76.83899999999994,1782.7512,1859.5901999999999
EVD-01,136997.0,441189.0,1809.1737569399997,10.330224004031024,23.995953,2.449175,76.83899999999994,1782.7512,1859.5901999999999
EVD-01,136997.0,441189.0,1809.0752869399998,10.338066736565162,23.291523,2.447984,76.83899999999994,1782.7512,1859.5901999999999
EVD-01,136997.0,441189.0,1808.97681694,10.330315674137026,22.608154,2.446902,76.83899999999994,1782.7512,1859.5901999999999
EVD-01,136997.0,441189.0,1808.8783469399998,10.274175014452215,21.93433,2.447971,76.83899999999994,1782.7512,1859.5901999999999
EVD-01,136997.0,441189.0,1808.77987694,10.154674371977563,21.438995,2.45122,76.83899999999994,1782.7512,1859.5901999999999
EVD-01,136997.0,441189.0,1808.6814069399998,10.004960345470725,21.225216,2.455118,76.83899999999994,1782.7512,1859.5901999999999
EVD-01,136997.0,441189.0,1808.5829369399999,9.881344454286895,21.513721,2.457806,76.83899999999994,1782.7512,1859.5901999999999
EVD-01,136997.0,441189.0,1808.48446694,9.85817434824934,22.533333,2.458441,76.83899999999994,1782.7512,1859.5901999999999
EVD-01,136997.0,441189.0,1808.3859969399998,9.936085595076234,23.945507,2.458007,76.83899999999994,1782.7512,1859.5901999999999
EVD-01,136997.0,441189.0,1808.28752694,10.056653536306559,24.964142,2.458418,76.83899999999994,1782.7512,1859.5901999999999
EVD-01,136997.0,441189.0,1808.1890569399998,10.181858727111667,25.570187,2.459826,76.83899999999994,1782.7512,1859.5901999999999
EVD-01,136997.0,441189.0,1808.0905869399999,10.291708359415933,25.994904,2.46196,76.83899999999994,1782.7512,1859.5901999999999
EVD-01,136997.0,441189.0,1807.99211694,10.361593940671618,26.258118,2.465626,76.83899999999994,1782.7512,1859.5901999999999
EVD-01,136997.0,441189.0,1807.8936469399998,10.348864826089759,26.39135,2.473424,76.83899999999994,1782.7512,1859.5901999999999
EVD-01,136997.0,441189.0,1807.79517694,10.209576601571145,26.447681,2.485792,76.83899999999994,1782.7512,1859.5901999999999
EVD-01,136997.0,441189.0,1807.6967069399998,9.984041866796534,26.480232,2.498041,76.83899999999994,1782.7512,1859.5901999999999
EVD-01,136997.0,441189.0,1807.5982369399999,9.76820688097432,26.500401,2.50808,76.83899999999994,1782.7512,1859.5901999999999
EVD-01,136997.0,441189.0,1807.49976694,9.609426613847361,26.498806,2.515167,76.83899999999994,1782.7512,1859.5901999999999
EVD-01,136997.0,441189.0,1807.4012969399998,9.493354307492615,26.443195,2.518351,76.83899999999994,1782.7512,1859.5901999999999
EVD-01,136997.0,441189.0,1807.30282694,9.366980603038146,26.356064,2.519282,76.83899999999994,1782.7512,1859.5901999999999
EVD-01,136997.0,441189.0,1807.2043569399998,9.217608588787257,26.272556,2.520334,76.83899999999994,1782.7512,1859.5901999999999
EVD-01,136997.0,441189.0,1807.10588694,9.087315991356661,26.155148,2.521999,76.83899999999994,1782.7512,1859.5901999999999
EVD-01,136997.0,441189.0,1807.00741694,9.02452152799064,25.988739,2.522865,76.83899999999994,1782.7512,1859.5901999999999
EVD-01,136997.0,441189.0,1806.9089469399999,9.005763961710002,25.796112,2.522973,76.83899999999994,1782.7512,1859.5901999999999
EVD-01,136997.0,441189.0,1806.81047694,8.917226978195723,25.620041,2.526058,76.83899999999994,1782.7512,1859.5901999999999
EVD-01,136997.0,441189.0,1806.7120069399998,8.706920856339984,25.491428,2.534371,76.83899999999994,1782.7512,1859.5901999999999
EVD-01,136997.0,441189.0,1806.61353694,8.443212640569154,25.407761,2.545009,76.83899999999994,1782.7512,1859.5901999999999
EVD-01,136997.0,441189.0,1806.51506694,8.239218766407229,25.606167,2.552323,76.83899999999994,1782.7512,1859.5901999999999
EVD-01,136997.0,441189.0,1806.4165969399999,8.148236153813105,25.891895,2.55363,76.83899999999994,1782.7512,1859.5901999999999
EVD-01,136997.0,441189.0,1806.31812694,8.157328872104513,25.798237,2.550126,76.83899999999994,1782.7512,1859.5901999999999
EVD-01,136997.0,441189.0,1806.2196569399998,8.27432456158806,26.187767,2.542514,76.83899999999994,1782.7512,1859.5901999999999
EVD-01,136997.0,441189.0,1806.12118694,8.468297368965299,27.412041,2.531721,76.83899999999994,1782.7512,1859.5901999999999
EVD-01,136997.0,441189.0,1806.02271694,8.670402491652599,28.562031,2.519351,76.83899999999994,1782.7512,1859.5901999999999
EVD-01,136997.0,441189.0,1805.9242469399999,8.858685572504301,29.104256,2.506517,76.83899999999994,1782.7512,1859.5901999999999
EVD-01,136997.0,441189.0,1805.82577694,9.04130751936177,28.896667,2.494587,76.83899999999994,1782.7512,1859.5901999999999
EVD-01,136997.0,441189.0,1805.7273069399998,9.196177239568794,28.375286,2.485881,76.83899999999994,1782.7512,1859.5901999999999
EVD-01,136997.0,441189.0,1805.62883694,9.236652111393312,27.721165,2.482429,76.83899999999994,1782.7512,1859.5901999999999
EVD-01,136997.0,441189.0,1805.53036694,9.112707390263541,27.119534,2.485332,76.83899999999994,1782.7512,1859.5901999999999
EVD-01,136997.0,441189.0,1805.43189694,8.875484719642575,26.569019,2.493909,76.83899999999994,1782.7512,1859.5901999999999
EVD-01,136997.0,441189.0,1805.33342694,8.623601171969808,26.141216,2.504729,76.83899999999994,1782.7512,1859.5901999999999
EVD-01,136997.0,441189.0,1805.2349569399998,8.451079405199337,25.858273,2.514568,76.83899999999994,1782.7512,1859.5901999999999
EVD-01,136997.0,441189.0,1805.13648694,8.409787965042858,25.669224,2.521635,76.83899999999994,1782.7512,1859.5901999999999
EVD-01,136997.0,441189.0,1805.03801694,8.484834869088903,25.553185,2.525516,76.83899999999994,1782.7512,1859.5901999999999
EVD-01,136997.0,441189.0,1804.93954694,8.661744455591883,25.47644,2.526288,76.83899999999994,1782.7512,1859.5901999999999
EVD-01,136997.0,441189.0,1804.84107694,8.963506808586557,25.473244,2.523323,76.83899999999994,1782.7512,1859.5901999999999
EVD-01,136997.0,441189.0,1804.7426069399999,9.285142104639652,25.579952,2.518435,76.83899999999994,1782.7512,1859.5901999999999
EVD-01,136997.0,441189.0,1804.64413694,9.493037066281008,25.781307,2.514058,76.83899999999994,1782.7512,1859.5901999999999
EVD-01,136997.0,441189.0,1804.54566694,9.601532132193451,26.07642,2.51019,76.83899999999994,1782.7512,1859.5901999999999
EVD-01,136997.0,441189.0,1804.44719694,9.645445650939191,26.449928,2.506939,76.83899999999994,1782.7512,1859.5901999999999
EVD-01,136997.0,441189.0,1804.34872694,9.63186396647297,26.8437,2.505572,76.83899999999994,1782.7512,1859.5901999999999
EVD-01,136997.0,441189.0,1804.2502569399999,9.53671334339926,27.213539,2.506658,76.83899999999994,1782.7512,1859.5901999999999
EVD-01,136997.0,441189.0,1804.15178694,9.353036641417187,27.510235,2.510193,76.83899999999994,1782.7512,1859.5901999999999
EVD-01,136997.0,441189.0,1804.05331694,9.118742354518893,27.726807,2.515404,76.83899999999994,1782.7512,1859.5901999999999
EVD-01,136997.0,441189.0,1803.95484694,8.944461059311799,27.889343,2.51902,76.83899999999994,1782.7512,1859.5901999999999
EVD-01,136997.0,441189.0,1803.85637694,8.87578224140286,28.022606,2.52039,76.83899999999994,1782.7512,1859.5901999999999
EVD-01,136997.0,441189.0,1803.7579069399999,8.82332760936831,28.124432,2.523654,76.83899999999994,1782.7512,1859.5901999999999
EVD-01,136997.0,441189.0,1803.65943694,8.66606175967874,28.256138,2.531345,76.83899999999994,1782.7512,1859.5901999999999
EVD-01,136997.0,441189.0,1803.56096694,8.435695477676012,28.481953,2.540852,76.83899999999994,1782.7512,1859.5901999999999
EVD-01,136997.0,441189.0,1803.46249694,8.297037225700986,28.76181,2.546074,76.83899999999994,1782.7512,1859.5901999999999
EVD-01,136997.0,441189.0,1803.36402694,8.299663789679633,29.094421,2.545613,76.83899999999994,1782.7512,1859.5901999999999
EVD-01,136997.0,441189.0,1803.26555694,8.319250642868711,29.442669,2.54415,76.83899999999994,1782.7512,1859.5901999999999
EVD-01,136997.0,441189.0,1803.16708694,8.20401998837174,29.747463,2.546721,76.83899999999994,1782.7512,1859.5901999999999
EVD-01,136997.0,441189.0,1803.06861694,8.001527060118843,30.047756,2.552937,76.83899999999994,1782.7512,1859.5901999999999
EVD-01,136997.0,441189.0,1802.97014694,7.860229017764557,30.354244,2.558518,76.83899999999994,1782.7512,1859.5901999999999
EVD-01,136997.0,441189.0,1802.87167694,7.847792393995278,30.523132,2.560836,76.83899999999994,1782.7512,1859.5901999999999
EVD-01,136997.0,441189.0,1802.77320694,7.899943226747934,30.283192,2.558444,76.83899999999994,1782.7512,1859.5901999999999
EVD-01,136997.0,441189.0,1802.67473694,7.972198021043645,29.571499,2.551775,76.83899999999994,1782.7512,1859.5901999999999
EVD-01,136997.0,441189.0,1802.57626694,8.094469005777661,28.734154,2.542743,76.83899999999994,1782.7512,1859.5901999999999
EVD-01,136997.0,441189.0,1802.47779694,8.197710201021826,27.853054,2.53474,76.83899999999994,1782.7512,1859.5901999999999
EVD-01,136997.0,441189.0,1802.37932694,8.194547259891026,26.994949,2.531243,76.83899999999994,1782.7512,1859.5901999999999
EVD-01,136997.0,441189.0,1802.28085694,8.070742280567021,26.188656,2.533378,76.83899999999994,1782.7512,1859.5901999999999
EVD-01,136997.0,441189.0,1802.18238694,7.9072275384823545,25.505756,2.537179,76.83899999999994,1782.7512,1859.5901999999999
EVD-01,136997.0,441189.0,1802.08391694,7.82960946523758,24.990181,2.53697,76.83899999999994,1782.7512,1859.5901999999999
EVD-01,136997.0,441189.0,1801.98544694,7.896385522087439,24.610493,2.530799,76.83899999999994,1782.7512,1859.5901999999999
EVD-01,136997.0,441189.0,1801.8869769399998,8.075770431373702,24.320759,2.521597,76.83899999999994,1782.7512,1859.5901999999999
EVD-01,136997.0,441189.0,1801.7885069399997,8.294934325335088,24.053291,2.514406,76.83899999999994,1782.7512,1859.5901999999999
EVD-01,136997.0,441189.0,1801.6900369399998,8.488712410426263,23.804447,2.512345,76.83899999999994,1782.7512,1859.5901999999999
EVD-01,136997.0,441189.0,1801.59156694,8.588243862220978,23.591736,2.51532,76.83899999999994,1782.7512,1859.5901999999999
EVD-01,136997.0,441189.0,1801.4930969399998,8.562680813316568,23.41502,2.520803,76.83899999999994,1782.7512,1859.5901999999999
EVD-01,136997.0,441189.0,1801.3946269399999,8.462583694170721,23.286915,2.525002,76.83899999999994,1782.7512,1859.5901999999999
EVD-01,136997.0,441189.0,1801.2961569399997,8.376631352702875,23.200623,2.524281,76.83899999999994,1782.7512,1859.5901999999999
EVD-01,136997.0,441189.0,1801.1976869399998,8.36355843919473,23.130875,2.518583,76.83899999999994,1782.7512,1859.5901999999999
EVD-01,136997.0,441189.0,1801.09921694,8.386651713742497,23.105442,2.512624,76.83899999999994,1782.7512,1859.5901999999999
EVD-01,136997.0,441189.0,1801.0007469399998,8.447053441862392,23.182758,2.508584,76.83899999999994,1782.7512,1859.5901999999999
EVD-01,136997.0,441189.0,1800.9022769399999,8.522952093822127,23.382229,2.507328,76.83899999999994,1782.7512,1859.5901999999999
EVD-01,136997.0,441189.0,1800.8038069399997,8.523090957267634,23.693707,2.51164,76.83899999999994,1782.7512,1859.5901999999999
EVD-01,136997.0,441189.0,1800.7053369399998,8.429285032925335,24.104435,2.521319,76.83899999999994,1782.7512,1859.5901999999999
EVD-01,136997.0,441189.0,1800.60686694,8.294261531370774,24.604561,2.533144,76.83899999999994,1782.7512,1859.5901999999999
EVD-01,136997.0,441189.0,1800.5083969399998,8.176703220644468,25.186985,2.543873,76.83899999999994,1782.7512,1859.5901999999999
EVD-01,136997.0,441189.0,1800.4099269399999,8.12073063888315,25.86792,2.55077,76.83899999999994,1782.7512,1859.5901999999999
EVD-01,136997.0,441189.0,1800.3114569399997,8.159961266484896,26.649933,2.551355,76.83899999999994,1782.7512,1859.5901999999999
EVD-01,136997.0,441189.0,1800.2129869399998,8.262701855422208,27.541718,2.546415,76.83899999999994,1782.7512,1859.5901999999999
EVD-01,136997.0,441189.0,1800.11451694,8.38783145288375,28.319878,2.537639,76.83899999999994,1782.7512,1859.5901999999999
EVD-01,136997.0,441189.0,1800.0160469399998,8.485165368513687,28.732841,2.528367,76.83899999999994,1782.7512,1859.5901999999999
EVD-01,136997.0,441189.0,1799.91757694,8.483365511707344,28.547604,2.522967,76.83899999999994,1782.7512,1859.5901999999999
EVD-01,136997.0,441189.0,1799.8191069399998,8.421118890041104,28.023632,2.520196,76.83899999999994,1782.7512,1859.5901999999999
EVD-01,136997.0,441189.0,1799.7206369399998,8.383170167571079,27.478951,2.516416,76.83899999999994,1782.7512,1859.5901999999999
EVD-01,136997.0,441189.0,1799.62216694,8.327615069130276,27.124771,2.514455,76.83899999999994,1782.7512,1859.5901999999999
EVD-01,136997.0,441189.0,1799.5236969399998,8.247899641730058,26.963791,2.51612,76.83899999999994,1782.7512,1859.5901999999999
EVD-01,136997.0,441189.0,1799.42522694,8.202729166742289,26.972263,2.518841,76.83899999999994,1782.7512,1859.5901999999999
EVD-01,136997.0,441189.0,1799.3267569399998,8.230703065350916,27.083118,2.520628,76.83899999999994,1782.7512,1859.5901999999999
EVD-01,136997.0,441189.0,1799.2282869399999,8.330030050831605,27.183254,2.520603,76.83899999999994,1782.7512,1859.5901999999999
EVD-01,136997.0,441189.0,1799.12981694,8.489506030455583,27.125481,2.518377,76.83899999999994,1782.7512,1859.5901999999999
EVD-01,136997.0,441189.0,1799.0313469399998,8.712853667755695,26.877689,2.513445,76.83899999999994,1782.7512,1859.5901999999999
EVD-01,136997.0,441189.0,1798.93287694,8.94864272894938,26.515121,2.507105,76.83899999999994,1782.7512,1859.5901999999999
EVD-01,136997.0,441189.0,1798.8344069399998,9.116720166398341,26.082058,2.502573,76.83899999999994,1782.7512,1859.5901999999999
EVD-01,136997.0,441189.0,1798.7359369399999,9.12838021882274,25.579971,2.502391,76.83899999999994,1782.7512,1859.5901999999999
EVD-01,136997.0,441189.0,1798.63746694,8.998639188011772,25.053829,2.506707,76.83899999999994,1782.7512,1859.5901999999999
EVD-01,136997.0,441189.0,1798.5389969399998,8.812014644090079,24.609703,2.513164,76.83899999999994,1782.7512,1859.5901999999999
EVD-01,136997.0,441189.0,1798.44052694,8.61401399681199,24.286873,2.52082,76.83899999999994,1782.7512,1859.5901999999999
EVD-01,136997.0,441189.0,1798.3420569399998,8.445466651715865,24.060898,2.528135,76.83899999999994,1782.7512,1859.5901999999999
EVD-01,136997.0,441189.0,1798.24358694,8.372512193011625,23.974415,2.531816,76.83899999999994,1782.7512,1859.5901999999999
EVD-01,136997.0,441189.0,1798.14511694,8.448205782089982,23.961445,2.530943,76.83899999999994,1782.7512,1859.5901999999999
EVD-01,136997.0,441189.0,1798.0466469399998,8.612929829228042,23.957989,2.52688,76.83899999999994,1782.7512,1859.5901999999999
EVD-01,136997.0,441189.0,1797.94817694,8.748303424255763,23.921707,2.52205,76.83899999999994,1782.7512,1859.5901999999999
EVD-01,136997.0,441189.0,1797.8497069399998,8.844019757190622,23.786732,2.518268,76.83899999999994,1782.7512,1859.5901999999999
EVD-01,136997.0,441189.0,1797.75123694,8.929226049186038,23.530357,2.515504,76.83899999999994,1782.7512,1859.5901999999999
EVD-01,136997.0,441189.0,1797.65276694,9.009603483508243,23.273457,2.512586,76.83899999999994,1782.7512,1859.5901999999999
EVD-01,136997.0,441189.0,1797.5542969399999,8.987169807735196,23.094345,2.511725,76.83899999999994,1782.7512,1859.5901999999999
EVD-01,136997.0,441189.0,1797.45582694,8.786524232686524,23.003719,2.517272,76.83899999999994,1782.7512,1859.5901999999999
EVD-01,136997.0,441189.0,1797.3573569399998,8.482562908444436,23.187298,2.529185,76.83899999999994,1782.7512,1859.5901999999999
EVD-01,136997.0,441189.0,1797.25888694,8.215758731745497,23.68705,2.54191,76.83899999999994,1782.7512,1859.5901999999999
EVD-01,136997.0,441189.0,1797.16041694,8.076227707161319,24.478176,2.549057,76.83899999999994,1782.7512,1859.5901999999999
EVD-01,136997.0,441189.0,1797.0619469399999,7.979758150854655,25.434849,2.551407,76.83899999999994,1782.7512,1859.5901999999999
EVD-01,136997.0,441189.0,1796.96347694,7.917292020745887,26.326756,2.552356,76.83899999999994,1782.7512,1859.5901999999999
EVD-01,136997.0,441189.0,1796.8650069399998,7.937279932626243,26.969875,2.552685,76.83899999999994,1782.7512,1859.5901999999999
EVD-01,136997.0,441189.0,1796.76653694,8.02165815842799,27.17532,2.550674,76.83899999999994,1782.7512,1859.5901999999999
EVD-01,136997.0,441189.0,1796.66806694,8.119583559645237,27.054379,2.545239,76.83899999999994,1782.7512,1859.5901999999999
EVD-01,136997.0,441189.0,1796.5695969399999,8.169072022874623,26.779125,2.539121,76.83899999999994,1782.7512,1859.5901999999999
EVD-01,136997.0,441189.0,1796.47112694,8.136464619668033,26.415054,2.536986,76.83899999999994,1782.7512,1859.5901999999999
EVD-01,136997.0,441189.0,1796.3726569399998,8.032645796614684,26.047516,2.538519,76.83899999999994,1782.7512,1859.5901999999999
EVD-01,136997.0,441189.0,1796.27418694,7.940088164366804,25.723862,2.537838,76.83899999999994,1782.7512,1859.5901999999999
EVD-01,136997.0,441189.0,1796.17571694,7.915482731152757,25.483932,2.533455,76.83899999999994,1782.7512,1859.5901999999999
EVD-01,136997.0,441189.0,1796.07724694,7.9913450524890335,25.334278,2.526455,76.83899999999994,1782.7512,1859.5901999999999
EVD-01,136997.0,441189.0,1795.97877694,8.171482335614943,25.284172,2.517738,76.83899999999994,1782.7512,1859.5901999999999
EVD-01,136997.0,441189.0,1795.8803069399999,8.367799829690812,25.348396,2.51094,76.83899999999994,1782.7512,1859.5901999999999
EVD-01,136997.0,441189.0,1795.78183694,8.477551763487348,25.513729,2.510109,76.83899999999994,1782.7512,1859.5901999999999
EVD-01,136997.0,441189.0,1795.68336694,8.477166992815622,25.810734,2.515504,76.83899999999994,1782.7512,1859.5901999999999
EVD-01,136997.0,441189.0,1795.58489694,8.415885490945053,26.279091,2.524016,76.83899999999994,1782.7512,1859.5901999999999
EVD-01,136997.0,441189.0,1795.48642694,8.318659082064261,26.89883,2.533624,76.83899999999994,1782.7512,1859.5901999999999
EVD-01,136997.0,441189.0,1795.3879569399999,8.169653806630073,27.725662,2.544777,76.83899999999994,1782.7512,1859.5901999999999
EVD-01,136997.0,441189.0,1795.28948694,8.013269745933766,28.65551,2.554432,76.83899999999994,1782.7512,1859.5901999999999
EVD-01,136997.0,441189.0,1795.19101694,7.954423095539264,29.358658,2.5568,76.83899999999994,1782.7512,1859.5901999999999
EVD-01,136997.0,441189.0,1795.09254694,8.025733604904403,29.577625,2.551688,76.83899999999994,1782.7512,1859.5901999999999
EVD-01,136997.0,441189.0,1794.99407694,8.205988015457118,29.169777,2.543061,76.83899999999994,1782.7512,1859.5901999999999
EVD-01,136997.0,441189.0,1794.8956069399999,8.44342878754826,28.447872,2.534204,76.83899999999994,1782.7512,1859.5901999999999
EVD-01,136997.0,441189.0,1794.79713694,8.635526086172097,27.670197,2.52529,76.83899999999994,1782.7512,1859.5901999999999
EVD-01,136997.0,441189.0,1794.69866694,8.7162657489089,27.053192,2.516559,76.83899999999994,1782.7512,1859.5901999999999
EVD-01,136997.0,441189.0,1794.60019694,8.661608907123103,26.573895,2.510572,76.83899999999994,1782.7512,1859.5901999999999
EVD-01,136997.0,441189.0,1794.50145748,8.541483792770428,26.177917,2.508801,76.83899999999994,1782.7512,1859.5901999999999
EVD-01,136997.0,441189.0,1794.4027174799999,8.427771784040171,25.772362,2.509977,76.83899999999994,1782.7512,1859.5901999999999
EVD-01,136997.0,441189.0,1794.30397748,8.362817812204911,25.285347,2.511279,76.83899999999994,1782.7512,1859.5901999999999
EVD-01,136997.0,441189.0,1794.20523748,8.363892469275715,24.819798,2.511702,76.83899999999994,1782.7512,1859.5901999999999
EVD-01,136997.0,441189.0,1794.10649748,8.428727574023005,24.508698,2.512639,76.83899999999994,1782.7512,1859.5901999999999
EVD-01,136997.0,441189.0,1794.00775748,8.537688328108946,24.30368,2.515663,76.83899999999994,1782.7512,1859.5901999999999
EVD-01,136997.0,441189.0,1793.9090174799999,8.667665549429287,24.221973,2.520082,76.83899999999994,1782.7512,1859.5901999999999
EVD-01,136997.0,441189.0,1793.81027748,8.7820808980354,24.271374,2.524729,76.83899999999994,1782.7512,1859.5901999999999
EVD-01,136997.0,441189.0,1793.71153748,8.806984282175687,24.445141,2.530626,76.83899999999994,1782.7512,1859.5901999999999
EVD-01,136997.0,441189.0,1793.61279748,8.75369342674804,24.738384,2.537359,76.83899999999994,1782.7512,1859.5901999999999
EVD-01,136997.0,441189.0,1793.51405748,8.674345839682404,25.103127,2.542583,76.83899999999994,1782.7512,1859.5901999999999
EVD-01,136997.0,441189.0,1793.4153174799999,8.62515011881337,25.501415,2.543614,76.83899999999994,1782.7512,1859.5901999999999
EVD-01,136997.0,441189.0,1793.31657748,8.618521379711828,25.862865,2.540961,76.83899999999994,1782.7512,1859.5901999999999
EVD-01,136997.0,441189.0,1793.21783748,8.635467166332761,26.125626,2.537204,76.83899999999994,1782.7512,1859.5901999999999
EVD-01,136997.0,441189.0,1793.11909748,8.6883411822722,26.335686,2.532898,76.83899999999994,1782.7512,1859.5901999999999
EVD-01,136997.0,441189.0,1793.02035748,8.753940621037337,26.467411,2.528354,76.83899999999994,1782.7512,1859.5901999999999
EVD-01,136997.0,441189.0,1792.92161748,8.775699900755047,26.504654,2.524745,76.83899999999994,1782.7512,1859.5901999999999
EVD-01,136997.0,441189.0,1792.82287748,8.690301860512793,26.464439,2.524296,76.83899999999994,1782.7512,1859.5901999999999
EVD-01,136997.0,441189.0,1792.72413748,8.51480085627996,26.351898,2.525295,76.83899999999994,1782.7512,1859.5901999999999
EVD-01,136997.0,441189.0,1792.62539748,8.35327470582859,26.192356,2.524458,76.83899999999994,1782.7512,1859.5901999999999
EVD-01,136997.0,441189.0,1792.52665748,8.302555966672529,25.979702,2.522271,76.83899999999994,1782.7512,1859.5901999999999
EVD-01,136997.0,441189.0,1792.42791748,8.316040246591133,25.730316,2.519771,76.83899999999994,1782.7512,1859.5901999999999
EVD-01,136997.0,441189.0,1792.32917748,8.336481035061007,25.466396,2.516437,76.83899999999994,1782.7512,1859.5901999999999
EVD-01,136997.0,441189.0,1792.23043748,8.37696610121316,25.10844,2.511703,76.83899999999994,1782.7512,1859.5901999999999
EVD-01,136997.0,441189.0,1792.13169748,8.441760009896143,24.59605,2.507337,76.83899999999994,1782.7512,1859.5901999999999
EVD-01,136997.0,441189.0,1792.03295748,8.495079955438332,24.030968,2.507006,76.83899999999994,1782.7512,1859.5901999999999
EVD-01,136997.0,441189.0,1791.93421748,8.495757959045282,23.796017,2.512461,76.83899999999994,1782.7512,1859.5901999999999
EVD-01,136997.0,441189.0,1791.83547748,8.454643412473207,24.032104,2.521305,76.83899999999994,1782.7512,1859.5901999999999
EVD-01,136997.0,441189.0,1791.73673748,8.421456661349378,24.471992,2.528727,76.83899999999994,1782.7512,1859.5901999999999
EVD-01,136997.0,441189.0,1791.6379974799997,8.458043289090995,25.082272,2.531349,76.83899999999994,1782.7512,1859.5901999999999
EVD-01,136997.0,441189.0,1791.5392574799998,8.575037890020738,25.690899,2.529056,76.83899999999994,1782.7512,1859.5901999999999
EVD-01,136997.0,441189.0,1791.44051748,8.736587149077794,26.10825,2.524436,76.83899999999994,1782.7512,1859.5901999999999
EVD-01,136997.0,441189.0,1791.34177748,8.897223757128534,26.163368,2.520914,76.83899999999994,1782.7512,1859.5901999999999
EVD-01,136997.0,441189.0,1791.2430374799999,9.063533948137461,25.94648,2.518949,76.83899999999994,1782.7512,1859.5901999999999
EVD-01,136997.0,441189.0,1791.1442974799998,9.269694464704441,25.708801,2.517033,76.83899999999994,1782.7512,1859.5901999999999
EVD-01,136997.0,441189.0,1791.0455574799998,9.503535230560765,25.480522,2.515961,76.83899999999994,1782.7512,1859.5901999999999
EVD-01,136997.0,441189.0,1790.9468174799997,9.623122206887345,25.354218,2.517896,76.83899999999994,1782.7512,1859.5901999999999
EVD-01,136997.0,441189.0,1790.8480774799998,9.540532647848993,25.398987,2.524075,76.83899999999994,1782.7512,1859.5901999999999
EVD-01,136997.0,441189.0,1790.74933748,9.338523109482274,25.76305,2.532941,76.83899999999994,1782.7512,1859.5901999999999
EVD-01,136997.0,441189.0,1790.6505974799998,9.158234338275939,26.466087,2.540263,76.83899999999994,1782.7512,1859.5901999999999
EVD-01,136997.0,441189.0,1790.5518574799999,9.072108871339584,27.514751,2.543031,76.83899999999994,1782.7512,1859.5901999999999
EVD-01,136997.0,441189.0,1790.4531174799997,8.987929409072423,29.044582,2.543749,76.83899999999994,1782.7512,1859.5901999999999
EVD-01,136997.0,441189.0,1790.3543774799998,8.854057224980252,30.942535,2.545336,76.83899999999994,1782.7512,1859.5901999999999
EVD-01,136997.0,441189.0,1790.25563748,8.678837996816231,33.05349,2.549091,76.83899999999994,1782.7512,1859.5901999999999
EVD-01,136997.0,441189.0,1790.1568974799998,8.431743083961944,34.97139,2.556323,76.83899999999994,1782.7512,1859.5901999999999
EVD-01,136997.0,441189.0,1790.0581574799999,8.066461723897017,36.397095,2.566769,76.83899999999994,1782.7512,1859.5901999999999
EVD-01,136997.0,441189.0,1789.9594174799997,7.623060585042372,36.906754,2.577075,76.83899999999994,1782.7512,1859.5901999999999
EVD-01,136997.0,441189.0,1789.8606774799998,7.192656698684638,36.498497,2.583427,76.83899999999994,1782.7512,1859.5901999999999
EVD-01,136997.0,441189.0,1789.76193748,6.956691267829586,35.575943,2.585701,76.83899999999994,1782.7512,1859.5901999999999
EVD-01,136997.0,441189.0,1789.6631974799998,6.981049963722077,34.363449,2.58725,76.83899999999994,1782.7512,1859.5901999999999
EVD-01,136997.0,441189.0,1789.5644574799999,7.086670419881759,33.169319,2.590073,76.83899999999994,1782.7512,1859.5901999999999
EVD-01,136997.0,441189.0,1789.4657174799997,7.146771276845184,32.102493,2.5934,76.83899999999994,1782.7512,1859.5901999999999
EVD-01,136997.0,441189.0,1789.3669774799998,7.171506034406088,31.230392,2.595177,76.83899999999994,1782.7512,1859.5901999999999
EVD-01,136997.0,441189.0,1789.26823748,7.170006179774069,30.465393,2.595348,76.83899999999994,1782.7512,1859.5901999999999
EVD-01,136997.0,441189.0,1789.1694974799998,7.158052839919408,29.778393,2.593244,76.83899999999994,1782.7512,1859.5901999999999
EVD-01,136997.0,441189.0,1789.0707574799999,7.147824899417599,29.42767,2.588344,76.83899999999994,1782.7512,1859.5901999999999
EVD-01,136997.0,441189.0,1788.9720174799997,7.070504862981877,29.816113,2.585132,76.83899999999994,1782.7512,1859.5901999999999
EVD-01,136997.0,441189.0,1788.8732774799998,6.895633136538068,30.988739,2.58719,76.83899999999994,1782.7512,1859.5901999999999
EVD-01,136997.0,441189.0,1788.77453748,6.703881516892713,33.07373,2.591899,76.83899999999994,1782.7512,1859.5901999999999
EVD-01,136997.0,441189.0,1788.6757974799998,6.522092444242983,35.651833,2.597552,76.83899999999994,1782.7512,1859.5901999999999
EVD-01,136997.0,441189.0,1788.57705748,6.35415231568015,38.32251,2.602041,76.83899999999994,1782.7512,1859.5901999999999
EVD-01,136997.0,441189.0,1788.4783174799998,6.219614140060536,40.738045,2.602252,76.83899999999994,1782.7512,1859.5901999999999
EVD-01,136997.0,441189.0,1788.3795774799999,6.17444084492429,42.464485,2.598214,76.83899999999994,1782.7512,1859.5901999999999
EVD-01,136997.0,441189.0,1788.28083748,6.224912915634967,43.352997,2.591717,76.83899999999994,1782.7512,1859.5901999999999
EVD-01,136997.0,441189.0,1788.1820974799998,6.345650145505303,42.632401,2.583541,76.83899999999994,1782.7512,1859.5901999999999
EVD-01,136997.0,441189.0,1788.08335748,6.604499138690183,41.021294,2.572213,76.83899999999994,1782.7512,1859.5901999999999
EVD-01,136997.0,441189.0,1787.9846174799998,6.974213391050931,39.263359,2.557573,76.83899999999994,1782.7512,1859.5901999999999
EVD-01,136997.0,441189.0,1787.8858774799999,7.297434829212141,37.303375,2.542691,76.83899999999994,1782.7512,1859.5901999999999
EVD-01,136997.0,441189.0,1787.78713748,7.5663165230647715,35.357407,2.53114,76.83899999999994,1782.7512,1859.5901999999999
EVD-01,136997.0,441189.0,1787.6883974799998,7.833902449964996,33.60289,2.522861,76.83899999999994,1782.7512,1859.5901999999999
EVD-01,136997.0,441189.0,1787.58965748,8.12587231507187,32.129166,2.513613,76.83899999999994,1782.7512,1859.5901999999999
EVD-01,136997.0,441189.0,1787.4909174799998,8.391307981443642,30.90144,2.504236,76.83899999999994,1782.7512,1859.5901999999999
EVD-01,136997.0,441189.0,1787.3921774799999,8.570774424196305,29.860088,2.499217,76.83899999999994,1782.7512,1859.5901999999999
EVD-01,136997.0,441189.0,1787.29343748,8.708001302930354,29.048183,2.499287,76.83899999999994,1782.7512,1859.5901999999999
EVD-01,136997.0,441189.0,1787.1946974799998,8.869071741563403,28.471638,2.502105,76.83899999999994,1782.7512,1859.5901999999999
EVD-01,136997.0,441189.0,1787.09595748,9.0828560124015,28.152042,2.504904,76.83899999999994,1782.7512,1859.5901999999999
EVD-01,136997.0,441189.0,1786.9972174799998,9.30263743493779,28.076694,2.507063,76.83899999999994,1782.7512,1859.5901999999999
EVD-01,136997.0,441189.0,1786.8984774799999,9.470863149052754,28.11422,2.508937,76.83899999999994,1782.7512,1859.5901999999999
EVD-01,136997.0,441189.0,1786.79973748,9.588773093802587,28.158794,2.510417,76.83899999999994,1782.7512,1859.5901999999999
EVD-01,136997.0,441189.0,1786.7009974799998,9.673629325377682,27.93895,2.511024,76.83899999999994,1782.7512,1859.5901999999999
EVD-01,136997.0,441189.0,1786.60225748,9.71115338271943,27.454903,2.51263,76.83899999999994,1782.7512,1859.5901999999999
EVD-01,136997.0,441189.0,1786.5035174799998,9.653433202924312,26.955177,2.518774,76.83899999999994,1782.7512,1859.5901999999999
EVD-01,136997.0,441189.0,1786.40477748,9.478234119665316,26.663353,2.529175,76.83899999999994,1782.7512,1859.5901999999999
EVD-01,136997.0,441189.0,1786.30603748,9.254978343117086,26.580273,2.539707,76.83899999999994,1782.7512,1859.5901999999999
EVD-01,136997.0,441189.0,1786.2072974799999,9.118228636311528,26.61092,2.544477,76.83899999999994,1782.7512,1859.5901999999999
EVD-01,136997.0,441189.0,1786.10855748,9.123779088174047,26.803104,2.541287,76.83899999999994,1782.7512,1859.5901999999999
EVD-01,136997.0,441189.0,1786.0098174799998,9.22813057775632,27.191677,2.532074,76.83899999999994,1782.7512,1859.5901999999999
EVD-01,136997.0,441189.0,1785.91107748,9.339408766562318,27.834984,2.521049,76.83899999999994,1782.7512,1859.5901999999999
EVD-01,136997.0,441189.0,1785.81233748,9.440256144315725,28.62669,2.510502,76.83899999999994,1782.7512,1859.5901999999999
EVD-01,136997.0,441189.0,1785.7135974799999,9.511246025697803,29.372967,2.502413,76.83899999999994,1782.7512,1859.5901999999999
EVD-01,136997.0,441189.0,1785.61485748,9.440306064875273,29.880909,2.501805,76.83899999999994,1782.7512,1859.5901999999999
EVD-01,136997.0,441189.0,1785.5161174799998,9.16827411955571,30.117863,2.510082,76.83899999999994,1782.7512,1859.5901999999999
EVD-01,136997.0,441189.0,1785.41737748,8.782714791559323,30.224659,2.5233,76.83899999999994,1782.7512,1859.5901999999999
EVD-01,136997.0,441189.0,1785.31863748,8.509070469289693,30.197582,2.533503,76.83899999999994,1782.7512,1859.5901999999999
EVD-01,136997.0,441189.0,1785.2198974799999,8.452505244838207,30.092609,2.536368,76.83899999999994,1782.7512,1859.5901999999999
EVD-01,136997.0,441189.0,1785.12115748,8.546199462864259,29.997402,2.53378,76.83899999999994,1782.7512,1859.5901999999999
EVD-01,136997.0,441189.0,1785.0224174799998,8.66139574165364,29.96941,2.530399,76.83899999999994,1782.7512,1859.5901999999999
EVD-01,136997.0,441189.0,1784.92367748,8.75310737608495,30.012558,2.528298,76.83899999999994,1782.7512,1859.5901999999999
EVD-01,136997.0,441189.0,1784.82493748,8.84717909963864,30.045094,2.526165,76.83899999999994,1782.7512,1859.5901999999999
EVD-01,136997.0,441189.0,1784.7261974799999,8.893882777947443,30.0928,2.525586,76.83899999999994,1782.7512,1859.5901999999999
EVD-01,136997.0,441189.0,1784.62745748,8.848949394883896,30.155197,2.528515,76.83899999999994,1782.7512,1859.5901999999999
EVD-01,136997.0,441189.0,1784.5287174799998,8.75220818101738,30.179993,2.533702,76.83899999999994,1782.7512,1859.5901999999999
EVD-01,136997.0,441189.0,1784.42997748,8.685665103615946,30.179756,2.537673,76.83899999999994,1782.7512,1859.5901999999999
EVD-01,136997.0,441189.0,1784.33123748,8.718278014763163,30.177536,2.537063,76.83899999999994,1782.7512,1859.5901999999999
EVD-01,136997.0,441189.0,1784.23249748,8.854800667437209,30.15929,2.531369,76.83899999999994,1782.7512,1859.5901999999999
EVD-01,136997.0,441189.0,1784.13375748,9.037164776926877,30.065258,2.523767,76.83899999999994,1782.7512,1859.5901999999999
EVD-01,136997.0,441189.0,1784.0350174799999,9.201320047595026,29.883553,2.518168,76.83899999999994,1782.7512,1859.5901999999999
EVD-01,136997.0,441189.0,1783.93627748,9.352061573785964,29.771149,2.514893,76.83899999999994,1782.7512,1859.5901999999999
EVD-01,136997.0,441189.0,1783.83753748,9.568740005131493,29.917,2.510394,76.83899999999994,1782.7512,1859.5901999999999
EVD-01,136997.0,441189.0,1783.73879748,9.87654409807472,30.446991,2.502332,76.83899999999994,1782.7512,1859.5901999999999
EVD-01,136997.0,441189.0,1783.64005748,10.159072563189286,31.172836,2.493564,76.83899999999994,1782.7512,1859.5901999999999
EVD-01,136997.0,441189.0,1783.5413174799999,10.35395717502514,31.760948,2.485209,76.83899999999994,1782.7512,1859.5901999999999
EVD-01,136997.0,441189.0,1783.44257748,10.424435544723924,31.752033,2.478255,76.83899999999994,1782.7512,1859.5901999999999
EVD-01,136997.0,441189.0,1783.34383748,10.321258042731516,31.240005,2.477427,76.83899999999994,1782.7512,1859.5901999999999
EVD-01,136997.0,441189.0,1783.24509748,10.05331847458443,30.405266,2.483628,76.83899999999994,1782.7512,1859.5901999999999
EVD-01,136997.0,441189.0,1783.14635748,9.718984845866434,29.691143,2.492898,76.83899999999994,1782.7512,1859.5901999999999
EVD-01,136997.0,441189.0,1783.0476174799999,9.41784687797242,29.074596,2.501645,76.83899999999994,1782.7512,1859.5901999999999
EVD-01,136997.0,441189.0,1782.94887748,9.226508795443724,28.552967,2.508244,76.83899999999994,1782.7512,1859.5901999999999
EVD-01,136997.0,441189.0,1782.85023622,9.104458712611684,28.034004,2.515739,76.83899999999994,1782.7512,1859.5901999999999
EVD-01,136997.0,441189.0,1782.7514962199998,8.912190943799729,27.411743,2.527973,76.83899999999994,1782.7512,1859.5901999999999
PKP-01,118503.09,453402.51,2271.557571808511,25.1636,183.83432,2.606376,64.40033244680853,2207.245625,2271.6459574468086
PKP-01,118503.09,453402.51,2271.4687420212763,23.3568,163.399353,2.606573,64.40033244680853,2207.245625,2271.6459574468086
PKP-01,118503.09,453402.51,2271.3799122340424,19.8636,137.626801,2.632861,64.40033244680853,2207.245625,2271.6459574468086
PKP-01,118503.09,453402.51,2271.2910824468086,15.5006,111.548416,2.672827,64.40033244680853,2207.245625,2271.6459574468086
PKP-01,118503.09,453402.51,2271.2022526595747,11.5264,89.630951,2.70239,64.40033244680853,2207.245625,2271.6459574468086
PKP-01,118503.09,453402.51,2271.113422872341,9.0336,75.091339,2.705823,64.40033244680853,2207.245625,2271.6459574468086
PKP-01,118503.09,453402.51,2271.024593085106,7.9051,67.762833,2.693553,64.40033244680853,2207.245625,2271.6459574468086
PKP-01,118503.09,453402.51,2270.935763297872,7.5704,65.682175,2.677958,64.40033244680853,2207.245625,2271.6459574468086
PKP-01,118503.09,453402.51,2270.8469335106383,7.6067,66.38678,2.664226,64.40033244680853,2207.245625,2271.6459574468086
PKP-01,118503.09,453402.51,2270.7581037234045,7.8046,68.530579,2.655702,64.40033244680853,2207.245625,2271.6459574468086
PKP-01,118503.09,453402.51,2270.6692739361706,8.0298,71.464249,2.654428,64.40033244680853,2207.245625,2271.6459574468086
PKP-01,118503.09,453402.51,2270.5804441489363,8.1883,74.42189,2.65719,64.40033244680853,2207.245625,2271.6459574468086
PKP-01,118503.09,453402.51,2270.491614361702,8.2387,76.972092,2.657823,64.40033244680853,2207.245625,2271.6459574468086
PKP-01,118503.09,453402.51,2270.402784574468,8.1706,78.910645,2.654907,64.40033244680853,2207.245625,2271.6459574468086
PKP-01,118503.09,453402.51,2270.3139547872343,8.0309,80.206619,2.65292,64.40033244680853,2207.245625,2271.6459574468086
PKP-01,118503.09,453402.51,2270.2251250000004,7.8848,81.334122,2.653485,64.40033244680853,2207.245625,2271.6459574468086
PKP-01,118503.09,453402.51,2270.136295212766,7.8076,83.429245,2.65755,64.40033244680853,2207.245625,2271.6459574468086
PKP-01,118503.09,453402.51,2270.0474654255318,7.8805,88.076691,2.66914,64.40033244680853,2207.245625,2271.6459574468086
PKP-01,118503.09,453402.51,2269.958635638298,8.2584,96.419708,2.687813,64.40033244680853,2207.245625,2271.6459574468086
PKP-01,118503.09,453402.51,2269.869805851064,9.1103,108.175262,2.708439,64.40033244680853,2207.245625,2271.6459574468086
PKP-01,118503.09,453402.51,2269.78097606383,10.4332,121.976776,2.729427,64.40033244680853,2207.245625,2271.6459574468086
PKP-01,118503.09,453402.51,2269.692146276596,11.7851,134.608765,2.747727,64.40033244680853,2207.245625,2271.6459574468086
PKP-01,118503.09,453402.51,2269.6033164893615,12.4231,141.857239,2.758625,64.40033244680853,2207.245625,2271.6459574468086
PKP-01,118503.09,453402.51,2269.5144867021277,11.9097,141.52063,2.762602,64.40033244680853,2207.245625,2271.6459574468086
PKP-01,118503.09,453402.51,2269.425656914894,10.2392,133.592438,2.763156,64.40033244680853,2207.245625,2271.6459574468086
PKP-01,118503.09,453402.51,2269.33682712766,7.9067,120.302567,2.762791,64.40033244680853,2207.245625,2271.6459574468086
PKP-01,118503.09,453402.51,2269.2479973404256,5.7097,104.769028,2.761007,64.40033244680853,2207.245625,2271.6459574468086
PKP-01,118503.09,453402.51,2269.1591675531913,4.2289,90.49321,2.756817,64.40033244680853,2207.245625,2271.6459574468086
PKP-01,118503.09,453402.51,2269.0703377659574,3.3911,79.224899,2.750431,64.40033244680853,2207.245625,2271.6459574468086
PKP-01,118503.09,453402.51,2268.9815079787236,3.003,71.796417,2.742256,64.40033244680853,2207.245625,2271.6459574468086
PKP-01,118503.09,453402.51,2268.8926781914897,2.9222,67.903137,2.734034,64.40033244680853,2207.245625,2271.6459574468086
PKP-01,118503.09,453402.51,2268.8038484042554,3.0319,66.46521,2.727792,64.40033244680853,2207.245625,2271.6459574468086
PKP-01,118503.09,453402.51,2268.715018617021,3.2638,66.658279,2.723061,64.40033244680853,2207.245625,2271.6459574468086
PKP-01,118503.09,453402.51,2268.626188829787,3.5608,67.798386,2.717288,64.40033244680853,2207.245625,2271.6459574468086
PKP-01,118503.09,453402.51,2268.5373590425534,3.8353,69.305893,2.709692,64.40033244680853,2207.245625,2271.6459574468086
PKP-01,118503.09,453402.51,2268.4485292553195,4.0304,70.723267,2.701208,64.40033244680853,2207.245625,2271.6459574468086
PKP-01,118503.09,453402.51,2268.359699468085,4.1996,71.930374,2.693151,64.40033244680853,2207.245625,2271.6459574468086
PKP-01,118503.09,453402.51,2268.270869680851,4.4453,73.001099,2.68723,64.40033244680853,2207.245625,2271.6459574468086
PKP-01,118503.09,453402.51,2268.182039893617,4.8105,74.082123,2.68508,64.40033244680853,2207.245625,2271.6459574468086
PKP-01,118503.09,453402.51,2268.093210106383,5.265,75.340927,2.686632,64.40033244680853,2207.245625,2271.6459574468086
PKP-01,118503.09,453402.51,2268.0043803191493,5.7328,76.808945,2.69,64.40033244680853,2207.245625,2271.6459574468086
PKP-01,118503.09,453402.51,2267.915550531915,6.1015,78.304382,2.693712,64.40033244680853,2207.245625,2271.6459574468086
PKP-01,118503.09,453402.51,2267.8267207446806,6.2792,79.51178,2.697317,64.40033244680853,2207.245625,2271.6459574468086
PKP-01,118503.09,453402.51,2267.737890957447,6.2314,80.083176,2.699781,64.40033244680853,2207.245625,2271.6459574468086
PKP-01,118503.09,453402.51,2267.649061170213,5.9662,79.734085,2.699849,64.40033244680853,2207.245625,2271.6459574468086
PKP-01,118503.09,453402.51,2267.560231382979,5.565,78.362381,2.697309,64.40033244680853,2207.245625,2271.6459574468086
PKP-01,118503.09,453402.51,2267.4714015957447,5.188,76.116623,2.693104,64.40033244680853,2207.245625,2271.6459574468086
PKP-01,118503.09,453402.51,2267.3825718085104,4.9523,73.359131,2.68857,64.40033244680853,2207.245625,2271.6459574468086
PKP-01,118503.09,453402.51,2267.2937420212766,4.8617,70.592392,2.684815,64.40033244680853,2207.245625,2271.6459574468086
PKP-01,118503.09,453402.51,2267.2049122340427,4.85,68.300385,2.682396,64.40033244680853,2207.245625,2271.6459574468086
PKP-01,118503.09,453402.51,2267.116082446809,4.829,66.694321,2.680675,64.40033244680853,2207.245625,2271.6459574468086
PKP-01,118503.09,453402.51,2267.0272526595745,4.723,65.794113,2.678148,64.40033244680853,2207.245625,2271.6459574468086
PKP-01,118503.09,453402.51,2266.93842287234,4.5017,65.538498,2.673473,64.40033244680853,2207.245625,2271.6459574468086
PKP-01,118503.09,453402.51,2266.8495930851063,4.2035,65.806,2.666469,64.40033244680853,2207.245625,2271.6459574468086
PKP-01,118503.09,453402.51,2266.7607632978725,3.9263,66.379852,2.658363,64.40033244680853,2207.245625,2271.6459574468086
PKP-01,118503.09,453402.51,2266.6719335106386,3.7683,66.958099,2.650745,64.40033244680853,2207.245625,2271.6459574468086
PKP-01,118503.09,453402.51,2266.5831037234043,3.7823,67.323547,2.644335,64.40033244680853,2207.245625,2271.6459574468086
PKP-01,118503.09,453402.51,2266.49427393617,3.9573,67.507599,2.638386,64.40033244680853,2207.245625,2271.6459574468086
PKP-01,118503.09,453402.51,2266.405444148936,4.2528,67.698456,2.632165,64.40033244680853,2207.245625,2271.6459574468086
PKP-01,118503.09,453402.51,2266.3166143617022,4.6358,68.006439,2.626874,64.40033244680853,2207.245625,2271.6459574468086
PKP-01,118503.09,453402.51,2266.2277845744684,5.0835,68.460907,2.623532,64.40033244680853,2207.245625,2271.6459574468086
PKP-01,118503.09,453402.51,2266.138954787234,5.5647,69.028656,2.621261,64.40033244680853,2207.245625,2271.6459574468086
PKP-01,118503.09,453402.51,2266.0501249999998,6.0505,69.502609,2.619055,64.40033244680853,2207.245625,2271.6459574468086
PKP-01,118503.09,453402.51,2265.961295212766,6.5382,69.590271,2.615858,64.40033244680853,2207.245625,2271.6459574468086
PKP-01,118503.09,453402.51,2265.872465425532,6.9855,69.239304,2.608613,64.40033244680853,2207.245625,2271.6459574468086
PKP-01,118503.09,453402.51,2265.783635638298,7.3337,68.708084,2.594721,64.40033244680853,2207.245625,2271.6459574468086
PKP-01,118503.09,453402.51,2265.694805851064,7.584,68.193497,2.575594,64.40033244680853,2207.245625,2271.6459574468086
PKP-01,118503.09,453402.51,2265.6059760638295,7.7988,67.71376,2.555794,64.40033244680853,2207.245625,2271.6459574468086
PKP-01,118503.09,453402.51,2265.5171462765957,8.0745,67.256348,2.538575,64.40033244680853,2207.245625,2271.6459574468086
PKP-01,118503.09,453402.51,2265.428316489362,8.4665,66.836945,2.525442,64.40033244680853,2207.245625,2271.6459574468086
PKP-01,118503.09,453402.51,2265.339486702128,8.945,66.488754,2.516986,64.40033244680853,2207.245625,2271.6459574468086
PKP-01,118503.09,453402.51,2265.2506569148936,9.4688,66.300476,2.512694,64.40033244680853,2207.245625,2271.6459574468086
PKP-01,118503.09,453402.51,2265.1618271276593,9.9708,66.367783,2.511581,64.40033244680853,2207.245625,2271.6459574468086
PKP-01,118503.09,453402.51,2265.0729973404254,10.3457,66.559052,2.512676,64.40033244680853,2207.245625,2271.6459574468086
PKP-01,118503.09,453402.51,2264.9841675531916,10.5273,66.548248,2.515001,64.40033244680853,2207.245625,2271.6459574468086
PKP-01,118503.09,453402.51,2264.8953377659577,10.5575,66.169403,2.51666,64.40033244680853,2207.245625,2271.6459574468086
PKP-01,118503.09,453402.51,2264.8065079787234,10.4966,65.509338,2.516361,64.40033244680853,2207.245625,2271.6459574468086
PKP-01,118503.09,453402.51,2264.717678191489,10.3606,64.673737,2.515064,64.40033244680853,2207.245625,2271.6459574468086
PKP-01,118503.09,453402.51,2264.628848404255,10.2013,63.791382,2.515573,64.40033244680853,2207.245625,2271.6459574468086
PKP-01,118503.09,453402.51,2264.5400186170214,10.061,63.05574,2.519446,64.40033244680853,2207.245625,2271.6459574468086
PKP-01,118503.09,453402.51,2264.4511888297875,9.9491,62.682312,2.524837,64.40033244680853,2207.245625,2271.6459574468086
PKP-01,118503.09,453402.51,2264.362359042553,9.9561,62.750671,2.527666,64.40033244680853,2207.245625,2271.6459574468086
PKP-01,118503.09,453402.51,2264.273529255319,10.1715,63.193779,2.525381,64.40033244680853,2207.245625,2271.6459574468086
PKP-01,118503.09,453402.51,2264.184699468085,10.5272,63.805367,2.518846,64.40033244680853,2207.245625,2271.6459574468086
PKP-01,118503.09,453402.51,2264.095869680851,10.8865,64.291824,2.512152,64.40033244680853,2207.245625,2271.6459574468086
PKP-01,118503.09,453402.51,2264.0070398936173,11.1535,64.504013,2.509477,64.40033244680853,2207.245625,2271.6459574468086
PKP-01,118503.09,453402.51,2263.918210106383,11.2643,64.4758,2.513178,64.40033244680853,2207.245625,2271.6459574468086
PKP-01,118503.09,453402.51,2263.8293803191486,11.2421,64.23642,2.522709,64.40033244680853,2207.245625,2271.6459574468086
PKP-01,118503.09,453402.51,2263.740550531915,11.1612,64.013962,2.532996,64.40033244680853,2207.245625,2271.6459574468086
PKP-01,118503.09,453402.51,2263.651720744681,11.0369,64.264801,2.53919,64.40033244680853,2207.245625,2271.6459574468086
PKP-01,118503.09,453402.51,2263.562890957447,10.8262,64.981918,2.541338,64.40033244680853,2207.245625,2271.6459574468086
PKP-01,118503.09,453402.51,2263.4740611702127,10.5309,65.78125,2.541845,64.40033244680853,2207.245625,2271.6459574468086
PKP-01,118503.09,453402.51,2263.3852313829784,10.2064,66.658661,2.542054,64.40033244680853,2207.245625,2271.6459574468086
PKP-01,118503.09,453402.51,2263.2964015957446,9.8948,67.548325,2.54299,64.40033244680853,2207.245625,2271.6459574468086
PKP-01,118503.09,453402.51,2263.2075718085107,9.6808,67.84758,2.545891,64.40033244680853,2207.245625,2271.6459574468086
PKP-01,118503.09,453402.51,2263.118742021277,9.6064,67.355606,2.550607,64.40033244680853,2207.245625,2271.6459574468086
PKP-01,118503.09,453402.51,2263.0299122340425,9.6267,66.252731,2.556009,64.40033244680853,2207.245625,2271.6459574468086
PKP-01,118503.09,453402.51,2262.941082446808,9.6789,64.847122,2.558403,64.40033244680853,2207.245625,2271.6459574468086
PKP-01,118503.09,453402.51,2262.8522526595743,9.759,63.421494,2.554619,64.40033244680853,2207.245625,2271.6459574468086
PKP-01,118503.09,453402.51,2262.7634228723405,9.8934,62.405434,2.546319,64.40033244680853,2207.245625,2271.6459574468086
PKP-01,118503.09,453402.51,2262.6745930851066,10.102,61.879822,2.538488,64.40033244680853,2207.245625,2271.6459574468086
PKP-01,118503.09,453402.51,2262.5857632978723,10.3914,61.696976,2.532013,64.40033244680853,2207.245625,2271.6459574468086
PKP-01,118503.09,453402.51,2262.496933510638,10.672,61.833595,2.525883,64.40033244680853,2207.245625,2271.6459574468086
PKP-01,118503.09,453402.51,2262.408103723404,10.8249,62.253952,2.521497,64.40033244680853,2207.245625,2271.6459574468086
PKP-01,118503.09,453402.51,2262.3192739361702,10.8129,62.823425,2.519479,64.40033244680853,2207.245625,2271.6459574468086
PKP-01,118503.09,453402.51,2262.2304441489364,10.7089,63.288986,2.519616,64.40033244680853,2207.245625,2271.6459574468086
PKP-01,118503.09,453402.51,2262.14219125,10.6339,63.583382,2.523967,64.40033244680853,2207.245625,2271.6459574468086
PKP-01,118503.09,453402.51,2262.0539412499998,10.6436,63.751427,2.530833,64.40033244680853,2207.245625,2271.6459574468086
PKP-01,118503.09,453402.51,2261.96569125,10.7061,63.925804,2.535179,64.40033244680853,2207.245625,2271.6459574468086
PKP-01,118503.09,453402.51,2261.87744125,10.7784,64.1371,2.538887,64.40033244680853,2207.245625,2271.6459574468086
PKP-01,118503.09,453402.51,2261.78919125,10.7651,64.141602,2.545532,64.40033244680853,2207.245625,2271.6459574468086
PKP-01,118503.09,453402.51,2261.7009412499997,10.5675,63.574661,2.553948,64.40033244680853,2207.245625,2271.6459574468086
PKP-01,118503.09,453402.51,2261.61269125,10.2585,62.434242,2.562507,64.40033244680853,2207.245625,2271.6459574468086
PKP-01,118503.09,453402.51,2261.52444125,10.0103,61.120155,2.56647,64.40033244680853,2207.245625,2271.6459574468086
PKP-01,118503.09,453402.51,2261.43619125,9.8939,60.147018,2.561676,64.40033244680853,2207.245625,2271.6459574468086
PKP-01,118503.09,453402.51,2261.34794125,9.8653,60.098953,2.55208,64.40033244680853,2207.245625,2271.6459574468086
PKP-01,118503.09,453402.51,2261.25969125,9.8455,61.18454,2.544539,64.40033244680853,2207.245625,2271.6459574468086
PKP-01,118503.09,453402.51,2261.17144125,9.7957,63.003204,2.540056,64.40033244680853,2207.245625,2271.6459574468086
PKP-01,118503.09,453402.51,2261.08319125,9.6638,64.811234,2.542165,64.40033244680853,2207.245625,2271.6459574468086
PKP-01,118503.09,453402.51,2260.99494125,9.449,66.034805,2.552559,64.40033244680853,2207.245625,2271.6459574468086
PKP-01,118503.09,453402.51,2260.90669125,9.2253,66.829056,2.564029,64.40033244680853,2207.245625,2271.6459574468086
PKP-01,118503.09,453402.51,2260.81844125,9.041,67.431213,2.570333,64.40033244680853,2207.245625,2271.6459574468086
PKP-01,118503.09,453402.51,2260.7301912499997,8.884,68.023468,2.57172,64.40033244680853,2207.245625,2271.6459574468086
PKP-01,118503.09,453402.51,2260.64194125,8.7705,68.72644,2.569265,64.40033244680853,2207.245625,2271.6459574468086
PKP-01,118503.09,453402.51,2260.55369125,8.7756,69.185852,2.564631,64.40033244680853,2207.245625,2271.6459574468086
PKP-01,118503.09,453402.51,2260.46544125,8.9081,68.91124,2.559968,64.40033244680853,2207.245625,2271.6459574468086
PKP-01,118503.09,453402.51,2260.3771912499997,9.0844,67.871048,2.556524,64.40033244680853,2207.245625,2271.6459574468086
PKP-01,118503.09,453402.51,2260.28894125,9.2231,66.49794,2.554089,64.40033244680853,2207.245625,2271.6459574468086
PKP-01,118503.09,453402.51,2260.20069125,9.3152,65.124237,2.551859,64.40033244680853,2207.245625,2271.6459574468086
PKP-01,118503.09,453402.51,2260.11244125,9.3338,64.041306,2.55001,64.40033244680853,2207.245625,2271.6459574468086
PKP-01,118503.09,453402.51,2260.02419125,9.2827,63.275978,2.54896,64.40033244680853,2207.245625,2271.6459574468086
PKP-01,118503.09,453402.51,2259.93594125,9.236,62.512451,2.548307,64.40033244680853,2207.245625,2271.6459574468086
PKP-01,118503.09,453402.51,2259.84769125,9.2325,61.628532,2.547683,64.40033244680853,2207.245625,2271.6459574468086
PKP-01,118503.09,453402.51,2259.75944125,9.2226,60.884224,2.547035,64.40033244680853,2207.245625,2271.6459574468086
PKP-01,118503.09,453402.51,2259.67119125,9.1661,60.688911,2.546282,64.40033244680853,2207.245625,2271.6459574468086
PKP-01,118503.09,453402.51,2259.58294125,9.0965,61.180191,2.545274,64.40033244680853,2207.245625,2271.6459574468086
PKP-01,118503.09,453402.51,2259.49469125,9.0413,62.142921,2.544553,64.40033244680853,2207.245625,2271.6459574468086
PKP-01,118503.09,453402.51,2259.4064412499997,8.9935,63.163887,2.545238,64.40033244680853,2207.245625,2271.6459574468086
PKP-01,118503.09,453402.51,2259.31819125,8.9576,63.838417,2.547344,64.40033244680853,2207.245625,2271.6459574468086
PKP-01,118503.09,453402.51,2259.22994125,8.9428,63.967995,2.54936,64.40033244680853,2207.245625,2271.6459574468086
PKP-01,118503.09,453402.51,2259.14169125,8.9016,63.5616,2.550072,64.40033244680853,2207.245625,2271.6459574468086
PKP-01,118503.09,453402.51,2259.0534412499997,8.7448,62.775551,2.5495,64.40033244680853,2207.245625,2271.6459574468086
PKP-01,118503.09,453402.51,2258.96519125,8.4558,61.838326,2.54823,64.40033244680853,2207.245625,2271.6459574468086
PKP-01,118503.09,453402.51,2258.87694125,8.1326,61.018639,2.547664,64.40033244680853,2207.245625,2271.6459574468086
PKP-01,118503.09,453402.51,2258.78869125,7.9156,60.55452,2.549405,64.40033244680853,2207.245625,2271.6459574468086
PKP-01,118503.09,453402.51,2258.70044125,7.9078,60.641815,2.553474,64.40033244680853,2207.245625,2271.6459574468086
PKP-01,118503.09,453402.51,2258.61219125,8.0888,61.244995,2.558952,64.40033244680853,2207.245625,2271.6459574468086
PKP-01,118503.09,453402.51,2258.52394125,8.3025,61.911057,2.564887,64.40033244680853,2207.245625,2271.6459574468086
PKP-01,118503.09,453402.51,2258.4356912499998,8.3932,62.198845,2.568964,64.40033244680853,2207.245625,2271.6459574468086
PKP-01,118503.09,453402.51,2258.34744125,8.3228,62.143814,2.569552,64.40033244680853,2207.245625,2271.6459574468086
PKP-01,118503.09,453402.51,2258.25919125,8.1899,61.994606,2.56808,64.40033244680853,2207.245625,2271.6459574468086
PKP-01,118503.09,453402.51,2258.17094125,8.1299,61.900658,2.56631,64.40033244680853,2207.245625,2271.6459574468086
PKP-01,118503.09,453402.51,2258.0826912499997,8.2114,62.100304,2.56471,64.40033244680853,2207.245625,2271.6459574468086
PKP-01,118503.09,453402.51,2257.99444125,8.4275,62.818336,2.563394,64.40033244680853,2207.245625,2271.6459574468086
PKP-01,118503.09,453402.51,2257.90619125,8.722,63.951324,2.562809,64.40033244680853,2207.245625,2271.6459574468086
PKP-01,118503.09,453402.51,2257.81794125,8.9898,65.242523,2.563681,64.40033244680853,2207.245625,2271.6459574468086
PKP-01,118503.09,453402.51,2257.7296912499996,9.1142,66.546494,2.566657,64.40033244680853,2207.245625,2271.6459574468086
PKP-01,118503.09,453402.51,2257.6411765000003,9.0655,67.654373,2.569984,64.40033244680853,2207.245625,2271.6459574468086
PKP-01,118503.09,453402.51,2257.5529265,8.9154,68.215195,2.570349,64.40033244680853,2207.245625,2271.6459574468086
PKP-01,118503.09,453402.51,2257.4646764999998,8.7422,68.016846,2.567773,64.40033244680853,2207.245625,2271.6459574468086
PKP-01,118503.09,453402.51,2257.3764265,8.5865,67.22876,2.564882,64.40033244680853,2207.245625,2271.6459574468086
PKP-01,118503.09,453402.51,2257.2881765,8.4524,66.219223,2.563083,64.40033244680853,2207.245625,2271.6459574468086
PKP-01,118503.09,453402.51,2257.1999265,8.3155,65.396912,2.563385,64.40033244680853,2207.245625,2271.6459574468086
PKP-01,118503.09,453402.51,2257.1116764999997,8.1651,65.097504,2.567386,64.40033244680853,2207.245625,2271.6459574468086
PKP-01,118503.09,453402.51,2257.0234265,8.0434,65.381668,2.575192,64.40033244680853,2207.245625,2271.6459574468086
PKP-01,118503.09,453402.51,2256.9351765,7.9823,65.875961,2.583977,64.40033244680853,2207.245625,2271.6459574468086
PKP-01,118503.09,453402.51,2256.8469265,7.9379,66.083252,2.590278,64.40033244680853,2207.245625,2271.6459574468086
PKP-01,118503.09,453402.51,2256.7586765,7.8313,65.721802,2.592925,64.40033244680853,2207.245625,2271.6459574468086
PKP-01,118503.09,453402.51,2256.6704265,7.6299,64.72522,2.593499,64.40033244680853,2207.245625,2271.6459574468086
PKP-01,118503.09,453402.51,2256.5821765,7.3752,63.253113,2.593415,64.40033244680853,2207.245625,2271.6459574468086
PKP-01,118503.09,453402.51,2256.4939265,7.1617,61.742447,2.592237,64.40033244680853,2207.245625,2271.6459574468086
PKP-01,118503.09,453402.51,2256.4056765,7.0869,60.584953,2.589315,64.40033244680853,2207.245625,2271.6459574468086
PKP-01,118503.09,453402.51,2256.3174265000002,7.2017,60.034935,2.585137,64.40033244680853,2207.245625,2271.6459574468086
PKP-01,118503.09,453402.51,2256.2291765,7.4798,60.207092,2.580371,64.40033244680853,2207.245625,2271.6459574468086
PKP-01,118503.09,453402.51,2256.1409264999998,7.8569,60.91143,2.575184,64.40033244680853,2207.245625,2271.6459574468086
PKP-01,118503.09,453402.51,2256.0526765,8.265,61.699036,2.569942,64.40033244680853,2207.245625,2271.6459574468086
PKP-01,118503.09,453402.51,2255.9644265,8.6504,62.357323,2.566008,64.40033244680853,2207.245625,2271.6459574468086
PKP-01,118503.09,453402.51,2255.8761765,8.9653,63.017784,2.565529,64.40033244680853,2207.245625,2271.6459574468086
PKP-01,118503.09,453402.51,2255.7879264999997,9.1685,63.814667,2.570068,64.40033244680853,2207.245625,2271.6459574468086
PKP-01,118503.09,453402.51,2255.6996765,9.2473,64.789902,2.580025,64.40033244680853,2207.245625,2271.6459574468086
PKP-01,118503.09,453402.51,2255.6114265,9.2138,65.954163,2.592287,64.40033244680853,2207.245625,2271.6459574468086
PKP-01,118503.09,453402.51,2255.5231765,9.0864,67.151764,2.601976,64.40033244680853,2207.245625,2271.6459574468086
PKP-01,118503.09,453402.51,2255.4349265,8.8771,68.060532,2.606468,64.40033244680853,2207.245625,2271.6459574468086
PKP-01,118503.09,453402.51,2255.3466765,8.6148,68.566376,2.604473,64.40033244680853,2207.245625,2271.6459574468086
PKP-01,118503.09,453402.51,2255.2584265,8.3796,68.67421,2.594372,64.40033244680853,2207.245625,2271.6459574468086
PKP-01,118503.09,453402.51,2255.1701765,8.256,68.085022,2.578648,64.40033244680853,2207.245625,2271.6459574468086
PKP-01,118503.09,453402.51,2255.0819265,8.2967,66.587524,2.563899,64.40033244680853,2207.245625,2271.6459574468086
PKP-01,118503.09,453402.51,2254.9936765,8.4837,64.574753,2.553036,64.40033244680853,2207.245625,2271.6459574468086
PKP-01,118503.09,453402.51,2254.9054265,8.7219,62.954231,2.547255,64.40033244680853,2207.245625,2271.6459574468086
PKP-01,118503.09,453402.51,2254.8171764999997,8.937,62.380219,2.548598,64.40033244680853,2207.245625,2271.6459574468086
PKP-01,118503.09,453402.51,2254.7289265,9.1351,62.9655,2.556996,64.40033244680853,2207.245625,2271.6459574468086
PKP-01,118503.09,453402.51,2254.6406765,9.3406,64.481445,2.567338,64.40033244680853,2207.245625,2271.6459574468086
PKP-01,118503.09,453402.51,2254.5524265,9.5503,66.351669,2.573159,64.40033244680853,2207.245625,2271.6459574468086
PKP-01,118503.09,453402.51,2254.4641764999997,9.7472,67.974136,2.570587,64.40033244680853,2207.245625,2271.6459574468086
PKP-01,118503.09,453402.51,2254.3759265,9.8769,68.824036,2.561698,64.40033244680853,2207.245625,2271.6459574468086
PKP-01,118503.09,453402.51,2254.2876765,9.9155,68.869476,2.552395,64.40033244680853,2207.245625,2271.6459574468086
PKP-01,118503.09,453402.51,2254.1994265,9.9,68.31813,2.54782,64.40033244680853,2207.245625,2271.6459574468086
PKP-01,118503.09,453402.51,2254.1111765,9.8999,67.464066,2.549216,64.40033244680853,2207.245625,2271.6459574468086
PKP-01,118503.09,453402.51,2254.0229265,9.956,66.725601,2.554512,64.40033244680853,2207.245625,2271.6459574468086
PKP-01,118503.09,453402.51,2253.9346765,10.0515,66.731934,2.559445,64.40033244680853,2207.245625,2271.6459574468086
PKP-01,118503.09,453402.51,2253.8464265,10.1301,67.617859,2.561103,64.40033244680853,2207.245625,2271.6459574468086
PKP-01,118503.09,453402.51,2253.7581765,10.1438,68.966766,2.559808,64.40033244680853,2207.245625,2271.6459574468086
PKP-01,118503.09,453402.51,2253.6699265,10.0749,70.070343,2.556894,64.40033244680853,2207.245625,2271.6459574468086
PKP-01,118503.09,453402.51,2253.5816765,9.9498,70.539948,2.553584,64.40033244680853,2207.245625,2271.6459574468086
PKP-01,118503.09,453402.51,2253.4934264999997,9.7933,70.581818,2.551421,64.40033244680853,2207.245625,2271.6459574468086
PKP-01,118503.09,453402.51,2253.4051765,9.6347,70.799057,2.55269,64.40033244680853,2207.245625,2271.6459574468086
PKP-01,118503.09,453402.51,2253.3169265,9.487,71.680756,2.55825,64.40033244680853,2207.245625,2271.6459574468086
PKP-01,118503.09,453402.51,2253.2286765000003,9.3396,73.267349,2.567446,64.40033244680853,2207.245625,2271.6459574468086
PKP-01,118503.09,453402.51,2253.1404264999996,9.1749,75.155746,2.578926,64.40033244680853,2207.245625,2271.6459574468086
PKP-01,118503.09,453402.51,2253.0521765,9.0297,76.795776,2.589569,64.40033244680853,2207.245625,2271.6459574468086
PKP-01,118503.09,453402.51,2252.9639265,8.9647,77.316666,2.592641,64.40033244680853,2207.245625,2271.6459574468086
PKP-01,118503.09,453402.51,2252.8756765,8.9714,76.207138,2.58294,64.40033244680853,2207.245625,2271.6459574468086
PKP-01,118503.09,453402.51,2252.7874265,9.0387,73.524353,2.559825,64.40033244680853,2207.245625,2271.6459574468086
PKP-01,118503.09,453402.51,2252.6991765,9.1674,69.843918,2.531534,64.40033244680853,2207.245625,2271.6459574468086
PKP-01,118503.09,453402.51,2252.6109265,9.34,66.003601,2.508842,64.40033244680853,2207.245625,2271.6459574468086
PKP-01,118503.09,453402.51,2252.5226764999998,9.5538,63.006187,2.495411,64.40033244680853,2207.245625,2271.6459574468086
PKP-01,118503.09,453402.51,2252.4344265,9.8304,61.336311,2.488139,64.40033244680853,2207.245625,2271.6459574468086
PKP-01,118503.09,453402.51,2252.3461765,10.1791,60.43544,2.483979,64.40033244680853,2207.245625,2271.6459574468086
PKP-01,118503.09,453402.51,2252.2579265,10.626,59.70507,2.481783,64.40033244680853,2207.245625,2271.6459574468086
PKP-01,118503.09,453402.51,2252.1696764999997,11.1512,59.145943,2.480865,64.40033244680853,2207.245625,2271.6459574468086
PKP-01,118503.09,453402.51,2252.0814265,11.7007,58.943817,2.480757,64.40033244680853,2207.245625,2271.6459574468086
PKP-01,118503.09,453402.51,2251.9931765,12.1653,59.22731,2.481149,64.40033244680853,2207.245625,2271.6459574468086
PKP-01,118503.09,453402.51,2251.9049265000003,12.4509,59.943481,2.481416,64.40033244680853,2207.245625,2271.6459574468086
PKP-01,118503.09,453402.51,2251.8166764999996,12.5411,60.700493,2.480629,64.40033244680853,2207.245625,2271.6459574468086
PKP-01,118503.09,453402.51,2251.7284265,12.4862,60.787956,2.477566,64.40033244680853,2207.245625,2271.6459574468086
PKP-01,118503.09,453402.51,2251.6401765,12.4092,60.017426,2.471966,64.40033244680853,2207.245625,2271.6459574468086
PKP-01,118503.09,453402.51,2251.5519265000003,12.3634,58.911346,2.467622,64.40033244680853,2207.245625,2271.6459574468086
PKP-01,118503.09,453402.51,2251.4636765,12.2948,58.275139,2.470942,64.40033244680853,2207.245625,2271.6459574468086
PKP-01,118503.09,453402.51,2251.3754265,12.1788,58.417244,2.48395,64.40033244680853,2207.245625,2271.6459574468086
PKP-01,118503.09,453402.51,2251.2871765,12.1181,59.259476,2.503043,64.40033244680853,2207.245625,2271.6459574468086
PKP-01,118503.09,453402.51,2251.1989264999997,12.1812,60.374451,2.520592,64.40033244680853,2207.245625,2271.6459574468086
PKP-01,118503.09,453402.51,2251.1106765,12.254,61.195587,2.531157,64.40033244680853,2207.245625,2271.6459574468086
PKP-01,118503.09,453402.51,2251.0224265,12.16,61.324928,2.533175,64.40033244680853,2207.245625,2271.6459574468086
PKP-01,118503.09,453402.51,2250.9341765,11.8524,60.930298,2.52947,64.40033244680853,2207.245625,2271.6459574468086
PKP-01,118503.09,453402.51,2250.8459264999997,11.477,60.435509,2.525012,64.40033244680853,2207.245625,2271.6459574468086
PKP-01,118503.09,453402.51,2250.7576765,11.224,60.147278,2.523907,64.40033244680853,2207.245625,2271.6459574468086
PKP-01,118503.09,453402.51,2250.6694265,11.1595,60.135468,2.525264,64.40033244680853,2207.245625,2271.6459574468086
PKP-01,118503.09,453402.51,2250.5811765000003,11.2528,60.41008,2.526458,64.40033244680853,2207.245625,2271.6459574468086
PKP-01,118503.09,453402.51,2250.4929264999996,11.4086,60.974022,2.526467,64.40033244680853,2207.245625,2271.6459574468086
PKP-01,118503.09,453402.51,2250.4046765,11.5659,61.79142,2.524515,64.40033244680853,2207.245625,2271.6459574468086
PKP-01,118503.09,453402.51,2250.3164265,11.703,62.708916,2.519966,64.40033244680853,2207.245625,2271.6459574468086
PKP-01,118503.09,453402.51,2250.2281765000002,11.7948,63.487717,2.514117,64.40033244680853,2207.245625,2271.6459574468086
PKP-01,118503.09,453402.51,2250.1399265,11.8053,63.812981,2.509825,64.40033244680853,2207.245625,2271.6459574468086
PKP-01,118503.09,453402.51,2250.0516764999998,11.7357,63.453239,2.50826,64.40033244680853,2207.245625,2271.6459574468086
PKP-01,118503.09,453402.51,2249.9634265,11.6319,62.462067,2.508061,64.40033244680853,2207.245625,2271.6459574468086
PKP-01,118503.09,453402.51,2249.8751765,11.54,61.292496,2.507883,64.40033244680853,2207.245625,2271.6459574468086
PKP-01,118503.09,453402.51,2249.7869265,11.4807,60.621628,2.507978,64.40033244680853,2207.245625,2271.6459574468086
PKP-01,118503.09,453402.51,2249.6986765,11.4724,60.897339,2.508323,64.40033244680853,2207.245625,2271.6459574468086
PKP-01,118503.09,453402.51,2249.6104265,11.5565,62.117027,2.5081,64.40033244680853,2207.245625,2271.6459574468086
PKP-01,118503.09,453402.51,2249.5221764999997,11.7539,63.813232,2.507955,64.40033244680853,2207.245625,2271.6459574468086
PKP-01,118503.09,453402.51,2249.4339265,11.9943,65.396149,2.509871,64.40033244680853,2207.245625,2271.6459574468086
PKP-01,118503.09,453402.51,2249.3456765,12.1442,66.419891,2.513838,64.40033244680853,2207.245625,2271.6459574468086
PKP-01,118503.09,453402.51,2249.2574265000003,12.136,66.677979,2.518315,64.40033244680853,2207.245625,2271.6459574468086
PKP-01,118503.09,453402.51,2249.1691764999996,11.9821,66.236633,2.522185,64.40033244680853,2207.245625,2271.6459574468086
PKP-01,118503.09,453402.51,2249.0809265,11.7126,65.51329,2.524288,64.40033244680853,2207.245625,2271.6459574468086
PKP-01,118503.09,453402.51,2248.9926765,11.4374,65.032043,2.524643,64.40033244680853,2207.245625,2271.6459574468086
PKP-01,118503.09,453402.51,2248.9044265,11.321,64.956482,2.524735,64.40033244680853,2207.245625,2271.6459574468086
PKP-01,118503.09,453402.51,2248.8161765,11.3931,64.992767,2.525759,64.40033244680853,2207.245625,2271.6459574468086
PKP-01,118503.09,453402.51,2248.7279264999997,11.5594,64.842209,2.528808,64.40033244680853,2207.245625,2271.6459574468086
PKP-01,118503.09,453402.51,2248.6396765,11.7302,64.4617,2.535394,64.40033244680853,2207.245625,2271.6459574468086
PKP-01,118503.09,453402.51,2248.5514265,11.8073,63.892746,2.545384,64.40033244680853,2207.245625,2271.6459574468086
PKP-01,118503.09,453402.51,2248.4631765,11.7243,63.278969,2.555683,64.40033244680853,2207.245625,2271.6459574468086
PKP-01,118503.09,453402.51,2248.3749265,11.5391,62.915886,2.561827,64.40033244680853,2207.245625,2271.6459574468086
PKP-01,118503.09,453402.51,2248.2866765,11.382,62.942078,2.561181,64.40033244680853,2207.245625,2271.6459574468086
PKP-01,118503.09,453402.51,2248.1984265,11.3493,63.246635,2.554408,64.40033244680853,2207.245625,2271.6459574468086
PKP-01,118503.09,453402.51,2248.1101765,11.477,63.713097,2.545212,64.40033244680853,2207.245625,2271.6459574468086
PKP-01,118503.09,453402.51,2248.0219265,11.77,64.389404,2.537505,64.40033244680853,2207.245625,2271.6459574468086
PKP-01,118503.09,453402.51,2247.9336765000003,12.1618,65.324951,2.533415,64.40033244680853,2207.245625,2271.6459574468086
PKP-01,118503.09,453402.51,2247.8454264999996,12.4935,66.438644,2.532742,64.40033244680853,2207.245625,2271.6459574468086
PKP-01,118503.09,453402.51,2247.7571765,12.6427,67.588211,2.533347,64.40033244680853,2207.245625,2271.6459574468086
PKP-01,118503.09,453402.51,2247.6689265,12.629,68.716522,2.532809,64.40033244680853,2207.245625,2271.6459574468086
PKP-01,118503.09,453402.51,2247.5806765,12.4786,69.74437,2.531352,64.40033244680853,2207.245625,2271.6459574468086
PKP-01,118503.09,453402.51,2247.4924265,12.16,70.305161,2.530981,64.40033244680853,2207.245625,2271.6459574468086
PKP-01,118503.09,453402.51,2247.4041764999997,11.7023,70.012604,2.531267,64.40033244680853,2207.245625,2271.6459574468086
PKP-01,118503.09,453402.51,2247.3159265,11.1725,68.754135,2.52985,64.40033244680853,2207.245625,2271.6459574468086
PKP-01,118503.09,453402.51,2247.2276765,10.6226,66.683578,2.526147,64.40033244680853,2207.245625,2271.6459574468086
PKP-01,118503.09,453402.51,2247.1394265,10.1483,64.228058,2.521661,64.40033244680853,2207.245625,2271.6459574468086
PKP-01,118503.09,453402.51,2247.0511765,9.9024,62.139214,2.518215,64.40033244680853,2207.245625,2271.6459574468086
PKP-01,118503.09,453402.51,2246.9629265,9.9723,61.026939,2.516839,64.40033244680853,2207.245625,2271.6459574468086
PKP-01,118503.09,453402.51,2246.8746765,10.3048,60.861351,2.517906,64.40033244680853,2207.245625,2271.6459574468086
PKP-01,118503.09,453402.51,2246.7864265,10.7431,61.234474,2.520944,64.40033244680853,2207.245625,2271.6459574468086
PKP-01,118503.09,453402.51,2246.6981765,11.1464,61.991211,2.524793,64.40033244680853,2207.245625,2271.6459574468086
PKP-01,118503.09,453402.51,2246.6099265000003,11.4568,63.204193,2.528802,64.40033244680853,2207.245625,2271.6459574468086
PKP-01,118503.09,453402.51,2246.5216765,11.6668,64.865219,2.532891,64.40033244680853,2207.245625,2271.6459574468086
PKP-01,118503.09,453402.51,2246.4334264999998,11.7433,66.921814,2.536296,64.40033244680853,2207.245625,2271.6459574468086
PKP-01,118503.09,453402.51,2246.3451765,11.6092,69.269897,2.538224,64.40033244680853,2207.245625,2271.6459574468086
PKP-01,118503.09,453402.51,2246.2569265,11.2596,71.38829,2.538693,64.40033244680853,2207.245625,2271.6459574468086
PKP-01,118503.09,453402.51,2246.1686765,10.8242,72.631424,2.537699,64.40033244680853,2207.245625,2271.6459574468086
PKP-01,118503.09,453402.51,2246.0804264999997,10.4586,72.799545,2.535759,64.40033244680853,2207.245625,2271.6459574468086
PKP-01,118503.09,453402.51,2245.9921765,10.25,72.044937,2.534091,64.40033244680853,2207.245625,2271.6459574468086
PKP-01,118503.09,453402.51,2245.9039265,10.2337,70.408951,2.533087,64.40033244680853,2207.245625,2271.6459574468086
PKP-01,118503.09,453402.51,2245.8156765,10.3287,68.281174,2.53289,64.40033244680853,2207.245625,2271.6459574468086
PKP-01,118503.09,453402.51,2245.7274265,10.3692,66.488785,2.534089,64.40033244680853,2207.245625,2271.6459574468086
PKP-01,118503.09,453402.51,2245.6391765,10.3119,65.313599,2.536758,64.40033244680853,2207.245625,2271.6459574468086
PKP-01,118503.09,453402.51,2245.5509265,10.1687,64.594986,2.539898,64.40033244680853,2207.245625,2271.6459574468086
PKP-01,118503.09,453402.51,2245.4626765,9.9217,64.200882,2.542283,64.40033244680853,2207.245625,2271.6459574468086
PKP-01,118503.09,453402.51,2245.3744265,9.6565,64.024246,2.542406,64.40033244680853,2207.245625,2271.6459574468086
PKP-01,118503.09,453402.51,2245.2861765000002,9.5059,64.050766,2.539108,64.40033244680853,2207.245625,2271.6459574468086
PKP-01,118503.09,453402.51,2245.1979265,9.4741,64.445602,2.531753,64.40033244680853,2207.245625,2271.6459574468086
PKP-01,118503.09,453402.51,2245.1096764999998,9.591,65.171219,2.521828,64.40033244680853,2207.245625,2271.6459574468086
PKP-01,118503.09,453402.51,2245.0214265,9.8742,65.867264,2.512728,64.40033244680853,2207.245625,2271.6459574468086
PKP-01,118503.09,453402.51,2244.9331765,10.2147,66.194168,2.507737,64.40033244680853,2207.245625,2271.6459574468086
PKP-01,118503.09,453402.51,2244.8449265,10.4343,65.906235,2.508188,64.40033244680853,2207.245625,2271.6459574468086
PKP-01,118503.09,453402.51,2244.7566764999997,10.4605,65.197952,2.512674,64.40033244680853,2207.245625,2271.6459574468086
PKP-01,118503.09,453402.51,2244.6684265,10.3047,64.636154,2.520035,64.40033244680853,2207.245625,2271.6459574468086
PKP-01,118503.09,453402.51,2244.5801765,10.0523,64.496643,2.526662,64.40033244680853,2207.245625,2271.6459574468086
PKP-01,118503.09,453402.51,2244.4919265,9.816,64.622375,2.529059,64.40033244680853,2207.245625,2271.6459574468086
PKP-01,118503.09,453402.51,2244.4036765,9.7336,64.919571,2.527252,64.40033244680853,2207.245625,2271.6459574468086
PKP-01,118503.09,453402.51,2244.3154265,9.8542,65.135681,2.524376,64.40033244680853,2207.245625,2271.6459574468086
PKP-01,118503.09,453402.51,2244.2271765,10.1353,64.995682,2.522994,64.40033244680853,2207.245625,2271.6459574468086
PKP-01,118503.09,453402.51,2244.1389265,10.4599,64.733231,2.526002,64.40033244680853,2207.245625,2271.6459574468086
PKP-01,118503.09,453402.51,2244.0506765,10.7328,64.588608,2.53442,64.40033244680853,2207.245625,2271.6459574468086
PKP-01,118503.09,453402.51,2243.9624265,10.9233,64.472961,2.546801,64.40033244680853,2207.245625,2271.6459574468086
PKP-01,118503.09,453402.51,2243.8741765,10.9571,64.513397,2.557792,64.40033244680853,2207.245625,2271.6459574468086
PKP-01,118503.09,453402.51,2243.7859264999997,10.768,64.75441,2.563253,64.40033244680853,2207.245625,2271.6459574468086
PKP-01,118503.09,453402.51,2243.6976765,10.3955,64.773468,2.562467,64.40033244680853,2207.245625,2271.6459574468086
PKP-01,118503.09,453402.51,2243.6094265,9.9732,64.401733,2.558014,64.40033244680853,2207.245625,2271.6459574468086
PKP-01,118503.09,453402.51,2243.5211765,9.6019,63.794853,2.552878,64.40033244680853,2207.245625,2271.6459574468086
PKP-01,118503.09,453402.51,2243.4329264999997,9.3931,62.949814,2.549989,64.40033244680853,2207.245625,2271.6459574468086
PKP-01,118503.09,453402.51,2243.3446765,9.3769,61.994789,2.549033,64.40033244680853,2207.245625,2271.6459574468086
PKP-01,118503.09,453402.51,2243.2564265,9.4878,61.30159,2.546786,64.40033244680853,2207.245625,2271.6459574468086
PKP-01,118503.09,453402.51,2243.1681765,9.7008,61.185524,2.542421,64.40033244680853,2207.245625,2271.6459574468086
PKP-01,118503.09,453402.51,2243.0799265,9.9465,61.548836,2.538932,64.40033244680853,2207.245625,2271.6459574468086
PKP-01,118503.09,453402.51,2242.9916765,10.1327,62.049713,2.539465,64.40033244680853,2207.245625,2271.6459574468086
PKP-01,118503.09,453402.51,2242.9034265,10.1824,62.278145,2.545177,64.40033244680853,2207.245625,2271.6459574468086
PKP-01,118503.09,453402.51,2242.8151765,10.0952,61.980118,2.552708,64.40033244680853,2207.245625,2271.6459574468086
PKP-01,118503.09,453402.51,2242.7269265,9.8793,61.377014,2.555357,64.40033244680853,2207.245625,2271.6459574468086
PKP-01,118503.09,453402.51,2242.6386765,9.6166,61.377296,2.549708,64.40033244680853,2207.245625,2271.6459574468086
PKP-01,118503.09,453402.51,2242.5504265,9.418,62.588593,2.538823,64.40033244680853,2207.245625,2271.6459574468086
PKP-01,118503.09,453402.51,2242.4621764999997,9.3833,64.751328,2.528822,64.40033244680853,2207.245625,2271.6459574468086
PKP-01,118503.09,453402.51,2242.3739265,9.502,66.959641,2.524297,64.40033244680853,2207.245625,2271.6459574468086
PKP-01,118503.09,453402.51,2242.2856765,9.6811,68.4534,2.525794,64.40033244680853,2207.245625,2271.6459574468086
PKP-01,118503.09,453402.51,2242.1974265,9.8217,68.655334,2.532275,64.40033244680853,2207.245625,2271.6459574468086
PKP-01,118503.09,453402.51,2242.1091764999996,9.8701,67.596161,2.540563,64.40033244680853,2207.245625,2271.6459574468086
PKP-01,118503.09,453402.51,2242.0209265,9.8098,65.745911,2.546781,64.40033244680853,2207.245625,2271.6459574468086
PKP-01,118503.09,453402.51,2241.9326765,9.676,63.743515,2.550427,64.40033244680853,2207.245625,2271.6459574468086
PKP-01,118503.09,453402.51,2241.8444265,9.5074,61.794823,2.552943,64.40033244680853,2207.245625,2271.6459574468086
PKP-01,118503.09,453402.51,2241.7561765,9.3251,59.992714,2.553412,64.40033244680853,2207.245625,2271.6459574468086
PKP-01,118503.09,453402.51,2241.6679265,9.1411,58.454308,2.550929,64.40033244680853,2207.245625,2271.6459574468086
PKP-01,118503.09,453402.51,2241.5796765,8.9808,57.213524,2.545322,64.40033244680853,2207.245625,2271.6459574468086
PKP-01,118503.09,453402.51,2241.4914264999998,8.9047,56.288818,2.535486,64.40033244680853,2207.245625,2271.6459574468086
PKP-01,118503.09,453402.51,2241.4031765,8.986,55.726158,2.521901,64.40033244680853,2207.245625,2271.6459574468086
PKP-01,118503.09,453402.51,2241.3149265,9.2643,55.663292,2.508133,64.40033244680853,2207.245625,2271.6459574468086
PKP-01,118503.09,453402.51,2241.2266765,9.695,56.140373,2.497061,64.40033244680853,2207.245625,2271.6459574468086
PKP-01,118503.09,453402.51,2241.1384264999997,10.2024,56.97229,2.489554,64.40033244680853,2207.245625,2271.6459574468086
PKP-01,118503.09,453402.51,2241.0501765,10.7004,57.735893,2.486269,64.40033244680853,2207.245625,2271.6459574468086
PKP-01,118503.09,453402.51,2240.9619265,11.0919,58.033409,2.485939,64.40033244680853,2207.245625,2271.6459574468086
PKP-01,118503.09,453402.51,2240.8736765000003,11.3217,57.884239,2.486373,64.40033244680853,2207.245625,2271.6459574468086
PKP-01,118503.09,453402.51,2240.7854264999996,11.4035,57.705215,2.487013,64.40033244680853,2207.245625,2271.6459574468086
PKP-01,118503.09,453402.51,2240.6971765,11.405,58.136894,2.488645,64.40033244680853,2207.245625,2271.6459574468086
PKP-01,118503.09,453402.51,2240.6089265,11.397,59.634163,2.492091,64.40033244680853,2207.245625,2271.6459574468086
PKP-01,118503.09,453402.51,2240.5206765,11.4086,61.951675,2.497485,64.40033244680853,2207.245625,2271.6459574468086
PKP-01,118503.09,453402.51,2240.4324265,11.4075,64.200302,2.504183,64.40033244680853,2207.245625,2271.6459574468086
PKP-01,118503.09,453402.51,2240.3441765,11.3224,65.575592,2.510942,64.40033244680853,2207.245625,2271.6459574468086
PKP-01,118503.09,453402.51,2240.2559265,11.1188,65.744629,2.515999,64.40033244680853,2207.245625,2271.6459574468086
PKP-01,118503.09,453402.51,2240.1676764999997,10.8545,64.866302,2.518218,64.40033244680853,2207.245625,2271.6459574468086
PKP-01,118503.09,453402.51,2240.0794265,10.6366,63.508316,2.518767,64.40033244680853,2207.245625,2271.6459574468086
PKP-01,118503.09,453402.51,2239.9911765,10.52,62.417931,2.520741,64.40033244680853,2207.245625,2271.6459574468086
PKP-01,118503.09,453402.51,2239.9029265,10.4454,61.903908,2.524712,64.40033244680853,2207.245625,2271.6459574468086
PKP-01,118503.09,453402.51,2239.8146764999997,10.2844,61.829887,2.528682,64.40033244680853,2207.245625,2271.6459574468086
PKP-01,118503.09,453402.51,2239.7264265,9.913,61.974808,2.532916,64.40033244680853,2207.245625,2271.6459574468086
PKP-01,118503.09,453402.51,2239.6381765,9.3182,62.236519,2.538753,64.40033244680853,2207.245625,2271.6459574468086
PKP-01,118503.09,453402.51,2239.5499265000003,8.6306,62.438622,2.545218,64.40033244680853,2207.245625,2271.6459574468086
PKP-01,118503.09,453402.51,2239.4616764999996,8.0139,62.303177,2.55101,64.40033244680853,2207.245625,2271.6459574468086
PKP-01,118503.09,453402.51,2239.3734265,7.6151,61.710922,2.555353,64.40033244680853,2207.245625,2271.6459574468086
PKP-01,118503.09,453402.51,2239.2851765,7.4836,60.86599,2.55657,64.40033244680853,2207.245625,2271.6459574468086
PKP-01,118503.09,453402.51,2239.1969265000002,7.5352,60.134529,2.552896,64.40033244680853,2207.245625,2271.6459574468086
PKP-01,118503.09,453402.51,2239.1086765,7.6517,59.799896,2.545709,64.40033244680853,2207.245625,2271.6459574468086
PKP-01,118503.09,453402.51,2239.0204264999998,7.76,59.908485,2.538902,64.40033244680853,2207.245625,2271.6459574468086
PKP-01,118503.09,453402.51,2238.9321765,7.8227,60.379677,2.534068,64.40033244680853,2207.245625,2271.6459574468086
PKP-01,118503.09,453402.51,2238.8439264999997,7.838,61.036354,2.530271,64.40033244680853,2207.245625,2271.6459574468086
PKP-01,118503.09,453402.51,2238.7556765,7.8383,61.539345,2.526831,64.40033244680853,2207.245625,2271.6459574468086
PKP-01,118503.09,453402.51,2238.6674265,7.8428,61.60318,2.523409,64.40033244680853,2207.245625,2271.6459574468086
PKP-01,118503.09,453402.51,2238.5791765,7.8625,61.214722,2.521233,64.40033244680853,2207.245625,2271.6459574468086
PKP-01,118503.09,453402.51,2238.4909264999997,7.9125,60.397606,2.523462,64.40033244680853,2207.245625,2271.6459574468086
PKP-01,118503.09,453402.51,2238.4026765,7.9663,59.257706,2.530996,64.40033244680853,2207.245625,2271.6459574468086
PKP-01,118503.09,453402.51,2238.3144265,7.9683,58.188461,2.541753,64.40033244680853,2207.245625,2271.6459574468086
PKP-01,118503.09,453402.51,2238.2261765000003,7.9024,57.637779,2.552359,64.40033244680853,2207.245625,2271.6459574468086
PKP-01,118503.09,453402.51,2238.1379264999996,7.8032,57.826653,2.558646,64.40033244680853,2207.245625,2271.6459574468086
PKP-01,118503.09,453402.51,2238.0496765,7.732,58.734474,2.559758,64.40033244680853,2207.245625,2271.6459574468086
PKP-01,118503.09,453402.51,2237.9614265,7.7511,60.056503,2.559836,64.40033244680853,2207.245625,2271.6459574468086
PKP-01,118503.09,453402.51,2237.8731765,7.8735,61.439346,2.56115,64.40033244680853,2207.245625,2271.6459574468086
PKP-01,118503.09,453402.51,2237.7849265,8.0327,62.699532,2.562676,64.40033244680853,2207.245625,2271.6459574468086
PKP-01,118503.09,453402.51,2237.6966764999997,8.1321,63.62368,2.563924,64.40033244680853,2207.245625,2271.6459574468086
PKP-01,118503.09,453402.51,2237.6084265,8.1348,63.892174,2.564563,64.40033244680853,2207.245625,2271.6459574468086
PKP-01,118503.09,453402.51,2237.5201765,8.0666,63.421455,2.563848,64.40033244680853,2207.245625,2271.6459574468086
PKP-01,118503.09,453402.51,2237.432133380783,7.9583,62.478371,2.561725,64.40033244680853,2207.245625,2271.6459574468086
PKP-01,118503.09,453402.51,2237.3440906761566,7.8367,61.357323,2.558404,64.40033244680853,2207.245625,2271.6459574468086
PKP-01,118503.09,453402.51,2237.25604797153,7.7345,60.214607,2.553668,64.40033244680853,2207.245625,2271.6459574468086
PKP-01,118503.09,453402.51,2237.168005266904,7.6663,59.18615,2.547016,64.40033244680853,2207.245625,2271.6459574468086
PKP-01,118503.09,453402.51,2237.0799625622776,7.6306,58.351189,2.53849,64.40033244680853,2207.245625,2271.6459574468086
PKP-01,118503.09,453402.51,2236.9919198576513,7.6537,57.768707,2.530981,64.40033244680853,2207.245625,2271.6459574468086
PKP-01,118503.09,453402.51,2236.903877153025,7.7752,57.591789,2.527405,64.40033244680853,2207.245625,2271.6459574468086
PKP-01,118503.09,453402.51,2236.815834448398,8.0115,57.995224,2.527215,64.40033244680853,2207.245625,2271.6459574468086
PKP-01,118503.09,453402.51,2236.7277917437723,8.3284,58.905083,2.527695,64.40033244680853,2207.245625,2271.6459574468086
PKP-01,118503.09,453402.51,2236.639749039146,8.6544,59.933891,2.525463,64.40033244680853,2207.245625,2271.6459574468086
PKP-01,118503.09,453402.51,2236.5517063345196,8.915,60.651222,2.517673,64.40033244680853,2207.245625,2271.6459574468086
PKP-01,118503.09,453402.51,2236.4636636298933,9.071,60.786201,2.505637,64.40033244680853,2207.245625,2271.6459574468086
PKP-01,118503.09,453402.51,2236.3756209252665,9.1423,60.323265,2.492877,64.40033244680853,2207.245625,2271.6459574468086
PKP-01,118503.09,453402.51,2236.2875782206406,9.2072,59.677536,2.483096,64.40033244680853,2207.245625,2271.6459574468086
PKP-01,118503.09,453402.51,2236.1995355160143,9.4045,59.483734,2.478001,64.40033244680853,2207.245625,2271.6459574468086
PKP-01,118503.09,453402.51,2236.111492811388,9.7751,59.840538,2.477841,64.40033244680853,2207.245625,2271.6459574468086
PKP-01,118503.09,453402.51,2236.0234501067616,10.1473,60.190117,2.483091,64.40033244680853,2207.245625,2271.6459574468086
PKP-01,118503.09,453402.51,2235.935407402135,10.3636,60.09333,2.493088,64.40033244680853,2207.245625,2271.6459574468086
PKP-01,118503.09,453402.51,2235.847364697509,10.3421,59.619614,2.506313,64.40033244680853,2207.245625,2271.6459574468086
PKP-01,118503.09,453402.51,2235.7593219928826,10.0749,59.267426,2.520666,64.40033244680853,2207.245625,2271.6459574468086
PKP-01,118503.09,453402.51,2235.6712792882563,9.6483,59.519012,2.535634,64.40033244680853,2207.245625,2271.6459574468086
PKP-01,118503.09,453402.51,2235.58323658363,9.247,60.377983,2.550308,64.40033244680853,2207.245625,2271.6459574468086
PKP-01,118503.09,453402.51,2235.495193879003,9.013,61.116325,2.563685,64.40033244680853,2207.245625,2271.6459574468086
PKP-01,118503.09,453402.51,2235.4071511743773,8.9983,60.765656,2.575382,64.40033244680853,2207.245625,2271.6459574468086
PKP-01,118503.09,453402.51,2235.319108469751,9.1765,58.939049,2.582939,64.40033244680853,2207.245625,2271.6459574468086
PKP-01,118503.09,453402.51,2235.2310657651246,9.4248,56.529076,2.5834,64.40033244680853,2207.245625,2271.6459574468086
PKP-01,118503.09,453402.51,2235.1430230604983,9.6104,54.857674,2.577137,64.40033244680853,2207.245625,2271.6459574468086
PKP-01,118503.09,453402.51,2235.0549803558715,9.6372,54.500847,2.567004,64.40033244680853,2207.245625,2271.6459574468086
PKP-01,118503.09,453402.51,2234.9669376512456,9.499,54.881981,2.553716,64.40033244680853,2207.245625,2271.6459574468086
PKP-01,118503.09,453402.51,2234.8788949466193,9.3041,55.230202,2.538492,64.40033244680853,2207.245625,2271.6459574468086
PKP-01,118503.09,453402.51,2234.790852241993,9.2005,55.220673,2.524031,64.40033244680853,2207.245625,2271.6459574468086
PKP-01,118503.09,453402.51,2234.7028095373666,9.2618,54.942879,2.511746,64.40033244680853,2207.245625,2271.6459574468086
PKP-01,118503.09,453402.51,2234.61476683274,9.4764,54.899261,2.504091,64.40033244680853,2207.245625,2271.6459574468086
PKP-01,118503.09,453402.51,2234.5267241281135,9.7553,55.409096,2.503582,64.40033244680853,2207.245625,2271.6459574468086
PKP-01,118503.09,453402.51,2234.4386814234877,10.0118,56.124786,2.511202,64.40033244680853,2207.245625,2271.6459574468086
PKP-01,118503.09,453402.51,2234.3506387188613,10.1294,56.391747,2.524932,64.40033244680853,2207.245625,2271.6459574468086
PKP-01,118503.09,453402.51,2234.262596014235,10.0084,56.107109,2.539862,64.40033244680853,2207.245625,2271.6459574468086
PKP-01,118503.09,453402.51,2234.174553309608,9.6002,55.729675,2.552271,64.40033244680853,2207.245625,2271.6459574468086
PKP-01,118503.09,453402.51,2234.086510604982,9.0104,55.783592,2.55879,64.40033244680853,2207.245625,2271.6459574468086
PKP-01,118503.09,453402.51,2233.998467900356,8.4112,56.452271,2.55933,64.40033244680853,2207.245625,2271.6459574468086
PKP-01,118503.09,453402.51,2233.9104251957297,7.9964,57.583244,2.554659,64.40033244680853,2207.245625,2271.6459574468086
PKP-01,118503.09,453402.51,2233.8223824911033,7.9,58.575218,2.549245,64.40033244680853,2207.245625,2271.6459574468086
PKP-01,118503.09,453402.51,2233.7343397864765,8.1122,59.033485,2.546446,64.40033244680853,2207.245625,2271.6459574468086
PKP-01,118503.09,453402.51,2233.64629708185,8.5292,59.240837,2.545385,64.40033244680853,2207.245625,2271.6459574468086
PKP-01,118503.09,453402.51,2233.5582543772243,8.975,59.544365,2.545261,64.40033244680853,2207.245625,2271.6459574468086
PKP-01,118503.09,453402.51,2233.470211672598,9.302,59.866768,2.545893,64.40033244680853,2207.245625,2271.6459574468086
PKP-01,118503.09,453402.51,2233.3821689679717,9.372,60.125648,2.54519,64.40033244680853,2207.245625,2271.6459574468086
PKP-01,118503.09,453402.51,2233.294126263345,9.2116,60.45388,2.541874,64.40033244680853,2207.245625,2271.6459574468086
PKP-01,118503.09,453402.51,2233.2060835587185,8.9664,60.847153,2.537321,64.40033244680853,2207.245625,2271.6459574468086
PKP-01,118503.09,453402.51,2233.1180408540927,8.8078,61.204399,2.53421,64.40033244680853,2207.245625,2271.6459574468086
PKP-01,118503.09,453402.51,2233.0299981494663,8.7739,61.526649,2.534329,64.40033244680853,2207.245625,2271.6459574468086
PKP-01,118503.09,453402.51,2232.94195544484,8.8089,61.791222,2.538836,64.40033244680853,2207.245625,2271.6459574468086
PKP-01,118503.09,453402.51,2232.853912740213,8.8044,61.873779,2.547758,64.40033244680853,2207.245625,2271.6459574468086
PKP-01,118503.09,453402.51,2232.765870035587,8.6447,61.718163,2.560469,64.40033244680853,2207.245625,2271.6459574468086
PKP-01,118503.09,453402.51,2232.677827330961,8.3402,61.460083,2.576352,64.40033244680853,2207.245625,2271.6459574468086
PKP-01,118503.09,453402.51,2232.5897846263347,8.0642,61.235374,2.596513,64.40033244680853,2207.245625,2271.6459574468086
PKP-01,118503.09,453402.51,2232.5017419217083,7.9259,60.91082,2.622027,64.40033244680853,2207.245625,2271.6459574468086
PKP-01,118503.09,453402.51,2232.4136992170816,7.8825,60.184669,2.654381,64.40033244680853,2207.245625,2271.6459574468086
PKP-01,118503.09,453402.51,2232.325656512455,7.9681,59.005219,2.696288,64.40033244680853,2207.245625,2271.6459574468086
PKP-01,118503.09,453402.51,2232.2376138078293,8.2664,57.594604,2.748326,64.40033244680853,2207.245625,2271.6459574468086
PKP-01,118503.09,453402.51,2232.149571103203,8.7418,56.176041,2.803775,64.40033244680853,2207.245625,2271.6459574468086
PKP-01,118503.09,453402.51,2232.0615283985767,9.2826,54.931305,2.84714,64.40033244680853,2207.245625,2271.6459574468086
PKP-01,118503.09,453402.51,2231.97348569395,9.7154,54.153992,2.856256,64.40033244680853,2207.245625,2271.6459574468086
PKP-01,118503.09,453402.51,2231.8854429893236,9.889,53.960556,2.820315,64.40033244680853,2207.245625,2271.6459574468086
PKP-01,118503.09,453402.51,2231.7974002846977,9.8441,54.211731,2.752366,64.40033244680853,2207.245625,2271.6459574468086
PKP-01,118503.09,453402.51,2231.7093575800714,9.743,54.761749,2.679208,64.40033244680853,2207.245625,2271.6459574468086
PKP-01,118503.09,453402.51,2231.621314875445,9.7022,55.479988,2.616786,64.40033244680853,2207.245625,2271.6459574468086
PKP-01,118503.09,453402.51,2231.5332721708182,9.7183,56.291046,2.567411,64.40033244680853,2207.245625,2271.6459574468086
PKP-01,118503.09,453402.51,2231.445229466192,9.7688,57.234222,2.531454,64.40033244680853,2207.245625,2271.6459574468086
PKP-01,118503.09,453402.51,2231.357186761566,9.922,58.395226,2.508818,64.40033244680853,2207.245625,2271.6459574468086
PKP-01,118503.09,453402.51,2231.2691440569397,10.2311,59.575058,2.500258,64.40033244680853,2207.245625,2271.6459574468086
PKP-01,118503.09,453402.51,2231.1811013523134,10.553,60.323479,2.505018,64.40033244680853,2207.245625,2271.6459574468086
PKP-01,118503.09,453402.51,2231.0930586476866,10.678,60.441208,2.51766,64.40033244680853,2207.245625,2271.6459574468086
PKP-01,118503.09,453402.51,2231.0050159430602,10.5375,60.076996,2.531066,64.40033244680853,2207.245625,2271.6459574468086
PKP-01,118503.09,453402.51,2230.9169732384344,10.2069,59.603203,2.54201,64.40033244680853,2207.245625,2271.6459574468086
PKP-01,118503.09,453402.51,2230.828930533808,9.7981,59.466499,2.550664,64.40033244680853,2207.245625,2271.6459574468086
PKP-01,118503.09,453402.51,2230.7408878291817,9.4123,59.914284,2.557873,64.40033244680853,2207.245625,2271.6459574468086
PKP-01,118503.09,453402.51,2230.652845124555,9.0636,60.807495,2.56388,64.40033244680853,2207.245625,2271.6459574468086
PKP-01,118503.09,453402.51,2230.5648024199286,8.7264,61.896255,2.568577,64.40033244680853,2207.245625,2271.6459574468086
PKP-01,118503.09,453402.51,2230.4767597153023,8.3894,62.995171,2.572616,64.40033244680853,2207.245625,2271.6459574468086
PKP-01,118503.09,453402.51,2230.3887170106764,8.0587,63.878288,2.576388,64.40033244680853,2207.245625,2271.6459574468086
PKP-01,118503.09,453402.51,2230.30067430605,7.7798,64.271591,2.579873,64.40033244680853,2207.245625,2271.6459574468086
PKP-01,118503.09,453402.51,2230.2126316014233,7.6263,64.044525,2.584462,64.40033244680853,2207.245625,2271.6459574468086
PKP-01,118503.09,453402.51,2230.124588896797,7.6211,63.298477,2.591115,64.40033244680853,2207.245625,2271.6459574468086
PKP-01,118503.09,453402.51,2230.0365461921706,7.6929,62.438217,2.597208,64.40033244680853,2207.245625,2271.6459574468086
PKP-01,118503.09,453402.51,2229.9485034875447,7.7834,61.99678,2.598436,64.40033244680853,2207.245625,2271.6459574468086
PKP-01,118503.09,453402.51,2229.8604607829184,7.8775,62.336075,2.592672,64.40033244680853,2207.245625,2271.6459574468086
PKP-01,118503.09,453402.51,2229.7724180782916,7.9438,63.456474,2.581625,64.40033244680853,2207.245625,2271.6459574468086
PKP-01,118503.09,453402.51,2229.6843753736653,7.9971,65.005814,2.570031,64.40033244680853,2207.245625,2271.6459574468086
PKP-01,118503.09,453402.51,2229.596332669039,8.1323,66.363632,2.563538,64.40033244680853,2207.245625,2271.6459574468086
PKP-01,118503.09,453402.51,2229.508289964413,8.3968,66.99263,2.565433,64.40033244680853,2207.245625,2271.6459574468086
PKP-01,118503.09,453402.51,2229.4202472597867,8.7324,66.756134,2.574466,64.40033244680853,2207.245625,2271.6459574468086
PKP-01,118503.09,453402.51,2229.33220455516,9.0592,65.852325,2.586192,64.40033244680853,2207.245625,2271.6459574468086
PKP-01,118503.09,453402.51,2229.2441618505336,9.312,64.598038,2.596729,64.40033244680853,2207.245625,2271.6459574468086
PKP-01,118503.09,453402.51,2229.1561191459073,9.4403,63.341805,2.603932,64.40033244680853,2207.245625,2271.6459574468086
PKP-01,118503.09,453402.51,2229.0680764412814,9.4564,62.382881,2.605169,64.40033244680853,2207.245625,2271.6459574468086
PKP-01,118503.09,453402.51,2228.980033736655,9.4529,61.949188,2.600248,64.40033244680853,2207.245625,2271.6459574468086
PKP-01,118503.09,453402.51,2228.8919910320283,9.5115,62.251221,2.594619,64.40033244680853,2207.245625,2271.6459574468086
PKP-01,118503.09,453402.51,2228.803948327402,9.6102,63.233345,2.592314,64.40033244680853,2207.245625,2271.6459574468086
PKP-01,118503.09,453402.51,2228.7159056227756,9.667,64.306931,2.592119,64.40033244680853,2207.245625,2271.6459574468086
PKP-01,118503.09,453402.51,2228.6278629181497,9.6446,64.855179,2.592285,64.40033244680853,2207.245625,2271.6459574468086
PKP-01,118503.09,453402.51,2228.5398202135234,9.5637,64.704712,2.590509,64.40033244680853,2207.245625,2271.6459574468086
PKP-01,118503.09,453402.51,2228.4517775088966,9.4712,63.803108,2.583099,64.40033244680853,2207.245625,2271.6459574468086
PKP-01,118503.09,453402.51,2228.3637348042703,9.4294,62.191422,2.569599,64.40033244680853,2207.245625,2271.6459574468086
PKP-01,118503.09,453402.51,2228.275692099644,9.4762,60.260139,2.553815,64.40033244680853,2207.245625,2271.6459574468086
PKP-01,118503.09,453402.51,2228.187649395018,9.5751,58.415428,2.54046,64.40033244680853,2207.245625,2271.6459574468086
PKP-01,118503.09,453402.51,2228.0996066903917,9.653,56.934471,2.531999,64.40033244680853,2207.245625,2271.6459574468086
PKP-01,118503.09,453402.51,2228.011563985765,9.6806,56.237885,2.528481,64.40033244680853,2207.245625,2271.6459574468086
PKP-01,118503.09,453402.51,2227.9235212811386,9.6731,56.623009,2.52968,64.40033244680853,2207.245625,2271.6459574468086
PKP-01,118503.09,453402.51,2227.8354785765123,9.656,57.737358,2.534705,64.40033244680853,2207.245625,2271.6459574468086
PKP-01,118503.09,453402.51,2227.7474358718864,9.6454,58.876389,2.541264,64.40033244680853,2207.245625,2271.6459574468086
PKP-01,118503.09,453402.51,2227.65939316726,9.6387,59.678696,2.547561,64.40033244680853,2207.245625,2271.6459574468086
PKP-01,118503.09,453402.51,2227.5713504626333,9.6219,60.248833,2.553707,64.40033244680853,2207.245625,2271.6459574468086
PKP-01,118503.09,453402.51,2227.483307758007,9.5902,60.743118,2.559734,64.40033244680853,2207.245625,2271.6459574468086
PKP-01,118503.09,453402.51,2227.3952650533806,9.5471,61.249184,2.565119,64.40033244680853,2207.245625,2271.6459574468086
PKP-01,118503.09,453402.51,2227.3072223487543,9.4833,61.775284,2.569789,64.40033244680853,2207.245625,2271.6459574468086
PKP-01,118503.09,453402.51,2227.2191796441284,9.3766,62.134537,2.573961,64.40033244680853,2207.245625,2271.6459574468086
PKP-01,118503.09,453402.51,2227.1311369395016,9.1939,62.153717,2.578077,64.40033244680853,2207.245625,2271.6459574468086
PKP-01,118503.09,453402.51,2227.0430942348753,8.8869,61.956764,2.582248,64.40033244680853,2207.245625,2271.6459574468086
PKP-01,118503.09,453402.51,2226.955051530249,8.4669,61.895966,2.585782,64.40033244680853,2207.245625,2271.6459574468086
PKP-01,118503.09,453402.51,2226.8670088256226,7.9963,62.049049,2.587318,64.40033244680853,2207.245625,2271.6459574468086
PKP-01,118503.09,453402.51,2226.7789661209968,7.5952,62.136688,2.585643,64.40033244680853,2207.245625,2271.6459574468086
PKP-01,118503.09,453402.51,2226.69092341637,7.3541,62.007011,2.580769,64.40033244680853,2207.245625,2271.6459574468086
PKP-01,118503.09,453402.51,2226.6028807117436,7.3059,61.744698,2.572524,64.40033244680853,2207.245625,2271.6459574468086
PKP-01,118503.09,453402.51,2226.5148380071173,7.4185,61.41375,2.562216,64.40033244680853,2207.245625,2271.6459574468086
PKP-01,118503.09,453402.51,2226.426795302491,7.6013,61.013855,2.553011,64.40033244680853,2207.245625,2271.6459574468086
PKP-01,118503.09,453402.51,2226.338752597865,7.8138,60.716248,2.546774,64.40033244680853,2207.245625,2271.6459574468086
PKP-01,118503.09,453402.51,2226.2507098932383,8.0721,60.759079,2.543785,64.40033244680853,2207.245625,2271.6459574468086
PKP-01,118503.09,453402.51,2226.162667188612,8.4027,61.10022,2.543762,64.40033244680853,2207.245625,2271.6459574468086
PKP-01,118503.09,453402.51,2226.0746244839856,8.7727,61.761467,2.546406,64.40033244680853,2207.245625,2271.6459574468086
PKP-01,118503.09,453402.51,2225.9865817793593,9.1222,62.948708,2.549923,64.40033244680853,2207.245625,2271.6459574468086
PKP-01,118503.09,453402.51,2225.8985390747334,9.3841,64.48764,2.552677,64.40033244680853,2207.245625,2271.6459574468086
PKP-01,118503.09,453402.51,2225.8104963701066,9.4933,65.631134,2.553944,64.40033244680853,2207.245625,2271.6459574468086
PKP-01,118503.09,453402.51,2225.7224536654803,9.4923,65.741699,2.553706,64.40033244680853,2207.245625,2271.6459574468086
PKP-01,118503.09,453402.51,2225.634410960854,9.4542,64.524719,2.553504,64.40033244680853,2207.245625,2271.6459574468086
PKP-01,118503.09,453402.51,2225.5463682562277,9.4234,62.317413,2.556359,64.40033244680853,2207.245625,2271.6459574468086
PKP-01,118503.09,453402.51,2225.458325551602,9.3881,60.135437,2.562959,64.40033244680853,2207.245625,2271.6459574468086
PKP-01,118503.09,453402.51,2225.370282846975,9.2507,58.773674,2.569429,64.40033244680853,2207.245625,2271.6459574468086
PKP-01,118503.09,453402.51,2225.2822401423487,9.0732,58.454857,2.570789,64.40033244680853,2207.245625,2271.6459574468086
PKP-01,118503.09,453402.51,2225.1941974377223,9.037,58.887115,2.567468,64.40033244680853,2207.245625,2271.6459574468086
PKP-01,118503.09,453402.51,2225.106154733096,9.1561,59.808281,2.562107,64.40033244680853,2207.245625,2271.6459574468086
PKP-01,118503.09,453402.51,2225.01811202847,9.2983,60.875954,2.557317,64.40033244680853,2207.245625,2271.6459574468086
PKP-01,118503.09,453402.51,2224.9300693238433,9.4461,61.943092,2.555185,64.40033244680853,2207.245625,2271.6459574468086
PKP-01,118503.09,453402.51,2224.842026619217,9.5854,63.067787,2.556877,64.40033244680853,2207.245625,2271.6459574468086
PKP-01,118503.09,453402.51,2224.7539839145907,9.6329,64.396439,2.56052,64.40033244680853,2207.245625,2271.6459574468086
PKP-01,118503.09,453402.51,2224.6659412099643,9.5565,65.772629,2.563702,64.40033244680853,2207.245625,2271.6459574468086
PKP-01,118503.09,453402.51,2224.5778985053385,9.4214,67.07782,2.565459,64.40033244680853,2207.245625,2271.6459574468086
PKP-01,118503.09,453402.51,2224.4898558007117,9.2762,68.595566,2.566086,64.40033244680853,2207.245625,2271.6459574468086
PKP-01,118503.09,453402.51,2224.4018130960853,9.1227,70.337036,2.566257,64.40033244680853,2207.245625,2271.6459574468086
PKP-01,118503.09,453402.51,2224.313770391459,9.0161,71.886688,2.568901,64.40033244680853,2207.245625,2271.6459574468086
PKP-01,118503.09,453402.51,2224.2257276868327,8.963,72.919846,2.577086,64.40033244680853,2207.245625,2271.6459574468086
PKP-01,118503.09,453402.51,2224.137684982207,8.8178,72.87793,2.587893,64.40033244680853,2207.245625,2271.6459574468086
PKP-01,118503.09,453402.51,2224.04964227758,8.4756,71.638504,2.593133,64.40033244680853,2207.245625,2271.6459574468086
PKP-01,118503.09,453402.51,2223.9615995729537,8.0131,69.836044,2.588882,64.40033244680853,2207.245625,2271.6459574468086
PKP-01,118503.09,453402.51,2223.8735568683273,7.6345,68.145935,2.577837,64.40033244680853,2207.245625,2271.6459574468086
PKP-01,118503.09,453402.51,2223.785514163701,7.577,66.802032,2.566219,64.40033244680853,2207.245625,2271.6459574468086
PKP-01,118503.09,453402.51,2223.697471459075,7.9301,66.037659,2.561016,64.40033244680853,2207.245625,2271.6459574468086
PKP-01,118503.09,453402.51,2223.6094287544483,8.4748,65.703781,2.564983,64.40033244680853,2207.245625,2271.6459574468086
PKP-01,118503.09,453402.51,2223.521386049822,8.9848,65.148453,2.572468,64.40033244680853,2207.245625,2271.6459574468086
PKP-01,118503.09,453402.51,2223.4333433451957,9.3118,63.966255,2.577419,64.40033244680853,2207.245625,2271.6459574468086
PKP-01,118503.09,453402.51,2223.3453006405693,9.3932,62.456039,2.577138,64.40033244680853,2207.245625,2271.6459574468086
PKP-01,118503.09,453402.51,2223.257257935943,9.3158,61.160202,2.568287,64.40033244680853,2207.245625,2271.6459574468086
PKP-01,118503.09,453402.51,2223.1692152313167,9.2569,60.486618,2.553079,64.40033244680853,2207.245625,2271.6459574468086
PKP-01,118503.09,453402.51,2223.0811725266904,9.3725,60.708725,2.540812,64.40033244680853,2207.245625,2271.6459574468086
PKP-01,118503.09,453402.51,2222.993129822064,9.6888,61.863243,2.533698,64.40033244680853,2207.245625,2271.6459574468086
PKP-01,118503.09,453402.51,2222.9050871174377,10.1038,63.458466,2.530624,64.40033244680853,2207.245625,2271.6459574468086
PKP-01,118503.09,453402.51,2222.8170444128114,10.453,64.766098,2.533549,64.40033244680853,2207.245625,2271.6459574468086
PKP-01,118503.09,453402.51,2222.729001708185,10.5537,65.367554,2.538694,64.40033244680853,2207.245625,2271.6459574468086
PKP-01,118503.09,453402.51,2222.6409590035587,10.3514,65.266632,2.539666,64.40033244680853,2207.245625,2271.6459574468086
PKP-01,118503.09,453402.51,2222.5529162989324,10.0007,64.69519,2.538316,64.40033244680853,2207.245625,2271.6459574468086
PKP-01,118503.09,453402.51,2222.464873594306,9.6914,63.925766,2.537965,64.40033244680853,2207.245625,2271.6459574468086
PKP-01,118503.09,453402.51,2222.3768308896797,9.5027,63.22374,2.540304,64.40033244680853,2207.245625,2271.6459574468086
PKP-01,118503.09,453402.51,2222.2887881850534,9.3924,62.682465,2.547652,64.40033244680853,2207.245625,2271.6459574468086
PKP-01,118503.09,453402.51,2222.200745480427,9.3016,62.279877,2.55879,64.40033244680853,2207.245625,2271.6459574468086
PKP-01,118503.09,453402.51,2222.1127027758007,9.1621,61.987442,2.56806,64.40033244680853,2207.245625,2271.6459574468086
PKP-01,118503.09,453402.51,2222.0246600711744,8.9248,61.896149,2.570433,64.40033244680853,2207.245625,2271.6459574468086
PKP-01,118503.09,453402.51,2221.936617366548,8.6595,62.137901,2.564716,64.40033244680853,2207.245625,2271.6459574468086
PKP-01,118503.09,453402.51,2221.8485746619217,8.5104,62.743599,2.553324,64.40033244680853,2207.245625,2271.6459574468086
PKP-01,118503.09,453402.51,2221.7605319572954,8.5559,63.531845,2.540622,64.40033244680853,2207.245625,2271.6459574468086
PKP-01,118503.09,453402.51,2221.6726653380783,8.7534,64.135376,2.531569,64.40033244680853,2207.245625,2271.6459574468086
PKP-01,118503.09,453402.51,2221.584622633452,9.0017,64.302231,2.528226,64.40033244680853,2207.245625,2271.6459574468086
PKP-01,118503.09,453402.51,2221.4965799288257,9.1911,64.10733,2.528842,64.40033244680853,2207.245625,2271.6459574468086
PKP-01,118503.09,453402.51,2221.4085372241993,9.2448,63.892288,2.530004,64.40033244680853,2207.245625,2271.6459574468086
PKP-01,118503.09,453402.51,2221.320494519573,9.1546,63.939804,2.529817,64.40033244680853,2207.245625,2271.6459574468086
PKP-01,118503.09,453402.51,2221.2324518149467,8.9904,64.251663,2.528499,64.40033244680853,2207.245625,2271.6459574468086
PKP-01,118503.09,453402.51,2221.1444091103203,8.8241,64.623779,2.528289,64.40033244680853,2207.245625,2271.6459574468086
PKP-01,118503.09,453402.51,2221.056366405694,8.6795,64.837891,2.531444,64.40033244680853,2207.245625,2271.6459574468086
PKP-01,118503.09,453402.51,2220.968323701067,8.539,64.86795,2.537335,64.40033244680853,2207.245625,2271.6459574468086
PKP-01,118503.09,453402.51,2220.8802809964413,8.3774,64.913712,2.543272,64.40033244680853,2207.245625,2271.6459574468086
PKP-01,118503.09,453402.51,2220.792238291815,8.1777,65.101318,2.546891,64.40033244680853,2207.245625,2271.6459574468086
PKP-01,118503.09,453402.51,2220.7041955871887,7.9371,65.235733,2.547209,64.40033244680853,2207.245625,2271.6459574468086
PKP-01,118503.09,453402.51,2220.6161528825623,7.6926,64.959808,2.546022,64.40033244680853,2207.245625,2271.6459574468086
PKP-01,118503.09,453402.51,2220.5281101779356,7.5061,64.099533,2.546801,64.40033244680853,2207.245625,2271.6459574468086
PKP-01,118503.09,453402.51,2220.4400674733097,7.4034,62.796669,2.551193,64.40033244680853,2207.245625,2271.6459574468086
PKP-01,118503.09,453402.51,2220.3520247686833,7.3626,61.472702,2.558488,64.40033244680853,2207.245625,2271.6459574468086
PKP-01,118503.09,453402.51,2220.263982064057,7.3544,60.598557,2.567314,64.40033244680853,2207.245625,2271.6459574468086
PKP-01,118503.09,453402.51,2220.1759393594307,7.3589,60.272118,2.575449,64.40033244680853,2207.245625,2271.6459574468086
PKP-01,118503.09,453402.51,2220.087896654804,7.3602,60.112823,2.580169,64.40033244680853,2207.245625,2271.6459574468086
PKP-01,118503.09,453402.51,2219.999853950178,7.343,59.777222,2.580142,64.40033244680853,2207.245625,2271.6459574468086
PKP-01,118503.09,453402.51,2219.9118112455517,7.2937,59.329185,2.576079,64.40033244680853,2207.245625,2271.6459574468086
PKP-01,118503.09,453402.51,2219.8237685409254,7.2094,59.044037,2.569656,64.40033244680853,2207.245625,2271.6459574468086
PKP-01,118503.09,453402.51,2219.735725836299,7.1131,59.211067,2.562945,64.40033244680853,2207.245625,2271.6459574468086
PKP-01,118503.09,453402.51,2219.6476831316722,7.0553,59.908432,2.557459,64.40033244680853,2207.245625,2271.6459574468086
PKP-01,118503.09,453402.51,2219.5596404270464,7.0928,60.737022,2.553165,64.40033244680853,2207.245625,2271.6459574468086
PKP-01,118503.09,453402.51,2219.47159772242,7.2539,61.077553,2.548855,64.40033244680853,2207.245625,2271.6459574468086
PKP-01,118503.09,453402.51,2219.3835550177937,7.497,60.639534,2.544007,64.40033244680853,2207.245625,2271.6459574468086
PKP-01,118503.09,453402.51,2219.2955123131674,7.7302,59.667473,2.539387,64.40033244680853,2207.245625,2271.6459574468086
PKP-01,118503.09,453402.51,2219.2074696085406,7.9188,58.75087,2.535987,64.40033244680853,2207.245625,2271.6459574468086
PKP-01,118503.09,453402.51,2219.1194269039147,8.0953,58.474884,2.534345,64.40033244680853,2207.245625,2271.6459574468086
PKP-01,118503.09,453402.51,2219.0313841992884,8.2802,59.078247,2.534219,64.40033244680853,2207.245625,2271.6459574468086
PKP-01,118503.09,453402.51,2218.943341494662,8.4459,60.387474,2.534332,64.40033244680853,2207.245625,2271.6459574468086
PKP-01,118503.09,453402.51,2218.8552987900357,8.551,61.947433,2.532802,64.40033244680853,2207.245625,2271.6459574468086
PKP-01,118503.09,453402.51,2218.767256085409,8.5801,63.266899,2.528528,64.40033244680853,2207.245625,2271.6459574468086
PKP-01,118503.09,453402.51,2218.679213380783,8.5648,63.974243,2.523223,64.40033244680853,2207.245625,2271.6459574468086
PKP-01,118503.09,453402.51,2218.5911706761567,8.587,64.115631,2.520826,64.40033244680853,2207.245625,2271.6459574468086
PKP-01,118503.09,453402.51,2218.5031279715304,8.7157,64.146042,2.523845,64.40033244680853,2207.245625,2271.6459574468086
PKP-01,118503.09,453402.51,2218.415085266904,8.9275,64.615448,2.53128,64.40033244680853,2207.245625,2271.6459574468086
PKP-01,118503.09,453402.51,2218.3270425622773,9.1217,65.718689,2.540671,64.40033244680853,2207.245625,2271.6459574468086
PKP-01,118503.09,453402.51,2218.2389998576514,9.1912,67.112045,2.549954,64.40033244680853,2207.245625,2271.6459574468086
PKP-01,118503.09,453402.51,2218.150957153025,9.093,68.173035,2.55728,64.40033244680853,2207.245625,2271.6459574468086
PKP-01,118503.09,453402.51,2218.0629144483987,8.85,68.512009,2.562551,64.40033244680853,2207.245625,2271.6459574468086
PKP-01,118503.09,453402.51,2217.9748717437724,8.5042,68.064392,2.566961,64.40033244680853,2207.245625,2271.6459574468086
PKP-01,118503.09,453402.51,2217.8868290391456,8.0674,67.164536,2.571935,64.40033244680853,2207.245625,2271.6459574468086
PKP-01,118503.09,453402.51,2217.7987863345197,7.5551,66.247894,2.577494,64.40033244680853,2207.245625,2271.6459574468086
PKP-01,118503.09,453402.51,2217.7107436298934,7.0483,65.529236,2.582176,64.40033244680853,2207.245625,2271.6459574468086
PKP-01,118503.09,453402.51,2217.622700925267,6.6331,65.055679,2.585033,64.40033244680853,2207.245625,2271.6459574468086
PKP-01,118503.09,453402.51,2217.5346582206407,6.389,64.805023,2.585735,64.40033244680853,2207.245625,2271.6459574468086
PKP-01,118503.09,453402.51,2217.446615516014,6.3628,64.617905,2.584138,64.40033244680853,2207.245625,2271.6459574468086
PKP-01,118503.09,453402.51,2217.3585728113876,6.4707,64.523529,2.581429,64.40033244680853,2207.245625,2271.6459574468086
PKP-01,118503.09,453402.51,2217.2705301067617,6.5741,64.724258,2.578984,64.40033244680853,2207.245625,2271.6459574468086
PKP-01,118503.09,453402.51,2217.1824874021354,6.6178,64.893829,2.577095,64.40033244680853,2207.245625,2271.6459574468086
PKP-01,118503.09,453402.51,2217.094444697509,6.6108,64.657074,2.576926,64.40033244680853,2207.245625,2271.6459574468086
PKP-01,118503.09,453402.51,2217.0064019928823,6.566,64.158356,2.578678,64.40033244680853,2207.245625,2271.6459574468086
PKP-01,118503.09,453402.51,2216.918359288256,6.4957,63.339157,2.580375,64.40033244680853,2207.245625,2271.6459574468086
PKP-01,118503.09,453402.51,2216.83031658363,6.4064,62.092522,2.582721,64.40033244680853,2207.245625,2271.6459574468086
PKP-01,118503.09,453402.51,2216.7422738790037,6.3012,61.100105,2.586854,64.40033244680853,2207.245625,2271.6459574468086
PKP-01,118503.09,453402.51,2216.6542311743774,6.1778,60.670853,2.591236,64.40033244680853,2207.245625,2271.6459574468086
PKP-01,118503.09,453402.51,2216.5661884697506,6.0851,60.438629,2.59271,64.40033244680853,2207.245625,2271.6459574468086
PKP-01,118503.09,453402.51,2216.4781457651243,6.0832,60.294533,2.589896,64.40033244680853,2207.245625,2271.6459574468086
PKP-01,118503.09,453402.51,2216.3901030604984,6.1764,60.217079,2.582449,64.40033244680853,2207.245625,2271.6459574468086
PKP-01,118503.09,453402.51,2216.302060355872,6.333,60.074501,2.573031,64.40033244680853,2207.245625,2271.6459574468086
PKP-01,118503.09,453402.51,2216.2140176512457,6.4936,60.09993,2.566101,64.40033244680853,2207.245625,2271.6459574468086
PKP-01,118503.09,453402.51,2216.125974946619,6.6052,60.411072,2.563762,64.40033244680853,2207.245625,2271.6459574468086
PKP-01,118503.09,453402.51,2216.0379322419926,6.6493,60.630936,2.565846,64.40033244680853,2207.245625,2271.6459574468086
PKP-01,118503.09,453402.51,2215.9498895373667,6.6629,60.583069,2.569754,64.40033244680853,2207.245625,2271.6459574468086
PKP-01,118503.09,453402.51,2215.8618468327404,6.6697,60.297005,2.572546,64.40033244680853,2207.245625,2271.6459574468086
PKP-01,118503.09,453402.51,2215.773804128114,6.7134,59.745689,2.574755,64.40033244680853,2207.245625,2271.6459574468086
PKP-01,118503.09,453402.51,2215.6857614234873,6.8226,59.056961,2.580282,64.40033244680853,2207.245625,2271.6459574468086
PKP-01,118503.09,453402.51,2215.597718718861,6.8952,58.598053,2.589588,64.40033244680853,2207.245625,2271.6459574468086
PKP-01,118503.09,453402.51,2215.509676014235,6.7981,58.588531,2.601686,64.40033244680853,2207.245625,2271.6459574468086
PKP-01,118503.09,453402.51,2215.4216333096088,6.5753,59.045357,2.617385,64.40033244680853,2207.245625,2271.6459574468086
PKP-01,118503.09,453402.51,2215.3335906049824,6.4086,59.879807,2.630195,64.40033244680853,2207.245625,2271.6459574468086
PKP-01,118503.09,453402.51,2215.2455479003556,6.4725,60.718811,2.633693,64.40033244680853,2207.245625,2271.6459574468086
PKP-01,118503.09,453402.51,2215.1575051957293,6.7823,61.369942,2.635008,64.40033244680853,2207.245625,2271.6459574468086
PKP-01,118503.09,453402.51,2215.0694624911034,7.2583,61.98674,2.638637,64.40033244680853,2207.245625,2271.6459574468086
PKP-01,118503.09,453402.51,2214.981419786477,7.7951,62.88784,2.641436,64.40033244680853,2207.245625,2271.6459574468086
PKP-01,118503.09,453402.51,2214.8933770818508,8.2577,64.045731,2.639671,64.40033244680853,2207.245625,2271.6459574468086
PKP-01,118503.09,453402.51,2214.805334377224,8.551,64.973648,2.634131,64.40033244680853,2207.245625,2271.6459574468086
PKP-01,118503.09,453402.51,2214.7172916725976,8.6761,65.220108,2.627386,64.40033244680853,2207.245625,2271.6459574468086
PKP-01,118503.09,453402.51,2214.6292489679718,8.6422,64.599457,2.619256,64.40033244680853,2207.245625,2271.6459574468086
PKP-01,118503.09,453402.51,2214.5412062633454,8.5011,63.565529,2.611837,64.40033244680853,2207.245625,2271.6459574468086
PKP-01,118503.09,453402.51,2214.453163558719,8.2962,62.880905,2.608943,64.40033244680853,2207.245625,2271.6459574468086
PKP-01,118503.09,453402.51,2214.3651208540923,8.0349,62.960518,2.60846,64.40033244680853,2207.245625,2271.6459574468086
PKP-01,118503.09,453402.51,2214.277078149466,7.7694,63.539612,2.605336,64.40033244680853,2207.245625,2271.6459574468086
PKP-01,118503.09,453402.51,2214.18903544484,7.5453,64.190826,2.598416,64.40033244680853,2207.245625,2271.6459574468086
PKP-01,118503.09,453402.51,2214.1009927402138,7.356,64.574875,2.589237,64.40033244680853,2207.245625,2271.6459574468086
PKP-01,118503.09,453402.51,2214.0129500355874,7.2135,64.448944,2.58009,64.40033244680853,2207.245625,2271.6459574468086
PKP-01,118503.09,453402.51,2213.9249073309607,7.222,63.734657,2.573841,64.40033244680853,2207.245625,2271.6459574468086
PKP-01,118503.09,453402.51,2213.8368646263343,7.405,62.726372,2.573146,64.40033244680853,2207.245625,2271.6459574468086
PKP-01,118503.09,453402.51,2213.748821921708,7.6928,61.747093,2.578445,64.40033244680853,2207.245625,2271.6459574468086
PKP-01,118503.09,453402.51,2213.660779217082,8.0266,60.891502,2.588136,64.40033244680853,2207.245625,2271.6459574468086
PKP-01,118503.09,453402.51,2213.572736512456,8.3034,60.273972,2.599004,64.40033244680853,2207.245625,2271.6459574468086
PKP-01,118503.09,453402.51,2213.484693807829,8.4327,60.119499,2.608196,64.40033244680853,2207.245625,2271.6459574468086
PKP-01,118503.09,453402.51,2213.3966511032027,8.4072,60.365387,2.612098,64.40033244680853,2207.245625,2271.6459574468086
PKP-01,118503.09,453402.51,2213.3086083985763,8.2984,60.670296,2.610174,64.40033244680853,2207.245625,2271.6459574468086
PKP-01,118503.09,453402.51,2213.2205656939504,8.1794,61.028419,2.604809,64.40033244680853,2207.245625,2271.6459574468086
PKP-01,118503.09,453402.51,2213.132522989324,8.0983,61.535652,2.598993,64.40033244680853,2207.245625,2271.6459574468086
PKP-01,118503.09,453402.51,2213.0444802846973,8.0367,61.990623,2.595317,64.40033244680853,2207.245625,2271.6459574468086
PKP-01,118503.09,453402.51,2212.956437580071,7.9302,62.157845,2.594503,64.40033244680853,2207.245625,2271.6459574468086
PKP-01,118503.09,453402.51,2212.8683948754447,7.7371,61.989494,2.593983,64.40033244680853,2207.245625,2271.6459574468086
PKP-01,118503.09,453402.51,2212.780352170819,7.4731,61.498764,2.592144,64.40033244680853,2207.245625,2271.6459574468086
PKP-01,118503.09,453402.51,2212.692504166667,7.18,60.745232,2.590467,64.40033244680853,2207.245625,2271.6459574468086
PKP-01,118503.09,453402.51,2212.6046569444443,6.8723,59.875153,2.58949,64.40033244680853,2207.245625,2271.6459574468086
PKP-01,118503.09,453402.51,2212.516809722222,6.5911,59.110748,2.589189,64.40033244680853,2207.245625,2271.6459574468086
PKP-01,118503.09,453402.51,2212.4289625,6.4162,58.664711,2.590104,64.40033244680853,2207.245625,2271.6459574468086
PKP-01,118503.09,453402.51,2212.341115277778,6.3969,58.700157,2.591485,64.40033244680853,2207.245625,2271.6459574468086
PKP-01,118503.09,453402.51,2212.253268055556,6.534,59.299713,2.592837,64.40033244680853,2207.245625,2271.6459574468086
PKP-01,118503.09,453402.51,2212.1654208333334,6.7885,60.369194,2.595303,64.40033244680853,2207.245625,2271.6459574468086
PKP-01,118503.09,453402.51,2212.077573611111,7.0981,61.712654,2.598677,64.40033244680853,2207.245625,2271.6459574468086
PKP-01,118503.09,453402.51,2211.989726388889,7.3819,63.006538,2.601059,64.40033244680853,2207.245625,2271.6459574468086
PKP-01,118503.09,453402.51,2211.9018791666667,7.5769,63.749786,2.601189,64.40033244680853,2207.245625,2271.6459574468086
PKP-01,118503.09,453402.51,2211.8140319444447,7.6757,63.513573,2.598911,64.40033244680853,2207.245625,2271.6459574468086
PKP-01,118503.09,453402.51,2211.726184722222,7.7131,62.243866,2.594873,64.40033244680853,2207.245625,2271.6459574468086
PKP-01,118503.09,453402.51,2211.6383375,7.7267,60.290031,2.590307,64.40033244680853,2207.245625,2271.6459574468086
PKP-01,118503.09,453402.51,2211.550490277778,7.7323,58.342804,2.586078,64.40033244680853,2207.245625,2271.6459574468086
PKP-01,118503.09,453402.51,2211.462643055556,7.737,57.318672,2.582428,64.40033244680853,2207.245625,2271.6459574468086
PKP-01,118503.09,453402.51,2211.3747958333333,7.7617,57.90287,2.580065,64.40033244680853,2207.245625,2271.6459574468086
PKP-01,118503.09,453402.51,2211.286948611111,7.8265,59.961273,2.579727,64.40033244680853,2207.245625,2271.6459574468086
PKP-01,118503.09,453402.51,2211.1991013888887,7.934,62.574158,2.580503,64.40033244680853,2207.245625,2271.6459574468086
PKP-01,118503.09,453402.51,2211.1112541666666,8.0915,64.833603,2.581081,64.40033244680853,2207.245625,2271.6459574468086
PKP-01,118503.09,453402.51,2211.0234069444446,8.3116,66.255112,2.581109,64.40033244680853,2207.245625,2271.6459574468086
PKP-01,118503.09,453402.51,2210.9355597222225,8.5694,66.717072,2.579778,64.40033244680853,2207.245625,2271.6459574468086
PKP-01,118503.09,453402.51,2210.8477125,8.8092,66.434021,2.576424,64.40033244680853,2207.245625,2271.6459574468086
PKP-01,118503.09,453402.51,2210.759865277778,8.9975,65.672638,2.572495,64.40033244680853,2207.245625,2271.6459574468086
PKP-01,118503.09,453402.51,2210.672018055556,9.1427,64.609344,2.570398,64.40033244680853,2207.245625,2271.6459574468086
PKP-01,118503.09,453402.51,2210.5841708333332,9.2488,63.61853,2.571225,64.40033244680853,2207.245625,2271.6459574468086
PKP-01,118503.09,453402.51,2210.496323611111,9.3033,63.16024,2.574078,64.40033244680853,2207.245625,2271.6459574468086
PKP-01,118503.09,453402.51,2210.4084763888886,9.3263,63.419556,2.577164,64.40033244680853,2207.245625,2271.6459574468086
PKP-01,118503.09,453402.51,2210.3206291666665,9.3619,64.363007,2.579463,64.40033244680853,2207.245625,2271.6459574468086
PKP-01,118503.09,453402.51,2210.2327819444445,9.3889,65.533722,2.581674,64.40033244680853,2207.245625,2271.6459574468086
PKP-01,118503.09,453402.51,2210.1449347222224,9.3083,66.118515,2.585066,64.40033244680853,2207.245625,2271.6459574468086
PKP-01,118503.09,453402.51,2210.0570875000003,9.0579,65.832214,2.588758,64.40033244680853,2207.245625,2271.6459574468086
PKP-01,118503.09,453402.51,2209.9692402777778,8.6759,65.092285,2.588671,64.40033244680853,2207.245625,2271.6459574468086
PKP-01,118503.09,453402.51,2209.8813930555557,8.3383,64.487503,2.580168,64.40033244680853,2207.245625,2271.6459574468086
PKP-01,118503.09,453402.51,2209.793545833333,8.3059,64.548126,2.564708,64.40033244680853,2207.245625,2271.6459574468086
PKP-01,118503.09,453402.51,2209.705698611111,8.7413,65.377914,2.550169,64.40033244680853,2207.245625,2271.6459574468086
PKP-01,118503.09,453402.51,2209.617851388889,9.5876,66.339371,2.543262,64.40033244680853,2207.245625,2271.6459574468086
PKP-01,118503.09,453402.51,2209.5300041666665,10.6169,66.647583,2.543462,64.40033244680853,2207.245625,2271.6459574468086
PKP-01,118503.09,453402.51,2209.4421569444444,11.4754,65.976044,2.545801,64.40033244680853,2207.245625,2271.6459574468086
PKP-01,118503.09,453402.51,2209.3543097222223,11.8607,64.684113,2.545836,64.40033244680853,2207.245625,2271.6459574468086
PKP-01,118503.09,453402.51,2209.2664625,11.7173,63.601547,2.542308,64.40033244680853,2207.245625,2271.6459574468086
PKP-01,118503.09,453402.51,2209.178615277778,11.2353,63.455894,2.537037,64.40033244680853,2207.245625,2271.6459574468086
PKP-01,118503.09,453402.51,2209.0907680555556,10.7028,64.275848,2.533346,64.40033244680853,2207.245625,2271.6459574468086
PKP-01,118503.09,453402.51,2209.002920833333,10.2883,65.645813,2.533163,64.40033244680853,2207.245625,2271.6459574468086
PKP-01,118503.09,453402.51,2208.915073611111,10.0439,66.938934,2.535348,64.40033244680853,2207.245625,2271.6459574468086
PKP-01,118503.09,453402.51,2208.827226388889,9.9782,67.593323,2.53819,64.40033244680853,2207.245625,2271.6459574468086
PKP-01,118503.09,453402.51,2208.739379166667,10.0488,67.5392,2.541181,64.40033244680853,2207.245625,2271.6459574468086
PKP-01,118503.09,453402.51,2208.6515319444443,10.1606,67.280624,2.544289,64.40033244680853,2207.245625,2271.6459574468086
PKP-01,118503.09,453402.51,2208.563684722222,10.2124,67.361069,2.548146,64.40033244680853,2207.245625,2271.6459574468086
PKP-01,118503.09,453402.51,2208.4758375,10.186,67.867905,2.552044,64.40033244680853,2207.245625,2271.6459574468086
PKP-01,118503.09,453402.51,2208.387990277778,10.1766,68.483658,2.554323,64.40033244680853,2207.245625,2271.6459574468086
PKP-01,118503.09,453402.51,2208.300143055556,10.2597,68.979782,2.554523,64.40033244680853,2207.245625,2271.6459574468086
PKP-01,118503.09,453402.51,2208.212295833333,10.3757,69.380829,2.550778,64.40033244680853,2207.245625,2271.6459574468086
PKP-01,118503.09,453402.51,2208.124448611111,10.3771,69.672546,2.543847,64.40033244680853,2207.245625,2271.6459574468086
PKP-01,118503.09,453402.51,2208.036601388889,10.2239,69.707672,2.538121,64.40033244680853,2207.245625,2271.6459574468086
PKP-01,118503.09,453402.51,2207.9487541666667,10.0609,69.549271,2.538239,64.40033244680853,2207.245625,2271.6459574468086
PKP-01,118503.09,453402.51,2207.8609069444447,10.0586,69.329575,2.545803,64.40033244680853,2207.245625,2271.6459574468086
PKP-01,118503.09,453402.51,2207.773059722222,10.2198,68.918457,2.556959,64.40033244680853,2207.245625,2271.6459574468086
PKP-01,118503.09,453402.51,2207.6852125,10.2694,68.360092,2.565042,64.40033244680853,2207.245625,2271.6459574468086
PKP-01,118503.09,453402.51,2207.597365277778,9.8495,67.959564,2.571209,64.40033244680853,2207.245625,2271.6459574468086
PKP-01,118503.09,453402.51,2207.509518055556,8.9238,67.73436,2.579832,64.40033244680853,2207.245625,2271.6459574468086
PKP-01,118503.09,453402.51,2207.4216708333333,7.8852,67.200012,2.591536,64.40033244680853,2207.245625,2271.6459574468086
PKP-01,118503.09,453402.51,2207.333823611111,7.0744,65.923126,2.606681,64.40033244680853,2207.245625,2271.6459574468086
PKP-01,118503.09,453402.51,2207.2459763888887,6.7567,64.127319,2.622345,64.40033244680853,2207.245625,2271.6459574468086
BLT-01,141577.55,456881.76,1862.5399447507964,13.83141,64.78102,2.702533,122.37544947053402,1862.4921546961325,1984.8676041666665
BLT-01,141577.55,456881.76,1862.6127767949952,13.71863,63.2285,2.68838,122.37544947053402,1862.4921546961325,1984.8676041666665
BLT-01,141577.55,456881.76,1862.685608839194,13.45625,62.69407,2.670899,122.37544947053402,1862.4921546961325,1984.8676041666665
BLT-01,141577.55,456881.76,1862.758440883393,12.86815,62.77129,2.647428,122.37544947053402,1862.4921546961325,1984.8676041666665
BLT-01,141577.55,456881.76,1862.8312729275917,11.68353,62.97287,2.614073,122.37544947053402,1862.4921546961325,1984.8676041666665
BLT-01,141577.55,456881.76,1862.9041049717898,10.5867,62.51448,2.586111,122.37544947053402,1862.4921546961325,1984.8676041666665
BLT-01,141577.55,456881.76,1862.9769370159886,10.0902,61.78849,2.568097,122.37544947053402,1862.4921546961325,1984.8676041666665
BLT-01,141577.55,456881.76,1863.0497690601876,10.01367,60.94621,2.557141,122.37544947053402,1862.4921546961325,1984.8676041666665
BLT-01,141577.55,456881.76,1863.1226011043864,10.15614,60.11681,2.550294,122.37544947053402,1862.4921546961325,1984.8676041666665
BLT-01,141577.55,456881.76,1863.1954331485852,10.28571,59.14326,2.548272,122.37544947053402,1862.4921546961325,1984.8676041666665
BLT-01,141577.55,456881.76,1863.2682651927842,10.35583,57.85681,2.548422,122.37544947053402,1862.4921546961325,1984.8676041666665
BLT-01,141577.55,456881.76,1863.3410972369832,10.40714,56.28184,2.549732,122.37544947053402,1862.4921546961325,1984.8676041666665
BLT-01,141577.55,456881.76,1863.4139292811822,10.46692,54.45234,2.551428,122.37544947053402,1862.4921546961325,1984.8676041666665
BLT-01,141577.55,456881.76,1863.486761325381,10.56034,52.50736,2.552187,122.37544947053402,1862.4921546961325,1984.8676041666665
BLT-01,141577.55,456881.76,1863.5595933695797,10.59998,51.09169,2.551473,122.37544947053402,1862.4921546961325,1984.8676041666665
BLT-01,141577.55,456881.76,1863.6324254137787,10.63572,50.26973,2.549664,122.37544947053402,1862.4921546961325,1984.8676041666665
BLT-01,141577.55,456881.76,1863.7052574579775,10.68473,50.04124,2.547012,122.37544947053402,1862.4921546961325,1984.8676041666665
BLT-01,141577.55,456881.76,1863.7780895021765,10.74487,50.312,2.543976,122.37544947053402,1862.4921546961325,1984.8676041666665
BLT-01,141577.55,456881.76,1863.8509215463753,10.73316,50.66552,2.540415,122.37544947053402,1862.4921546961325,1984.8676041666665
BLT-01,141577.55,456881.76,1863.9237535905743,10.65194,50.91455,2.536213,122.37544947053402,1862.4921546961325,1984.8676041666665
BLT-01,141577.55,456881.76,1863.9965856347733,10.53229,51.01425,2.531571,122.37544947053402,1862.4921546961325,1984.8676041666665
BLT-01,141577.55,456881.76,1864.069417678972,10.44549,50.9485,2.527014,122.37544947053402,1862.4921546961325,1984.8676041666665
BLT-01,141577.55,456881.76,1864.142249723171,10.39048,50.85974,2.523778,122.37544947053402,1862.4921546961325,1984.8676041666665
BLT-01,141577.55,456881.76,1864.2150817673698,10.34193,50.67233,2.522053,122.37544947053402,1862.4921546961325,1984.8676041666665
BLT-01,141577.55,456881.76,1864.2879138115686,10.28206,50.36319,2.523014,122.37544947053402,1862.4921546961325,1984.8676041666665
BLT-01,141577.55,456881.76,1864.3607458557676,10.18929,49.91233,2.52826,122.37544947053402,1862.4921546961325,1984.8676041666665
BLT-01,141577.55,456881.76,1864.4335778999664,10.07351,49.52074,2.538863,122.37544947053402,1862.4921546961325,1984.8676041666665
BLT-01,141577.55,456881.76,1864.5064099441656,9.892738,49.06865,2.550182,122.37544947053402,1862.4921546961325,1984.8676041666665
BLT-01,141577.55,456881.76,1864.5792419883644,9.638505,48.3635,2.562034,122.37544947053402,1862.4921546961325,1984.8676041666665
BLT-01,141577.55,456881.76,1864.6520740325632,9.319262,47.25032,2.573992,122.37544947053402,1862.4921546961325,1984.8676041666665
BLT-01,141577.55,456881.76,1864.7249060767622,9.213309,45.99543,2.579243,122.37544947053402,1862.4921546961325,1984.8676041666665
BLT-01,141577.55,456881.76,1864.797738120961,9.292732,45.10096,2.579856,122.37544947053402,1862.4921546961325,1984.8676041666665
BLT-01,141577.55,456881.76,1864.87057016516,9.437265,44.53033,2.57866,122.37544947053402,1862.4921546961325,1984.8676041666665
BLT-01,141577.55,456881.76,1864.9434022093587,9.564254,44.26429,2.577205,122.37544947053402,1862.4921546961325,1984.8676041666665
BLT-01,141577.55,456881.76,1865.0162342535575,9.577204,44.3246,2.574852,122.37544947053402,1862.4921546961325,1984.8676041666665
BLT-01,141577.55,456881.76,1865.0890662977567,9.484056,44.50964,2.571239,122.37544947053402,1862.4921546961325,1984.8676041666665
BLT-01,141577.55,456881.76,1865.1618983419555,9.341783,44.69986,2.56685,122.37544947053402,1862.4921546961325,1984.8676041666665
BLT-01,141577.55,456881.76,1865.2347303861545,9.190156,44.84612,2.561993,122.37544947053402,1862.4921546961325,1984.8676041666665
BLT-01,141577.55,456881.76,1865.3075624303533,9.106611,44.91922,2.557211,122.37544947053402,1862.4921546961325,1984.8676041666665
BLT-01,141577.55,456881.76,1865.380394474552,9.018534,44.96194,2.554202,122.37544947053402,1862.4921546961325,1984.8676041666665
BLT-01,141577.55,456881.76,1865.453226518751,8.965296,45.14462,2.5532,122.37544947053402,1862.4921546961325,1984.8676041666665
BLT-01,141577.55,456881.76,1865.526058562949,8.946323,45.5098,2.554072,122.37544947053402,1862.4921546961325,1984.8676041666665
BLT-01,141577.55,456881.76,1865.598890607148,8.94256,46.0779,2.556417,122.37544947053402,1862.4921546961325,1984.8676041666665
BLT-01,141577.55,456881.76,1865.6717226513467,8.922872,46.72645,2.558198,122.37544947053402,1862.4921546961325,1984.8676041666665
BLT-01,141577.55,456881.76,1865.7445546955466,8.988526,47.28381,2.559081,122.37544947053402,1862.4921546961325,1984.8676041666665
BLT-01,141577.55,456881.76,1865.8173867397456,9.161521,47.49532,2.558547,122.37544947053402,1862.4921546961325,1984.8676041666665
BLT-01,141577.55,456881.76,1865.8902187839444,9.457024,47.03517,2.555948,122.37544947053402,1862.4921546961325,1984.8676041666665
BLT-01,141577.55,456881.76,1865.9630508281434,9.609403,46.14564,2.553365,122.37544947053402,1862.4921546961325,1984.8676041666665
BLT-01,141577.55,456881.76,1866.0358828723422,9.63553,45.37644,2.551964,122.37544947053402,1862.4921546961325,1984.8676041666665
BLT-01,141577.55,456881.76,1866.1087149165403,9.596552,44.63896,2.551702,122.37544947053402,1862.4921546961325,1984.8676041666665
BLT-01,141577.55,456881.76,1866.181546960739,9.548544,43.84235,2.552451,122.37544947053402,1862.4921546961325,1984.8676041666665
BLT-01,141577.55,456881.76,1866.2543790049378,9.480533,42.95127,2.553389,122.37544947053402,1862.4921546961325,1984.8676041666665
BLT-01,141577.55,456881.76,1866.3272110491368,9.466358,42.58097,2.553001,122.37544947053402,1862.4921546961325,1984.8676041666665
BLT-01,141577.55,456881.76,1866.4000430933356,9.561452,43.03982,2.551456,122.37544947053402,1862.4921546961325,1984.8676041666665
BLT-01,141577.55,456881.76,1866.4728751375349,9.771316,44.33921,2.549126,122.37544947053402,1862.4921546961325,1984.8676041666665
BLT-01,141577.55,456881.76,1866.5457071817336,9.915368,45.34311,2.547943,122.37544947053402,1862.4921546961325,1984.8676041666665
BLT-01,141577.55,456881.76,1866.6185392259324,9.965529,45.34195,2.548522,122.37544947053402,1862.4921546961325,1984.8676041666665
BLT-01,141577.55,456881.76,1866.6913712701314,10.03784,44.45745,2.54976,122.37544947053402,1862.4921546961325,1984.8676041666665
BLT-01,141577.55,456881.76,1866.7642033143302,10.14522,42.92777,2.551114,122.37544947053402,1862.4921546961325,1984.8676041666665
BLT-01,141577.55,456881.76,1866.8370353585292,10.18696,41.49999,2.551958,122.37544947053402,1862.4921546961325,1984.8676041666665
BLT-01,141577.55,456881.76,1866.909867402728,10.26776,41.07945,2.552371,122.37544947053402,1862.4921546961325,1984.8676041666665
BLT-01,141577.55,456881.76,1866.9826994469267,10.4023,41.14508,2.553041,122.37544947053402,1862.4921546961325,1984.8676041666665
BLT-01,141577.55,456881.76,1867.055531491126,10.53994,41.45532,2.55396,122.37544947053402,1862.4921546961325,1984.8676041666665
BLT-01,141577.55,456881.76,1867.1282402878762,10.56097,41.69583,2.554807,122.37544947053402,1862.4921546961325,1984.8676041666665
BLT-01,141577.55,456881.76,1867.2008867301838,10.58948,41.45377,2.553518,122.37544947053402,1862.4921546961325,1984.8676041666665
BLT-01,141577.55,456881.76,1867.2735331724916,10.7177,41.05235,2.550922,122.37544947053402,1862.4921546961325,1984.8676041666665
BLT-01,141577.55,456881.76,1867.3461796147992,10.92731,40.65929,2.547078,122.37544947053402,1862.4921546961325,1984.8676041666665
BLT-01,141577.55,456881.76,1867.4188260571068,11.17998,40.464,2.541987,122.37544947053402,1862.4921546961325,1984.8676041666665
BLT-01,141577.55,456881.76,1867.4914724994146,11.29187,40.54467,2.538635,122.37544947053402,1862.4921546961325,1984.8676041666665
BLT-01,141577.55,456881.76,1867.5641189417222,11.37906,40.75605,2.535207,122.37544947053402,1862.4921546961325,1984.8676041666665
BLT-01,141577.55,456881.76,1867.63676538403,11.46115,41.14647,2.531483,122.37544947053402,1862.4921546961325,1984.8676041666665
BLT-01,141577.55,456881.76,1867.7094118263378,11.55472,41.78561,2.527324,122.37544947053402,1862.4921546961325,1984.8676041666665
BLT-01,141577.55,456881.76,1867.7820582686454,11.66802,43.2149,2.523263,122.37544947053402,1862.4921546961325,1984.8676041666665
BLT-01,141577.55,456881.76,1867.854704710953,11.73738,44.43917,2.520635,122.37544947053402,1862.4921546961325,1984.8676041666665
BLT-01,141577.55,456881.76,1867.9273511532608,11.74172,45.3147,2.519471,122.37544947053402,1862.4921546961325,1984.8676041666665
BLT-01,141577.55,456881.76,1867.9999975955684,11.69009,45.78723,2.51983,122.37544947053402,1862.4921546961325,1984.8676041666665
BLT-01,141577.55,456881.76,1868.072644037876,11.72393,46.02428,2.521992,122.37544947053402,1862.4921546961325,1984.8676041666665
BLT-01,141577.55,456881.76,1868.1452904801838,11.81019,45.8965,2.524777,122.37544947053402,1862.4921546961325,1984.8676041666665
BLT-01,141577.55,456881.76,1868.2179369224916,11.87343,45.41636,2.528041,122.37544947053402,1862.4921546961325,1984.8676041666665
BLT-01,141577.55,456881.76,1868.2905833647992,11.90165,44.73172,2.531136,122.37544947053402,1862.4921546961325,1984.8676041666665
BLT-01,141577.55,456881.76,1868.363229807107,11.94344,44.37481,2.531836,122.37544947053402,1862.4921546961325,1984.8676041666665
BLT-01,141577.55,456881.76,1868.4358762494146,12.02824,45.10085,2.528146,122.37544947053402,1862.4921546961325,1984.8676041666665
BLT-01,141577.55,456881.76,1868.5085226917222,12.03597,46.09595,2.524459,122.37544947053402,1862.4921546961325,1984.8676041666665
BLT-01,141577.55,456881.76,1868.58116913403,11.97598,47.0314,2.522132,122.37544947053402,1862.4921546961325,1984.8676041666665
BLT-01,141577.55,456881.76,1868.6538155763367,11.91812,47.52284,2.522329,122.37544947053402,1862.4921546961325,1984.8676041666665
BLT-01,141577.55,456881.76,1868.7264620186445,12.15021,47.55919,2.521647,122.37544947053402,1862.4921546961325,1984.8676041666665
BLT-01,141577.55,456881.76,1868.799108460952,12.3679,47.38914,2.518789,122.37544947053402,1862.4921546961325,1984.8676041666665
BLT-01,141577.55,456881.76,1868.8717549032597,12.49693,46.98953,2.512894,122.37544947053402,1862.4921546961325,1984.8676041666665
BLT-01,141577.55,456881.76,1868.9444013455675,12.47522,46.30595,2.503036,122.37544947053402,1862.4921546961325,1984.8676041666665
BLT-01,141577.55,456881.76,1869.0170477878753,12.56051,45.65128,2.495783,122.37544947053402,1862.4921546961325,1984.8676041666665
BLT-01,141577.55,456881.76,1869.0896942301829,12.72569,45.51196,2.493568,122.37544947053402,1862.4921546961325,1984.8676041666665
BLT-01,141577.55,456881.76,1869.1623406724907,12.89176,45.76645,2.494196,122.37544947053402,1862.4921546961325,1984.8676041666665
BLT-01,141577.55,456881.76,1869.2349871147983,12.99098,46.27211,2.495571,122.37544947053402,1862.4921546961325,1984.8676041666665
BLT-01,141577.55,456881.76,1869.3076335571059,13.03842,46.65652,2.496289,122.37544947053402,1862.4921546961325,1984.8676041666665
BLT-01,141577.55,456881.76,1869.3802799994137,13.17564,46.91372,2.497338,122.37544947053402,1862.4921546961325,1984.8676041666665
BLT-01,141577.55,456881.76,1869.4529264417213,13.33628,47.07852,2.499114,122.37544947053402,1862.4921546961325,1984.8676041666665
BLT-01,141577.55,456881.76,1869.525572884029,13.45182,47.19695,2.501922,122.37544947053402,1862.4921546961325,1984.8676041666665
BLT-01,141577.55,456881.76,1869.598219326337,13.30473,47.44938,2.506384,122.37544947053402,1862.4921546961325,1984.8676041666665
BLT-01,141577.55,456881.76,1869.6708657686445,13.19133,47.71652,2.509815,122.37544947053402,1862.4921546961325,1984.8676041666665
BLT-01,141577.55,456881.76,1869.7435122109523,13.16089,47.8463,2.511038,122.37544947053402,1862.4921546961325,1984.8676041666665
BLT-01,141577.55,456881.76,1869.81615865326,13.21853,47.76609,2.50965,122.37544947053402,1862.4921546961325,1984.8676041666665
BLT-01,141577.55,456881.76,1869.8888050955675,13.32454,47.39283,2.505587,122.37544947053402,1862.4921546961325,1984.8676041666665
BLT-01,141577.55,456881.76,1869.9614515378753,13.54788,46.9278,2.500762,122.37544947053402,1862.4921546961325,1984.8676041666665
BLT-01,141577.55,456881.76,1870.0340979801829,13.93627,46.45053,2.494016,122.37544947053402,1862.4921546961325,1984.8676041666665
BLT-01,141577.55,456881.76,1870.1067444224905,14.42319,46.10734,2.486289,122.37544947053402,1862.4921546961325,1984.8676041666665
BLT-01,141577.55,456881.76,1870.1793908647985,14.84742,46.18096,2.480052,122.37544947053402,1862.4921546961325,1984.8676041666665
BLT-01,141577.55,456881.76,1870.252037307106,15.09578,47.39333,2.476059,122.37544947053402,1862.4921546961325,1984.8676041666665
BLT-01,141577.55,456881.76,1870.3246837494137,15.18771,48.86097,2.471993,122.37544947053402,1862.4921546961325,1984.8676041666665
BLT-01,141577.55,456881.76,1870.3973301917215,15.18304,50.17687,2.466799,122.37544947053402,1862.4921546961325,1984.8676041666665
BLT-01,141577.55,456881.76,1870.469976634029,15.1608,50.90643,2.45937,122.37544947053402,1862.4921546961325,1984.8676041666665
BLT-01,141577.55,456881.76,1870.5426230763367,15.38866,50.79649,2.450989,122.37544947053402,1862.4921546961325,1984.8676041666665
BLT-01,141577.55,456881.76,1870.6152695186445,15.75477,50.42748,2.445022,122.37544947053402,1862.4921546961325,1984.8676041666665
BLT-01,141577.55,456881.76,1870.687915960952,16.13961,50.12342,2.441005,122.37544947053402,1862.4921546961325,1984.8676041666665
BLT-01,141577.55,456881.76,1870.7605624032599,16.41649,50.17305,2.438636,122.37544947053402,1862.4921546961325,1984.8676041666665
BLT-01,141577.55,456881.76,1870.8332088455677,16.18397,50.85487,2.440727,122.37544947053402,1862.4921546961325,1984.8676041666665
BLT-01,141577.55,456881.76,1870.9058552878753,15.48866,51.83044,2.450354,122.37544947053402,1862.4921546961325,1984.8676041666665
BLT-01,141577.55,456881.76,1870.9785017301829,14.70496,52.69294,2.462759,122.37544947053402,1862.4921546961325,1984.8676041666665
BLT-01,141577.55,456881.76,1871.0511481724907,14.04518,53.25412,2.475163,122.37544947053402,1862.4921546961325,1984.8676041666665
BLT-01,141577.55,456881.76,1871.1237946147983,13.59755,53.69174,2.485935,122.37544947053402,1862.4921546961325,1984.8676041666665
BLT-01,141577.55,456881.76,1871.1964410571059,13.40033,53.93921,2.493249,122.37544947053402,1862.4921546961325,1984.8676041666665
BLT-01,141577.55,456881.76,1871.2690874994137,13.39209,54.08923,2.497421,122.37544947053402,1862.4921546961325,1984.8676041666665
BLT-01,141577.55,456881.76,1871.3417339417215,13.55569,54.23185,2.498194,122.37544947053402,1862.4921546961325,1984.8676041666665
BLT-01,141577.55,456881.76,1871.414380384029,13.89939,54.58093,2.494307,122.37544947053402,1862.4921546961325,1984.8676041666665
BLT-01,141577.55,456881.76,1871.487026826337,14.28076,55.19405,2.485459,122.37544947053402,1862.4921546961325,1984.8676041666665
BLT-01,141577.55,456881.76,1871.5596732686445,14.94052,55.17039,2.467442,122.37544947053402,1862.4921546961325,1984.8676041666665
BLT-01,141577.55,456881.76,1871.632319710952,15.83281,54.30214,2.442293,122.37544947053402,1862.4921546961325,1984.8676041666665
BLT-01,141577.55,456881.76,1871.7049661532599,16.77121,52.4896,2.415867,122.37544947053402,1862.4921546961325,1984.8676041666665
BLT-01,141577.55,456881.76,1871.7776125955666,17.36688,50.70413,2.397303,122.37544947053402,1862.4921546961325,1984.8676041666665
BLT-01,141577.55,456881.76,1871.8502590378744,18.09434,49.34212,2.379594,122.37544947053402,1862.4921546961325,1984.8676041666665
BLT-01,141577.55,456881.76,1871.922905480182,18.85411,48.56746,2.364069,122.37544947053402,1862.4921546961325,1984.8676041666665
BLT-01,141577.55,456881.76,1871.9955519224895,19.46854,48.53413,2.353097,122.37544947053402,1862.4921546961325,1984.8676041666665
BLT-01,141577.55,456881.76,1872.0681983647974,19.73679,49.01558,2.347836,122.37544947053402,1862.4921546961325,1984.8676041666665
BLT-01,141577.55,456881.76,1872.140844807105,20.08812,49.73943,2.341743,122.37544947053402,1862.4921546961325,1984.8676041666665
BLT-01,141577.55,456881.76,1872.2134912494128,20.42888,50.46375,2.336351,122.37544947053402,1862.4921546961325,1984.8676041666665
BLT-01,141577.55,456881.76,1872.2861376917206,20.67904,50.97717,2.333116,122.37544947053402,1862.4921546961325,1984.8676041666665
BLT-01,141577.55,456881.76,1872.3587841340282,20.84678,51.13967,2.334329,122.37544947053402,1862.4921546961325,1984.8676041666665
BLT-01,141577.55,456881.76,1872.4314305763357,21.05733,50.77399,2.337666,122.37544947053402,1862.4921546961325,1984.8676041666665
BLT-01,141577.55,456881.76,1872.5040770186436,21.12356,50.19144,2.341455,122.37544947053402,1862.4921546961325,1984.8676041666665
BLT-01,141577.55,456881.76,1872.5767234609511,20.96469,49.63193,2.344605,122.37544947053402,1862.4921546961325,1984.8676041666665
BLT-01,141577.55,456881.76,1872.6493699032587,20.68369,49.58684,2.345719,122.37544947053402,1862.4921546961325,1984.8676041666665
BLT-01,141577.55,456881.76,1872.7220163455665,20.32898,50.43628,2.34797,122.37544947053402,1862.4921546961325,1984.8676041666665
BLT-01,141577.55,456881.76,1872.7946627878744,20.02371,51.43184,2.351089,122.37544947053402,1862.4921546961325,1984.8676041666665
BLT-01,141577.55,456881.76,1872.867309230182,19.7909,52.18245,2.354877,122.37544947053402,1862.4921546961325,1984.8676041666665
BLT-01,141577.55,456881.76,1872.9399556724898,19.57748,52.1429,2.358948,122.37544947053402,1862.4921546961325,1984.8676041666665
BLT-01,141577.55,456881.76,1873.0126021147973,19.18582,51.73436,2.363257,122.37544947053402,1862.4921546961325,1984.8676041666665
BLT-01,141577.55,456881.76,1873.085248557105,18.91813,51.26907,2.365921,122.37544947053402,1862.4921546961325,1984.8676041666665
BLT-01,141577.55,456881.76,1873.1578949994127,18.77358,50.82154,2.366535,122.37544947053402,1862.4921546961325,1984.8676041666665
BLT-01,141577.55,456881.76,1873.2305414417203,18.64244,50.4334,2.364929,122.37544947053402,1862.4921546961325,1984.8676041666665
BLT-01,141577.55,456881.76,1873.3031878840281,18.47631,49.69294,2.361582,122.37544947053402,1862.4921546961325,1984.8676041666665
BLT-01,141577.55,456881.76,1873.375834326336,18.43858,49.06785,2.358591,122.37544947053402,1862.4921546961325,1984.8676041666665
BLT-01,141577.55,456881.76,1873.4484807686435,18.53229,48.68502,2.356445,122.37544947053402,1862.4921546961325,1984.8676041666665
BLT-01,141577.55,456881.76,1873.5211272109514,18.74163,48.6525,2.355537,122.37544947053402,1862.4921546961325,1984.8676041666665
BLT-01,141577.55,456881.76,1873.593773653259,18.92069,48.73632,2.355472,122.37544947053402,1862.4921546961325,1984.8676041666665
BLT-01,141577.55,456881.76,1873.6664200955665,19.12958,48.93339,2.355829,122.37544947053402,1862.4921546961325,1984.8676041666665
BLT-01,141577.55,456881.76,1873.7390665378744,19.37701,49.18948,2.356317,122.37544947053402,1862.4921546961325,1984.8676041666665
BLT-01,141577.55,456881.76,1873.811712980182,19.64332,49.48426,2.356565,122.37544947053402,1862.4921546961325,1984.8676041666665
BLT-01,141577.55,456881.76,1873.8843594224895,19.55196,50.1988,2.354701,122.37544947053402,1862.4921546961325,1984.8676041666665
BLT-01,141577.55,456881.76,1873.9570058647976,19.23993,50.86092,2.352575,122.37544947053402,1862.4921546961325,1984.8676041666665
BLT-01,141577.55,456881.76,1874.0296523071052,18.95683,51.45686,2.351126,122.37544947053402,1862.4921546961325,1984.8676041666665
BLT-01,141577.55,456881.76,1874.1022987494127,18.86204,51.98003,2.351216,122.37544947053402,1862.4921546961325,1984.8676041666665
BLT-01,141577.55,456881.76,1874.1749451917206,19.1538,52.43285,2.355183,122.37544947053402,1862.4921546961325,1984.8676041666665
BLT-01,141577.55,456881.76,1874.2475916340281,19.40615,52.42333,2.359469,122.37544947053402,1862.4921546961325,1984.8676041666665
BLT-01,141577.55,456881.76,1874.3202380763357,19.58208,52.12228,2.362407,122.37544947053402,1862.4921546961325,1984.8676041666665
BLT-01,141577.55,456881.76,1874.3928845186435,19.68596,51.58825,2.363382,122.37544947053402,1862.4921546961325,1984.8676041666665
BLT-01,141577.55,456881.76,1874.4655309609511,19.77065,50.8432,2.362034,122.37544947053402,1862.4921546961325,1984.8676041666665
BLT-01,141577.55,456881.76,1874.538177403259,19.70919,50.13102,2.359986,122.37544947053402,1862.4921546961325,1984.8676041666665
BLT-01,141577.55,456881.76,1874.6108238455668,19.59636,49.63742,2.358212,122.37544947053402,1862.4921546961325,1984.8676041666665
BLT-01,141577.55,456881.76,1874.6834702878743,19.42194,49.37883,2.357074,122.37544947053402,1862.4921546961325,1984.8676041666665
BLT-01,141577.55,456881.76,1874.756116730182,19.13302,49.32501,2.356971,122.37544947053402,1862.4921546961325,1984.8676041666665
BLT-01,141577.55,456881.76,1874.8287631724897,18.92744,49.61496,2.358069,122.37544947053402,1862.4921546961325,1984.8676041666665
BLT-01,141577.55,456881.76,1874.9014096147964,18.88845,49.92485,2.359643,122.37544947053402,1862.4921546961325,1984.8676041666665
BLT-01,141577.55,456881.76,1874.9740560571042,18.92361,50.04322,2.361151,122.37544947053402,1862.4921546961325,1984.8676041666665
BLT-01,141577.55,456881.76,1875.0467024994118,18.90872,49.74364,2.361989,122.37544947053402,1862.4921546961325,1984.8676041666665
BLT-01,141577.55,456881.76,1875.1193489417194,19.0133,49.04987,2.361593,122.37544947053402,1862.4921546961325,1984.8676041666665
BLT-01,141577.55,456881.76,1875.1919953840272,19.10932,48.48425,2.360604,122.37544947053402,1862.4921546961325,1984.8676041666665
BLT-01,141577.55,456881.76,1875.2646418263348,19.22388,48.36555,2.357749,122.37544947053402,1862.4921546961325,1984.8676041666665
BLT-01,141577.55,456881.76,1875.3372882686426,19.38706,48.92101,2.352113,122.37544947053402,1862.4921546961325,1984.8676041666665
BLT-01,141577.55,456881.76,1875.4099347109504,19.71799,49.87302,2.344655,122.37544947053402,1862.4921546961325,1984.8676041666665
BLT-01,141577.55,456881.76,1875.482581153258,19.9149,50.37382,2.337859,122.37544947053402,1862.4921546961325,1984.8676041666665
BLT-01,141577.55,456881.76,1875.5552275955656,20.01202,50.42557,2.332214,122.37544947053402,1862.4921546961325,1984.8676041666665
BLT-01,141577.55,456881.76,1875.6278740378734,20.06214,50.1201,2.328202,122.37544947053402,1862.4921546961325,1984.8676041666665
BLT-01,141577.55,456881.76,1875.700520480181,20.27792,49.99778,2.327254,122.37544947053402,1862.4921546961325,1984.8676041666665
BLT-01,141577.55,456881.76,1875.7731669224886,20.37823,50.28894,2.328173,122.37544947053402,1862.4921546961325,1984.8676041666665
BLT-01,141577.55,456881.76,1875.8458133647964,20.20051,50.65357,2.330685,122.37544947053402,1862.4921546961325,1984.8676041666665
BLT-01,141577.55,456881.76,1875.9184598071042,19.78911,50.9071,2.33516,122.37544947053402,1862.4921546961325,1984.8676041666665
BLT-01,141577.55,456881.76,1875.9911062494118,19.45019,50.77465,2.34309,122.37544947053402,1862.4921546961325,1984.8676041666665
BLT-01,141577.55,456881.76,1876.0637526917196,19.15762,50.65322,2.354881,122.37544947053402,1862.4921546961325,1984.8676041666665
BLT-01,141577.55,456881.76,1876.1363991340272,18.73074,50.77512,2.37252,122.37544947053402,1862.4921546961325,1984.8676041666665
BLT-01,141577.55,456881.76,1876.2090455763348,18.24994,51.08371,2.392058,122.37544947053402,1862.4921546961325,1984.8676041666665
BLT-01,141577.55,456881.76,1876.2816920186426,17.93258,51.39159,2.405045,122.37544947053402,1862.4921546961325,1984.8676041666665
BLT-01,141577.55,456881.76,1876.3543384609502,17.89677,51.45133,2.402521,122.37544947053402,1862.4921546961325,1984.8676041666665
BLT-01,141577.55,456881.76,1876.4269849032578,17.99112,51.55682,2.391112,122.37544947053402,1862.4921546961325,1984.8676041666665
BLT-01,141577.55,456881.76,1876.4996313455658,18.19238,51.7819,2.376543,122.37544947053402,1862.4921546961325,1984.8676041666665
BLT-01,141577.55,456881.76,1876.5722777878734,18.48135,52.18753,2.365335,122.37544947053402,1862.4921546961325,1984.8676041666665
BLT-01,141577.55,456881.76,1876.644924230181,18.74212,52.6517,2.366609,122.37544947053402,1862.4921546961325,1984.8676041666665
BLT-01,141577.55,456881.76,1876.7175706724888,18.583,53.42168,2.373525,122.37544947053402,1862.4921546961325,1984.8676041666665
BLT-01,141577.55,456881.76,1876.7902171147964,18.14256,54.21011,2.382892,122.37544947053402,1862.4921546961325,1984.8676041666665
BLT-01,141577.55,456881.76,1876.8628635571042,17.55805,54.74492,2.391957,122.37544947053402,1862.4921546961325,1984.8676041666665
BLT-01,141577.55,456881.76,1876.9355099994118,17.09694,54.45554,2.398729,122.37544947053402,1862.4921546961325,1984.8676041666665
BLT-01,141577.55,456881.76,1877.0081564417194,16.82299,53.42715,2.411029,122.37544947053402,1862.4921546961325,1984.8676041666665
BLT-01,141577.55,456881.76,1877.0808028840274,16.65787,52.26593,2.423129,122.37544947053402,1862.4921546961325,1984.8676041666665
BLT-01,141577.55,456881.76,1877.153449326335,16.56324,51.33078,2.431166,122.37544947053402,1862.4921546961325,1984.8676041666665
BLT-01,141577.55,456881.76,1877.2260957686426,16.53849,50.98579,2.428977,122.37544947053402,1862.4921546961325,1984.8676041666665
BLT-01,141577.55,456881.76,1877.2987422109504,16.88444,50.59739,2.414713,122.37544947053402,1862.4921546961325,1984.8676041666665
BLT-01,141577.55,456881.76,1877.371388653258,17.33961,50.06124,2.397954,122.37544947053402,1862.4921546961325,1984.8676041666665
BLT-01,141577.55,456881.76,1877.4440350955656,17.79549,49.43097,2.383125,122.37544947053402,1862.4921546961325,1984.8676041666665
BLT-01,141577.55,456881.76,1877.5166815378725,18.14764,48.9775,2.375508,122.37544947053402,1862.4921546961325,1984.8676041666665
BLT-01,141577.55,456881.76,1877.58932798018,18.59187,49.36136,2.370759,122.37544947053402,1862.4921546961325,1984.8676041666665
BLT-01,141577.55,456881.76,1877.6619744224877,18.74671,50.04913,2.369207,122.37544947053402,1862.4921546961325,1984.8676041666665
BLT-01,141577.55,456881.76,1877.7346208647966,18.61686,50.817,2.370809,122.37544947053402,1862.4921546961325,1984.8676041666665
BLT-01,141577.55,456881.76,1877.8072673071042,18.32964,51.39676,2.375373,122.37544947053402,1862.4921546961325,1984.8676041666665
BLT-01,141577.55,456881.76,1877.8799137494118,17.73287,51.49648,2.384912,122.37544947053402,1862.4921546961325,1984.8676041666665
BLT-01,141577.55,456881.76,1877.9525601917196,17.02128,51.22768,2.392832,122.37544947053402,1862.4921546961325,1984.8676041666665
BLT-01,141577.55,456881.76,1878.0252066340272,16.41945,50.68693,2.398127,122.37544947053402,1862.4921546961325,1984.8676041666665
BLT-01,141577.55,456881.76,1878.097853076334,16.179,49.98938,2.400197,122.37544947053402,1862.4921546961325,1984.8676041666665
BLT-01,141577.55,456881.76,1878.1704995186417,16.74442,49.14465,2.400116,122.37544947053402,1862.4921546961325,1984.8676041666665
BLT-01,141577.55,456881.76,1878.2431459609493,17.43502,48.6821,2.397652,122.37544947053402,1862.4921546961325,1984.8676041666665
BLT-01,141577.55,456881.76,1878.315792403257,18.04077,48.56189,2.392518,122.37544947053402,1862.4921546961325,1984.8676041666665
BLT-01,141577.55,456881.76,1878.3884388455647,18.41443,48.7016,2.384108,122.37544947053402,1862.4921546961325,1984.8676041666665
BLT-01,141577.55,456881.76,1878.4610852878725,18.74347,48.54488,2.366816,122.37544947053402,1862.4921546961325,1984.8676041666665
BLT-01,141577.55,456881.76,1878.5337317301803,19.17711,48.30745,2.35174,122.37544947053402,1862.4921546961325,1984.8676041666665
BLT-01,141577.55,456881.76,1878.606378172488,19.57249,48.28372,2.341019,122.37544947053402,1862.4921546961325,1984.8676041666665
BLT-01,141577.55,456881.76,1878.6790246147955,19.82021,48.68525,2.335165,122.37544947053402,1862.4921546961325,1984.8676041666665
BLT-01,141577.55,456881.76,1878.7516710571033,19.68866,49.90996,2.331292,122.37544947053402,1862.4921546961325,1984.8676041666665
BLT-01,141577.55,456881.76,1878.8243174994109,19.56619,51.05778,2.329575,122.37544947053402,1862.4921546961325,1984.8676041666665
BLT-01,141577.55,456881.76,1878.8969639417185,19.51657,51.70027,2.329421,122.37544947053402,1862.4921546961325,1984.8676041666665
BLT-01,141577.55,456881.76,1878.9696103840263,19.52975,51.69921,2.330894,122.37544947053402,1862.4921546961325,1984.8676041666665
BLT-01,141577.55,456881.76,1879.042256826334,19.51676,51.00265,2.334727,122.37544947053402,1862.4921546961325,1984.8676041666665
BLT-01,141577.55,456881.76,1879.1149032686417,19.4271,50.00235,2.339278,122.37544947053402,1862.4921546961325,1984.8676041666665
BLT-01,141577.55,456881.76,1879.1875497109495,19.30822,49.11269,2.342793,122.37544947053402,1862.4921546961325,1984.8676041666665
BLT-01,141577.55,456881.76,1879.260196153257,19.2244,48.4493,2.34398,122.37544947053402,1862.4921546961325,1984.8676041666665
BLT-01,141577.55,456881.76,1879.3328425955647,19.28343,48.10895,2.340911,122.37544947053402,1862.4921546961325,1984.8676041666665
BLT-01,141577.55,456881.76,1879.4054890378725,19.60397,48.24375,2.333117,122.37544947053402,1862.4921546961325,1984.8676041666665
BLT-01,141577.55,456881.76,1879.47813548018,19.92815,48.52991,2.324716,122.37544947053402,1862.4921546961325,1984.8676041666665
BLT-01,141577.55,456881.76,1879.5507819224877,20.29894,48.84703,2.316098,122.37544947053402,1862.4921546961325,1984.8676041666665
BLT-01,141577.55,456881.76,1879.6234283647957,20.78353,49.07611,2.307463,122.37544947053402,1862.4921546961325,1984.8676041666665
BLT-01,141577.55,456881.76,1879.6960748071033,21.29928,49.16026,2.303639,122.37544947053402,1862.4921546961325,1984.8676041666665
BLT-01,141577.55,456881.76,1879.7687212494109,21.65545,49.3094,2.303331,122.37544947053402,1862.4921546961325,1984.8676041666665
BLT-01,141577.55,456881.76,1879.8413676917187,21.78558,49.48979,2.305808,122.37544947053402,1862.4921546961325,1984.8676041666665
BLT-01,141577.55,456881.76,1879.9140141340263,21.64756,49.6478,2.310304,122.37544947053402,1862.4921546961325,1984.8676041666665
BLT-01,141577.55,456881.76,1879.9866605763339,21.29088,49.45226,2.315014,122.37544947053402,1862.4921546961325,1984.8676041666665
BLT-01,141577.55,456881.76,1880.0593070186417,21.00557,48.98046,2.318117,122.37544947053402,1862.4921546961325,1984.8676041666665
BLT-01,141577.55,456881.76,1880.1319534609493,20.79086,48.36429,2.319996,122.37544947053402,1862.4921546961325,1984.8676041666665
BLT-01,141577.55,456881.76,1880.204599903257,20.63954,47.74525,2.320724,122.37544947053402,1862.4921546961325,1984.8676041666665
BLT-01,141577.55,456881.76,1880.277246345565,20.51381,47.5616,2.319717,122.37544947053402,1862.4921546961325,1984.8676041666665
BLT-01,141577.55,456881.76,1880.3498927878725,20.29948,47.82569,2.317914,122.37544947053402,1862.4921546961325,1984.8676041666665
BLT-01,141577.55,456881.76,1880.42253923018,20.05194,48.51864,2.316319,122.37544947053402,1862.4921546961325,1984.8676041666665
BLT-01,141577.55,456881.76,1880.4951856724879,19.87663,49.46033,2.315646,122.37544947053402,1862.4921546961325,1984.8676041666665
BLT-01,141577.55,456881.76,1880.5678321147955,20.05156,50.11142,2.317232,122.37544947053402,1862.4921546961325,1984.8676041666665
BLT-01,141577.55,456881.76,1880.6404785571024,20.28326,50.08998,2.321582,122.37544947053402,1862.4921546961325,1984.8676041666665
BLT-01,141577.55,456881.76,1880.71312499941,20.17117,49.62223,2.329536,122.37544947053402,1862.4921546961325,1984.8676041666665
BLT-01,141577.55,456881.76,1880.7857714417175,19.75905,48.92559,2.340045,122.37544947053402,1862.4921546961325,1984.8676041666665
BLT-01,141577.55,456881.76,1880.8584178840254,19.24122,48.34121,2.350917,122.37544947053402,1862.4921546961325,1984.8676041666665
BLT-01,141577.55,456881.76,1880.931064326333,18.89972,48.02602,2.35894,122.37544947053402,1862.4921546961325,1984.8676041666665
BLT-01,141577.55,456881.76,1881.0037107686408,18.5963,47.92525,2.367346,122.37544947053402,1862.4921546961325,1984.8676041666665
BLT-01,141577.55,456881.76,1881.0763572109486,18.36932,48.01912,2.374345,122.37544947053402,1862.4921546961325,1984.8676041666665
BLT-01,141577.55,456881.76,1881.1490036532562,18.26981,48.28215,2.377674,122.37544947053402,1862.4921546961325,1984.8676041666665
BLT-01,141577.55,456881.76,1881.2216500955637,18.27169,48.66239,2.374721,122.37544947053402,1862.4921546961325,1984.8676041666665
BLT-01,141577.55,456881.76,1881.2942965378716,18.21458,48.69192,2.369479,122.37544947053402,1862.4921546961325,1984.8676041666665
BLT-01,141577.55,456881.76,1881.3669429801791,18.21916,48.36709,2.364209,122.37544947053402,1862.4921546961325,1984.8676041666665
BLT-01,141577.55,456881.76,1881.4395894224867,18.36272,47.73067,2.360776,122.37544947053402,1862.4921546961325,1984.8676041666665
BLT-01,141577.55,456881.76,1881.5122358647945,18.5055,47.23594,2.361167,122.37544947053402,1862.4921546961325,1984.8676041666665
BLT-01,141577.55,456881.76,1881.5848823071024,18.38182,46.84659,2.361635,122.37544947053402,1862.4921546961325,1984.8676041666665
BLT-01,141577.55,456881.76,1881.6575287494102,18.16104,46.65712,2.361322,122.37544947053402,1862.4921546961325,1984.8676041666665
BLT-01,141577.55,456881.76,1881.7301751917178,17.95861,46.71957,2.359911,122.37544947053402,1862.4921546961325,1984.8676041666665
BLT-01,141577.55,456881.76,1881.8028216340253,17.97655,47.0793,2.35781,122.37544947053402,1862.4921546961325,1984.8676041666665
BLT-01,141577.55,456881.76,1881.8754680763332,18.19448,47.63266,2.356793,122.37544947053402,1862.4921546961325,1984.8676041666665
BLT-01,141577.55,456881.76,1881.9481145186408,18.41403,48.10266,2.357223,122.37544947053402,1862.4921546961325,1984.8676041666665
BLT-01,141577.55,456881.76,1882.0207609609483,18.53935,48.40086,2.358946,122.37544947053402,1862.4921546961325,1984.8676041666665
BLT-01,141577.55,456881.76,1882.0934074032562,18.4437,48.48732,2.361203,122.37544947053402,1862.4921546961325,1984.8676041666665
BLT-01,141577.55,456881.76,1882.166053845564,18.31977,48.58048,2.363017,122.37544947053402,1862.4921546961325,1984.8676041666665
BLT-01,141577.55,456881.76,1882.2387002878716,18.27933,48.62321,2.364148,122.37544947053402,1862.4921546961325,1984.8676041666665
BLT-01,141577.55,456881.76,1882.3113467301794,18.24066,48.48641,2.364605,122.37544947053402,1862.4921546961325,1984.8676041666665
BLT-01,141577.55,456881.76,1882.383993172487,18.02539,47.95123,2.36447,122.37544947053402,1862.4921546961325,1984.8676041666665
BLT-01,141577.55,456881.76,1882.4566396147945,17.80703,47.19758,2.365221,122.37544947053402,1862.4921546961325,1984.8676041666665
BLT-01,141577.55,456881.76,1882.5292860571024,17.81392,46.79468,2.366316,122.37544947053402,1862.4921546961325,1984.8676041666665
BLT-01,141577.55,456881.76,1882.60193249941,17.95285,46.82668,2.367828,122.37544947053402,1862.4921546961325,1984.8676041666665
BLT-01,141577.55,456881.76,1882.6745789417175,18.09867,47.33643,2.369888,122.37544947053402,1862.4921546961325,1984.8676041666665
BLT-01,141577.55,456881.76,1882.7472253840256,18.15892,48.05471,2.374737,122.37544947053402,1862.4921546961325,1984.8676041666665
BLT-01,141577.55,456881.76,1882.8198718263332,18.12062,48.50048,2.379754,122.37544947053402,1862.4921546961325,1984.8676041666665
BLT-01,141577.55,456881.76,1882.8925182686407,17.98399,48.62668,2.384378,122.37544947053402,1862.4921546961325,1984.8676041666665
BLT-01,141577.55,456881.76,1882.9651647109486,17.76446,48.42034,2.388486,122.37544947053402,1862.4921546961325,1984.8676041666665
BLT-01,141577.55,456881.76,1883.0378111532561,17.61396,48.06202,2.395234,122.37544947053402,1862.4921546961325,1984.8676041666665
BLT-01,141577.55,456881.76,1883.1104575955637,17.4855,47.81746,2.401178,122.37544947053402,1862.4921546961325,1984.8676041666665
BLT-01,141577.55,456881.76,1883.1831040378715,17.45346,47.70234,2.40511,122.37544947053402,1862.4921546961325,1984.8676041666665
BLT-01,141577.55,456881.76,1883.2557504801791,17.53915,47.75502,2.40608,122.37544947053402,1862.4921546961325,1984.8676041666665
BLT-01,141577.55,456881.76,1883.328396922487,17.6789,48.1377,2.401968,122.37544947053402,1862.4921546961325,1984.8676041666665
BLT-01,141577.55,456881.76,1883.4010433647948,17.6556,48.76578,2.394855,122.37544947053402,1862.4921546961325,1984.8676041666665
BLT-01,141577.55,456881.76,1883.4736898071023,17.69605,49.45877,2.387453,122.37544947053402,1862.4921546961325,1984.8676041666665
BLT-01,141577.55,456881.76,1883.54633624941,17.81838,50.0719,2.380823,122.37544947053402,1862.4921546961325,1984.8676041666665
BLT-01,141577.55,456881.76,1883.6189826917177,17.89818,50.31905,2.375964,122.37544947053402,1862.4921546961325,1984.8676041666665
BLT-01,141577.55,456881.76,1883.6916291340253,17.54797,49.85682,2.377565,122.37544947053402,1862.4921546961325,1984.8676041666665
BLT-01,141577.55,456881.76,1883.7642755763322,17.2557,49.27163,2.383628,122.37544947053402,1862.4921546961325,1984.8676041666665
BLT-01,141577.55,456881.76,1883.8369220186398,17.04807,48.82929,2.39371,122.37544947053402,1862.4921546961325,1984.8676041666665
BLT-01,141577.55,456881.76,1883.9095684609474,16.84884,48.85438,2.407506,122.37544947053402,1862.4921546961325,1984.8676041666665
BLT-01,141577.55,456881.76,1883.9822149032552,16.50297,49.12669,2.415704,122.37544947053402,1862.4921546961325,1984.8676041666665
BLT-01,141577.55,456881.76,1884.0548613455628,16.30675,49.32462,2.41797,122.37544947053402,1862.4921546961325,1984.8676041666665
BLT-01,141577.55,456881.76,1884.1275077878704,16.24604,49.5283,2.415788,122.37544947053402,1862.4921546961325,1984.8676041666665
BLT-01,141577.55,456881.76,1884.2001542301784,16.28351,49.84579,2.411013,122.37544947053402,1862.4921546961325,1984.8676041666665
BLT-01,141577.55,456881.76,1884.272800672486,16.40096,50.29116,2.407103,122.37544947053402,1862.4921546961325,1984.8676041666665
BLT-01,141577.55,456881.76,1884.3454471147936,16.58109,50.56215,2.402502,122.37544947053402,1862.4921546961325,1984.8676041666665
BLT-01,141577.55,456881.76,1884.4180935571014,16.77675,50.6503,2.397051,122.37544947053402,1862.4921546961325,1984.8676041666665
BLT-01,141577.55,456881.76,1884.490739999409,16.95138,50.57038,2.390858,122.37544947053402,1862.4921546961325,1984.8676041666665
BLT-01,141577.55,456881.76,1884.5633864417166,17.07931,50.51596,2.386159,122.37544947053402,1862.4921546961325,1984.8676041666665
BLT-01,141577.55,456881.76,1884.6360328840244,17.1574,50.64175,2.385903,122.37544947053402,1862.4921546961325,1984.8676041666665
BLT-01,141577.55,456881.76,1884.708679326332,17.17821,50.71385,2.389937,122.37544947053402,1862.4921546961325,1984.8676041666665
BLT-01,141577.55,456881.76,1884.7813257686398,17.13374,50.56796,2.397512,122.37544947053402,1862.4921546961325,1984.8676041666665
BLT-01,141577.55,456881.76,1884.8539722109476,17.00034,49.89331,2.405137,122.37544947053402,1862.4921546961325,1984.8676041666665
BLT-01,141577.55,456881.76,1884.9266186532552,16.9187,48.97432,2.407117,122.37544947053402,1862.4921546961325,1984.8676041666665
BLT-01,141577.55,456881.76,1884.9992650955628,16.99143,48.3768,2.403869,122.37544947053402,1862.4921546961325,1984.8676041666665
BLT-01,141577.55,456881.76,1885.0719115378706,17.24211,48.31571,2.396439,122.37544947053402,1862.4921546961325,1984.8676041666665
BLT-01,141577.55,456881.76,1885.1445579801782,17.66226,48.98903,2.387526,122.37544947053402,1862.4921546961325,1984.8676041666665
BLT-01,141577.55,456881.76,1885.217204422486,18.0701,49.75918,2.379974,122.37544947053402,1862.4921546961325,1984.8676041666665
BLT-01,141577.55,456881.76,1885.2898508647936,18.39638,50.15154,2.375331,122.37544947053402,1862.4921546961325,1984.8676041666665
BLT-01,141577.55,456881.76,1885.3624973071014,18.62878,50.10511,2.373559,122.37544947053402,1862.4921546961325,1984.8676041666665
BLT-01,141577.55,456881.76,1885.4351437494092,18.76304,49.63015,2.374203,122.37544947053402,1862.4921546961325,1984.8676041666665
BLT-01,141577.55,456881.76,1885.5077901917168,18.88363,48.79225,2.372981,122.37544947053402,1862.4921546961325,1984.8676041666665
BLT-01,141577.55,456881.76,1885.5804366340244,19.01786,48.13381,2.370402,122.37544947053402,1862.4921546961325,1984.8676041666665
BLT-01,141577.55,456881.76,1885.6530830763322,19.18403,47.80053,2.367125,122.37544947053402,1862.4921546961325,1984.8676041666665
BLT-01,141577.55,456881.76,1885.7257295186398,19.40086,47.92069,2.36385,122.37544947053402,1862.4921546961325,1984.8676041666665
BLT-01,141577.55,456881.76,1885.7983759609474,19.72952,48.90446,2.359637,122.37544947053402,1862.4921546961325,1984.8676041666665
BLT-01,141577.55,456881.76,1885.8710224032552,19.92417,50.01631,2.356666,122.37544947053402,1862.4921546961325,1984.8676041666665
BLT-01,141577.55,456881.76,1885.943668845563,20.0188,51.00851,2.354845,122.37544947053402,1862.4921546961325,1984.8676041666665
BLT-01,141577.55,456881.76,1886.0163152878706,20.03777,51.69633,2.354006,122.37544947053402,1862.4921546961325,1984.8676041666665
BLT-01,141577.55,456881.76,1886.0889617301784,19.97049,51.9589,2.353261,122.37544947053402,1862.4921546961325,1984.8676041666665
BLT-01,141577.55,456881.76,1886.161608172486,19.77648,51.88791,2.352309,122.37544947053402,1862.4921546961325,1984.8676041666665
BLT-01,141577.55,456881.76,1886.2342546147936,19.64166,51.6945,2.351324,122.37544947053402,1862.4921546961325,1984.8676041666665
BLT-01,141577.55,456881.76,1886.3069010571014,19.62085,51.46648,2.350387,122.37544947053402,1862.4921546961325,1984.8676041666665
BLT-01,141577.55,456881.76,1886.379547499409,19.58862,51.18909,2.349515,122.37544947053402,1862.4921546961325,1984.8676041666665
BLT-01,141577.55,456881.76,1886.4521939417166,19.39055,50.90512,2.34932,122.37544947053402,1862.4921546961325,1984.8676041666665
BLT-01,141577.55,456881.76,1886.5248403840246,19.21623,50.44451,2.349098,122.37544947053402,1862.4921546961325,1984.8676041666665
BLT-01,141577.55,456881.76,1886.5974868263322,19.14038,49.77106,2.348186,122.37544947053402,1862.4921546961325,1984.8676041666665
BLT-01,141577.55,456881.76,1886.6701332686398,19.23849,48.90392,2.345207,122.37544947053402,1862.4921546961325,1984.8676041666665
BLT-01,141577.55,456881.76,1886.7427797109476,19.3173,48.44687,2.342423,122.37544947053402,1862.4921546961325,1984.8676041666665
BLT-01,141577.55,456881.76,1886.8154261532552,19.28268,48.42712,2.341431,122.37544947053402,1862.4921546961325,1984.8676041666665
BLT-01,141577.55,456881.76,1886.888072595562,19.25004,48.68083,2.342675,122.37544947053402,1862.4921546961325,1984.8676041666665
BLT-01,141577.55,456881.76,1886.9606556515828,19.43827,48.91953,2.346535,122.37544947053402,1862.4921546961325,1984.8676041666665
BLT-01,141577.55,456881.76,1887.0332113037566,19.62717,48.75977,2.349932,122.37544947053402,1862.4921546961325,1984.8676041666665
BLT-01,141577.55,456881.76,1887.1057669559307,19.48951,48.56799,2.351206,122.37544947053402,1862.4921546961325,1984.8676041666665
BLT-01,141577.55,456881.76,1887.1783226081045,19.21356,48.28857,2.351024,122.37544947053402,1862.4921546961325,1984.8676041666665
BLT-01,141577.55,456881.76,1887.2508782602783,19.02909,47.84782,2.350253,122.37544947053402,1862.4921546961325,1984.8676041666665
BLT-01,141577.55,456881.76,1887.3234339124524,19.26924,47.32771,2.350124,122.37544947053402,1862.4921546961325,1984.8676041666665
BLT-01,141577.55,456881.76,1887.3959895646262,19.39904,46.69306,2.350636,122.37544947053402,1862.4921546961325,1984.8676041666665
BLT-01,141577.55,456881.76,1887.4685452168003,19.45027,46.16542,2.351285,122.37544947053402,1862.4921546961325,1984.8676041666665
BLT-01,141577.55,456881.76,1887.5411008689741,19.45382,45.93167,2.351776,122.37544947053402,1862.4921546961325,1984.8676041666665
BLT-01,141577.55,456881.76,1887.613656521148,19.48865,46.34113,2.352704,122.37544947053402,1862.4921546961325,1984.8676041666665
BLT-01,141577.55,456881.76,1887.6862121733218,19.3882,46.9629,2.354452,122.37544947053402,1862.4921546961325,1984.8676041666665
BLT-01,141577.55,456881.76,1887.7587678254959,19.234,47.69507,2.356862,122.37544947053402,1862.4921546961325,1984.8676041666665
BLT-01,141577.55,456881.76,1887.8313234776697,19.08617,48.4301,2.359379,122.37544947053402,1862.4921546961325,1984.8676041666665
BLT-01,141577.55,456881.76,1887.9038791298437,19.06902,48.85641,2.359651,122.37544947053402,1862.4921546961325,1984.8676041666665
BLT-01,141577.55,456881.76,1887.9764347820176,19.24386,48.93106,2.357552,122.37544947053402,1862.4921546961325,1984.8676041666665
BLT-01,141577.55,456881.76,1888.0489904341914,19.47711,48.75311,2.353975,122.37544947053402,1862.4921546961325,1984.8676041666665
BLT-01,141577.55,456881.76,1888.1215460863655,19.70304,48.47293,2.349827,122.37544947053402,1862.4921546961325,1984.8676041666665
BLT-01,141577.55,456881.76,1888.1941017385393,19.83131,48.43829,2.347,122.37544947053402,1862.4921546961325,1984.8676041666665
BLT-01,141577.55,456881.76,1888.2666573907131,19.98243,49.02909,2.346638,122.37544947053402,1862.4921546961325,1984.8676041666665
BLT-01,141577.55,456881.76,1888.339213042887,20.08873,50.00566,2.348684,122.37544947053402,1862.4921546961325,1984.8676041666665
BLT-01,141577.55,456881.76,1888.411768695061,20.09706,51.03735,2.352202,122.37544947053402,1862.4921546961325,1984.8676041666665
BLT-01,141577.55,456881.76,1888.484324347235,19.93378,51.62131,2.355621,122.37544947053402,1862.4921546961325,1984.8676041666665
BLT-01,141577.55,456881.76,1888.556879999409,19.79086,51.17063,2.356008,122.37544947053402,1862.4921546961325,1984.8676041666665
BLT-01,141577.55,456881.76,1888.6294356515828,19.81554,50.00356,2.352912,122.37544947053402,1862.4921546961325,1984.8676041666665
BLT-01,141577.55,456881.76,1888.7019913037566,19.93245,48.53984,2.348407,122.37544947053402,1862.4921546961325,1984.8676041666665
BLT-01,141577.55,456881.76,1888.7745469559306,20.04961,47.23713,2.344838,122.37544947053402,1862.4921546961325,1984.8676041666665
BLT-01,141577.55,456881.76,1888.8471026081045,20.04134,46.93141,2.346069,122.37544947053402,1862.4921546961325,1984.8676041666665
BLT-01,141577.55,456881.76,1888.9196582602783,19.93115,46.9097,2.348826,122.37544947053402,1862.4921546961325,1984.8676041666665
BLT-01,141577.55,456881.76,1888.9922139124521,19.79678,47.12586,2.3533,122.37544947053402,1862.4921546961325,1984.8676041666665
BLT-01,141577.55,456881.76,1889.0647695646264,19.69831,47.52719,2.359232,122.37544947053402,1862.4921546961325,1984.8676041666665
BLT-01,141577.55,456881.76,1889.1373252168003,19.70431,47.934,2.363098,122.37544947053402,1862.4921546961325,1984.8676041666665
BLT-01,141577.55,456881.76,1889.209880868974,19.78952,48.21606,2.364424,122.37544947053402,1862.4921546961325,1984.8676041666665
BLT-01,141577.55,456881.76,1889.282436521148,19.88964,48.36065,2.363796,122.37544947053402,1862.4921546961325,1984.8676041666665
BLT-01,141577.55,456881.76,1889.354992173322,19.95485,48.394,2.36153,122.37544947053402,1862.4921546961325,1984.8676041666665
BLT-01,141577.55,456881.76,1889.4275478254958,19.87585,48.46496,2.358004,122.37544947053402,1862.4921546961325,1984.8676041666665
BLT-01,141577.55,456881.76,1889.5001034776687,19.8538,48.75203,2.3546,122.37544947053402,1862.4921546961325,1984.8676041666665
BLT-01,141577.55,456881.76,1889.5726591298426,19.90258,49.3112,2.351219,122.37544947053402,1862.4921546961325,1984.8676041666665
BLT-01,141577.55,456881.76,1889.6452147820166,19.97901,49.98784,2.348264,122.37544947053402,1862.4921546961325,1984.8676041666665
BLT-01,141577.55,456881.76,1889.7177704341905,19.95717,50.32699,2.346887,122.37544947053402,1862.4921546961325,1984.8676041666665
BLT-01,141577.55,456881.76,1889.7903260863654,19.7395,49.84638,2.346467,122.37544947053402,1862.4921546961325,1984.8676041666665
BLT-01,141577.55,456881.76,1889.8628817385393,19.46518,48.93903,2.345457,122.37544947053402,1862.4921546961325,1984.8676041666665
BLT-01,141577.55,456881.76,1889.935437390713,19.1846,47.90196,2.343848,122.37544947053402,1862.4921546961325,1984.8676041666665
BLT-01,141577.55,456881.76,1890.0079930428872,18.95201,47.14346,2.341947,122.37544947053402,1862.4921546961325,1984.8676041666665
BLT-01,141577.55,456881.76,1890.08054869506,18.88314,47.17762,2.340377,122.37544947053402,1862.4921546961325,1984.8676041666665
BLT-01,141577.55,456881.76,1890.153104347234,19.05307,47.48184,2.339646,122.37544947053402,1862.4921546961325,1984.8676041666665
BLT-01,141577.55,456881.76,1890.2256599994078,19.49002,47.99047,2.339708,122.37544947053402,1862.4921546961325,1984.8676041666665
BLT-01,141577.55,456881.76,1890.2982156515818,20.19362,48.64191,2.340482,122.37544947053402,1862.4921546961325,1984.8676041666665
BLT-01,141577.55,456881.76,1890.3707713037556,20.46661,49.09066,2.342325,122.37544947053402,1862.4921546961325,1984.8676041666665
BLT-01,141577.55,456881.76,1890.4433269559297,20.35689,49.06633,2.343585,122.37544947053402,1862.4921546961325,1984.8676041666665
BLT-01,141577.55,456881.76,1890.5158826081035,20.06857,48.55655,2.343933,122.37544947053402,1862.4921546961325,1984.8676041666665
BLT-01,141577.55,456881.76,1890.5884382602776,19.77176,47.63313,2.343122,122.37544947053402,1862.4921546961325,1984.8676041666665
BLT-01,141577.55,456881.76,1890.6609939124514,19.7702,46.99087,2.340823,122.37544947053402,1862.4921546961325,1984.8676041666665
BLT-01,141577.55,456881.76,1890.7335495646253,19.97767,46.80978,2.337915,122.37544947053402,1862.4921546961325,1984.8676041666665
BLT-01,141577.55,456881.76,1890.806105216799,20.11327,46.64259,2.335841,122.37544947053402,1862.4921546961325,1984.8676041666665
BLT-01,141577.55,456881.76,1890.8786608689732,20.06081,46.301,2.335496,122.37544947053402,1862.4921546961325,1984.8676041666665
BLT-01,141577.55,456881.76,1890.951216521147,19.80883,45.75111,2.338308,122.37544947053402,1862.4921546961325,1984.8676041666665
BLT-01,141577.55,456881.76,1891.023772173321,19.50077,45.30783,2.345466,122.37544947053402,1862.4921546961325,1984.8676041666665
BLT-01,141577.55,456881.76,1891.0963278254949,19.01815,45.16999,2.358893,122.37544947053402,1862.4921546961325,1984.8676041666665
BLT-01,141577.55,456881.76,1891.1688834776687,18.4009,45.36331,2.376775,122.37544947053402,1862.4921546961325,1984.8676041666665
BLT-01,141577.55,456881.76,1891.2414391298428,17.82865,45.83251,2.393107,122.37544947053402,1862.4921546961325,1984.8676041666665
BLT-01,141577.55,456881.76,1891.3139947820166,17.3752,46.31765,2.400403,122.37544947053402,1862.4921546961325,1984.8676041666665
BLT-01,141577.55,456881.76,1891.3865504341904,17.04569,46.85263,2.402996,122.37544947053402,1862.4921546961325,1984.8676041666665
BLT-01,141577.55,456881.76,1891.4591060863643,16.88323,47.33915,2.402712,122.37544947053402,1862.4921546961325,1984.8676041666665
BLT-01,141577.55,456881.76,1891.5316617385383,16.95445,47.61293,2.401675,122.37544947053402,1862.4921546961325,1984.8676041666665
BLT-01,141577.55,456881.76,1891.6042173907124,16.86856,47.8221,2.403179,122.37544947053402,1862.4921546961325,1984.8676041666665
BLT-01,141577.55,456881.76,1891.6767730428862,16.55463,48.08006,2.406032,122.37544947053402,1862.4921546961325,1984.8676041666665
BLT-01,141577.55,456881.76,1891.74932869506,16.1382,48.26893,2.409619,122.37544947053402,1862.4921546961325,1984.8676041666665
BLT-01,141577.55,456881.76,1891.821884347234,15.76303,48.25952,2.413287,122.37544947053402,1862.4921546961325,1984.8676041666665
BLT-01,141577.55,456881.76,1891.894439999408,15.76493,47.83336,2.41535,122.37544947053402,1862.4921546961325,1984.8676041666665
BLT-01,141577.55,456881.76,1891.9669956515818,15.78446,47.37899,2.417442,122.37544947053402,1862.4921546961325,1984.8676041666665
BLT-01,141577.55,456881.76,1892.0395513037556,15.72446,47.01649,2.421519,122.37544947053402,1862.4921546961325,1984.8676041666665
BLT-01,141577.55,456881.76,1892.1121069559294,15.54062,46.83316,2.428435,122.37544947053402,1862.4921546961325,1984.8676041666665
BLT-01,141577.55,456881.76,1892.1846626081037,15.39514,46.91843,2.4346,122.37544947053402,1862.4921546961325,1984.8676041666665
BLT-01,141577.55,456881.76,1892.2572182602776,15.31732,47.07781,2.435925,122.37544947053402,1862.4921546961325,1984.8676041666665
BLT-01,141577.55,456881.76,1892.3297739124514,15.40514,47.44002,2.431076,122.37544947053402,1862.4921546961325,1984.8676041666665
BLT-01,141577.55,456881.76,1892.4023295646252,15.6949,48.013,2.420678,122.37544947053402,1862.4921546961325,1984.8676041666665
BLT-01,141577.55,456881.76,1892.474885216799,16.17447,48.6031,2.409928,122.37544947053402,1862.4921546961325,1984.8676041666665
BLT-01,141577.55,456881.76,1892.5474408689731,16.62659,48.83464,2.405065,122.37544947053402,1862.4921546961325,1984.8676041666665
BLT-01,141577.55,456881.76,1892.619996521146,17.15909,49.08571,2.404881,122.37544947053402,1862.4921546961325,1984.8676041666665
BLT-01,141577.55,456881.76,1892.6925521733199,17.72923,49.40585,2.407892,122.37544947053402,1862.4921546961325,1984.8676041666665
BLT-01,141577.55,456881.76,1892.765107825494,18.16176,49.69765,2.410984,122.37544947053402,1862.4921546961325,1984.8676041666665
BLT-01,141577.55,456881.76,1892.8376634776678,18.23079,49.89207,2.410487,122.37544947053402,1862.4921546961325,1984.8676041666665
BLT-01,141577.55,456881.76,1892.9102191298416,18.14106,49.95095,2.408601,122.37544947053402,1862.4921546961325,1984.8676041666665
BLT-01,141577.55,456881.76,1892.9827747820157,17.88486,49.96469,2.406214,122.37544947053402,1862.4921546961325,1984.8676041666665
BLT-01,141577.55,456881.76,1893.0553304341897,17.41427,50.08337,2.404325,122.37544947053402,1862.4921546961325,1984.8676041666665
BLT-01,141577.55,456881.76,1893.1278860863636,16.89807,50.15032,2.406868,122.37544947053402,1862.4921546961325,1984.8676041666665
BLT-01,141577.55,456881.76,1893.2004417385374,16.4085,50.03069,2.412209,122.37544947053402,1862.4921546961325,1984.8676041666665
BLT-01,141577.55,456881.76,1893.2729973907112,15.87647,49.82177,2.421029,122.37544947053402,1862.4921546961325,1984.8676041666665
BLT-01,141577.55,456881.76,1893.345553042885,15.24204,49.63779,2.433709,122.37544947053402,1862.4921546961325,1984.8676041666665
BLT-01,141577.55,456881.76,1893.4181086950591,14.82346,49.77069,2.442268,122.37544947053402,1862.4921546961325,1984.8676041666665
BLT-01,141577.55,456881.76,1893.490664347233,14.67475,49.96655,2.444898,122.37544947053402,1862.4921546961325,1984.8676041666665
BLT-01,141577.55,456881.76,1893.563219999407,14.77033,49.9567,2.443155,122.37544947053402,1862.4921546961325,1984.8676041666665
BLT-01,141577.55,456881.76,1893.6357756515808,15.06585,49.58474,2.438547,122.37544947053402,1862.4921546961325,1984.8676041666665
BLT-01,141577.55,456881.76,1893.708331303755,15.33582,48.96432,2.435231,122.37544947053402,1862.4921546961325,1984.8676041666665
BLT-01,141577.55,456881.76,1893.7808869559287,15.5044,48.37754,2.434674,122.37544947053402,1862.4921546961325,1984.8676041666665
BLT-01,141577.55,456881.76,1893.8534426081026,15.68424,47.99626,2.433617,122.37544947053402,1862.4921546961325,1984.8676041666665
BLT-01,141577.55,456881.76,1893.9259982602764,15.90346,47.9032,2.430606,122.37544947053402,1862.4921546961325,1984.8676041666665
BLT-01,141577.55,456881.76,1893.9985539124502,16.09413,48.16753,2.42481,122.37544947053402,1862.4921546961325,1984.8676041666665
BLT-01,141577.55,456881.76,1894.0711095646243,16.16163,48.68962,2.418229,122.37544947053402,1862.4921546961325,1984.8676041666665
BLT-01,141577.55,456881.76,1894.1436652167984,16.25448,49.26085,2.411498,122.37544947053402,1862.4921546961325,1984.8676041666665
BLT-01,141577.55,456881.76,1894.2162208689722,16.40134,49.78518,2.405527,122.37544947053402,1862.4921546961325,1984.8676041666665
BLT-01,141577.55,456881.76,1894.288776521146,16.59038,50.13781,2.402268,122.37544947053402,1862.4921546961325,1984.8676041666665
BLT-01,141577.55,456881.76,1894.36133217332,16.66209,50.11161,2.401642,122.37544947053402,1862.4921546961325,1984.8676041666665
BLT-01,141577.55,456881.76,1894.433887825494,16.63583,49.96716,2.401393,122.37544947053402,1862.4921546961325,1984.8676041666665
BLT-01,141577.55,456881.76,1894.5064434776677,16.50325,49.59131,2.401594,122.37544947053402,1862.4921546961325,1984.8676041666665
BLT-01,141577.55,456881.76,1894.5789991298416,16.2495,48.76678,2.402737,122.37544947053402,1862.4921546961325,1984.8676041666665
BLT-01,141577.55,456881.76,1894.6515547820156,16.12819,48.02889,2.405472,122.37544947053402,1862.4921546961325,1984.8676041666665
BLT-01,141577.55,456881.76,1894.7241104341897,16.01055,47.50679,2.408934,122.37544947053402,1862.4921546961325,1984.8676041666665
BLT-01,141577.55,456881.76,1894.7966660863635,15.88277,47.15965,2.41301,122.37544947053402,1862.4921546961325,1984.8676041666665
BLT-01,141577.55,456881.76,1894.8692217385374,15.73798,46.94809,2.417473,122.37544947053402,1862.4921546961325,1984.8676041666665
BLT-01,141577.55,456881.76,1894.9417773907112,15.6469,47.13565,2.418776,122.37544947053402,1862.4921546961325,1984.8676041666665
BLT-01,141577.55,456881.76,1895.0143330428853,15.69422,47.71789,2.416977,122.37544947053402,1862.4921546961325,1984.8676041666665
BLT-01,141577.55,456881.76,1895.086888695059,15.95246,48.67124,2.412706,122.37544947053402,1862.4921546961325,1984.8676041666665
BLT-01,141577.55,456881.76,1895.159444347233,16.44588,49.88653,2.406783,122.37544947053402,1862.4921546961325,1984.8676041666665
BLT-01,141577.55,456881.76,1895.2319999994068,17.01156,50.59837,2.402647,122.37544947053402,1862.4921546961325,1984.8676041666665
BLT-01,141577.55,456881.76,1895.304555651581,17.39156,50.33791,2.401248,122.37544947053402,1862.4921546961325,1984.8676041666665
BLT-01,141577.55,456881.76,1895.3771113037549,17.67234,49.34264,2.400282,122.37544947053402,1862.4921546961325,1984.8676041666665
BLT-01,141577.55,456881.76,1895.4496669559287,17.87805,47.89547,2.39887,122.37544947053402,1862.4921546961325,1984.8676041666665
BLT-01,141577.55,456881.76,1895.5222226081025,17.9724,46.82153,2.397008,122.37544947053402,1862.4921546961325,1984.8676041666665
BLT-01,141577.55,456881.76,1895.5947782602764,17.80886,46.35438,2.395396,122.37544947053402,1862.4921546961325,1984.8676041666665
BLT-01,141577.55,456881.76,1895.6673339124504,17.49807,45.91447,2.39475,122.37544947053402,1862.4921546961325,1984.8676041666665
BLT-01,141577.55,456881.76,1895.7398895646234,17.15825,45.3642,2.395024,122.37544947053402,1862.4921546961325,1984.8676041666665
BLT-01,141577.55,456881.76,1895.8124452167972,17.02273,44.6774,2.395716,122.37544947053402,1862.4921546961325,1984.8676041666665
BLT-01,141577.55,456881.76,1895.8850008689712,17.03089,44.33818,2.396614,122.37544947053402,1862.4921546961325,1984.8676041666665
BLT-01,141577.55,456881.76,1895.957556521145,16.8783,44.00686,2.398024,122.37544947053402,1862.4921546961325,1984.8676041666665
BLT-01,141577.55,456881.76,1896.030112173319,16.62967,43.65993,2.399805,122.37544947053402,1862.4921546961325,1984.8676041666665
BLT-01,141577.55,456881.76,1896.1026678254927,16.43472,43.31814,2.401687,122.37544947053402,1862.4921546961325,1984.8676041666665
BLT-01,141577.55,456881.76,1896.1752234776668,16.2846,43.06829,2.402149,122.37544947053402,1862.4921546961325,1984.8676041666665
BLT-01,141577.55,456881.76,1896.2477791298409,16.24685,43.18993,2.399937,122.37544947053402,1862.4921546961325,1984.8676041666665
BLT-01,141577.55,456881.76,1896.3203347820147,16.28653,43.68192,2.396145,122.37544947053402,1862.4921546961325,1984.8676041666665
BLT-01,141577.55,456881.76,1896.3928904341885,16.35525,44.51175,2.392011,122.37544947053402,1862.4921546961325,1984.8676041666665
BLT-01,141577.55,456881.76,1896.4654460863624,16.18229,45.3274,2.390188,122.37544947053402,1862.4921546961325,1984.8676041666665
BLT-01,141577.55,456881.76,1896.5380017385364,16.18165,46.16158,2.39181,122.37544947053402,1862.4921546961325,1984.8676041666665
BLT-01,141577.55,456881.76,1896.6105573907103,16.30814,46.81289,2.395125,122.37544947053402,1862.4921546961325,1984.8676041666665
BLT-01,141577.55,456881.76,1896.683113042884,16.50632,47.14176,2.398805,122.37544947053402,1862.4921546961325,1984.8676041666665
BLT-01,141577.55,456881.76,1896.7556686950581,16.55828,47.008,2.400853,122.37544947053402,1862.4921546961325,1984.8676041666665
BLT-01,141577.55,456881.76,1896.8282243472322,16.54429,46.78755,2.402249,122.37544947053402,1862.4921546961325,1984.8676041666665
BLT-01,141577.55,456881.76,1896.900779999406,16.52812,46.57281,2.403444,122.37544947053402,1862.4921546961325,1984.8676041666665
BLT-01,141577.55,456881.76,1896.9733356515799,16.54575,46.38108,2.404493,122.37544947053402,1862.4921546961325,1984.8676041666665
BLT-01,141577.55,456881.76,1897.0458913037537,16.64825,46.14153,2.404935,122.37544947053402,1862.4921546961325,1984.8676041666665
BLT-01,141577.55,456881.76,1897.1184469559275,16.86598,45.42837,2.401013,122.37544947053402,1862.4921546961325,1984.8676041666665
BLT-01,141577.55,456881.76,1897.1910026081016,17.07193,44.76023,2.395468,122.37544947053402,1862.4921546961325,1984.8676041666665
BLT-01,141577.55,456881.76,1897.2635582602754,17.20917,44.36914,2.38991,122.37544947053402,1862.4921546961325,1984.8676041666665
BLT-01,141577.55,456881.76,1897.3361139124495,17.20513,44.55034,2.386824,122.37544947053402,1862.4921546961325,1984.8676041666665
BLT-01,141577.55,456881.76,1897.4086695646233,16.7967,45.62878,2.391463,122.37544947053402,1862.4921546961325,1984.8676041666665
BLT-01,141577.55,456881.76,1897.4812252167974,16.39428,46.59352,2.398999,122.37544947053402,1862.4921546961325,1984.8676041666665
BLT-01,141577.55,456881.76,1897.5537808689712,16.07748,47.16389,2.407231,122.37544947053402,1862.4921546961325,1984.8676041666665
BLT-01,141577.55,456881.76,1897.626336521145,15.89894,47.08773,2.413636,122.37544947053402,1862.4921546961325,1984.8676041666665
BLT-01,141577.55,456881.76,1897.6988921733189,15.68668,46.74779,2.415972,122.37544947053402,1862.4921546961325,1984.8676041666665
BLT-01,141577.55,456881.76,1897.771447825493,15.58321,46.58853,2.415116,122.37544947053402,1862.4921546961325,1984.8676041666665
BLT-01,141577.55,456881.76,1897.8440034776668,15.56788,46.69369,2.411837,122.37544947053402,1862.4921546961325,1984.8676041666665
BLT-01,141577.55,456881.76,1897.9165591298408,15.62936,47.11499,2.406763,122.37544947053402,1862.4921546961325,1984.8676041666665
BLT-01,141577.55,456881.76,1897.9891147820147,16.09952,47.61213,2.396533,122.37544947053402,1862.4921546961325,1984.8676041666665
BLT-01,141577.55,456881.76,1898.0616704341885,16.59441,47.74631,2.386458,122.37544947053402,1862.4921546961325,1984.8676041666665
BLT-01,141577.55,456881.76,1898.1342260863626,16.90401,47.56502,2.378106,122.37544947053402,1862.4921546961325,1984.8676041666665
BLT-01,141577.55,456881.76,1898.2067817385364,16.92951,47.13845,2.372457,122.37544947053402,1862.4921546961325,1984.8676041666665
BLT-01,141577.55,456881.76,1898.2793373907102,16.87518,46.77934,2.369881,122.37544947053402,1862.4921546961325,1984.8676041666665
BLT-01,141577.55,456881.76,1898.351893042884,16.93042,46.8221,2.370687,122.37544947053402,1862.4921546961325,1984.8676041666665
BLT-01,141577.55,456881.76,1898.4244486950581,17.05693,47.06615,2.373156,122.37544947053402,1862.4921546961325,1984.8676041666665
BLT-01,141577.55,456881.76,1898.4970043472322,17.19332,47.34822,2.376691,122.37544947053402,1862.4921546961325,1984.8676041666665
BLT-01,141577.55,456881.76,1898.569559999406,17.14651,47.30033,2.381383,122.37544947053402,1862.4921546961325,1984.8676041666665
BLT-01,141577.55,456881.76,1898.6421156515798,16.86023,46.9557,2.386018,122.37544947053402,1862.4921546961325,1984.8676041666665
BLT-01,141577.55,456881.76,1898.7146713037537,16.5704,46.51583,2.390424,122.37544947053402,1862.4921546961325,1984.8676041666665
BLT-01,141577.55,456881.76,1898.7872269559277,16.35284,45.93621,2.395129,122.37544947053402,1862.4921546961325,1984.8676041666665
BLT-01,141577.55,456881.76,1898.8597826081007,16.27108,45.01004,2.401477,122.37544947053402,1862.4921546961325,1984.8676041666665
BLT-01,141577.55,456881.76,1898.9323382602745,16.15492,44.21592,2.405573,122.37544947053402,1862.4921546961325,1984.8676041666665
BLT-01,141577.55,456881.76,1899.0048939124486,15.97679,43.84529,2.407819,122.37544947053402,1862.4921546961325,1984.8676041666665
BLT-01,141577.55,456881.76,1899.0774495646224,15.70051,43.98256,2.409249,122.37544947053402,1862.4921546961325,1984.8676041666665
BLT-01,141577.55,456881.76,1899.1500052167962,15.27927,44.69841,2.411326,122.37544947053402,1862.4921546961325,1984.8676041666665
BLT-01,141577.55,456881.76,1899.22256086897,14.93047,45.33064,2.415326,122.37544947053402,1862.4921546961325,1984.8676041666665
BLT-01,141577.55,456881.76,1899.295116521144,14.67739,45.47681,2.420855,122.37544947053402,1862.4921546961325,1984.8676041666665
BLT-01,141577.55,456881.76,1899.3676721733182,14.34991,45.28644,2.429584,122.37544947053402,1862.4921546961325,1984.8676041666665
BLT-01,141577.55,456881.76,1899.440227825492,13.80062,44.94208,2.44271,122.37544947053402,1862.4921546961325,1984.8676041666665
BLT-01,141577.55,456881.76,1899.5127834776658,13.25233,45.00352,2.453884,122.37544947053402,1862.4921546961325,1984.8676041666665
BLT-01,141577.55,456881.76,1899.5853391298397,13.10862,45.50139,2.459178,122.37544947053402,1862.4921546961325,1984.8676041666665
BLT-01,141577.55,456881.76,1899.6578947820137,13.19643,46.25104,2.461048,122.37544947053402,1862.4921546961325,1984.8676041666665
BLT-01,141577.55,456881.76,1899.7304504341876,13.36616,47.05418,2.461128,122.37544947053402,1862.4921546961325,1984.8676041666665
BLT-01,141577.55,456881.76,1899.8030060863614,13.26349,47.24092,2.46073,122.37544947053402,1862.4921546961325,1984.8676041666665
BLT-01,141577.55,456881.76,1899.8755617385355,13.135,47.03619,2.461277,122.37544947053402,1862.4921546961325,1984.8676041666665
BLT-01,141577.55,456881.76,1899.9481173907093,13.26644,46.61034,2.458553,122.37544947053402,1862.4921546961325,1984.8676041666665
BLT-01,141577.55,456881.76,1900.0206730428833,13.72189,46.12189,2.450968,122.37544947053402,1862.4921546961325,1984.8676041666665
BLT-01,141577.55,456881.76,1900.0932286950572,14.35159,45.96014,2.438184,122.37544947053402,1862.4921546961325,1984.8676041666665
BLT-01,141577.55,456881.76,1900.165784347231,14.91966,46.21552,2.423853,122.37544947053402,1862.4921546961325,1984.8676041666665
BLT-01,141577.55,456881.76,1900.2383399994048,15.43567,46.63884,2.409162,122.37544947053402,1862.4921546961325,1984.8676041666665
BLT-01,141577.55,456881.76,1900.310895651579,15.85297,47.0396,2.396523,122.37544947053402,1862.4921546961325,1984.8676041666665
BLT-01,141577.55,456881.76,1900.3834513037527,16.05789,47.09162,2.391006,122.37544947053402,1862.4921546961325,1984.8676041666665
BLT-01,141577.55,456881.76,1900.4560069559268,16.08005,46.64464,2.393326,122.37544947053402,1862.4921546961325,1984.8676041666665
BLT-01,141577.55,456881.76,1900.5285626081006,15.86145,46.08674,2.39848,122.37544947053402,1862.4921546961325,1984.8676041666665
BLT-01,141577.55,456881.76,1900.6011182602747,15.49933,45.60913,2.404987,122.37544947053402,1862.4921546961325,1984.8676041666665
BLT-01,141577.55,456881.76,1900.6736739124485,15.14315,45.42871,2.41141,122.37544947053402,1862.4921546961325,1984.8676041666665
BLT-01,141577.55,456881.76,1900.7462295646224,15.05587,45.51603,2.418426,122.37544947053402,1862.4921546961325,1984.8676041666665
BLT-01,141577.55,456881.76,1900.8187852167962,14.90058,45.84303,2.426533,122.37544947053402,1862.4921546961325,1984.8676041666665
BLT-01,141577.55,456881.76,1900.89134086897,14.7176,46.38952,2.433112,122.37544947053402,1862.4921546961325,1984.8676041666665
BLT-01,141577.55,456881.76,1900.963896521144,14.57325,47.15076,2.435334,122.37544947053402,1862.4921546961325,1984.8676041666665
BLT-01,141577.55,456881.76,1901.0364521733181,14.93108,48.52031,2.42382,122.37544947053402,1862.4921546961325,1984.8676041666665
BLT-01,141577.55,456881.76,1901.109007825492,15.36793,49.77457,2.413181,122.37544947053402,1862.4921546961325,1984.8676041666665
BLT-01,141577.55,456881.76,1901.1815634776658,15.72013,50.74404,2.406332,122.37544947053402,1862.4921546961325,1984.8676041666665
BLT-01,141577.55,456881.76,1901.2541191298399,15.87787,51.41435,2.405353,122.37544947053402,1862.4921546961325,1984.8676041666665
BLT-01,141577.55,456881.76,1901.3266747820137,15.72499,52.38704,2.413272,122.37544947053402,1862.4921546961325,1984.8676041666665
BLT-01,141577.55,456881.76,1901.3992304341875,15.35672,53.08329,2.422533,122.37544947053402,1862.4921546961325,1984.8676041666665
BLT-01,141577.55,456881.76,1901.4717860863605,14.97883,53.35659,2.429803,122.37544947053402,1862.4921546961325,1984.8676041666665
BLT-01,141577.55,456881.76,1901.5443417385345,14.65773,53.18233,2.434065,122.37544947053402,1862.4921546961325,1984.8676041666665
BLT-01,141577.55,456881.76,1901.6168973907083,14.37344,52.66433,2.435876,122.37544947053402,1862.4921546961325,1984.8676041666665
BLT-01,141577.55,456881.76,1901.6894530428822,14.39803,51.65092,2.435092,122.37544947053402,1862.4921546961325,1984.8676041666665
BLT-01,141577.55,456881.76,1901.7620086950571,14.53239,50.63994,2.434329,122.37544947053402,1862.4921546961325,1984.8676041666665
BLT-01,141577.55,456881.76,1901.834564347231,14.64869,49.73984,2.434377,122.37544947053402,1862.4921546961325,1984.8676041666665
BLT-01,141577.55,456881.76,1901.907119999405,14.54518,48.97297,2.435864,122.37544947053402,1862.4921546961325,1984.8676041666665
BLT-01,141577.55,456881.76,1901.9796756515789,14.34518,48.26934,2.438251,122.37544947053402,1862.4921546961325,1984.8676041666665
BLT-01,141577.55,456881.76,1902.0522313037518,14.21458,47.76045,2.442127,122.37544947053402,1862.4921546961325,1984.8676041666665
BLT-01,141577.55,456881.76,1902.1247869559259,14.12619,47.55683,2.446764,122.37544947053402,1862.4921546961325,1984.8676041666665
BLT-01,141577.55,456881.76,1902.1973426080997,14.01941,47.78912,2.451056,122.37544947053402,1862.4921546961325,1984.8676041666665
BLT-01,141577.55,456881.76,1902.2698982602735,13.98537,48.08492,2.452549,122.37544947053402,1862.4921546961325,1984.8676041666665
BLT-01,141577.55,456881.76,1902.3424539124474,14.05573,48.0268,2.452067,122.37544947053402,1862.4921546961325,1984.8676041666665
BLT-01,141577.55,456881.76,1902.4150095646214,14.31061,47.52695,2.447075,122.37544947053402,1862.4921546961325,1984.8676041666665
BLT-01,141577.55,456881.76,1902.4875652167955,14.81046,46.57238,2.435589,122.37544947053402,1862.4921546961325,1984.8676041666665
BLT-01,141577.55,456881.76,1902.5601208689693,15.42995,46.09643,2.421428,122.37544947053402,1862.4921546961325,1984.8676041666665
BLT-01,141577.55,456881.76,1902.6326765211431,16.00036,46.14008,2.409613,122.37544947053402,1862.4921546961325,1984.8676041666665
BLT-01,141577.55,456881.76,1902.705232173317,16.48544,46.30697,2.399085,122.37544947053402,1862.4921546961325,1984.8676041666665
BLT-01,141577.55,456881.76,1902.777787825491,16.84404,46.35435,2.389789,122.37544947053402,1862.4921546961325,1984.8676041666665
BLT-01,141577.55,456881.76,1902.8503434776649,16.92752,46.14856,2.385607,122.37544947053402,1862.4921546961325,1984.8676041666665
BLT-01,141577.55,456881.76,1902.9228991298387,16.97746,45.99511,2.385461,122.37544947053402,1862.4921546961325,1984.8676041666665
BLT-01,141577.55,456881.76,1902.9954547820128,16.94761,45.95525,2.387373,122.37544947053402,1862.4921546961325,1984.8676041666665
BLT-01,141577.55,456881.76,1903.0680104341866,16.77923,45.99394,2.390628,122.37544947053402,1862.4921546961325,1984.8676041666665
BLT-01,141577.55,456881.76,1903.1405660863606,16.30987,45.89946,2.395067,122.37544947053402,1862.4921546961325,1984.8676041666665
BLT-01,141577.55,456881.76,1903.2131217385345,15.9937,45.7247,2.39918,122.37544947053402,1862.4921546961325,1984.8676041666665
BLT-01,141577.55,456881.76,1903.2856773907083,15.78308,45.6245,2.403016,122.37544947053402,1862.4921546961325,1984.8676041666665
BLT-01,141577.55,456881.76,1903.3582330428821,15.59761,45.72159,2.40688,122.37544947053402,1862.4921546961325,1984.8676041666665
BLT-01,141577.55,456881.76,1903.4307886950562,15.27812,46.22404,2.411428,122.37544947053402,1862.4921546961325,1984.8676041666665
BLT-01,141577.55,456881.76,1903.50334434723,14.80522,46.95984,2.420117,122.37544947053402,1862.4921546961325,1984.8676041666665
BLT-01,141577.55,456881.76,1903.575899999404,14.5061,47.42234,2.428399,122.37544947053402,1862.4921546961325,1984.8676041666665
BLT-01,141577.55,456881.76,1903.648455651578,14.39198,47.50496,2.434992,122.37544947053402,1862.4921546961325,1984.8676041666665
BLT-01,141577.55,456881.76,1903.7210113037518,14.43357,47.13308,2.438738,122.37544947053402,1862.4921546961325,1984.8676041666665
BLT-01,141577.55,456881.76,1903.7935669559258,14.50919,47.02295,2.442041,122.37544947053402,1862.4921546961325,1984.8676041666665
BLT-01,141577.55,456881.76,1903.8661226080997,14.60468,47.57294,2.445177,122.37544947053402,1862.4921546961325,1984.8676041666665
BLT-01,141577.55,456881.76,1903.9386782602735,14.68337,48.37397,2.447478,122.37544947053402,1862.4921546961325,1984.8676041666665
BLT-01,141577.55,456881.76,1904.0112339124473,14.72281,49.00955,2.448204,122.37544947053402,1862.4921546961325,1984.8676041666665
BLT-01,141577.55,456881.76,1904.0837895646214,14.89442,48.71165,2.444322,122.37544947053402,1862.4921546961325,1984.8676041666665
BLT-01,141577.55,456881.76,1904.1563452167954,15.26043,48.07668,2.438314,122.37544947053402,1862.4921546961325,1984.8676041666665
BLT-01,141577.55,456881.76,1904.2289008689693,15.58455,47.20065,2.429967,122.37544947053402,1862.4921546961325,1984.8676041666665
BLT-01,141577.55,456881.76,1904.301456521143,15.73724,46.21578,2.420152,122.37544947053402,1862.4921546961325,1984.8676041666665
BLT-01,141577.55,456881.76,1904.3740121733172,15.72512,45.66336,2.415637,122.37544947053402,1862.4921546961325,1984.8676041666665
BLT-01,141577.55,456881.76,1904.4465537698964,15.72959,45.77472,2.417613,122.37544947053402,1862.4921546961325,1984.8676041666665
BLT-01,141577.55,456881.76,1904.5190478682568,15.50595,46.35154,2.424893,122.37544947053402,1862.4921546961325,1984.8676041666665
BLT-01,141577.55,456881.76,1904.5915419666167,15.02284,47.21319,2.435749,122.37544947053402,1862.4921546961325,1984.8676041666665
BLT-01,141577.55,456881.76,1904.6640360649774,14.46624,47.93491,2.445235,122.37544947053402,1862.4921546961325,1984.8676041666665
BLT-01,141577.55,456881.76,1904.7365301633379,14.23432,48.33356,2.449766,122.37544947053402,1862.4921546961325,1984.8676041666665
BLT-01,141577.55,456881.76,1904.8090242616986,14.11488,48.50583,2.452436,122.37544947053402,1862.4921546961325,1984.8676041666665
BLT-01,141577.55,456881.76,1904.8815183600593,14.10062,48.44909,2.453723,122.37544947053402,1862.4921546961325,1984.8676041666665
BLT-01,141577.55,456881.76,1904.95401245842,14.2634,48.11727,2.453393,122.37544947053402,1862.4921546961325,1984.8676041666665
BLT-01,141577.55,456881.76,1905.0265065567808,14.40226,48.09743,2.452884,122.37544947053402,1862.4921546961325,1984.8676041666665
BLT-01,141577.55,456881.76,1905.0990006551413,14.42572,48.44373,2.454083,122.37544947053402,1862.4921546961325,1984.8676041666665
BLT-01,141577.55,456881.76,1905.171494753502,14.34416,49.09875,2.45689,122.37544947053402,1862.4921546961325,1984.8676041666665
BLT-01,141577.55,456881.76,1905.2439888518625,14.18466,49.97166,2.460908,122.37544947053402,1862.4921546961325,1984.8676041666665
BLT-01,141577.55,456881.76,1905.3164829502232,14.04155,50.77629,2.464289,122.37544947053402,1862.4921546961325,1984.8676041666665
BLT-01,141577.55,456881.76,1905.388977048584,14.15484,51.09264,2.464497,122.37544947053402,1862.4921546961325,1984.8676041666665
BLT-01,141577.55,456881.76,1905.4614711469444,14.39865,51.06633,2.461893,122.37544947053402,1862.4921546961325,1984.8676041666665
BLT-01,141577.55,456881.76,1905.5339652453054,14.65412,50.85337,2.457088,122.37544947053402,1862.4921546961325,1984.8676041666665
BLT-01,141577.55,456881.76,1905.6064593436658,14.86282,50.72966,2.453442,122.37544947053402,1862.4921546961325,1984.8676041666665
BLT-01,141577.55,456881.76,1905.6789534420266,14.91546,50.57574,2.451893,122.37544947053402,1862.4921546961325,1984.8676041666665
BLT-01,141577.55,456881.76,1905.7514475403873,14.8303,50.34974,2.45262,122.37544947053402,1862.4921546961325,1984.8676041666665
BLT-01,141577.55,456881.76,1905.8239416387478,14.63759,50.02747,2.455605,122.37544947053402,1862.4921546961325,1984.8676041666665
BLT-01,141577.55,456881.76,1905.8964357371085,14.4718,49.59815,2.460101,122.37544947053402,1862.4921546961325,1984.8676041666665
BLT-01,141577.55,456881.76,1905.968929835469,14.47975,49.28236,2.463284,122.37544947053402,1862.4921546961325,1984.8676041666665
BLT-01,141577.55,456881.76,1906.0414239338297,14.67041,49.39259,2.464167,122.37544947053402,1862.4921546961325,1984.8676041666665
BLT-01,141577.55,456881.76,1906.1139180321904,14.99141,49.9401,2.462289,122.37544947053402,1862.4921546961325,1984.8676041666665
BLT-01,141577.55,456881.76,1906.1864121305512,15.24271,50.59702,2.457148,122.37544947053402,1862.4921546961325,1984.8676041666665
BLT-01,141577.55,456881.76,1906.2589062289119,15.34397,50.80903,2.451375,122.37544947053402,1862.4921546961325,1984.8676041666665
BLT-01,141577.55,456881.76,1906.3314003272724,15.44573,50.54508,2.444955,122.37544947053402,1862.4921546961325,1984.8676041666665
BLT-01,141577.55,456881.76,1906.403894425633,15.53225,49.9799,2.438668,122.37544947053402,1862.4921546961325,1984.8676041666665
BLT-01,141577.55,456881.76,1906.4763885239936,15.51054,49.50011,2.434186,122.37544947053402,1862.4921546961325,1984.8676041666665
BLT-01,141577.55,456881.76,1906.5488826223543,15.60893,49.69038,2.43186,122.37544947053402,1862.4921546961325,1984.8676041666665
BLT-01,141577.55,456881.76,1906.621376720715,15.70926,50.1185,2.428763,122.37544947053402,1862.4921546961325,1984.8676041666665
BLT-01,141577.55,456881.76,1906.6938708190758,15.83827,50.60467,2.423877,122.37544947053402,1862.4921546961325,1984.8676041666665
BLT-01,141577.55,456881.76,1906.7663649174365,16.04323,50.95818,2.416228,122.37544947053402,1862.4921546961325,1984.8676041666665
BLT-01,141577.55,456881.76,1906.838859015797,16.45058,50.74181,2.410152,122.37544947053402,1862.4921546961325,1984.8676041666665
BLT-01,141577.55,456881.76,1906.9113531141577,16.69304,50.33102,2.406593,122.37544947053402,1862.4921546961325,1984.8676041666665
BLT-01,141577.55,456881.76,1906.9838472125182,16.80872,49.88102,2.404737,122.37544947053402,1862.4921546961325,1984.8676041666665
BLT-01,141577.55,456881.76,1907.056341310879,16.8406,49.51366,2.403904,122.37544947053402,1862.4921546961325,1984.8676041666665
BLT-01,141577.55,456881.76,1907.1288354092396,16.86037,49.07666,2.405233,122.37544947053402,1862.4921546961325,1984.8676041666665
BLT-01,141577.55,456881.76,1907.2013295076001,16.83392,48.63871,2.40774,122.37544947053402,1862.4921546961325,1984.8676041666665
BLT-01,141577.55,456881.76,1907.273823605961,16.77685,48.19736,2.410565,122.37544947053402,1862.4921546961325,1984.8676041666665
BLT-01,141577.55,456881.76,1907.3463177043216,16.72814,47.74215,2.413075,122.37544947053402,1862.4921546961325,1984.8676041666665
BLT-01,141577.55,456881.76,1907.4188118026823,16.88657,47.21351,2.414121,122.37544947053402,1862.4921546961325,1984.8676041666665
BLT-01,141577.55,456881.76,1907.491305901043,16.92744,46.5155,2.413551,122.37544947053402,1862.4921546961325,1984.8676041666665
BLT-01,141577.55,456881.76,1907.5637999994035,16.83098,45.89207,2.412231,122.37544947053402,1862.4921546961325,1984.8676041666665
BLT-01,141577.55,456881.76,1907.6362940977642,16.63716,45.46538,2.410628,122.37544947053402,1862.4921546961325,1984.8676041666665
BLT-01,141577.55,456881.76,1907.708788196124,16.50956,45.39229,2.409417,122.37544947053402,1862.4921546961325,1984.8676041666665
BLT-01,141577.55,456881.76,1907.7812822944845,16.45826,45.43808,2.407905,122.37544947053402,1862.4921546961325,1984.8676041666665
BLT-01,141577.55,456881.76,1907.8537763928452,16.54563,46.04353,2.406237,122.37544947053402,1862.4921546961325,1984.8676041666665
BLT-01,141577.55,456881.76,1907.9262704912057,16.70659,47.15446,2.404486,122.37544947053402,1862.4921546961325,1984.8676041666665
BLT-01,141577.55,456881.76,1907.9987645895665,16.78108,48.4922,2.402751,122.37544947053402,1862.4921546961325,1984.8676041666665
BLT-01,141577.55,456881.76,1908.0712586879272,16.69927,49.32804,2.401385,122.37544947053402,1862.4921546961325,1984.8676041666665
BLT-01,141577.55,456881.76,1908.143752786288,16.67711,49.61399,2.399692,122.37544947053402,1862.4921546961325,1984.8676041666665
BLT-01,141577.55,456881.76,1908.2162468846486,16.67066,49.38033,2.398211,122.37544947053402,1862.4921546961325,1984.8676041666665
BLT-01,141577.55,456881.76,1908.2887409830091,16.6008,48.68562,2.397704,122.37544947053402,1862.4921546961325,1984.8676041666665
BLT-01,141577.55,456881.76,1908.3612350813698,16.4919,47.96853,2.399457,122.37544947053402,1862.4921546961325,1984.8676041666665
BLT-01,141577.55,456881.76,1908.4337291797303,16.3558,47.39757,2.401875,122.37544947053402,1862.4921546961325,1984.8676041666665
BLT-01,141577.55,456881.76,1908.506223278091,16.13209,46.87021,2.405715,122.37544947053402,1862.4921546961325,1984.8676041666665
BLT-01,141577.55,456881.76,1908.5787173764518,15.78248,46.30591,2.411454,122.37544947053402,1862.4921546961325,1984.8676041666665
BLT-01,141577.55,456881.76,1908.6512114748123,15.46534,45.82221,2.417054,122.37544947053402,1862.4921546961325,1984.8676041666665
BLT-01,141577.55,456881.76,1908.7237055731732,15.15928,45.11789,2.421978,122.37544947053402,1862.4921546961325,1984.8676041666665
BLT-01,141577.55,456881.76,1908.7961996715337,14.91629,44.33814,2.427212,122.37544947053402,1862.4921546961325,1984.8676041666665
BLT-01,141577.55,456881.76,1908.8686937698944,14.7915,43.63356,2.432835,122.37544947053402,1862.4921546961325,1984.8676041666665
BLT-01,141577.55,456881.76,1908.9411878682552,14.96259,43.47744,2.436146,122.37544947053402,1862.4921546961325,1984.8676041666665
BLT-01,141577.55,456881.76,1909.0136819666156,15.22373,43.71275,2.436436,122.37544947053402,1862.4921546961325,1984.8676041666665
BLT-01,141577.55,456881.76,1909.0861760649764,15.39259,43.992,2.435274,122.37544947053402,1862.4921546961325,1984.8676041666665
BLT-01,141577.55,456881.76,1909.1586701633369,15.37871,44.116,2.433639,122.37544947053402,1862.4921546961325,1984.8676041666665
BLT-01,141577.55,456881.76,1909.2311642616976,15.06598,43.77069,2.433225,122.37544947053402,1862.4921546961325,1984.8676041666665
BLT-01,141577.55,456881.76,1909.3036583600583,14.77533,43.30887,2.435783,122.37544947053402,1862.4921546961325,1984.8676041666665
BLT-01,141577.55,456881.76,1909.376152458419,14.56201,42.87096,2.440428,122.37544947053402,1862.4921546961325,1984.8676041666665
BLT-01,141577.55,456881.76,1909.4486465567797,14.27138,42.56186,2.4474,122.37544947053402,1862.4921546961325,1984.8676041666665
BLT-01,141577.55,456881.76,1909.5211406551402,13.56541,42.54732,2.457517,122.37544947053402,1862.4921546961325,1984.8676041666665
BLT-01,141577.55,456881.76,1909.593634753501,12.84728,43.14102,2.464692,122.37544947053402,1862.4921546961325,1984.8676041666665
BLT-01,141577.55,456881.76,1909.6661288518615,12.51039,44.0814,2.468328,122.37544947053402,1862.4921546961325,1984.8676041666665
BLT-01,141577.55,456881.76,1909.7386229502222,12.50027,45.29951,2.469121,122.37544947053402,1862.4921546961325,1984.8676041666665
BLT-01,141577.55,456881.76,1909.811117048583,12.70062,46.72504,2.468092,122.37544947053402,1862.4921546961325,1984.8676041666665
BLT-01,141577.55,456881.76,1909.8836111469436,13.23437,48.18757,2.461339,122.37544947053402,1862.4921546961325,1984.8676041666665
BLT-01,141577.55,456881.76,1909.9561052453043,13.75767,49.25157,2.453721,122.37544947053402,1862.4921546961325,1984.8676041666665
BLT-01,141577.55,456881.76,1910.0285993436648,14.17579,49.8967,2.446902,122.37544947053402,1862.4921546961325,1984.8676041666665
BLT-01,141577.55,456881.76,1910.1010934420256,14.42515,50.18425,2.442207,122.37544947053402,1862.4921546961325,1984.8676041666665
BLT-01,141577.55,456881.76,1910.173587540386,14.66908,51.08283,2.439378,122.37544947053402,1862.4921546961325,1984.8676041666665
BLT-01,141577.55,456881.76,1910.2460816387468,14.8973,51.92062,2.437537,122.37544947053402,1862.4921546961325,1984.8676041666665
BLT-01,141577.55,456881.76,1910.3185757371075,15.08811,52.4054,2.43606,122.37544947053402,1862.4921546961325,1984.8676041666665
BLT-01,141577.55,456881.76,1910.391069835468,15.22873,52.38778,2.434529,122.37544947053402,1862.4921546961325,1984.8676041666665
BLT-01,141577.55,456881.76,1910.463563933829,15.30856,51.86282,2.432343,122.37544947053402,1862.4921546961325,1984.8676041666665
BLT-01,141577.55,456881.76,1910.5360580321894,15.1926,51.02638,2.431845,122.37544947053402,1862.4921546961325,1984.8676041666665
BLT-01,141577.55,456881.76,1910.6085521305502,15.06798,50.36377,2.433103,122.37544947053402,1862.4921546961325,1984.8676041666665
BLT-01,141577.55,456881.76,1910.6810462289109,15.0057,50.06905,2.43611,122.37544947053402,1862.4921546961325,1984.8676041666665
BLT-01,141577.55,456881.76,1910.7535403272714,15.05313,50.29816,2.440772,122.37544947053402,1862.4921546961325,1984.8676041666665
BLT-01,141577.55,456881.76,1910.8260344256312,15.08166,50.56561,2.444835,122.37544947053402,1862.4921546961325,1984.8676041666665
BLT-01,141577.55,456881.76,1910.898528523992,15.15717,50.70594,2.44649,122.37544947053402,1862.4921546961325,1984.8676041666665
BLT-01,141577.55,456881.76,1910.9710226223524,15.29664,50.68673,2.44544,122.37544947053402,1862.4921546961325,1984.8676041666665
BLT-01,141577.55,456881.76,1911.0435167207131,15.51181,50.49904,2.441705,122.37544947053402,1862.4921546961325,1984.8676041666665
BLT-01,141577.55,456881.76,1911.1160108190736,15.71026,50.18211,2.437942,122.37544947053402,1862.4921546961325,1984.8676041666665
BLT-01,141577.55,456881.76,1911.1885049174343,15.79253,49.75475,2.435448,122.37544947053402,1862.4921546961325,1984.8676041666665
BLT-01,141577.55,456881.76,1911.260999015795,15.75913,49.40331,2.43421,122.37544947053402,1862.4921546961325,1984.8676041666665
BLT-01,141577.55,456881.76,1911.3334931141558,15.62334,49.35417,2.434052,122.37544947053402,1862.4921546961325,1984.8676041666665
BLT-01,141577.55,456881.76,1911.4059872125165,15.43779,49.87348,2.433381,122.37544947053402,1862.4921546961325,1984.8676041666665
BLT-01,141577.55,456881.76,1911.478481310877,15.38849,50.88482,2.432166,122.37544947053402,1862.4921546961325,1984.8676041666665
BLT-01,141577.55,456881.76,1911.5509754092377,15.43766,52.0166,2.431222,122.37544947053402,1862.4921546961325,1984.8676041666665
BLT-01,141577.55,456881.76,1911.6234695075982,15.55003,52.9317,2.431281,122.37544947053402,1862.4921546961325,1984.8676041666665
BLT-01,141577.55,456881.76,1911.695963605959,15.69847,53.18087,2.433439,122.37544947053402,1862.4921546961325,1984.8676041666665
BLT-01,141577.55,456881.76,1911.7684577043196,15.76492,53.13703,2.435543,122.37544947053402,1862.4921546961325,1984.8676041666665
BLT-01,141577.55,456881.76,1911.8409518026804,15.76921,52.59299,2.437109,122.37544947053402,1862.4921546961325,1984.8676041666665
BLT-01,141577.55,456881.76,1911.913445901041,15.73636,51.52773,2.437824,122.37544947053402,1862.4921546961325,1984.8676041666665
BLT-01,141577.55,456881.76,1911.9859399994016,15.75654,50.43114,2.437239,122.37544947053402,1862.4921546961325,1984.8676041666665
BLT-01,141577.55,456881.76,1912.0584340977623,15.78261,49.89603,2.436354,122.37544947053402,1862.4921546961325,1984.8676041666665
BLT-01,141577.55,456881.76,1912.1309281961228,15.77539,49.86296,2.434411,122.37544947053402,1862.4921546961325,1984.8676041666665
BLT-01,141577.55,456881.76,1912.2034222944835,15.71924,50.23915,2.43149,122.37544947053402,1862.4921546961325,1984.8676041666665
BLT-01,141577.55,456881.76,1912.2759163928442,15.60119,50.77687,2.428604,122.37544947053402,1862.4921546961325,1984.8676041666665
BLT-01,141577.55,456881.76,1912.3484104912047,15.39571,50.90057,2.427493,122.37544947053402,1862.4921546961325,1984.8676041666665
BLT-01,141577.55,456881.76,1912.4209045895657,15.18063,50.83508,2.427795,122.37544947053402,1862.4921546961325,1984.8676041666665
BLT-01,141577.55,456881.76,1912.4933986879262,14.92651,50.56543,2.43017,122.37544947053402,1862.4921546961325,1984.8676041666665
BLT-01,141577.55,456881.76,1912.565892786287,14.54993,49.98932,2.436028,122.37544947053402,1862.4921546961325,1984.8676041666665
BLT-01,141577.55,456881.76,1912.6383868846476,14.17774,49.48813,2.441586,122.37544947053402,1862.4921546961325,1984.8676041666665
BLT-01,141577.55,456881.76,1912.710880983008,14.01215,49.23901,2.44479,122.37544947053402,1862.4921546961325,1984.8676041666665
BLT-01,141577.55,456881.76,1912.7833750813688,14.08619,49.28152,2.445589,122.37544947053402,1862.4921546961325,1984.8676041666665
BLT-01,141577.55,456881.76,1912.8558691797293,14.41489,49.63907,2.444177,122.37544947053402,1862.4921546961325,1984.8676041666665
BLT-01,141577.55,456881.76,1912.92836327809,14.78005,50.09108,2.442679,122.37544947053402,1862.4921546961325,1984.8676041666665
BLT-01,141577.55,456881.76,1913.0008573764508,15.12049,50.33148,2.44284,122.37544947053402,1862.4921546961325,1984.8676041666665
BLT-01,141577.55,456881.76,1913.0733514748115,15.39113,50.3298,2.444488,122.37544947053402,1862.4921546961325,1984.8676041666665
BLT-01,141577.55,456881.76,1913.1458455731722,15.53722,50.0477,2.447409,122.37544947053402,1862.4921546961325,1984.8676041666665
BLT-01,141577.55,456881.76,1913.2183396715327,15.28466,49.21962,2.451013,122.37544947053402,1862.4921546961325,1984.8676041666665
BLT-01,141577.55,456881.76,1913.2908337698934,14.84369,48.65216,2.453457,122.37544947053402,1862.4921546961325,1984.8676041666665
BLT-01,141577.55,456881.76,1913.363327868254,14.33336,48.50142,2.454942,122.37544947053402,1862.4921546961325,1984.8676041666665
BLT-01,141577.55,456881.76,1913.4358219666137,13.82923,48.83603,2.455951,122.37544947053402,1862.4921546961325,1984.8676041666665
BLT-01,141577.55,456881.76,1913.5083160649745,13.4322,49.61152,2.458715,122.37544947053402,1862.4921546961325,1984.8676041666665
BLT-01,141577.55,456881.76,1913.580810163335,13.37303,49.99144,2.46115,122.37544947053402,1862.4921546961325,1984.8676041666665
BLT-01,141577.55,456881.76,1913.6533042616957,13.48557,49.92305,2.462043,122.37544947053402,1862.4921546961325,1984.8676041666665
BLT-01,141577.55,456881.76,1913.7257983600564,13.6784,49.47491,2.460929,122.37544947053402,1862.4921546961325,1984.8676041666665
BLT-01,141577.55,456881.76,1913.798292458418,13.81274,48.91773,2.45745,122.37544947053402,1862.4921546961325,1984.8676041666665
BLT-01,141577.55,456881.76,1913.8707865567787,13.99895,48.24965,2.44955,122.37544947053402,1862.4921546961325,1984.8676041666665
BLT-01,141577.55,456881.76,1913.9432806551392,14.21319,47.65979,2.442263,122.37544947053402,1862.4921546961325,1984.8676041666665
BLT-01,141577.55,456881.76,1914.015774753499,14.47345,47.20903,2.437019,122.37544947053402,1862.4921546961325,1984.8676041666665
BLT-01,141577.55,456881.76,1914.0882688518598,14.82182,46.95649,2.435032,122.37544947053402,1862.4921546961325,1984.8676041666665
BLT-01,141577.55,456881.76,1914.1607629502203,15.42214,47.14199,2.430059,122.37544947053402,1862.4921546961325,1984.8676041666665
BLT-01,141577.55,456881.76,1914.233257048581,15.98911,47.58897,2.423187,122.37544947053402,1862.4921546961325,1984.8676041666665
BLT-01,141577.55,456881.76,1914.3057511469415,16.45964,48.15142,2.415174,122.37544947053402,1862.4921546961325,1984.8676041666665
BLT-01,141577.55,456881.76,1914.3782452453024,16.78304,48.66506,2.406878,122.37544947053402,1862.4921546961325,1984.8676041666665
BLT-01,141577.55,456881.76,1914.450739343663,16.81756,49.09119,2.398371,122.37544947053402,1862.4921546961325,1984.8676041666665
BLT-01,141577.55,456881.76,1914.5232334420236,16.72749,49.55101,2.390196,122.37544947053402,1862.4921546961325,1984.8676041666665
BLT-01,141577.55,456881.76,1914.5957275403844,16.65231,49.94686,2.38398,122.37544947053402,1862.4921546961325,1984.8676041666665
BLT-01,141577.55,456881.76,1914.6682216387449,16.67777,50.20132,2.381118,122.37544947053402,1862.4921546961325,1984.8676041666665
BLT-01,141577.55,456881.76,1914.7407157371056,16.51417,50.28105,2.383726,122.37544947053402,1862.4921546961325,1984.8676041666665
BLT-01,141577.55,456881.76,1914.813209835466,16.19212,50.13354,2.391906,122.37544947053402,1862.4921546961325,1984.8676041666665
BLT-01,141577.55,456881.76,1914.8857039338268,15.8738,49.76047,2.401719,122.37544947053402,1862.4921546961325,1984.8676041666665
BLT-01,141577.55,456881.76,1914.9581980321877,15.62928,49.14389,2.410589,122.37544947053402,1862.4921546961325,1984.8676041666665
BLT-01,141577.55,456881.76,1915.0306921305482,15.41609,48.17863,2.414607,122.37544947053402,1862.4921546961325,1984.8676041666665
BLT-01,141577.55,456881.76,1915.103186228909,15.28556,47.07816,2.414574,122.37544947053402,1862.4921546961325,1984.8676041666665
BLT-01,141577.55,456881.76,1915.1756803272694,15.17261,46.25115,2.41148,122.37544947053402,1862.4921546961325,1984.8676041666665
BLT-01,141577.55,456881.76,1915.2481744256302,15.05148,45.92737,2.406766,122.37544947053402,1862.4921546961325,1984.8676041666665
BLT-01,141577.55,456881.76,1915.3206685239907,14.89945,46.46526,2.404102,122.37544947053402,1862.4921546961325,1984.8676041666665
BLT-01,141577.55,456881.76,1915.3931626223514,14.9041,47.36769,2.40688,122.37544947053402,1862.4921546961325,1984.8676041666665
BLT-01,141577.55,456881.76,1915.465656720712,14.84347,48.29635,2.414932,122.37544947053402,1862.4921546961325,1984.8676041666665
BLT-01,141577.55,456881.76,1915.5381508190728,14.68576,49.08473,2.426316,122.37544947053402,1862.4921546961325,1984.8676041666665
BLT-01,141577.55,456881.76,1915.6106449174335,14.43623,49.51717,2.437394,122.37544947053402,1862.4921546961325,1984.8676041666665
BLT-01,141577.55,456881.76,1915.683139015794,14.43499,49.40606,2.443935,122.37544947053402,1862.4921546961325,1984.8676041666665
BLT-01,141577.55,456881.76,1915.7556331141548,14.66931,49.39938,2.447919,122.37544947053402,1862.4921546961325,1984.8676041666665
BLT-01,141577.55,456881.76,1915.8281272125155,15.04247,49.53386,2.448256,122.37544947053402,1862.4921546961325,1984.8676041666665
BLT-01,141577.55,456881.76,1915.900621310876,15.43703,49.79956,2.443623,122.37544947053402,1862.4921546961325,1984.8676041666665
BLT-01,141577.55,456881.76,1915.9731154092367,15.77099,50.02475,2.432822,122.37544947053402,1862.4921546961325,1984.8676041666665
BLT-01,141577.55,456881.76,1916.0456095075972,16.45311,49.62835,2.415733,122.37544947053402,1862.4921546961325,1984.8676041666665
BLT-01,141577.55,456881.76,1916.1181036059581,17.2348,48.74305,2.397659,122.37544947053402,1862.4921546961325,1984.8676041666665
BLT-01,141577.55,456881.76,1916.1905977043186,17.89928,47.53967,2.383108,122.37544947053402,1862.4921546961325,1984.8676041666665
BLT-01,141577.55,456881.76,1916.2630918026794,18.14663,46.74102,2.37733,122.37544947053402,1862.4921546961325,1984.8676041666665
BLT-01,141577.55,456881.76,1916.33558590104,18.16375,46.23747,2.373141,122.37544947053402,1862.4921546961325,1984.8676041666665
BLT-01,141577.55,456881.76,1916.4080799994006,17.95654,46.0126,2.371454,122.37544947053402,1862.4921546961325,1984.8676041666665
BLT-01,141577.55,456881.76,1916.4805740977613,17.5705,46.04197,2.372918,122.37544947053402,1862.4921546961325,1984.8676041666665
BLT-01,141577.55,456881.76,1916.553068196121,17.241,46.23246,2.378735,122.37544947053402,1862.4921546961325,1984.8676041666665
BLT-01,141577.55,456881.76,1916.6255622944816,17.13905,46.41902,2.387733,122.37544947053402,1862.4921546961325,1984.8676041666665
BLT-01,141577.55,456881.76,1916.6980563928423,17.04685,46.54347,2.394181,122.37544947053402,1862.4921546961325,1984.8676041666665
BLT-01,141577.55,456881.76,1916.7705504912028,16.90785,46.6006,2.395602,122.37544947053402,1862.4921546961325,1984.8676041666665
BLT-01,141577.55,456881.76,1916.8430445895635,16.7346,46.62415,2.389257,122.37544947053402,1862.4921546961325,1984.8676041666665
BLT-01,141577.55,456881.76,1916.9155386879245,16.79191,46.81091,2.378245,122.37544947053402,1862.4921546961325,1984.8676041666665
BLT-01,141577.55,456881.76,1916.988032786285,16.92846,47.14899,2.369787,122.37544947053402,1862.4921546961325,1984.8676041666665
BLT-01,141577.55,456881.76,1917.0605268846457,17.11234,47.62427,2.365634,122.37544947053402,1862.4921546961325,1984.8676041666665
BLT-01,141577.55,456881.76,1917.1330209830062,17.3265,48.21349,2.366996,122.37544947053402,1862.4921546961325,1984.8676041666665
BLT-01,141577.55,456881.76,1917.205515081367,18.12113,49.28808,2.367837,122.37544947053402,1862.4921546961325,1984.8676041666665
BLT-01,141577.55,456881.76,1917.2780091797274,18.82664,50.28432,2.367139,122.37544947053402,1862.4921546961325,1984.8676041666665
BLT-01,141577.55,456881.76,1917.3505032780881,19.28354,51.02641,2.365532,122.37544947053402,1862.4921546961325,1984.8676041666665
BLT-01,141577.55,456881.76,1917.4229973764488,19.36479,51.3585,2.36388,122.37544947053402,1862.4921546961325,1984.8676041666665
BLT-01,141577.55,456881.76,1917.4954914748096,19.42644,51.35417,2.366034,122.37544947053402,1862.4921546961325,1984.8676041666665
BLT-01,141577.55,456881.76,1917.5679855731703,19.37521,51.22174,2.370209,122.37544947053402,1862.4921546961325,1984.8676041666665
BLT-01,141577.55,456881.76,1917.6404796715308,19.10189,50.98124,2.375865,122.37544947053402,1862.4921546961325,1984.8676041666665
BLT-01,141577.55,456881.76,1917.7129737698915,18.52702,50.65044,2.383161,122.37544947053402,1862.4921546961325,1984.8676041666665
BLT-01,141577.55,456881.76,1917.7854678682522,17.62981,50.23839,2.39898,122.37544947053402,1862.4921546961325,1984.8676041666665
BLT-01,141577.55,456881.76,1917.8579619666127,17.15484,49.88202,2.412683,122.37544947053402,1862.4921546961325,1984.8676041666665
BLT-01,141577.55,456881.76,1917.9304560649734,16.89354,49.54928,2.420574,122.37544947053402,1862.4921546961325,1984.8676041666665
BLT-01,141577.55,456881.76,1918.002950163334,16.76601,49.22884,2.419846,122.37544947053402,1862.4921546961325,1984.8676041666665
BLT-01,141577.55,456881.76,1918.0754442616949,16.85564,48.93864,2.404587,122.37544947053402,1862.4921546961325,1984.8676041666665
BLT-01,141577.55,456881.76,1918.1479383600554,17.34651,48.93663,2.388344,122.37544947053402,1862.4921546961325,1984.8676041666665
BLT-01,141577.55,456881.76,1918.220432458416,17.97289,49.05893,2.378451,122.37544947053402,1862.4921546961325,1984.8676041666665
BLT-01,141577.55,456881.76,1918.2929265567768,18.55994,49.17118,2.375981,122.37544947053402,1862.4921546961325,1984.8676041666665
BLT-01,141577.55,456881.76,1918.3654206551373,18.79805,49.00233,2.378152,122.37544947053402,1862.4921546961325,1984.8676041666665
BLT-01,141577.55,456881.76,1918.437914753498,18.94057,48.5166,2.379376,122.37544947053402,1862.4921546961325,1984.8676041666665
BLT-01,141577.55,456881.76,1918.5104088518585,19.06542,48.08343,2.377709,122.37544947053402,1862.4921546961325,1984.8676041666665
BLT-01,141577.55,456881.76,1918.5829029502192,19.1428,47.81152,2.374164,122.37544947053402,1862.4921546961325,1984.8676041666665
BLT-01,141577.55,456881.76,1918.6553970485802,19.09794,47.79961,2.371115,122.37544947053402,1862.4921546961325,1984.8676041666665
BLT-01,141577.55,456881.76,1918.7278911469407,19.25437,48.0533,2.371323,122.37544947053402,1862.4921546961325,1984.8676041666665
BLT-01,141577.55,456881.76,1918.8003852453014,19.49985,48.64905,2.370791,122.37544947053402,1862.4921546961325,1984.8676041666665
BLT-01,141577.55,456881.76,1918.872879343662,19.73315,49.43284,2.368853,122.37544947053402,1862.4921546961325,1984.8676041666665
BLT-01,141577.55,456881.76,1918.9453734420226,19.8468,50.21479,2.365063,122.37544947053402,1862.4921546961325,1984.8676041666665
BLT-01,141577.55,456881.76,1919.0178675403833,19.81828,50.61589,2.359998,122.37544947053402,1862.4921546961325,1984.8676041666665
BLT-01,141577.55,456881.76,1919.0903616387438,19.91953,50.57581,2.355614,122.37544947053402,1862.4921546961325,1984.8676041666665
BLT-01,141577.55,456881.76,1919.1628557371046,20.21193,50.27126,2.352893,122.37544947053402,1862.4921546961325,1984.8676041666665
BLT-01,141577.55,456881.76,1919.2353498354653,20.69437,49.85227,2.352534,122.37544947053402,1862.4921546961325,1984.8676041666665
BLT-01,141577.55,456881.76,1919.307843933826,20.88647,49.49532,2.354608,122.37544947053402,1862.4921546961325,1984.8676041666665
BLT-01,141577.55,456881.76,1919.3803380321865,20.45745,49.22723,2.355274,122.37544947053402,1862.4921546961325,1984.8676041666665
BLT-01,141577.55,456881.76,1919.4528321305472,19.85573,49.15018,2.355031,122.37544947053402,1862.4921546961325,1984.8676041666665
BLT-01,141577.55,456881.76,1919.525326228908,19.33983,49.34102,2.354711,122.37544947053402,1862.4921546961325,1984.8676041666665
BLT-01,141577.55,456881.76,1919.5978203272684,19.20748,49.95967,2.357485,122.37544947053402,1862.4921546961325,1984.8676041666665
BLT-01,141577.55,456881.76,1919.6703144256282,18.63411,50.7739,2.376272,122.37544947053402,1862.4921546961325,1984.8676041666665
BLT-01,141577.55,456881.76,1919.742808523989,17.81926,51.2418,2.401659,122.37544947053402,1862.4921546961325,1984.8676041666665
BLT-01,141577.55,456881.76,1919.8153026223495,16.9088,51.2023,2.428346,122.37544947053402,1862.4921546961325,1984.8676041666665
BLT-01,141577.55,456881.76,1919.8877967207102,16.17669,50.60397,2.448072,122.37544947053402,1862.4921546961325,1984.8676041666665
BLT-01,141577.55,456881.76,1919.9602908190707,15.67991,49.88708,2.459498,122.37544947053402,1862.4921546961325,1984.8676041666665
BLT-01,141577.55,456881.76,1920.0327849174314,15.5017,49.46489,2.46298,122.37544947053402,1862.4921546961325,1984.8676041666665
BLT-01,141577.55,456881.76,1920.1052790157923,15.5777,49.36229,2.459982,122.37544947053402,1862.4921546961325,1984.8676041666665
BLT-01,141577.55,456881.76,1920.1777731141528,15.77089,49.51751,2.453054,122.37544947053402,1862.4921546961325,1984.8676041666665
BLT-01,141577.55,456881.76,1920.2502672125136,15.5642,49.16508,2.449141,122.37544947053402,1862.4921546961325,1984.8676041666665
BLT-01,141577.55,456881.76,1920.322761310874,15.43081,48.68217,2.44826,122.37544947053402,1862.4921546961325,1984.8676041666665
BLT-01,141577.55,456881.76,1920.3952554092348,15.42324,48.22214,2.449632,122.37544947053402,1862.4921546961325,1984.8676041666665
BLT-01,141577.55,456881.76,1920.4677495075953,15.56765,47.93528,2.452193,122.37544947053402,1862.4921546961325,1984.8676041666665
BLT-01,141577.55,456881.76,1920.540243605956,15.80777,47.97058,2.447716,122.37544947053402,1862.4921546961325,1984.8676041666665
BLT-01,141577.55,456881.76,1920.6127377043167,16.19718,48.07762,2.439279,122.37544947053402,1862.4921546961325,1984.8676041666665
BLT-01,141577.55,456881.76,1920.6852318026774,16.68444,48.22958,2.428697,122.37544947053402,1862.4921546961325,1984.8676041666665
BLT-01,141577.55,456881.76,1920.7577259010382,17.2271,48.38281,2.417377,122.37544947053402,1862.4921546961325,1984.8676041666665
BLT-01,141577.55,456881.76,1920.8302199993987,17.78297,48.28301,2.406044,122.37544947053402,1862.4921546961325,1984.8676041666665
BLT-01,141577.55,456881.76,1920.9027140977594,18.0264,48.04604,2.399478,122.37544947053402,1862.4921546961325,1984.8676041666665
BLT-01,141577.55,456881.76,1920.97520819612,18.061,47.67468,2.396866,122.37544947053402,1862.4921546961325,1984.8676041666665
BLT-01,141577.55,456881.76,1921.0477022944806,18.0143,47.20144,2.3968,122.37544947053402,1862.4921546961325,1984.8676041666665
BLT-01,141577.55,456881.76,1921.1201963928413,18.30317,46.78569,2.393923,122.37544947053402,1862.4921546961325,1984.8676041666665
BLT-01,141577.55,456881.76,1921.1926904912018,18.63025,46.58695,2.388137,122.37544947053402,1862.4921546961325,1984.8676041666665
BLT-01,141577.55,456881.76,1921.2651845895628,18.81023,46.682,2.381056,122.37544947053402,1862.4921546961325,1984.8676041666665
BLT-01,141577.55,456881.76,1921.3376786879232,18.95056,47.06852,2.372292,122.37544947053402,1862.4921546961325,1984.8676041666665
BLT-01,141577.55,456881.76,1921.410172786284,19.50076,47.68289,2.359507,122.37544947053402,1862.4921546961325,1984.8676041666665
BLT-01,141577.55,456881.76,1921.4826668846447,19.90825,48.00085,2.349694,122.37544947053402,1862.4921546961325,1984.8676041666665
BLT-01,141577.55,456881.76,1921.5551609830052,19.99699,48.04268,2.344228,122.37544947053402,1862.4921546961325,1984.8676041666665
BLT-01,141577.55,456881.76,1921.627655081366,19.8153,47.9029,2.343124,122.37544947053402,1862.4921546961325,1984.8676041666665
BLT-01,141577.55,456881.76,1921.7001491797264,19.49155,47.74276,2.346056,122.37544947053402,1862.4921546961325,1984.8676041666665
BLT-01,141577.55,456881.76,1921.7726432780871,19.19726,47.8796,2.351694,122.37544947053402,1862.4921546961325,1984.8676041666665
BLT-01,141577.55,456881.76,1921.8451326993993,18.95538,48.0939,2.356775,122.37544947053402,1862.4921546961325,1984.8676041666665
BLT-01,141577.55,456881.76,1921.9175607993993,18.79733,48.10537,2.361593,122.37544947053402,1862.4921546961325,1984.8676041666665
BLT-01,141577.55,456881.76,1921.9899888993993,18.75639,47.62863,2.366581,122.37544947053402,1862.4921546961325,1984.8676041666665
BLT-01,141577.55,456881.76,1922.0624169993991,18.97083,46.84775,2.367837,122.37544947053402,1862.4921546961325,1984.8676041666665
BLT-01,141577.55,456881.76,1922.1348450993992,19.11144,46.25235,2.366617,122.37544947053402,1862.4921546961325,1984.8676041666665
BLT-01,141577.55,456881.76,1922.2072731993992,19.15855,46.10374,2.363458,122.37544947053402,1862.4921546961325,1984.8676041666665
BLT-01,141577.55,456881.76,1922.2797012993992,19.10088,46.54749,2.359124,122.37544947053402,1862.4921546961325,1984.8676041666665
BLT-01,141577.55,456881.76,1922.3521293993992,18.95207,47.24785,2.35731,122.37544947053402,1862.4921546961325,1984.8676041666665
BLT-01,141577.55,456881.76,1922.4245574993993,18.94103,47.74163,2.358742,122.37544947053402,1862.4921546961325,1984.8676041666665
BLT-01,141577.55,456881.76,1922.4969855993993,19.01237,47.9952,2.36215,122.37544947053402,1862.4921546961325,1984.8676041666665
BLT-01,141577.55,456881.76,1922.5694136993993,19.10547,47.94308,2.366529,122.37544947053402,1862.4921546961325,1984.8676041666665
BLT-01,141577.55,456881.76,1922.6418417993993,19.03811,47.33467,2.369614,122.37544947053402,1862.4921546961325,1984.8676041666665
BLT-01,141577.55,456881.76,1922.7142698993991,18.95907,46.56052,2.370561,122.37544947053402,1862.4921546961325,1984.8676041666665
BLT-01,141577.55,456881.76,1922.7866979993983,19.05334,45.67101,2.371804,122.37544947053402,1862.4921546961325,1984.8676041666665
BLT-01,141577.55,456881.76,1922.8591260993983,19.29025,44.85901,2.373857,122.37544947053402,1862.4921546961325,1984.8676041666665
BLT-01,141577.55,456881.76,1922.9315541993983,19.45074,44.63403,2.376421,122.37544947053402,1862.4921546961325,1984.8676041666665
BLT-01,141577.55,456881.76,1923.0039822993983,19.38615,44.96207,2.377727,122.37544947053402,1862.4921546961325,1984.8676041666665
BLT-01,141577.55,456881.76,1923.0764103993981,19.14644,45.7468,2.37709,122.37544947053402,1862.4921546961325,1984.8676041666665
BLT-01,141577.55,456881.76,1923.1488384993982,18.8154,46.84941,2.374677,122.37544947053402,1862.4921546961325,1984.8676041666665
BLT-01,141577.55,456881.76,1923.2212665993984,18.52566,48.05216,2.370943,122.37544947053402,1862.4921546961325,1984.8676041666665
BLT-01,141577.55,456881.76,1923.2936946993984,18.45236,48.77012,2.368438,122.37544947053402,1862.4921546961325,1984.8676041666665
BLT-01,141577.55,456881.76,1923.3661227993982,18.49934,49.29732,2.368278,122.37544947053402,1862.4921546961325,1984.8676041666665
BLT-01,141577.55,456881.76,1923.4385508993983,18.56606,49.62606,2.370159,122.37544947053402,1862.4921546961325,1984.8676041666665
BLT-01,141577.55,456881.76,1923.5109789993983,18.54576,49.74108,2.373622,122.37544947053402,1862.4921546961325,1984.8676041666665
BLT-01,141577.55,456881.76,1923.5834070993983,18.30343,49.73103,2.377708,122.37544947053402,1862.4921546961325,1984.8676041666665
BLT-01,141577.55,456881.76,1923.6558351993983,18.15617,49.20269,2.383077,122.37544947053402,1862.4921546961325,1984.8676041666665
BLT-01,141577.55,456881.76,1923.7282632993981,18.09974,48.44414,2.388289,122.37544947053402,1862.4921546961325,1984.8676041666665
BLT-01,141577.55,456881.76,1923.8006913993984,18.10777,47.70781,2.39214,122.37544947053402,1862.4921546961325,1984.8676041666665
BLT-01,141577.55,456881.76,1923.8731194993984,17.95837,47.4955,2.392566,122.37544947053402,1862.4921546961325,1984.8676041666665
BLT-01,141577.55,456881.76,1923.9455475993984,17.78176,48.14704,2.391881,122.37544947053402,1862.4921546961325,1984.8676041666665
BLT-01,141577.55,456881.76,1924.0179756993982,17.68295,49.0542,2.39168,122.37544947053402,1862.4921546961325,1984.8676041666665
BLT-01,141577.55,456881.76,1924.0904037993982,17.67642,49.83875,2.392823,122.37544947053402,1862.4921546961325,1984.8676041666665
BLT-01,141577.55,456881.76,1924.1628318993983,17.61792,49.91299,2.396195,122.37544947053402,1862.4921546961325,1984.8676041666665
BLT-01,141577.55,456881.76,1924.2352599993983,17.50632,49.66098,2.399221,122.37544947053402,1862.4921546961325,1984.8676041666665
BLT-01,141577.55,456881.76,1924.307688099398,17.38387,49.31525,2.400586,122.37544947053402,1862.4921546961325,1984.8676041666665
BLT-01,141577.55,456881.76,1924.3801161993983,17.24758,48.8799,2.400002,122.37544947053402,1862.4921546961325,1984.8676041666665
BLT-01,141577.55,456881.76,1924.4525442993984,17.06019,48.20652,2.397564,122.37544947053402,1862.4921546961325,1984.8676041666665
BLT-01,141577.55,456881.76,1924.5249723993984,16.90796,46.49737,2.39713,122.37544947053402,1862.4921546961325,1984.8676041666665
BLT-01,141577.55,456881.76,1924.5974004993984,16.80481,44.86308,2.397673,122.37544947053402,1862.4921546961325,1984.8676041666665
BLT-01,141577.55,456881.76,1924.6698285993982,16.78011,43.72677,2.398619,122.37544947053402,1862.4921546961325,1984.8676041666665
BLT-01,141577.55,456881.76,1924.7422566993982,16.87944,43.553,2.39923,122.37544947053402,1862.4921546961325,1984.8676041666665
BLT-01,141577.55,456881.76,1924.8146847993983,16.86796,44.54713,2.397209,122.37544947053402,1862.4921546961325,1984.8676041666665
BLT-01,141577.55,456881.76,1924.8871128993983,16.80616,45.74387,2.395089,122.37544947053402,1862.4921546961325,1984.8676041666665
BLT-01,141577.55,456881.76,1924.9595409993983,16.74504,46.73745,2.393376,122.37544947053402,1862.4921546961325,1984.8676041666665
BLT-01,141577.55,456881.76,1925.0319690993983,16.73779,47.15247,2.392496,122.37544947053402,1862.4921546961325,1984.8676041666665
BLT-01,141577.55,456881.76,1925.1043971993984,16.87103,47.12902,2.393184,122.37544947053402,1862.4921546961325,1984.8676041666665
BLT-01,141577.55,456881.76,1925.1768252993984,17.02224,46.99649,2.394672,122.37544947053402,1862.4921546961325,1984.8676041666665
BLT-01,141577.55,456881.76,1925.2492533993982,17.13139,46.82971,2.397047,122.37544947053402,1862.4921546961325,1984.8676041666665
BLT-01,141577.55,456881.76,1925.3216814993982,17.14658,46.6203,2.400519,122.37544947053402,1862.4921546961325,1984.8676041666665
BLT-01,141577.55,456881.76,1925.3941095993973,16.95555,45.79798,2.406627,122.37544947053402,1862.4921546961325,1984.8676041666665
BLT-01,141577.55,456881.76,1925.4665376993973,16.72676,44.87265,2.411661,122.37544947053402,1862.4921546961325,1984.8676041666665
BLT-01,141577.55,456881.76,1925.5389657993974,16.58777,44.30481,2.414938,122.37544947053402,1862.4921546961325,1984.8676041666665
BLT-01,141577.55,456881.76,1925.6113938993972,16.59058,44.31035,2.416471,122.37544947053402,1862.4921546961325,1984.8676041666665
BLT-01,141577.55,456881.76,1925.6838219993972,16.73133,45.00745,2.417639,122.37544947053402,1862.4921546961325,1984.8676041666665
BLT-01,141577.55,456881.76,1925.7562500993984,16.81023,45.78135,2.418497,122.37544947053402,1862.4921546961325,1984.8676041666665
BLT-01,141577.55,456881.76,1925.8286781993984,16.75961,46.39808,2.418886,122.37544947053402,1862.4921546961325,1984.8676041666665
BLT-01,141577.55,456881.76,1925.9011062993982,16.59884,46.86357,2.418805,122.37544947053402,1862.4921546961325,1984.8676041666665
BLT-01,141577.55,456881.76,1925.9735343993973,16.42428,47.34661,2.418359,122.37544947053402,1862.4921546961325,1984.8676041666665
BLT-01,141577.55,456881.76,1926.0459624993973,16.34909,47.5534,2.418274,122.37544947053402,1862.4921546961325,1984.8676041666665
BLT-01,141577.55,456881.76,1926.1183905993973,16.19657,47.44842,2.418468,122.37544947053402,1862.4921546961325,1984.8676041666665
BLT-01,141577.55,456881.76,1926.1908186993974,15.98071,47.04873,2.418864,122.37544947053402,1862.4921546961325,1984.8676041666665
BLT-01,141577.55,456881.76,1926.2632467993972,15.76141,46.39244,2.419355,122.37544947053402,1862.4921546961325,1984.8676041666665
BLT-01,141577.55,456881.76,1926.3356748993974,15.69056,46.03939,2.420154,122.37544947053402,1862.4921546961325,1984.8676041666665
BLT-01,141577.55,456881.76,1926.4081029993974,15.58889,46.00077,2.42162,122.37544947053402,1862.4921546961325,1984.8676041666665
BLT-01,141577.55,456881.76,1926.4805310993975,15.48212,46.10115,2.423412,122.37544947053402,1862.4921546961325,1984.8676041666665
BLT-01,141577.55,456881.76,1926.5529591993973,15.40845,46.14719,2.425086,122.37544947053402,1862.4921546961325,1984.8676041666665
BLT-01,141577.55,456881.76,1926.6253872993973,15.50982,45.88648,2.424305,122.37544947053402,1862.4921546961325,1984.8676041666665
BLT-01,141577.55,456881.76,1926.6978153993973,15.60085,45.64461,2.421112,122.37544947053402,1862.4921546961325,1984.8676041666665
BLT-01,141577.55,456881.76,1926.7702434993973,15.69078,45.66023,2.416294,122.37544947053402,1862.4921546961325,1984.8676041666665
BLT-01,141577.55,456881.76,1926.8426715993974,15.80734,46.07654,2.41082,122.37544947053402,1862.4921546961325,1984.8676041666665
BLT-01,141577.55,456881.76,1926.9150996993974,16.15019,46.77684,2.408667,122.37544947053402,1862.4921546961325,1984.8676041666665
BLT-01,141577.55,456881.76,1926.9875277993974,16.54551,47.12328,2.410488,122.37544947053402,1862.4921546961325,1984.8676041666665
BLT-01,141577.55,456881.76,1927.0599558993974,16.76406,46.86201,2.415068,122.37544947053402,1862.4921546961325,1984.8676041666665
BLT-01,141577.55,456881.76,1927.1323839993975,16.72122,45.99883,2.420964,122.37544947053402,1862.4921546961325,1984.8676041666665
BLT-01,141577.55,456881.76,1927.2048120993973,16.45524,45.03461,2.423793,122.37544947053402,1862.4921546961325,1984.8676041666665
BLT-01,141577.55,456881.76,1927.2772401993973,16.27277,44.76461,2.422912,122.37544947053402,1862.4921546961325,1984.8676041666665
BLT-01,141577.55,456881.76,1927.3496682993973,16.17534,45.0546,2.420874,122.37544947053402,1862.4921546961325,1984.8676041666665
BLT-01,141577.55,456881.76,1927.4220963993973,16.11501,45.71621,2.419234,122.37544947053402,1862.4921546961325,1984.8676041666665
BLT-01,141577.55,456881.76,1927.4945244993974,15.96382,46.33555,2.420521,122.37544947053402,1862.4921546961325,1984.8676041666665
BLT-01,141577.55,456881.76,1927.5669525993974,15.72704,46.44442,2.425029,122.37544947053402,1862.4921546961325,1984.8676041666665
BLT-01,141577.55,456881.76,1927.6393806993974,15.44818,46.37044,2.431876,122.37544947053402,1862.4921546961325,1984.8676041666665
BLT-01,141577.55,456881.76,1927.7118087993974,15.18856,46.30543,2.439509,122.37544947053402,1862.4921546961325,1984.8676041666665
BLT-01,141577.55,456881.76,1927.7842368993972,15.03816,46.49424,2.44559,122.37544947053402,1862.4921546961325,1984.8676041666665
BLT-01,141577.55,456881.76,1927.8566649993973,14.99591,47.28453,2.446623,122.37544947053402,1862.4921546961325,1984.8676041666665
BLT-01,141577.55,456881.76,1927.9290930993973,14.89082,48.23479,2.445393,122.37544947053402,1862.4921546961325,1984.8676041666665
BLT-01,141577.55,456881.76,1928.0015211993973,14.83224,48.94778,2.442803,122.37544947053402,1862.4921546961325,1984.8676041666665
BLT-01,141577.55,456881.76,1928.0739492993976,14.9325,49.02998,2.439759,122.37544947053402,1862.4921546961325,1984.8676041666665
BLT-01,141577.55,456881.76,1928.1463773993974,15.048,48.09741,2.438005,122.37544947053402,1862.4921546961325,1984.8676041666665
BLT-01,141577.55,456881.76,1928.2188054993974,15.09736,46.86153,2.437084,122.37544947053402,1862.4921546961325,1984.8676041666665
BLT-01,141577.55,456881.76,1928.2912335993974,15.13556,45.66673,2.437217,122.37544947053402,1862.4921546961325,1984.8676041666665
BLT-01,141577.55,456881.76,1928.3636616993974,15.18674,44.75165,2.438667,122.37544947053402,1862.4921546961325,1984.8676041666665
BLT-01,141577.55,456881.76,1928.4360897993972,15.1466,44.25011,2.44257,122.37544947053402,1862.4921546961325,1984.8676041666665
BLT-01,141577.55,456881.76,1928.5085178993963,14.96605,43.87468,2.448455,122.37544947053402,1862.4921546961325,1984.8676041666665
BLT-01,141577.55,456881.76,1928.5809459993964,14.83359,43.77028,2.453283,122.37544947053402,1862.4921546961325,1984.8676041666665
BLT-01,141577.55,456881.76,1928.6533740993964,14.81573,43.99875,2.455341,122.37544947053402,1862.4921546961325,1984.8676041666665
BLT-01,141577.55,456881.76,1928.7258021993964,14.87578,44.57846,2.452359,122.37544947053402,1862.4921546961325,1984.8676041666665
BLT-01,141577.55,456881.76,1928.7982302993962,15.07466,45.11571,2.445884,122.37544947053402,1862.4921546961325,1984.8676041666665
BLT-01,141577.55,456881.76,1928.8706583993965,15.40462,45.37006,2.439681,122.37544947053402,1862.4921546961325,1984.8676041666665
BLT-01,141577.55,456881.76,1928.9430864993965,15.742,45.26088,2.43503,122.37544947053402,1862.4921546961325,1984.8676041666665
BLT-01,141577.55,456881.76,1929.0155145993965,15.77075,44.72152,2.433006,122.37544947053402,1862.4921546961325,1984.8676041666665
BLT-01,141577.55,456881.76,1929.0879426993963,15.48925,44.5544,2.433174,122.37544947053402,1862.4921546961325,1984.8676041666665
BLT-01,141577.55,456881.76,1929.1603707993963,15.34175,44.79441,2.434543,122.37544947053402,1862.4921546961325,1984.8676041666665
BLT-01,141577.55,456881.76,1929.2327988993964,15.42338,45.41928,2.436037,122.37544947053402,1862.4921546961325,1984.8676041666665
BLT-01,141577.55,456881.76,1929.3052269993964,15.79945,46.38285,2.436137,122.37544947053402,1862.4921546961325,1984.8676041666665
BLT-01,141577.55,456881.76,1929.3776550993964,16.03735,46.97621,2.432953,122.37544947053402,1862.4921546961325,1984.8676041666665
BLT-01,141577.55,456881.76,1929.4500831993964,16.20845,47.18524,2.427851,122.37544947053402,1862.4921546961325,1984.8676041666665
BLT-01,141577.55,456881.76,1929.5225112993965,16.24049,47.13749,2.421347,122.37544947053402,1862.4921546961325,1984.8676041666665
BLT-01,141577.55,456881.76,1929.5949393993965,16.06108,46.97051,2.414118,122.37544947053402,1862.4921546961325,1984.8676041666665
BLT-01,141577.55,456881.76,1929.6673674993965,15.62869,46.74985,2.411114,122.37544947053402,1862.4921546961325,1984.8676041666665
BLT-01,141577.55,456881.76,1929.7397955993963,15.39776,46.55951,2.412198,122.37544947053402,1862.4921546961325,1984.8676041666665
BLT-01,141577.55,456881.76,1929.8122236993963,15.39569,46.23957,2.415823,122.37544947053402,1862.4921546961325,1984.8676041666665
BLT-01,141577.55,456881.76,1929.8846517993964,15.60477,45.73441,2.42053,122.37544947053402,1862.4921546961325,1984.8676041666665
BLT-01,141577.55,456881.76,1929.9570798993964,15.7376,45.43469,2.422417,122.37544947053402,1862.4921546961325,1984.8676041666665
BLT-01,141577.55,456881.76,1930.0295079993964,15.72542,45.55209,2.421072,122.37544947053402,1862.4921546961325,1984.8676041666665
BLT-01,141577.55,456881.76,1930.1019360993964,15.65687,45.8626,2.420292,122.37544947053402,1862.4921546961325,1984.8676041666665
BLT-01,141577.55,456881.76,1930.1743641993965,15.57629,46.17469,2.422238,122.37544947053402,1862.4921546961325,1984.8676041666665
BLT-01,141577.55,456881.76,1930.2467922993965,15.52762,46.03033,2.429914,122.37544947053402,1862.4921546961325,1984.8676041666665
BLT-01,141577.55,456881.76,1930.3192203993965,15.363,45.56476,2.441884,122.37544947053402,1862.4921546961325,1984.8676041666665
BLT-01,141577.55,456881.76,1930.3916484993963,15.12203,45.35106,2.454932,122.37544947053402,1862.4921546961325,1984.8676041666665
BLT-01,141577.55,456881.76,1930.4640765993963,14.90275,45.56694,2.465536,122.37544947053402,1862.4921546961325,1984.8676041666665
BLT-01,141577.55,456881.76,1930.5365046993963,14.93157,46.3377,2.466583,122.37544947053402,1862.4921546961325,1984.8676041666665
BLT-01,141577.55,456881.76,1930.6089327993966,15.32963,47.14629,2.454898,122.37544947053402,1862.4921546961325,1984.8676041666665
BLT-01,141577.55,456881.76,1930.6813608993964,16.27123,47.73503,2.434166,122.37544947053402,1862.4921546961325,1984.8676041666665
BLT-01,141577.55,456881.76,1930.7537889993964,17.50396,48.08778,2.409829,122.37544947053402,1862.4921546961325,1984.8676041666665
BLT-01,141577.55,456881.76,1930.8262170993964,18.60342,48.2278,2.389704,122.37544947053402,1862.4921546961325,1984.8676041666665
BLT-01,141577.55,456881.76,1930.8986451993965,19.14253,48.18089,2.38235,122.37544947053402,1862.4921546961325,1984.8676041666665
BLT-01,141577.55,456881.76,1930.9710732993963,19.53007,47.93548,2.376338,122.37544947053402,1862.4921546961325,1984.8676041666665
BLT-01,141577.55,456881.76,1931.0435013993963,19.80876,47.54209,2.37098,122.37544947053402,1862.4921546961325,1984.8676041666665
BLT-01,141577.55,456881.76,1931.1159294993963,20.01215,47.06722,2.365928,122.37544947053402,1862.4921546961325,1984.8676041666665
BLT-01,141577.55,456881.76,1931.1883575993966,20.16802,46.85198,2.361105,122.37544947053402,1862.4921546961325,1984.8676041666665
BLT-01,141577.55,456881.76,1931.2607856993964,20.26399,47.06136,2.35394,122.37544947053402,1862.4921546961325,1984.8676041666665
BLT-01,141577.55,456881.76,1931.3332137993964,20.36067,47.59232,2.346436,122.37544947053402,1862.4921546961325,1984.8676041666665
BLT-01,141577.55,456881.76,1931.4056418993964,20.46557,48.33163,2.340085,122.37544947053402,1862.4921546961325,1984.8676041666665
BLT-01,141577.55,456881.76,1931.4780699993964,20.32613,48.89038,2.336904,122.37544947053402,1862.4921546961325,1984.8676041666665
BLT-01,141577.55,456881.76,1931.5504980993965,20.18183,49.18208,2.336257,122.37544947053402,1862.4921546961325,1984.8676041666665
BLT-01,141577.55,456881.76,1931.6229261993956,20.20019,49.27406,2.337978,122.37544947053402,1862.4921546961325,1984.8676041666665
BLT-01,141577.55,456881.76,1931.6953542993954,20.40623,49.23058,2.341682,122.37544947053402,1862.4921546961325,1984.8676041666665
BLT-01,141577.55,456881.76,1931.7677823993954,20.63485,49.21768,2.345976,122.37544947053402,1862.4921546961325,1984.8676041666665
BLT-01,141577.55,456881.76,1931.8402104993954,20.55751,49.2962,2.349511,122.37544947053402,1862.4921546961325,1984.8676041666665
BLT-01,141577.55,456881.76,1931.9126385993955,20.4637,49.33822,2.351242,122.37544947053402,1862.4921546961325,1984.8676041666665
BLT-01,141577.55,456881.76,1931.9850666993952,20.45739,49.31595,2.351318,122.37544947053402,1862.4921546961325,1984.8676041666665
BLT-01,141577.55,456881.76,1932.0574947993955,20.63934,49.22983,2.350676,122.37544947053402,1862.4921546961325,1984.8676041666665
BLT-01,141577.55,456881.76,1932.1299228993955,20.36852,49.1481,2.354658,122.37544947053402,1862.4921546961325,1984.8676041666665
BLT-01,141577.55,456881.76,1932.2023509993955,19.88866,48.97661,2.359663,122.37544947053402,1862.4921546961325,1984.8676041666665
BLT-01,141577.55,456881.76,1932.2747790993953,19.33939,48.70994,2.364262,122.37544947053402,1862.4921546961325,1984.8676041666665
BLT-01,141577.55,456881.76,1932.3472071993954,18.89295,48.35688,2.366895,122.37544947053402,1862.4921546961325,1984.8676041666665
BLT-01,141577.55,456881.76,1932.4196352993954,18.79444,48.47438,2.367023,122.37544947053402,1862.4921546961325,1984.8676041666665
BLT-01,141577.55,456881.76,1932.4920633993954,18.77407,48.83563,2.367659,122.37544947053402,1862.4921546961325,1984.8676041666665
BLT-01,141577.55,456881.76,1932.5644914993954,18.67073,49.29166,2.370018,122.37544947053402,1862.4921546961325,1984.8676041666665
BLT-01,141577.55,456881.76,1932.6369195993955,18.33504,49.68864,2.37541,122.37544947053402,1862.4921546961325,1984.8676041666665
BLT-01,141577.55,456881.76,1932.7093476993955,17.68929,49.68928,2.390511,122.37544947053402,1862.4921546961325,1984.8676041666665
BLT-01,141577.55,456881.76,1932.7817757993955,17.01948,49.51866,2.406477,122.37544947053402,1862.4921546961325,1984.8676041666665
BLT-01,141577.55,456881.76,1932.8542038993955,16.33256,49.33952,2.420379,122.37544947053402,1862.4921546961325,1984.8676041666665
BLT-01,141577.55,456881.76,1932.9266319993953,15.6302,49.21989,2.431118,122.37544947053402,1862.4921546961325,1984.8676041666665
BLT-01,141577.55,456881.76,1932.9990600993954,14.89074,48.90489,2.444192,122.37544947053402,1862.4921546961325,1984.8676041666665
BLT-01,141577.55,456881.76,1933.0714881993954,14.47748,48.49626,2.456097,122.37544947053402,1862.4921546961325,1984.8676041666665
BLT-01,141577.55,456881.76,1933.1439162993954,14.2643,48.04696,2.466352,122.37544947053402,1862.4921546961325,1984.8676041666665
BLT-01,141577.55,456881.76,1933.2163443993954,14.14507,47.63644,2.475105,122.37544947053402,1862.4921546961325,1984.8676041666665
BLT-01,141577.55,456881.76,1933.2887724993955,13.87217,47.51339,2.483707,122.37544947053402,1862.4921546961325,1984.8676041666665
BLT-01,141577.55,456881.76,1933.3612005993955,13.75238,47.80882,2.487319,122.37544947053402,1862.4921546961325,1984.8676041666665
BLT-01,141577.55,456881.76,1933.4336286993955,13.7437,48.20988,2.486877,122.37544947053402,1862.4921546961325,1984.8676041666665
BLT-01,141577.55,456881.76,1933.5060567993953,13.82909,48.53136,2.483241,122.37544947053402,1862.4921546961325,1984.8676041666665
BLT-01,141577.55,456881.76,1933.5784848993953,13.98929,48.48536,2.478001,122.37544947053402,1862.4921546961325,1984.8676041666665
BLT-01,141577.55,456881.76,1933.6509129993954,14.20586,47.92569,2.473552,122.37544947053402,1862.4921546961325,1984.8676041666665
BLT-01,141577.55,456881.76,1933.7233410993954,14.34829,47.26611,2.470497,122.37544947053402,1862.4921546961325,1984.8676041666665
BLT-01,141577.55,456881.76,1933.7957691993956,14.39442,46.47504,2.468264,122.37544947053402,1862.4921546961325,1984.8676041666665
BLT-01,141577.55,456881.76,1933.8681972993954,14.3333,45.4431,2.465896,122.37544947053402,1862.4921546961325,1984.8676041666665
BLT-01,141577.55,456881.76,1933.9406253993955,14.23472,44.50066,2.465294,122.37544947053402,1862.4921546961325,1984.8676041666665
BLT-01,141577.55,456881.76,1934.0130534993955,14.17771,43.73909,2.46603,122.37544947053402,1862.4921546961325,1984.8676041666665
BLT-01,141577.55,456881.76,1934.0854815993955,14.16063,43.12119,2.467984,122.37544947053402,1862.4921546961325,1984.8676041666665
BLT-01,141577.55,456881.76,1934.1579096993953,14.17742,42.63091,2.470971,122.37544947053402,1862.4921546961325,1984.8676041666665
BLT-01,141577.55,456881.76,1934.2303377993953,14.19286,42.86788,2.473863,122.37544947053402,1862.4921546961325,1984.8676041666665
BLT-01,141577.55,456881.76,1934.3027658993954,14.12988,43.52036,2.475893,122.37544947053402,1862.4921546961325,1984.8676041666665
BLT-01,141577.55,456881.76,1934.3751939993956,14.00906,44.32294,2.479328,122.37544947053402,1862.4921546961325,1984.8676041666665
BLT-01,141577.55,456881.76,1934.4476220993954,13.85446,45.04245,2.485194,122.37544947053402,1862.4921546961325,1984.8676041666665
BLT-01,141577.55,456881.76,1934.5200501993954,13.75531,45.10744,2.490989,122.37544947053402,1862.4921546961325,1984.8676041666665
BLT-01,141577.55,456881.76,1934.5924782993955,13.85158,44.97958,2.493002,122.37544947053402,1862.4921546961325,1984.8676041666665
BLT-01,141577.55,456881.76,1934.6649063993955,14.28713,45.13528,2.486778,122.37544947053402,1862.4921546961325,1984.8676041666665
BLT-01,141577.55,456881.76,1934.7373344993946,15.03579,45.68346,2.471318,122.37544947053402,1862.4921546961325,1984.8676041666665
BLT-01,141577.55,456881.76,1934.8097625993944,15.77744,46.36209,2.449178,122.37544947053402,1862.4921546961325,1984.8676041666665
BLT-01,141577.55,456881.76,1934.8821906993944,16.36294,46.853,2.429541,122.37544947053402,1862.4921546961325,1984.8676041666665
BLT-01,141577.55,456881.76,1934.9546187993944,17.17456,47.41186,2.409533,122.37544947053402,1862.4921546961325,1984.8676041666665
BLT-01,141577.55,456881.76,1935.0270468993945,18.16035,48.05377,2.390865,122.37544947053402,1862.4921546961325,1984.8676041666665
BLT-01,141577.55,456881.76,1935.0994749993945,19.00689,48.68779,2.379042,122.37544947053402,1862.4921546961325,1984.8676041666665
BLT-01,141577.55,456881.76,1935.1719030993945,19.62837,48.90054,2.375206,122.37544947053402,1862.4921546961325,1984.8676041666665
BLT-01,141577.55,456881.76,1935.2443311993945,19.9623,48.67685,2.369546,122.37544947053402,1862.4921546961325,1984.8676041666665
BLT-01,141577.55,456881.76,1935.3167592993946,20.01498,48.15923,2.36175,122.37544947053402,1862.4921546961325,1984.8676041666665
BLT-01,141577.55,456881.76,1935.3891873993946,19.80979,47.56246,2.352849,122.37544947053402,1862.4921546961325,1984.8676041666665
BLT-01,141577.55,456881.76,1935.4616154993944,19.92956,47.14632,2.344832,122.37544947053402,1862.4921546961325,1984.8676041666665
BLT-01,141577.55,456881.76,1935.5340435993944,20.35014,46.52869,2.336255,122.37544947053402,1862.4921546961325,1984.8676041666665
BLT-01,141577.55,456881.76,1935.6064716993944,20.88439,45.87753,2.328971,122.37544947053402,1862.4921546961325,1984.8676041666665
BLT-01,141577.55,456881.76,1935.6788997993945,21.34332,45.38397,2.324808,122.37544947053402,1862.4921546961325,1984.8676041666665
BLT-01,141577.55,456881.76,1935.7513278993945,21.47215,45.60511,2.325988,122.37544947053402,1862.4921546961325,1984.8676041666665
BLT-01,141577.55,456881.76,1935.8237559993945,21.38007,47.00497,2.330932,122.37544947053402,1862.4921546961325,1984.8676041666665
BLT-01,141577.55,456881.76,1935.8961840993945,21.16767,48.87125,2.337298,122.37544947053402,1862.4921546961325,1984.8676041666665
BLT-01,141577.55,456881.76,1935.9686121993946,20.89721,50.63087,2.343364,122.37544947053402,1862.4921546961325,1984.8676041666665
BLT-01,141577.55,456881.76,1936.0410402993946,20.58835,51.13177,2.346568,122.37544947053402,1862.4921546961325,1984.8676041666665
BLT-01,141577.55,456881.76,1936.1134683993944,20.28664,50.16132,2.346509,122.37544947053402,1862.4921546961325,1984.8676041666665
BLT-01,141577.55,456881.76,1936.1858964993944,20.14325,48.68845,2.344396,122.37544947053402,1862.4921546961325,1984.8676041666665
BLT-01,141577.55,456881.76,1936.2583245993944,20.19451,47.29921,2.341078,122.37544947053402,1862.4921546961325,1984.8676041666665
BLT-01,141577.55,456881.76,1936.3307526993947,20.37055,46.95329,2.338218,122.37544947053402,1862.4921546961325,1984.8676041666665
BLT-01,141577.55,456881.76,1936.4031807993945,20.37284,47.83566,2.340119,122.37544947053402,1862.4921546961325,1984.8676041666665
BLT-01,141577.55,456881.76,1936.4756088993945,20.24217,49.00069,2.344761,122.37544947053402,1862.4921546961325,1984.8676041666665
BLT-01,141577.55,456881.76,1936.5480369993945,19.97495,50.01789,2.350993,122.37544947053402,1862.4921546961325,1984.8676041666665
BLT-01,141577.55,456881.76,1936.6204650993946,19.54309,50.33177,2.357094,122.37544947053402,1862.4921546961325,1984.8676041666665
BLT-01,141577.55,456881.76,1936.6928931993943,18.87603,49.95761,2.362951,122.37544947053402,1862.4921546961325,1984.8676041666665
BLT-01,141577.55,456881.76,1936.7653212993944,18.49098,49.3305,2.367554,122.37544947053402,1862.4921546961325,1984.8676041666665
BLT-01,141577.55,456881.76,1936.8377493993944,18.37081,48.5976,2.371034,122.37544947053402,1862.4921546961325,1984.8676041666665
BLT-01,141577.55,456881.76,1936.9101774993946,18.414,47.91012,2.373741,122.37544947053402,1862.4921546961325,1984.8676041666665
BLT-01,141577.55,456881.76,1936.9826055993944,18.37421,46.86843,2.378062,122.37544947053402,1862.4921546961325,1984.8676041666665
BLT-01,141577.55,456881.76,1937.0550336993945,18.48252,46.02816,2.380944,122.37544947053402,1862.4921546961325,1984.8676041666665
BLT-01,141577.55,456881.76,1937.1274617993945,18.69337,45.49961,2.381789,122.37544947053402,1862.4921546961325,1984.8676041666665
BLT-01,141577.55,456881.76,1937.1998898993945,18.94493,45.34161,2.380189,122.37544947053402,1862.4921546961325,1984.8676041666665
BLT-01,141577.55,456881.76,1937.2723179993945,18.9668,45.05508,2.376858,122.37544947053402,1862.4921546961325,1984.8676041666665
BLT-01,141577.55,456881.76,1937.3447460993937,18.88415,44.84012,2.37476,122.37544947053402,1862.4921546961325,1984.8676041666665
BLT-01,141577.55,456881.76,1937.4171741993935,18.83664,44.7799,2.374568,122.37544947053402,1862.4921546961325,1984.8676041666665
BLT-01,141577.55,456881.76,1937.4896022993935,18.88846,44.90994,2.376775,122.37544947053402,1862.4921546961325,1984.8676041666665
BLT-01,141577.55,456881.76,1937.5620303993935,18.92199,45.14411,2.382229,122.37544947053402,1862.4921546961325,1984.8676041666665
BLT-01,141577.55,456881.76,1937.6344584993935,18.69457,45.30853,2.387874,122.37544947053402,1862.4921546961325,1984.8676041666665
BLT-01,141577.55,456881.76,1937.7068865993936,18.42058,45.55824,2.392026,122.37544947053402,1862.4921546961325,1984.8676041666665
BLT-01,141577.55,456881.76,1937.7793146993945,18.22172,46.08256,2.39432,122.37544947053402,1862.4921546961325,1984.8676041666665
BLT-01,141577.55,456881.76,1937.8517427993945,18.28053,47.40551,2.395608,122.37544947053402,1862.4921546961325,1984.8676041666665
BLT-01,141577.55,456881.76,1937.9241708993936,18.33975,48.57644,2.395927,122.37544947053402,1862.4921546961325,1984.8676041666665
BLT-01,141577.55,456881.76,1937.9965989993934,18.35348,49.19965,2.39631,122.37544947053402,1862.4921546961325,1984.8676041666665
BLT-01,141577.55,456881.76,1938.0690270993935,18.31695,49.24597,2.396944,122.37544947053402,1862.4921546961325,1984.8676041666665
BLT-01,141577.55,456881.76,1938.1414551993935,18.23997,48.82647,2.397798,122.37544947053402,1862.4921546961325,1984.8676041666665
BLT-01,141577.55,456881.76,1938.2138832993935,18.09995,48.36696,2.397775,122.37544947053402,1862.4921546961325,1984.8676041666665
BLT-01,141577.55,456881.76,1938.2863113993935,18.06674,48.01524,2.39664,122.37544947053402,1862.4921546961325,1984.8676041666665
BLT-01,141577.55,456881.76,1938.3587394993936,18.08015,47.67505,2.394641,122.37544947053402,1862.4921546961325,1984.8676041666665
BLT-01,141577.55,456881.76,1938.4311675993936,18.03289,47.19237,2.392171,122.37544947053402,1862.4921546961325,1984.8676041666665
BLT-01,141577.55,456881.76,1938.5035956993936,17.80701,46.97321,2.392087,122.37544947053402,1862.4921546961325,1984.8676041666665
BLT-01,141577.55,456881.76,1938.5760237993936,17.72953,46.9287,2.394062,122.37544947053402,1862.4921546961325,1984.8676041666665
BLT-01,141577.55,456881.76,1938.6484518993934,17.73793,46.87567,2.397103,122.37544947053402,1862.4921546961325,1984.8676041666665
BLT-01,141577.55,456881.76,1938.7208799993934,17.76416,46.6553,2.400099,122.37544947053402,1862.4921546961325,1984.8676041666665
BLT-01,141577.55,456881.76,1938.7933080993935,17.72143,46.36194,2.39935,122.37544947053402,1862.4921546961325,1984.8676041666665
BLT-01,141577.55,456881.76,1938.8657361993937,17.66358,46.17056,2.395604,122.37544947053402,1862.4921546961325,1984.8676041666665
BLT-01,141577.55,456881.76,1938.9381642993935,17.64909,45.99537,2.389824,122.37544947053402,1862.4921546961325,1984.8676041666665
BLT-01,141577.55,456881.76,1939.0105923993935,17.72494,45.78839,2.383164,122.37544947053402,1862.4921546961325,1984.8676041666665
BLT-01,141577.55,456881.76,1939.0830204993936,17.99129,45.55279,2.379913,122.37544947053402,1862.4921546961325,1984.8676041666665
BLT-01,141577.55,456881.76,1939.1554485993936,18.09477,45.32258,2.381147,122.37544947053402,1862.4921546961325,1984.8676041666665
BLT-01,141577.55,456881.76,1939.2278766993934,17.75486,45.29666,2.386043,122.37544947053402,1862.4921546961325,1984.8676041666665
BLT-01,141577.55,456881.76,1939.3003047993934,17.03171,45.4937,2.393491,122.37544947053402,1862.4921546961325,1984.8676041666665
BLT-01,141577.55,456881.76,1939.3727328993934,16.51575,45.72747,2.400335,122.37544947053402,1862.4921546961325,1984.8676041666665
BLT-01,141577.55,456881.76,1939.4451609993937,16.50019,45.80041,2.404214,122.37544947053402,1862.4921546961325,1984.8676041666665
BLT-01,141577.55,456881.76,1939.5175890993937,16.5024,45.71519,2.406374,122.37544947053402,1862.4921546961325,1984.8676041666665
BLT-01,141577.55,456881.76,1939.5900171993935,16.41785,45.56525,2.407264,122.37544947053402,1862.4921546961325,1984.8676041666665
BLT-01,141577.55,456881.76,1939.6624452993935,16.22123,45.55826,2.407347,122.37544947053402,1862.4921546961325,1984.8676041666665
BLT-01,141577.55,456881.76,1939.7348733993936,16.39862,46.18782,2.40616,122.37544947053402,1862.4921546961325,1984.8676041666665
BLT-01,141577.55,456881.76,1939.8073014993936,16.72882,46.92321,2.404534,122.37544947053402,1862.4921546961325,1984.8676041666665
BLT-01,141577.55,456881.76,1939.8797295993934,17.11237,47.6815,2.402476,122.37544947053402,1862.4921546961325,1984.8676041666665
BLT-01,141577.55,456881.76,1939.9521576993934,17.43928,48.41419,2.399905,122.37544947053402,1862.4921546961325,1984.8676041666665
BLT-01,141577.55,456881.76,1940.0245857993937,17.5535,49.34069,2.396961,122.37544947053402,1862.4921546961325,1984.8676041666665
BLT-01,141577.55,456881.76,1940.0970138993937,17.44335,49.96191,2.393934,122.37544947053402,1862.4921546961325,1984.8676041666665
BLT-01,141577.55,456881.76,1940.1694419993935,17.28058,50.23581,2.390865,122.37544947053402,1862.4921546961325,1984.8676041666665
BLT-01,141577.55,456881.76,1940.2418700993935,17.22741,50.14849,2.387777,122.37544947053402,1862.4921546961325,1984.8676041666665
BLT-01,141577.55,456881.76,1940.3142981993935,17.43653,49.8464,2.384476,122.37544947053402,1862.4921546961325,1984.8676041666665
BLT-01,141577.55,456881.76,1940.3867262993936,17.55038,49.46779,2.383172,122.37544947053402,1862.4921546961325,1984.8676041666665
BLT-01,141577.55,456881.76,1940.4591543993927,17.5365,49.26439,2.384445,122.37544947053402,1862.4921546961325,1984.8676041666665
BLT-01,141577.55,456881.76,1940.5315824993925,17.39335,49.38285,2.388523,122.37544947053402,1862.4921546961325,1984.8676041666665
BLT-01,141577.55,456881.76,1940.6040105993925,17.23206,49.87799,2.394805,122.37544947053402,1862.4921546961325,1984.8676041666665
BLT-01,141577.55,456881.76,1940.6764386993925,16.87766,50.07846,2.402347,122.37544947053402,1862.4921546961325,1984.8676041666665
BLT-01,141577.55,456881.76,1940.7488667993925,16.51765,49.93563,2.408834,122.37544947053402,1862.4921546961325,1984.8676041666665
BLT-01,141577.55,456881.76,1940.8212948993928,16.23823,49.49117,2.413239,122.37544947053402,1862.4921546961325,1984.8676041666665
BLT-01,141577.55,456881.76,1940.89367604106,16.12735,48.9599,2.414623,122.37544947053402,1862.4921546961325,1984.8676041666665
BLT-01,141577.55,456881.76,1940.96602635356,16.10006,48.72831,2.416095,122.37544947053402,1862.4921546961325,1984.8676041666665
BLT-01,141577.55,456881.76,1941.03837666606,16.12159,48.5933,2.417465,122.37544947053402,1862.4921546961325,1984.8676041666665
BLT-01,141577.55,456881.76,1941.1107269785598,16.14585,48.48608,2.418665,122.37544947053402,1862.4921546961325,1984.8676041666665
BLT-01,141577.55,456881.76,1941.1830772910598,16.08629,48.33982,2.419621,122.37544947053402,1862.4921546961325,1984.8676041666665
BLT-01,141577.55,456881.76,1941.2554276035598,16.0513,48.24246,2.421368,122.37544947053402,1862.4921546961325,1984.8676041666665
BLT-01,141577.55,456881.76,1941.3277779160599,15.98728,48.19462,2.425038,122.37544947053402,1862.4921546961325,1984.8676041666665
BLT-01,141577.55,456881.76,1941.40012822856,15.89015,48.13557,2.43013,122.37544947053402,1862.4921546961325,1984.8676041666665
BLT-01,141577.55,456881.76,1941.47247854106,15.7615,47.98409,2.435801,122.37544947053402,1862.4921546961325,1984.8676041666665
BLT-01,141577.55,456881.76,1941.54482885356,15.77986,47.66496,2.439156,122.37544947053402,1862.4921546961325,1984.8676041666665
BLT-01,141577.55,456881.76,1941.61717916606,15.61414,47.49875,2.440155,122.37544947053402,1862.4921546961325,1984.8676041666665
BLT-01,141577.55,456881.76,1941.68952947856,15.36742,47.53511,2.438621,122.37544947053402,1862.4921546961325,1984.8676041666665
BLT-01,141577.55,456881.76,1941.76187979106,15.15356,47.79966,2.434558,122.37544947053402,1862.4921546961325,1984.8676041666665
BLT-01,141577.55,456881.76,1941.8342301035598,15.29461,48.13389,2.429527,122.37544947053402,1862.4921546961325,1984.8676041666665
BLT-01,141577.55,456881.76,1941.9065804160598,15.54118,48.44943,2.425074,122.37544947053402,1862.4921546961325,1984.8676041666665
BLT-01,141577.55,456881.76,1941.97893072856,15.81401,48.86491,2.421654,122.37544947053402,1862.4921546961325,1984.8676041666665
BLT-01,141577.55,456881.76,1942.05128104106,16.0638,49.40468,2.419605,122.37544947053402,1862.4921546961325,1984.8676041666665
BLT-01,141577.55,456881.76,1942.1236313535599,16.24829,49.80359,2.419572,122.37544947053402,1862.4921546961325,1984.8676041666665
BLT-01,141577.55,456881.76,1942.1959816660599,16.41871,49.78308,2.419765,122.37544947053402,1862.4921546961325,1984.8676041666665
BLT-01,141577.55,456881.76,1942.26833197856,16.59566,49.46762,2.419278,122.37544947053402,1862.4921546961325,1984.8676041666665
BLT-01,141577.55,456881.76,1942.34068229106,16.74122,48.97694,2.418215,122.37544947053402,1862.4921546961325,1984.8676041666665
BLT-01,141577.55,456881.76,1942.41303260356,16.69418,48.59769,2.418012,122.37544947053402,1862.4921546961325,1984.8676041666665
BLT-01,141577.55,456881.76,1942.4853829160597,16.51319,48.50449,2.419922,122.37544947053402,1862.4921546961325,1984.8676041666665
BLT-01,141577.55,456881.76,1942.55773322856,16.33438,48.11613,2.424617,122.37544947053402,1862.4921546961325,1984.8676041666665
BLT-01,141577.55,456881.76,1942.63008354106,16.16021,47.35865,2.431182,122.37544947053402,1862.4921546961325,1984.8676041666665
BLT-01,141577.55,456881.76,1942.70243385356,15.94236,46.30157,2.437392,122.37544947053402,1862.4921546961325,1984.8676041666665
BLT-01,141577.55,456881.76,1942.7747841660598,15.70565,45.50953,2.441315,122.37544947053402,1862.4921546961325,1984.8676041666665
BLT-01,141577.55,456881.76,1942.8471344785598,15.46535,44.92342,2.445529,122.37544947053402,1862.4921546961325,1984.8676041666665
BLT-01,141577.55,456881.76,1942.9194847910599,15.18204,44.64392,2.450878,122.37544947053402,1862.4921546961325,1984.8676041666665
BLT-01,141577.55,456881.76,1942.9918351035599,14.80344,44.80173,2.458162,122.37544947053402,1862.4921546961325,1984.8676041666665
BLT-01,141577.55,456881.76,1943.06418541606,14.4494,45.06551,2.46634,122.37544947053402,1862.4921546961325,1984.8676041666665
BLT-01,141577.55,456881.76,1943.13653572856,14.20986,45.04914,2.473598,122.37544947053402,1862.4921546961325,1984.8676041666665
BLT-01,141577.55,456881.76,1943.20888604106,13.99255,44.79909,2.481611,122.37544947053402,1862.4921546961325,1984.8676041666665
BLT-01,141577.55,456881.76,1943.28123635356,13.72781,44.39799,2.491243,122.37544947053402,1862.4921546961325,1984.8676041666665
BLT-01,141577.55,456881.76,1943.35358666606,13.58688,44.39809,2.493287,122.37544947053402,1862.4921546961325,1984.8676041666665
BLT-01,141577.55,456881.76,1943.42593697856,13.73998,44.86712,2.487713,122.37544947053402,1862.4921546961325,1984.8676041666665
BLT-01,141577.55,456881.76,1943.4982872910598,14.14862,45.58569,2.478305,122.37544947053402,1862.4921546961325,1984.8676041666665
BLT-01,141577.55,456881.76,1943.570637603559,14.78815,46.45543,2.466928,122.37544947053402,1862.4921546961325,1984.8676041666665
BLT-01,141577.55,456881.76,1943.642987916059,15.63342,47.59536,2.452625,122.37544947053402,1862.4921546961325,1984.8676041666665
BLT-01,141577.55,456881.76,1943.715338228559,16.26249,48.7657,2.43959,122.37544947053402,1862.4921546961325,1984.8676041666665
BLT-01,141577.55,456881.76,1943.787688541059,16.77576,49.92744,2.426391,122.37544947053402,1862.4921546961325,1984.8676041666665
BLT-01,141577.55,456881.76,1943.8600388535588,17.25707,51.10145,2.410049,122.37544947053402,1862.4921546961325,1984.8676041666665
BLT-01,141577.55,456881.76,1943.9323891660588,17.88976,52.40525,2.381651,122.37544947053402,1862.4921546961325,1984.8676041666665
BLT-01,141577.55,456881.76,1944.004739478559,18.59395,52.76238,2.357447,122.37544947053402,1862.4921546961325,1984.8676041666665
BLT-01,141577.55,456881.76,1944.077089791059,19.34164,52.48397,2.34193,122.37544947053402,1862.4921546961325,1984.8676041666665
BLT-01,141577.55,456881.76,1944.149440103559,20.00652,51.78046,2.335276,122.37544947053402,1862.4921546961325,1984.8676041666665
BLT-01,141577.55,456881.76,1944.2217904160589,20.33356,50.97681,2.336175,122.37544947053402,1862.4921546961325,1984.8676041666665
BLT-01,141577.55,456881.76,1944.294140728559,20.02923,50.62523,2.344626,122.37544947053402,1862.4921546961325,1984.8676041666665
BLT-01,141577.55,456881.76,1944.366491041059,19.51082,50.61216,2.355565,122.37544947053402,1862.4921546961325,1984.8676041666665
BLT-01,141577.55,456881.76,1944.438841353559,18.87306,50.89548,2.368089,122.37544947053402,1862.4921546961325,1984.8676041666665
BLT-01,141577.55,456881.76,1944.511191666059,18.19865,51.42424,2.38151,122.37544947053402,1862.4921546961325,1984.8676041666665
BLT-01,141577.55,456881.76,1944.583541978559,17.36885,52.1242,2.396458,122.37544947053402,1862.4921546961325,1984.8676041666665
BLT-01,141577.55,456881.76,1944.655892291059,16.75753,52.51598,2.408411,122.37544947053402,1862.4921546961325,1984.8676041666665
BLT-01,141577.55,456881.76,1944.728242603559,16.35938,52.53995,2.416716,122.37544947053402,1862.4921546961325,1984.8676041666665
BLT-01,141577.55,456881.76,1944.800592916059,16.15725,52.12461,2.421134,122.37544947053402,1862.4921546961325,1984.8676041666665
BLT-01,141577.55,456881.76,1944.8729432285588,16.06925,50.75805,2.42464,122.37544947053402,1862.4921546961325,1984.8676041666665
BLT-01,141577.55,456881.76,1944.9452935410588,16.05835,49.42068,2.425904,122.37544947053402,1862.4921546961325,1984.8676041666665
BLT-01,141577.55,456881.76,1945.0176438535589,16.08645,48.35808,2.425487,122.37544947053402,1862.4921546961325,1984.8676041666665
BLT-01,141577.55,456881.76,1945.089994166059,16.12591,47.703,2.423883,122.37544947053402,1862.4921546961325,1984.8676041666665
BLT-01,141577.55,456881.76,1945.1623444785591,16.12764,47.48962,2.422377,122.37544947053402,1862.4921546961325,1984.8676041666665
BLT-01,141577.55,456881.76,1945.234694791059,16.21898,47.21494,2.421315,122.37544947053402,1862.4921546961325,1984.8676041666665
BLT-01,141577.55,456881.76,1945.307045103559,16.32342,46.92326,2.420758,122.37544947053402,1862.4921546961325,1984.8676041666665
BLT-01,141577.55,456881.76,1945.379395416059,16.39019,46.69584,2.420653,122.37544947053402,1862.4921546961325,1984.8676041666665
BLT-01,141577.55,456881.76,1945.451745728559,16.32628,46.76553,2.420744,122.37544947053402,1862.4921546961325,1984.8676041666665
BLT-01,141577.55,456881.76,1945.524096041059,15.98433,47.27907,2.422116,122.37544947053402,1862.4921546961325,1984.8676041666665
BLT-01,141577.55,456881.76,1945.5964463535588,15.63243,47.8911,2.4244,122.37544947053402,1862.4921546961325,1984.8676041666665
BLT-01,141577.55,456881.76,1945.6687966660588,15.3712,48.48725,2.427242,122.37544947053402,1862.4921546961325,1984.8676041666665
BLT-01,141577.55,456881.76,1945.741146978559,15.31198,48.95565,2.430045,122.37544947053402,1862.4921546961325,1984.8676041666665
BLT-01,141577.55,456881.76,1945.813497291059,15.1533,49.40988,2.432043,122.37544947053402,1862.4921546961325,1984.8676041666665
BLT-01,141577.55,456881.76,1945.885847603559,15.01505,49.63655,2.433111,122.37544947053402,1862.4921546961325,1984.8676041666665
BLT-01,141577.55,456881.76,1945.958197916059,14.88276,49.633,2.433862,122.37544947053402,1862.4921546961325,1984.8676041666665
BLT-01,141577.55,456881.76,1946.030548228559,14.72652,49.42322,2.435089,122.37544947053402,1862.4921546961325,1984.8676041666665
BLT-01,141577.55,456881.76,1946.102898541059,14.50586,49.30255,2.440143,122.37544947053402,1862.4921546961325,1984.8676041666665
BLT-01,141577.55,456881.76,1946.175248853559,13.88321,49.03555,2.455953,122.37544947053402,1862.4921546961325,1984.8676041666665
BLT-01,141577.55,456881.76,1946.2475991660588,13.01732,48.70121,2.478243,122.37544947053402,1862.4921546961325,1984.8676041666665
BLT-01,141577.55,456881.76,1946.319949478559,12.07556,48.38163,2.502687,122.37544947053402,1862.4921546961325,1984.8676041666665
BLT-01,141577.55,456881.76,1946.392299791059,11.48199,48.28907,2.520358,122.37544947053402,1862.4921546961325,1984.8676041666665
BLT-01,141577.55,456881.76,1946.464650103559,11.14711,48.40501,2.531805,122.37544947053402,1862.4921546961325,1984.8676041666665
BLT-01,141577.55,456881.76,1946.5370004160588,11.15782,48.56304,2.534749,122.37544947053402,1862.4921546961325,1984.8676041666665
BLT-01,141577.55,456881.76,1946.6093507285589,11.57358,48.6454,2.528245,122.37544947053402,1862.4921546961325,1984.8676041666665
BLT-01,141577.55,456881.76,1946.681701041058,12.48882,48.44973,2.513596,122.37544947053402,1862.4921546961325,1984.8676041666665
BLT-01,141577.55,456881.76,1946.754051353558,13.42116,48.29725,2.497512,122.37544947053402,1862.4921546961325,1984.8676041666665
BLT-01,141577.55,456881.76,1946.826401666058,14.50351,48.06461,2.477352,122.37544947053402,1862.4921546961325,1984.8676041666665
BLT-01,141577.55,456881.76,1946.898751978558,15.71221,47.7012,2.45394,122.37544947053402,1862.4921546961325,1984.8676041666665
BLT-01,141577.55,456881.76,1946.9711022910578,16.83065,47.16298,2.432765,122.37544947053402,1862.4921546961325,1984.8676041666665
BLT-01,141577.55,456881.76,1947.0434526035579,17.55193,46.76425,2.417695,122.37544947053402,1862.4921546961325,1984.8676041666665
BLT-01,141577.55,456881.76,1947.115802916058,18.13115,46.91261,2.401137,122.37544947053402,1862.4921546961325,1984.8676041666665
BLT-01,141577.55,456881.76,1947.1881532285581,18.5403,47.61189,2.384301,122.37544947053402,1862.4921546961325,1984.8676041666665
BLT-01,141577.55,456881.76,1947.2605035410581,18.63603,48.73089,2.372216,122.37544947053402,1862.4921546961325,1984.8676041666665
BLT-01,141577.55,456881.76,1947.332853853558,18.59441,49.54616,2.368885,122.37544947053402,1862.4921546961325,1984.8676041666665
BLT-01,141577.55,456881.76,1947.405204166058,18.73501,49.90668,2.369547,122.37544947053402,1862.4921546961325,1984.8676041666665
BLT-01,141577.55,456881.76,1947.477554478558,18.95471,49.89141,2.372591,122.37544947053402,1862.4921546961325,1984.8676041666665
BLT-01,141577.55,456881.76,1947.549904791058,19.09475,49.62357,2.376375,122.37544947053402,1862.4921546961325,1984.8676041666665
BLT-01,141577.55,456881.76,1947.6222551035578,19.14968,49.36486,2.377387,122.37544947053402,1862.4921546961325,1984.8676041666665
BLT-01,141577.55,456881.76,1947.694605416058,19.27657,49.13342,2.375684,122.37544947053402,1862.4921546961325,1984.8676041666665
BLT-01,141577.55,456881.76,1947.766955728558,19.59191,48.93541,2.369368,122.37544947053402,1862.4921546961325,1984.8676041666665
BLT-01,141577.55,456881.76,1947.839306041058,20.17551,48.77137,2.357409,122.37544947053402,1862.4921546961325,1984.8676041666665
BLT-01,141577.55,456881.76,1947.911656353558,20.88972,48.59181,2.345264,122.37544947053402,1862.4921546961325,1984.8676041666665
BLT-01,141577.55,456881.76,1947.984006666058,21.2338,48.66309,2.337559,122.37544947053402,1862.4921546961325,1984.8676041666665
BLT-01,141577.55,456881.76,1948.056356978558,21.34582,49.201,2.333395,122.37544947053402,1862.4921546961325,1984.8676041666665
BLT-01,141577.55,456881.76,1948.128707291058,21.32366,50.23133,2.332258,122.37544947053402,1862.4921546961325,1984.8676041666665
BLT-01,141577.55,456881.76,1948.201057603558,21.34019,51.2671,2.333762,122.37544947053402,1862.4921546961325,1984.8676041666665
BLT-01,141577.55,456881.76,1948.273407916058,21.21236,51.83007,2.335562,122.37544947053402,1862.4921546961325,1984.8676041666665
BLT-01,141577.55,456881.76,1948.345758228558,21.01658,52.12517,2.336959,122.37544947053402,1862.4921546961325,1984.8676041666665
BLT-01,141577.55,456881.76,1948.418108541058,20.77444,52.23692,2.337916,122.37544947053402,1862.4921546961325,1984.8676041666665
BLT-01,141577.55,456881.76,1948.490458853558,20.48213,52.24271,2.339,122.37544947053402,1862.4921546961325,1984.8676041666665
BLT-01,141577.55,456881.76,1948.562809166058,20.37093,52.27771,2.340026,122.37544947053402,1862.4921546961325,1984.8676041666665
BLT-01,141577.55,456881.76,1948.6351594785579,20.41409,52.58657,2.34072,122.37544947053402,1862.4921546961325,1984.8676041666665
BLT-01,141577.55,456881.76,1948.7075097910579,20.58492,53.14115,2.341096,122.37544947053402,1862.4921546961325,1984.8676041666665
BLT-01,141577.55,456881.76,1948.779860103558,20.83934,53.8062,2.341269,122.37544947053402,1862.4921546961325,1984.8676041666665
BLT-01,141577.55,456881.76,1948.8522104160581,20.96192,53.70696,2.340877,122.37544947053402,1862.4921546961325,1984.8676041666665
BLT-01,141577.55,456881.76,1948.9245607285582,21.02895,53.04189,2.339494,122.37544947053402,1862.4921546961325,1984.8676041666665
BLT-01,141577.55,456881.76,1948.996911041058,20.98746,51.94478,2.336016,122.37544947053402,1862.4921546961325,1984.8676041666665
BLT-01,141577.55,456881.76,1949.069261353558,20.77106,50.57732,2.329211,122.37544947053402,1862.4921546961325,1984.8676041666665
BLT-01,141577.55,456881.76,1949.141611666058,20.77209,49.85006,2.323015,122.37544947053402,1862.4921546961325,1984.8676041666665
BLT-01,141577.55,456881.76,1949.213961978558,21.0112,49.58624,2.319466,122.37544947053402,1862.4921546961325,1984.8676041666665
BLT-01,141577.55,456881.76,1949.2863122910571,21.28515,49.5719,2.317382,122.37544947053402,1862.4921546961325,1984.8676041666665
BLT-01,141577.55,456881.76,1949.358662603557,21.44089,49.62885,2.315531,122.37544947053402,1862.4921546961325,1984.8676041666665
BLT-01,141577.55,456881.76,1949.431012916057,21.60644,49.73413,2.310501,122.37544947053402,1862.4921546961325,1984.8676041666665
BLT-01,141577.55,456881.76,1949.503363228557,21.84978,49.60088,2.304541,122.37544947053402,1862.4921546961325,1984.8676041666665
BLT-01,141577.55,456881.76,1949.575713541057,21.97087,49.29591,2.299381,122.37544947053402,1862.4921546961325,1984.8676041666665
BLT-01,141577.55,456881.76,1949.6480638535572,21.92201,48.91778,2.29586,122.37544947053402,1862.4921546961325,1984.8676041666665
BLT-01,141577.55,456881.76,1949.720414166058,21.99311,48.84881,2.293942,122.37544947053402,1862.4921546961325,1984.8676041666665
BLT-01,141577.55,456881.76,1949.792764478558,22.23198,49.15134,2.293141,122.37544947053402,1862.4921546961325,1984.8676041666665
BLT-01,141577.55,456881.76,1949.865114791057,22.46318,49.54622,2.292547,122.37544947053402,1862.4921546961325,1984.8676041666665
BLT-01,141577.55,456881.76,1949.937465103557,22.63085,49.8767,2.291706,122.37544947053402,1862.4921546961325,1984.8676041666665
BLT-01,141577.55,456881.76,1950.009815416057,22.71966,49.89919,2.290003,122.37544947053402,1862.4921546961325,1984.8676041666665
BLT-01,141577.55,456881.76,1950.082165728557,22.50776,49.41087,2.28651,122.37544947053402,1862.4921546961325,1984.8676041666665
BLT-01,141577.55,456881.76,1950.154516041057,22.25208,48.84576,2.283611,122.37544947053402,1862.4921546961325,1984.8676041666665
BLT-01,141577.55,456881.76,1950.2268663535572,22.01185,48.27987,2.282552,122.37544947053402,1862.4921546961325,1984.8676041666665
BLT-01,141577.55,456881.76,1950.2992166660572,21.82227,47.72609,2.284997,122.37544947053402,1862.4921546961325,1984.8676041666665
BLT-01,141577.55,456881.76,1950.371566978557,21.5076,47.08994,2.294323,122.37544947053402,1862.4921546961325,1984.8676041666665
BLT-01,141577.55,456881.76,1950.443917291057,21.19398,46.73122,2.303657,122.37544947053402,1862.4921546961325,1984.8676041666665
BLT-01,141577.55,456881.76,1950.516267603557,20.93806,46.68283,2.311385,122.37544947053402,1862.4921546961325,1984.8676041666665
BLT-01,141577.55,456881.76,1950.588617916057,20.79459,46.94525,2.3162,122.37544947053402,1862.4921546961325,1984.8676041666665
BLT-01,141577.55,456881.76,1950.660968228557,20.5158,47.34858,2.323699,122.37544947053402,1862.4921546961325,1984.8676041666665
BLT-01,141577.55,456881.76,1950.7333185410569,20.08919,47.60927,2.333266,122.37544947053402,1862.4921546961325,1984.8676041666665
BLT-01,141577.55,456881.76,1950.805668853557,19.68383,47.68015,2.343931,122.37544947053402,1862.4921546961325,1984.8676041666665
BLT-01,141577.55,456881.76,1950.8780191660571,19.42255,47.52221,2.354983,122.37544947053402,1862.4921546961325,1984.8676041666665
BLT-01,141577.55,456881.76,1950.9503694785571,19.19542,47.05352,2.36734,122.37544947053402,1862.4921546961325,1984.8676041666665
BLT-01,141577.55,456881.76,1951.0227197910572,18.74622,45.95116,2.380142,122.37544947053402,1862.4921546961325,1984.8676041666665
BLT-01,141577.55,456881.76,1951.095070103557,18.1963,44.76053,2.389184,122.37544947053402,1862.4921546961325,1984.8676041666665
BLT-01,141577.55,456881.76,1951.167420416057,17.6226,43.8065,2.392198,122.37544947053402,1862.4921546961325,1984.8676041666665
BLT-01,141577.55,456881.76,1951.239770728557,17.13191,43.44979,2.387769,122.37544947053402,1862.4921546961325,1984.8676041666665
BLT-01,141577.55,456881.76,1951.312121041057,16.23176,42.94268,2.391431,122.37544947053402,1862.4921546961325,1984.8676041666665
BLT-01,141577.55,456881.76,1951.384471353557,15.16059,42.3386,2.404761,122.37544947053402,1862.4921546961325,1984.8676041666665
BLT-01,141577.55,456881.76,1951.456821666057,14.05001,41.72183,2.427352,122.37544947053402,1862.4921546961325,1984.8676041666665
BLT-01,141577.55,456881.76,1951.529171978557,13.10109,41.31025,2.456515,122.37544947053402,1862.4921546961325,1984.8676041666665
BLT-01,141577.55,456881.76,1951.601522291057,12.21482,41.01353,2.483696,122.37544947053402,1862.4921546961325,1984.8676041666665
BLT-01,141577.55,456881.76,1951.6738726035571,11.54083,40.9925,2.501109,122.37544947053402,1862.4921546961325,1984.8676041666665
BLT-01,141577.55,456881.76,1951.746222916057,11.17465,41.2732,2.506591,122.37544947053402,1862.4921546961325,1984.8676041666665
BLT-01,141577.55,456881.76,1951.818573228557,11.25259,41.85707,2.498358,122.37544947053402,1862.4921546961325,1984.8676041666665
BLT-01,141577.55,456881.76,1951.890923541057,11.66549,42.56972,2.485906,122.37544947053402,1862.4921546961325,1984.8676041666665
BLT-01,141577.55,456881.76,1951.9632738535572,11.97085,43.49837,2.477315,122.37544947053402,1862.4921546961325,1984.8676041666665
BLT-01,141577.55,456881.76,1952.035624166057,12.10055,44.48306,2.473119,122.37544947053402,1862.4921546961325,1984.8676041666665
BLT-01,141577.55,456881.76,1952.107974478557,12.01473,45.32677,2.473174,122.37544947053402,1862.4921546961325,1984.8676041666665
BLT-01,141577.55,456881.76,1952.180324791057,12.01658,45.87417,2.472012,122.37544947053402,1862.4921546961325,1984.8676041666665
BLT-01,141577.55,456881.76,1952.252675103557,12.30649,46.33457,2.464885,122.37544947053402,1862.4921546961325,1984.8676041666665
BLT-01,141577.55,456881.76,1952.325025416057,12.70899,46.68725,2.456255,122.37544947053402,1862.4921546961325,1984.8676041666665
BLT-01,141577.55,456881.76,1952.3973757285562,13.0714,46.92768,2.450172,122.37544947053402,1862.4921546961325,1984.8676041666665
BLT-01,141577.55,456881.76,1952.469726041056,13.19692,47.16721,2.454031,122.37544947053402,1862.4921546961325,1984.8676041666665
BLT-01,141577.55,456881.76,1952.542076353556,13.23505,47.54514,2.461811,122.37544947053402,1862.4921546961325,1984.8676041666665
BLT-01,141577.55,456881.76,1952.614426666056,13.45155,48.09869,2.46714,122.37544947053402,1862.4921546961325,1984.8676041666665
BLT-01,141577.55,456881.76,1952.686776978556,14.0019,48.81376,2.465898,122.37544947053402,1862.4921546961325,1984.8676041666665
BLT-01,141577.55,456881.76,1952.7591272910563,15.05524,49.51651,2.451879,122.37544947053402,1862.4921546961325,1984.8676041666665
BLT-01,141577.55,456881.76,1952.831477603556,16.08765,50.2449,2.431306,122.37544947053402,1862.4921546961325,1984.8676041666665
BLT-01,141577.55,456881.76,1952.9038279160561,16.89022,50.82985,2.409221,122.37544947053402,1862.4921546961325,1984.8676041666665
BLT-01,141577.55,456881.76,1952.9761782285561,17.39997,51.08984,2.390199,122.37544947053402,1862.4921546961325,1984.8676041666665
BLT-01,141577.55,456881.76,1953.0485285410562,17.60145,50.60933,2.384037,122.37544947053402,1862.4921546961325,1984.8676041666665
BLT-01,141577.55,456881.76,1953.120878853556,17.47018,49.84356,2.391498,122.37544947053402,1862.4921546961325,1984.8676041666665
BLT-01,141577.55,456881.76,1953.193229166056,17.1737,49.04956,2.402877,122.37544947053402,1862.4921546961325,1984.8676041666665
BLT-01,141577.55,456881.76,1953.265579478556,16.7321,48.19158,2.416967,122.37544947053402,1862.4921546961325,1984.8676041666665
BLT-01,141577.55,456881.76,1953.3379297910562,16.13631,47.13148,2.434237,122.37544947053402,1862.4921546961325,1984.8676041666665
BLT-01,141577.55,456881.76,1953.4102801035563,15.78732,45.85077,2.446791,122.37544947053402,1862.4921546961325,1984.8676041666665
BLT-01,141577.55,456881.76,1953.482630416056,15.54419,44.66615,2.454371,122.37544947053402,1862.4921546961325,1984.8676041666665
BLT-01,141577.55,456881.76,1953.554980728556,15.23903,43.69557,2.458299,122.37544947053402,1862.4921546961325,1984.8676041666665
BLT-01,141577.55,456881.76,1953.627331041056,14.69317,43.04939,2.460242,122.37544947053402,1862.4921546961325,1984.8676041666665
BLT-01,141577.55,456881.76,1953.6996813535561,14.23257,42.95769,2.46155,122.37544947053402,1862.4921546961325,1984.8676041666665
BLT-01,141577.55,456881.76,1953.7720316660561,13.85762,42.87926,2.4645,122.37544947053402,1862.4921546961325,1984.8676041666665
BLT-01,141577.55,456881.76,1953.844381978556,13.44779,42.59688,2.471661,122.37544947053402,1862.4921546961325,1984.8676041666665
BLT-01,141577.55,456881.76,1953.9167322910562,12.94773,42.00596,2.484175,122.37544947053402,1862.4921546961325,1984.8676041666665
BLT-01,141577.55,456881.76,1953.9890826035562,12.75814,41.74121,2.493802,122.37544947053402,1862.4921546961325,1984.8676041666665
BLT-01,141577.55,456881.76,1954.0614329160562,12.92673,42.14089,2.492838,122.37544947053402,1862.4921546961325,1984.8676041666665
BLT-01,141577.55,456881.76,1954.133783228556,13.58496,43.45883,2.474661,122.37544947053402,1862.4921546961325,1984.8676041666665
BLT-01,141577.55,456881.76,1954.206133541056,14.74068,45.68018,2.438573,122.37544947053402,1862.4921546961325,1984.8676041666665
BLT-01,141577.55,456881.76,1954.278483853556,16.11098,48.09864,2.397181,122.37544947053402,1862.4921546961325,1984.8676041666665
BLT-01,141577.55,456881.76,1954.350834166056,18.00577,50.42081,2.362135,122.37544947053402,1862.4921546961325,1984.8676041666665
BLT-01,141577.55,456881.76,1954.423184478556,19.69388,52.34733,2.336764,122.37544947053402,1862.4921546961325,1984.8676041666665
BLT-01,141577.55,456881.76,1954.4955347910561,20.84503,53.58315,2.322562,122.37544947053402,1862.4921546961325,1984.8676041666665
BLT-01,141577.55,456881.76,1954.5678851035561,21.06154,53.48191,2.321324,122.37544947053402,1862.4921546961325,1984.8676041666665
BLT-01,141577.55,456881.76,1954.6402354160562,21.49482,52.7116,2.3193,122.37544947053402,1862.4921546961325,1984.8676041666665
BLT-01,141577.55,456881.76,1954.7125857285562,22.0264,51.99827,2.312697,122.37544947053402,1862.4921546961325,1984.8676041666665
BLT-01,141577.55,456881.76,1954.784936041056,22.52447,51.67812,2.302516,122.37544947053402,1862.4921546961325,1984.8676041666665
BLT-01,141577.55,456881.76,1954.857286353556,22.78092,52.16779,2.2916,122.37544947053402,1862.4921546961325,1984.8676041666665
BLT-01,141577.55,456881.76,1954.929636666056,22.98477,53.25121,2.2869,122.37544947053402,1862.4921546961325,1984.8676041666665
BLT-01,141577.55,456881.76,1955.001986978556,23.00821,53.86266,2.286396,122.37544947053402,1862.4921546961325,1984.8676041666665
BLT-01,141577.55,456881.76,1955.0743372910563,22.78065,53.63514,2.290383,122.37544947053402,1862.4921546961325,1984.8676041666665
BLT-01,141577.55,456881.76,1955.146687603556,22.24128,52.2625,2.299109,122.37544947053402,1862.4921546961325,1984.8676041666665
BLT-01,141577.55,456881.76,1955.219037916056,21.66286,51.05344,2.306455,122.37544947053402,1862.4921546961325,1984.8676041666665
BLT-01,141577.55,456881.76,1955.2913882285561,21.21519,50.60653,2.31013,122.37544947053402,1862.4921546961325,1984.8676041666665
BLT-01,141577.55,456881.76,1955.3637385410561,21.02589,50.55844,2.310688,122.37544947053402,1862.4921546961325,1984.8676041666665
BLT-01,141577.55,456881.76,1955.4360888535562,21.16818,50.5739,2.30837,122.37544947053402,1862.4921546961325,1984.8676041666665
BLT-01,141577.55,456881.76,1955.5084391660553,21.46143,49.9633,2.300725,122.37544947053402,1862.4921546961325,1984.8676041666665
BLT-01,141577.55,456881.76,1955.580789478555,21.51804,49.30927,2.294588,122.37544947053402,1862.4921546961325,1984.8676041666665
BLT-01,141577.55,456881.76,1955.653139791055,21.50483,48.5766,2.292305,122.37544947053402,1862.4921546961325,1984.8676041666665
BLT-01,141577.55,456881.76,1955.725490103555,21.50525,47.79209,2.294564,122.37544947053402,1862.4921546961325,1984.8676041666665
BLT-01,141577.55,456881.76,1955.7978404160551,21.56379,47.17791,2.299427,122.37544947053402,1862.4921546961325,1984.8676041666665
BLT-01,141577.55,456881.76,1955.870190728555,21.50058,47.67022,2.305344,122.37544947053402,1862.4921546961325,1984.8676041666665
BLT-01,141577.55,456881.76,1955.9425410410552,21.31053,48.59475,2.310898,122.37544947053402,1862.4921546961325,1984.8676041666665
BLT-01,141577.55,456881.76,1956.0148913535552,20.94916,49.59966,2.315731,122.37544947053402,1862.4921546961325,1984.8676041666665
BLT-01,141577.55,456881.76,1956.0872416660552,20.28868,50.1753,2.319903,122.37544947053402,1862.4921546961325,1984.8676041666665
BLT-01,141577.55,456881.76,1956.1595919785552,19.27749,50.46814,2.33283,122.37544947053402,1862.4921546961325,1984.8676041666665
BLT-01,141577.55,456881.76,1956.231942291055,18.42918,50.69672,2.349709,122.37544947053402,1862.4921546961325,1984.8676041666665
BLT-01,141577.55,456881.76,1956.304292603555,17.68926,51.03324,2.370648,122.37544947053402,1862.4921546961325,1984.8676041666665
BLT-01,141577.55,456881.76,1956.376642916055,16.83013,51.72872,2.397037,122.37544947053402,1862.4921546961325,1984.8676041666665
BLT-01,141577.55,456881.76,1956.448993228555,15.99817,52.62584,2.418599,122.37544947053402,1862.4921546961325,1984.8676041666665
BLT-01,141577.55,456881.76,1956.5213435410553,15.46832,53.56867,2.432632,122.37544947053402,1862.4921546961325,1984.8676041666665
BLT-01,141577.55,456881.76,1956.5936938535551,15.19279,54.30942,2.440938,122.37544947053402,1862.4921546961325,1984.8676041666665
BLT-01,141577.55,456881.76,1956.6660441660551,15.09341,54.57476,2.445845,122.37544947053402,1862.4921546961325,1984.8676041666665
BLT-01,141577.55,456881.76,1956.7383944785552,15.08029,53.57531,2.447086,122.37544947053402,1862.4921546961325,1984.8676041666665
BLT-01,141577.55,456881.76,1956.8107447910552,15.09856,51.69495,2.446802,122.37544947053402,1862.4921546961325,1984.8676041666665
BLT-01,141577.55,456881.76,1956.883095103555,15.13178,49.72512,2.444927,122.37544947053402,1862.4921546961325,1984.8676041666665
BLT-01,141577.55,456881.76,1956.955445416055,15.1841,48.31876,2.441485,122.37544947053402,1862.4921546961325,1984.8676041666665
BLT-01,141577.55,456881.76,1957.027795728555,15.42936,48.35707,2.436987,122.37544947053402,1862.4921546961325,1984.8676041666665
BLT-01,141577.55,456881.76,1957.1001460410553,15.69973,48.56219,2.43122,122.37544947053402,1862.4921546961325,1984.8676041666665
BLT-01,141577.55,456881.76,1957.1724963535553,15.83238,48.75772,2.426035,122.37544947053402,1862.4921546961325,1984.8676041666665
BLT-01,141577.55,456881.76,1957.244846666055,15.77035,48.88574,2.422402,122.37544947053402,1862.4921546961325,1984.8676041666665
BLT-01,141577.55,456881.76,1957.317196978555,15.58901,49.04616,2.421119,122.37544947053402,1862.4921546961325,1984.8676041666665
BLT-01,141577.55,456881.76,1957.3895472910551,15.30883,49.01634,2.419872,122.37544947053402,1862.4921546961325,1984.8676041666665
BLT-01,141577.55,456881.76,1957.4618976035551,15.0704,48.77439,2.418406,122.37544947053402,1862.4921546961325,1984.8676041666665
BLT-01,141577.55,456881.76,1957.5342479160552,14.92696,48.35752,2.416626,122.37544947053402,1862.4921546961325,1984.8676041666665
BLT-01,141577.55,456881.76,1957.606598228555,14.92719,47.88936,2.414454,122.37544947053402,1862.4921546961325,1984.8676041666665
BLT-01,141577.55,456881.76,1957.6789485410552,15.22858,47.63446,2.409088,122.37544947053402,1862.4921546961325,1984.8676041666665
BLT-01,141577.55,456881.76,1957.7512988535552,15.52843,47.45532,2.403504,122.37544947053402,1862.4921546961325,1984.8676041666665
BLT-01,141577.55,456881.76,1957.8236491660552,15.71745,47.31189,2.398959,122.37544947053402,1862.4921546961325,1984.8676041666665
BLT-01,141577.55,456881.76,1957.895999478555,15.67831,47.16705,2.396923,122.37544947053402,1862.4921546961325,1984.8676041666665
BLT-01,141577.55,456881.76,1957.968349791055,15.5652,46.95279,2.397851,122.37544947053402,1862.4921546961325,1984.8676041666665
BLT-01,141577.55,456881.76,1958.040700103555,15.47659,46.98821,2.404583,122.37544947053402,1862.4921546961325,1984.8676041666665
BLT-01,141577.55,456881.76,1958.113050416055,15.40049,47.25128,2.414936,122.37544947053402,1862.4921546961325,1984.8676041666665
BLT-01,141577.55,456881.76,1958.1854007285551,15.31825,47.68869,2.426179,122.37544947053402,1862.4921546961325,1984.8676041666665
BLT-01,141577.55,456881.76,1958.2577510410551,15.23584,48.01465,2.433918,122.37544947053402,1862.4921546961325,1984.8676041666665
BLT-01,141577.55,456881.76,1958.3301013535552,15.19187,47.80467,2.439466,122.37544947053402,1862.4921546961325,1984.8676041666665
BLT-01,141577.55,456881.76,1958.4024516660552,15.17492,47.31012,2.442248,122.37544947053402,1862.4921546961325,1984.8676041666665
BLT-01,141577.55,456881.76,1958.4748019785552,15.18652,46.75195,2.441899,122.37544947053402,1862.4921546961325,1984.8676041666665
BLT-01,141577.55,456881.76,1958.547152291055,15.32979,46.54072,2.438441,122.37544947053402,1862.4921546961325,1984.8676041666665
BLT-01,141577.55,456881.76,1958.619502603554,15.50494,46.22136,2.430981,122.37544947053402,1862.4921546961325,1984.8676041666665
BLT-01,141577.55,456881.76,1958.6918529160541,15.67407,45.74556,2.422547,122.37544947053402,1862.4921546961325,1984.8676041666665
BLT-01,141577.55,456881.76,1958.7642032285542,15.83645,45.09741,2.414833,122.37544947053402,1862.4921546961325,1984.8676041666665
BLT-01,141577.55,456881.76,1958.8365535410542,16.0692,44.30231,2.409774,122.37544947053402,1862.4921546961325,1984.8676041666665
BLT-01,141577.55,456881.76,1958.9089038535542,16.19193,43.86014,2.40638,122.37544947053402,1862.4921546961325,1984.8676041666665
BLT-01,141577.55,456881.76,1958.981254166054,16.13654,43.74498,2.404742,122.37544947053402,1862.4921546961325,1984.8676041666665
BLT-01,141577.55,456881.76,1959.0536044785542,15.93823,43.93866,2.404738,122.37544947053402,1862.4921546961325,1984.8676041666665
BLT-01,141577.55,456881.76,1959.1259019348722,15.74503,44.40933,2.405961,122.37544947053402,1862.4921546961325,1984.8676041666665
BLT-01,141577.55,456881.76,1959.1981690316463,15.46053,44.73266,2.407581,122.37544947053402,1862.4921546961325,1984.8676041666665
BLT-01,141577.55,456881.76,1959.2704361284204,15.15018,44.66954,2.410656,122.37544947053402,1862.4921546961325,1984.8676041666665
BLT-01,141577.55,456881.76,1959.3427032251946,14.85325,44.25594,2.415114,122.37544947053402,1862.4921546961325,1984.8676041666665
BLT-01,141577.55,456881.76,1959.414970321969,14.62185,43.61045,2.420575,122.37544947053402,1862.4921546961325,1984.8676041666665
BLT-01,141577.55,456881.76,1959.487237418743,14.17247,43.04451,2.425634,122.37544947053402,1862.4921546961325,1984.8676041666665
BLT-01,141577.55,456881.76,1959.5595045155171,13.61646,43.01753,2.431901,122.37544947053402,1862.4921546961325,1984.8676041666665
BLT-01,141577.55,456881.76,1959.6317716122915,13.07872,43.48549,2.438641,122.37544947053402,1862.4921546961325,1984.8676041666665
BLT-01,141577.55,456881.76,1959.7040387090658,12.68381,44.35659,2.444976,122.37544947053402,1862.4921546961325,1984.8676041666665
BLT-01,141577.55,456881.76,1959.77630580584,12.26359,45.28524,2.451411,122.37544947053402,1862.4921546961325,1984.8676041666665
BLT-01,141577.55,456881.76,1959.848572902614,11.74351,46.4682,2.463447,122.37544947053402,1862.4921546961325,1984.8676041666665
BLT-01,141577.55,456881.76,1959.9208399993881,11.24441,47.71859,2.477609,122.37544947053402,1862.4921546961325,1984.8676041666665
BLT-01,141577.55,456881.76,1959.9931070961625,10.85503,48.89981,2.490915,122.37544947053402,1862.4921546961325,1984.8676041666665
BLT-01,141577.55,456881.76,1960.0653741929366,10.62977,49.946,2.497831,122.37544947053402,1862.4921546961325,1984.8676041666665
BLT-01,141577.55,456881.76,1960.1376412897107,10.43321,50.9215,2.502749,122.37544947053402,1862.4921546961325,1984.8676041666665
BLT-01,141577.55,456881.76,1960.209908386485,10.27617,51.41059,2.505239,122.37544947053402,1862.4921546961325,1984.8676041666665
BLT-01,141577.55,456881.76,1960.2821754832592,10.17336,51.21591,2.505474,122.37544947053402,1862.4921546961325,1984.8676041666665
BLT-01,141577.55,456881.76,1960.3544425800335,10.17335,50.23479,2.505173,122.37544947053402,1862.4921546961325,1984.8676041666665
BLT-01,141577.55,456881.76,1960.4267096768076,10.16434,49.25634,2.505675,122.37544947053402,1862.4921546961325,1984.8676041666665
BLT-01,141577.55,456881.76,1960.4989767735817,10.15947,48.80273,2.506073,122.37544947053402,1862.4921546961325,1984.8676041666665
BLT-01,141577.55,456881.76,1960.5712438703558,10.18273,48.98098,2.505881,122.37544947053402,1862.4921546961325,1984.8676041666665
BLT-01,141577.55,456881.76,1960.6435109671302,10.29163,49.73106,2.504383,122.37544947053402,1862.4921546961325,1984.8676041666665
BLT-01,141577.55,456881.76,1960.7157780639043,10.54352,50.46088,2.502339,122.37544947053402,1862.4921546961325,1984.8676041666665
BLT-01,141577.55,456881.76,1960.7880451606786,11.19446,51.40163,2.498877,122.37544947053402,1862.4921546961325,1984.8676041666665
BLT-01,141577.55,456881.76,1960.8603122574527,12.15806,52.47421,2.49291,122.37544947053402,1862.4921546961325,1984.8676041666665
BLT-01,141577.55,456881.76,1960.932579354227,13.23147,53.49488,2.482825,122.37544947053402,1862.4921546961325,1984.8676041666665
BLT-01,141577.55,456881.76,1961.0048464510012,14.11027,53.85955,2.465815,122.37544947053402,1862.4921546961325,1984.8676041666665
BLT-01,141577.55,456881.76,1961.0771135477753,15.67055,54.06442,2.435645,122.37544947053402,1862.4921546961325,1984.8676041666665
BLT-01,141577.55,456881.76,1961.1493806445494,17.56052,54.21949,2.400783,122.37544947053402,1862.4921546961325,1984.8676041666665
BLT-01,141577.55,456881.76,1961.2216477413228,19.33245,54.41467,2.370914,122.37544947053402,1862.4921546961325,1984.8676041666665
BLT-01,141577.55,456881.76,1961.293914838097,19.88333,54.44119,2.359434,122.37544947053402,1862.4921546961325,1984.8676041666665
BLT-01,141577.55,456881.76,1961.366181934871,20.07729,54.17821,2.352819,122.37544947053402,1862.4921546961325,1984.8676041666665
BLT-01,141577.55,456881.76,1961.4384490316454,20.01296,53.47092,2.350611,122.37544947053402,1862.4921546961325,1984.8676041666665
BLT-01,141577.55,456881.76,1961.5107161284195,19.77951,52.29619,2.352306,122.37544947053402,1862.4921546961325,1984.8676041666665
BLT-01,141577.55,456881.76,1961.5829832251939,19.56328,51.38941,2.356565,122.37544947053402,1862.4921546961325,1984.8676041666665
BLT-01,141577.55,456881.76,1961.655250321968,19.5099,51.01795,2.36074,122.37544947053402,1862.4921546961325,1984.8676041666665
BLT-01,141577.55,456881.76,1961.727517418743,19.48597,50.96277,2.364162,122.37544947053402,1862.4921546961325,1984.8676041666665
BLT-01,141577.55,456881.76,1961.7997845155164,19.40453,51.09399,2.366292,122.37544947053402,1862.4921546961325,1984.8676041666665
BLT-01,141577.55,456881.76,1961.8720516122905,19.11589,51.2244,2.3659,122.37544947053402,1862.4921546961325,1984.8676041666665
BLT-01,141577.55,456881.76,1961.9443187090646,18.92401,51.22973,2.36474,122.37544947053402,1862.4921546961325,1984.8676041666665
BLT-01,141577.55,456881.76,1962.0165858058388,18.81703,50.75781,2.36503,122.37544947053402,1862.4921546961325,1984.8676041666665
BLT-01,141577.55,456881.76,1962.088852902613,18.70656,49.88568,2.367335,122.37544947053402,1862.4921546961325,1984.8676041666665
BLT-01,141577.55,456881.76,1962.1611199993874,18.36104,49.05142,2.371734,122.37544947053402,1862.4921546961325,1984.8676041666665
BLT-01,141577.55,456881.76,1962.2333870961616,17.96313,48.81179,2.376305,122.37544947053402,1862.4921546961325,1984.8676041666665
BLT-01,141577.55,456881.76,1962.3056541929357,17.67107,49.44738,2.383003,122.37544947053402,1862.4921546961325,1984.8676041666665
BLT-01,141577.55,456881.76,1962.37792128971,17.47854,50.71384,2.39105,122.37544947053402,1862.4921546961325,1984.8676041666665
BLT-01,141577.55,456881.76,1962.4501883864841,17.3417,52.14616,2.398751,122.37544947053402,1862.4921546961325,1984.8676041666665
BLT-01,141577.55,456881.76,1962.5224554832582,17.15823,52.8433,2.404307,122.37544947053402,1862.4921546961325,1984.8676041666665
BLT-01,141577.55,456881.76,1962.5947225800323,16.89292,53.16467,2.408789,122.37544947053402,1862.4921546961325,1984.8676041666665
BLT-01,141577.55,456881.76,1962.6669896768067,16.68416,53.03699,2.410953,122.37544947053402,1862.4921546961325,1984.8676041666665
BLT-01,141577.55,456881.76,1962.739256773581,16.678,52.39032,2.409548,122.37544947053402,1862.4921546961325,1984.8676041666665
BLT-01,141577.55,456881.76,1962.8115238703551,16.96631,51.53354,2.405322,122.37544947053402,1862.4921546961325,1984.8676041666665
BLT-01,141577.55,456881.76,1962.8837909671292,17.18035,50.97408,2.402739,122.37544947053402,1862.4921546961325,1984.8676041666665
BLT-01,141577.55,456881.76,1962.9560580639034,17.40317,50.51418,2.402239,122.37544947053402,1862.4921546961325,1984.8676041666665
BLT-01,141577.55,456881.76,1963.0283251606777,17.66367,50.02686,2.403929,122.37544947053402,1862.4921546961325,1984.8676041666665
BLT-01,141577.55,456881.76,1963.1005922574518,17.72026,49.56144,2.406295,122.37544947053402,1862.4921546961325,1984.8676041666665
BLT-01,141577.55,456881.76,1963.172859354226,17.55105,49.09265,2.406841,122.37544947053402,1862.4921546961325,1984.8676041666665
BLT-01,141577.55,456881.76,1963.245126451,17.50029,48.38737,2.405842,122.37544947053402,1862.4921546961325,1984.8676041666665
BLT-01,141577.55,456881.76,1963.3173935477746,17.68228,47.42638,2.403532,122.37544947053402,1862.4921546961325,1984.8676041666665
BLT-01,141577.55,456881.76,1963.3896606445487,17.98196,46.55525,2.400479,122.37544947053402,1862.4921546961325,1984.8676041666665
BLT-01,141577.55,456881.76,1963.4619277413228,18.13791,46.01863,2.396835,122.37544947053402,1862.4921546961325,1984.8676041666665
BLT-01,141577.55,456881.76,1963.534194838097,18.18701,45.68638,2.390892,122.37544947053402,1862.4921546961325,1984.8676041666665
BLT-01,141577.55,456881.76,1963.6064619348713,18.18413,45.57389,2.383189,122.37544947053402,1862.4921546961325,1984.8676041666665
BLT-01,141577.55,456881.76,1963.6787290316454,18.25139,45.80414,2.376223,122.37544947053402,1862.4921546961325,1984.8676041666665
BLT-01,141577.55,456881.76,1963.7509961284195,18.50532,46.28548,2.371758,122.37544947053402,1862.4921546961325,1984.8676041666665
BLT-01,141577.55,456881.76,1963.8232632251936,18.81693,46.66508,2.36693,122.37544947053402,1862.4921546961325,1984.8676041666665
BLT-01,141577.55,456881.76,1963.895530321968,19.15815,46.61883,2.360327,122.37544947053402,1862.4921546961325,1984.8676041666665
BLT-01,141577.55,456881.76,1963.9677974187423,19.50866,45.69843,2.350257,122.37544947053402,1862.4921546961325,1984.8676041666665
BLT-01,141577.55,456881.76,1964.0400645155164,19.50719,44.26829,2.342551,122.37544947053402,1862.4921546961325,1984.8676041666665
BLT-01,141577.55,456881.76,1964.1123316122905,19.24703,43.17826,2.338685,122.37544947053402,1862.4921546961325,1984.8676041666665
BLT-01,141577.55,456881.76,1964.1845987090646,18.75621,42.91035,2.338401,122.37544947053402,1862.4921546961325,1984.8676041666665
BLT-01,141577.55,456881.76,1964.256865805839,18.07887,43.88947,2.34121,122.37544947053402,1862.4921546961325,1984.8676041666665
BLT-01,141577.55,456881.76,1964.3291329026122,17.63361,45.7242,2.344787,122.37544947053402,1862.4921546961325,1984.8676041666665
BLT-01,141577.55,456881.76,1964.4013999993863,17.48832,46.91565,2.347908,122.37544947053402,1862.4921546961325,1984.8676041666665
BLT-01,141577.55,456881.76,1964.4736670961606,17.46398,47.27512,2.35214,122.37544947053402,1862.4921546961325,1984.8676041666665
BLT-01,141577.55,456881.76,1964.5459341929347,17.41885,46.77033,2.358231,122.37544947053402,1862.4921546961325,1984.8676041666665
BLT-01,141577.55,456881.76,1964.6182012897088,17.1368,46.14184,2.363833,122.37544947053402,1862.4921546961325,1984.8676041666665
BLT-01,141577.55,456881.76,1964.6904683864832,16.82428,46.0331,2.366719,122.37544947053402,1862.4921546961325,1984.8676041666665
BLT-01,141577.55,456881.76,1964.7627354832575,16.60964,46.05721,2.368272,122.37544947053402,1862.4921546961325,1984.8676041666665
BLT-01,141577.55,456881.76,1964.8350025800316,16.53529,45.99975,2.369242,122.37544947053402,1862.4921546961325,1984.8676041666665
BLT-01,141577.55,456881.76,1964.9072696768058,16.56292,45.58617,2.370558,122.37544947053402,1862.4921546961325,1984.8676041666665
BLT-01,141577.55,456881.76,1964.9795367735799,16.45066,45.12782,2.37353,122.37544947053402,1862.4921546961325,1984.8676041666665
BLT-01,141577.55,456881.76,1965.0518038703542,16.23702,44.83945,2.377549,122.37544947053402,1862.4921546961325,1984.8676041666665
BLT-01,141577.55,456881.76,1965.1240709671283,15.98404,44.91072,2.382701,122.37544947053402,1862.4921546961325,1984.8676041666665
BLT-01,141577.55,456881.76,1965.1963380639024,15.82951,45.70642,2.389574,122.37544947053402,1862.4921546961325,1984.8676041666665
BLT-01,141577.55,456881.76,1965.2686051606768,15.62507,46.45992,2.395772,122.37544947053402,1862.4921546961325,1984.8676041666665
BLT-01,141577.55,456881.76,1965.3408722574509,15.3551,47.01931,2.400899,122.37544947053402,1862.4921546961325,1984.8676041666665
BLT-01,141577.55,456881.76,1965.4131393542252,15.10411,47.52743,2.406271,122.37544947053402,1862.4921546961325,1984.8676041666665
BLT-01,141577.55,456881.76,1965.4854064509993,15.00807,48.23819,2.414039,122.37544947053402,1862.4921546961325,1984.8676041666665
BLT-01,141577.55,456881.76,1965.5576735477734,15.05792,48.79285,2.420012,122.37544947053402,1862.4921546961325,1984.8676041666665
BLT-01,141577.55,456881.76,1965.6299406445476,15.01107,49.06556,2.423451,122.37544947053402,1862.4921546961325,1984.8676041666665
BLT-01,141577.55,456881.76,1965.702207741322,14.90123,49.24577,2.424697,122.37544947053402,1862.4921546961325,1984.8676041666665
BLT-01,141577.55,456881.76,1965.774474838096,14.779,49.54483,2.424176,122.37544947053402,1862.4921546961325,1984.8676041666665
BLT-01,141577.55,456881.76,1965.8467419348704,14.84867,50.40449,2.421866,122.37544947053402,1862.4921546961325,1984.8676041666665
BLT-01,141577.55,456881.76,1965.9190090316445,15.00687,51.30737,2.419476,122.37544947053402,1862.4921546961325,1984.8676041666665
BLT-01,141577.55,456881.76,1965.9912761284188,15.29404,52.13673,2.417102,122.37544947053402,1862.4921546961325,1984.8676041666665
BLT-01,141577.55,456881.76,1966.063543225193,15.72027,52.79197,2.414841,122.37544947053402,1862.4921546961325,1984.8676041666665
BLT-01,141577.55,456881.76,1966.135810321967,16.15918,53.04224,2.412983,122.37544947053402,1862.4921546961325,1984.8676041666665
BLT-01,141577.55,456881.76,1966.2080774187411,16.48104,52.95074,2.410902,122.37544947053402,1862.4921546961325,1984.8676041666665
BLT-01,141577.55,456881.76,1966.2803445155155,16.74683,52.76052,2.408028,122.37544947053402,1862.4921546961325,1984.8676041666665
BLT-01,141577.55,456881.76,1966.3526116122896,16.97692,52.55853,2.403842,122.37544947053402,1862.4921546961325,1984.8676041666665
BLT-01,141577.55,456881.76,1966.424878709064,17.15728,52.31359,2.397051,122.37544947053402,1862.4921546961325,1984.8676041666665
BLT-01,141577.55,456881.76,1966.497145805838,17.18713,52.06673,2.391356,122.37544947053402,1862.4921546961325,1984.8676041666665
BLT-01,141577.55,456881.76,1966.5694129026122,17.18161,51.75,2.387621,122.37544947053402,1862.4921546961325,1984.8676041666665
BLT-01,141577.55,456881.76,1966.6416799993865,17.13903,51.13924,2.385834,122.37544947053402,1862.4921546961325,1984.8676041666665
BLT-01,141577.55,456881.76,1966.7139470961606,16.98918,49.70312,2.385478,122.37544947053402,1862.4921546961325,1984.8676041666665
BLT-01,141577.55,456881.76,1966.7862141929347,16.54424,48.16035,2.386499,122.37544947053402,1862.4921546961325,1984.8676041666665
BLT-01,141577.55,456881.76,1966.8584812897088,16.0153,46.91336,2.388078,122.37544947053402,1862.4921546961325,1984.8676041666665
BLT-01,141577.55,456881.76,1966.9307483864832,15.54382,45.99228,2.390338,122.37544947053402,1862.4921546961325,1984.8676041666665
BLT-01,141577.55,456881.76,1967.0030154832575,15.31072,45.36898,2.393605,122.37544947053402,1862.4921546961325,1984.8676041666665
BLT-01,141577.55,456881.76,1967.0752825800316,15.32179,45.13374,2.396857,122.37544947053402,1862.4921546961325,1984.8676041666665
BLT-01,141577.55,456881.76,1967.1475496768057,15.25362,45.08994,2.399936,122.37544947053402,1862.4921546961325,1984.8676041666665
BLT-01,141577.55,456881.76,1967.21981677358,15.18534,45.11176,2.402853,122.37544947053402,1862.4921546961325,1984.8676041666665
BLT-01,141577.55,456881.76,1967.2920838703542,15.21087,45.0679,2.405536,122.37544947053402,1862.4921546961325,1984.8676041666665
BLT-01,141577.55,456881.76,1967.3643509671283,15.49845,44.63989,2.405509,122.37544947053402,1862.4921546961325,1984.8676041666665
BLT-01,141577.55,456881.76,1967.4366180639017,15.68864,44.12236,2.4029,122.37544947053402,1862.4921546961325,1984.8676041666665
BLT-01,141577.55,456881.76,1967.5088851606758,15.78366,43.68017,2.398551,122.37544947053402,1862.4921546961325,1984.8676041666665
BLT-01,141577.55,456881.76,1967.58115225745,15.78395,43.40451,2.393108,122.37544947053402,1862.4921546961325,1984.8676041666665
BLT-01,141577.55,456881.76,1967.653419354224,15.67613,43.20187,2.387487,122.37544947053402,1862.4921546961325,1984.8676041666665
BLT-01,141577.55,456881.76,1967.7256864509982,15.54457,42.86446,2.383215,122.37544947053402,1862.4921546961325,1984.8676041666665
BLT-01,141577.55,456881.76,1967.7979535477725,15.46395,42.51303,2.381143,122.37544947053402,1862.4921546961325,1984.8676041666665
BLT-01,141577.55,456881.76,1967.8702206445469,15.41384,42.25702,2.381636,122.37544947053402,1862.4921546961325,1984.8676041666665
BLT-01,141577.55,456881.76,1967.942487741321,15.18622,42.36728,2.384872,122.37544947053402,1862.4921546961325,1984.8676041666665
BLT-01,141577.55,456881.76,1968.014754838095,14.90274,42.91753,2.391879,122.37544947053402,1862.4921546961325,1984.8676041666665
BLT-01,141577.55,456881.76,1968.0870219348694,14.7698,43.32806,2.399709,122.37544947053402,1862.4921546961325,1984.8676041666665
BLT-01,141577.55,456881.76,1968.1592890316435,14.74798,43.42081,2.407237,122.37544947053402,1862.4921546961325,1984.8676041666665
BLT-01,141577.55,456881.76,1968.2315561284177,14.62702,43.06843,2.413277,122.37544947053402,1862.4921546961325,1984.8676041666665
BLT-01,141577.55,456881.76,1968.3038232251918,14.3481,42.77328,2.419051,122.37544947053402,1862.4921546961325,1984.8676041666665
BLT-01,141577.55,456881.76,1968.376090321966,13.9735,43.33601,2.42733,122.37544947053402,1862.4921546961325,1984.8676041666665
BLT-01,141577.55,456881.76,1968.4483574187404,13.57415,44.65901,2.437085,122.37544947053402,1862.4921546961325,1984.8676041666665
BLT-01,141577.55,456881.76,1968.5206245155146,13.24759,46.4509,2.44628,122.37544947053402,1862.4921546961325,1984.8676041666665
BLT-01,141577.55,456881.76,1968.5928916122887,13.12581,47.75731,2.452134,122.37544947053402,1862.4921546961325,1984.8676041666665
BLT-01,141577.55,456881.76,1968.665158709063,13.05692,48.78336,2.456714,122.37544947053402,1862.4921546961325,1984.8676041666665
BLT-01,141577.55,456881.76,1968.7374258058371,13.03441,49.58004,2.46027,122.37544947053402,1862.4921546961325,1984.8676041666665
BLT-01,141577.55,456881.76,1968.8096929026112,13.05212,50.18647,2.462957,122.37544947053402,1862.4921546961325,1984.8676041666665
BLT-01,141577.55,456881.76,1968.8819599993853,13.04105,50.32613,2.463287,122.37544947053402,1862.4921546961325,1984.8676041666665
BLT-01,141577.55,456881.76,1968.9542270961595,13.0225,50.14459,2.462369,122.37544947053402,1862.4921546961325,1984.8676041666665
BLT-01,141577.55,456881.76,1969.026494192934,13.06924,49.89425,2.46065,122.37544947053402,1862.4921546961325,1984.8676041666665
BLT-01,141577.55,456881.76,1969.0987612897081,13.24611,49.79858,2.458336,122.37544947053402,1862.4921546961325,1984.8676041666665
BLT-01,141577.55,456881.76,1969.1710283864822,13.71994,50.41039,2.454856,122.37544947053402,1862.4921546961325,1984.8676041666665
BLT-01,141577.55,456881.76,1969.2432954832564,13.98184,51.65845,2.452875,122.37544947053402,1862.4921546961325,1984.8676041666665
BLT-01,141577.55,456881.76,1969.3155625800307,14.03615,53.14757,2.452405,122.37544947053402,1862.4921546961325,1984.8676041666665
BLT-01,141577.55,456881.76,1969.3878296768048,13.92211,54.69104,2.453112,122.37544947053402,1862.4921546961325,1984.8676041666665
BLT-01,141577.55,456881.76,1969.460096773579,13.79727,56.12153,2.453577,122.37544947053402,1862.4921546961325,1984.8676041666665
BLT-01,141577.55,456881.76,1969.532363870353,13.66107,57.31094,2.452282,122.37544947053402,1862.4921546961325,1984.8676041666665
BLT-01,141577.55,456881.76,1969.6046309671276,13.57537,58.1499,2.449689,122.37544947053402,1862.4921546961325,1984.8676041666665
BLT-01,141577.55,456881.76,1969.6768980639017,13.54516,58.72022,2.446537,122.37544947053402,1862.4921546961325,1984.8676041666665
BLT-01,141577.55,456881.76,1969.7491651606758,13.55061,59.277,2.444388,122.37544947053402,1862.4921546961325,1984.8676041666665
BLT-01,141577.55,456881.76,1969.82143225745,13.53897,60.18246,2.447543,122.37544947053402,1862.4921546961325,1984.8676041666665
BLT-01,141577.55,456881.76,1969.8936993542243,13.50133,60.99078,2.453619,122.37544947053402,1862.4921546961325,1984.8676041666665
BLT-01,141577.55,456881.76,1969.9659664509984,13.4423,61.59832,2.461189,122.37544947053402,1862.4921546961325,1984.8676041666665
BLT-01,141577.55,456881.76,1970.0382335477725,13.37047,61.92419,2.468485,122.37544947053402,1862.4921546961325,1984.8676041666665
BLT-01,141577.55,456881.76,1970.1105006445466,13.13531,62.11861,2.47429,122.37544947053402,1862.4921546961325,1984.8676041666665
BLT-01,141577.55,456881.76,1970.182767741321,12.58736,62.4565,2.482437,122.37544947053402,1862.4921546961325,1984.8676041666665
BLT-01,141577.55,456881.76,1970.2550348380953,11.94972,62.74374,2.491786,122.37544947053402,1862.4921546961325,1984.8676041666665
BLT-01,141577.55,456881.76,1970.3273019348694,11.44744,62.78748,2.500996,122.37544947053402,1862.4921546961325,1984.8676041666665
BLT-01,141577.55,456881.76,1970.3995690316435,11.24369,62.5167,2.506842,122.37544947053402,1862.4921546961325,1984.8676041666665
BLT-01,141577.55,456881.76,1970.4718361284176,11.05839,62.18308,2.511888,122.37544947053402,1862.4921546961325,1984.8676041666665
BLT-01,141577.55,456881.76,1970.544103225191,10.86036,61.78225,2.516514,122.37544947053402,1862.4921546961325,1984.8676041666665
BLT-01,141577.55,456881.76,1970.6163703219652,10.64338,61.345,2.520935,122.37544947053402,1862.4921546961325,1984.8676041666665
BLT-01,141577.55,456881.76,1970.6886374187393,10.5042,61.12936,2.525046,122.37544947053402,1862.4921546961325,1984.8676041666665
BLT-01,141577.55,456881.76,1970.7609045155136,10.45112,60.86173,2.527886,122.37544947053402,1862.4921546961325,1984.8676041666665
BLT-01,141577.55,456881.76,1970.8331716122877,10.48001,60.44352,2.530471,122.37544947053402,1862.4921546961325,1984.8676041666665
BLT-01,141577.55,456881.76,1970.9054387090619,10.64409,59.83154,2.532547,122.37544947053402,1862.4921546961325,1984.8676041666665
BLT-01,141577.55,456881.76,1970.9777058058362,11.16526,58.99673,2.531584,122.37544947053402,1862.4921546961325,1984.8676041666665
BLT-01,141577.55,456881.76,1971.0499729026105,11.75065,58.42086,2.525488,122.37544947053402,1862.4921546961325,1984.8676041666665
BLT-01,141577.55,456881.76,1971.1222399993846,12.36683,57.9179,2.51431,122.37544947053402,1862.4921546961325,1984.8676041666665
BLT-01,141577.55,456881.76,1971.1945070961588,13.0102,57.27617,2.497591,122.37544947053402,1862.4921546961325,1984.8676041666665
BLT-01,141577.55,456881.76,1971.2667741929329,13.68886,56.08342,2.474195,122.37544947053402,1862.4921546961325,1984.8676041666665
BLT-01,141577.55,456881.76,1971.339041289707,14.94404,53.31421,2.43522,122.37544947053402,1862.4921546961325,1984.8676041666665
BLT-01,141577.55,456881.76,1971.4113083864813,16.04886,50.48494,2.401996,122.37544947053402,1862.4921546961325,1984.8676041666665
BLT-01,141577.55,456881.76,1971.4835754832554,16.75549,48.12956,2.38113,122.37544947053402,1862.4921546961325,1984.8676041666665
BLT-01,141577.55,456881.76,1971.5558425800298,16.81788,46.79236,2.378866,122.37544947053402,1862.4921546961325,1984.8676041666665
BLT-01,141577.55,456881.76,1971.628109676804,16.08412,46.25455,2.401169,122.37544947053402,1862.4921546961325,1984.8676041666665
BLT-01,141577.55,456881.76,1971.7003767735782,15.1379,46.10751,2.427201,122.37544947053402,1862.4921546961325,1984.8676041666665
BLT-01,141577.55,456881.76,1971.7726438703523,14.16417,46.17013,2.450741,122.37544947053402,1862.4921546961325,1984.8676041666665
BLT-01,141577.55,456881.76,1971.8449109671265,13.32956,46.26527,2.466516,122.37544947053402,1862.4921546961325,1984.8676041666665
BLT-01,141577.55,456881.76,1971.9171780639006,12.74883,46.15448,2.47534,122.37544947053402,1862.4921546961325,1984.8676041666665
BLT-01,141577.55,456881.76,1971.989445160675,12.40038,46.0668,2.479954,122.37544947053402,1862.4921546961325,1984.8676041666665
BLT-01,141577.55,456881.76,1972.061712257449,12.18452,46.06456,2.481668,122.37544947053402,1862.4921546961325,1984.8676041666665
BLT-01,141577.55,456881.76,1972.1339793542234,12.03362,46.16064,2.48151,122.37544947053402,1862.4921546961325,1984.8676041666665
BLT-01,141577.55,456881.76,1972.2062464509975,11.88379,46.17848,2.481348,122.37544947053402,1862.4921546961325,1984.8676041666665
BLT-01,141577.55,456881.76,1972.2785135477718,11.75081,45.82148,2.481614,122.37544947053402,1862.4921546961325,1984.8676041666665
BLT-01,141577.55,456881.76,1972.350780644546,11.63708,45.21662,2.483835,122.37544947053402,1862.4921546961325,1984.8676041666665
BLT-01,141577.55,456881.76,1972.42304774132,11.55602,44.55328,2.488082,122.37544947053402,1862.4921546961325,1984.8676041666665
BLT-01,141577.55,456881.76,1972.4953148380941,11.55746,44.40433,2.492464,122.37544947053402,1862.4921546961325,1984.8676041666665
BLT-01,141577.55,456881.76,1972.5675819348683,11.51259,45.09176,2.494585,122.37544947053402,1862.4921546961325,1984.8676041666665
BLT-01,141577.55,456881.76,1972.6398490316426,11.50298,46.67049,2.496464,122.37544947053402,1862.4921546961325,1984.8676041666665
BLT-01,141577.55,456881.76,1972.712116128417,11.53631,48.93207,2.498737,122.37544947053402,1862.4921546961325,1984.8676041666665
BLT-01,141577.55,456881.76,1972.784383225191,11.59194,51.36616,2.501924,122.37544947053402,1862.4921546961325,1984.8676041666665
BLT-01,141577.55,456881.76,1972.8566503219652,11.69314,55.03325,2.508497,122.37544947053402,1862.4921546961325,1984.8676041666665
BLT-01,141577.55,456881.76,1972.9289174187395,11.86902,58.60675,2.513707,122.37544947053402,1862.4921546961325,1984.8676041666665
BLT-01,141577.55,456881.76,1973.0011845155136,12.12526,61.65255,2.515585,122.37544947053402,1862.4921546961325,1984.8676041666665
BLT-01,141577.55,456881.76,1973.0734516122877,12.46435,63.74685,2.512047,122.37544947053402,1862.4921546961325,1984.8676041666665
BLT-01,141577.55,456881.76,1973.1457187090612,12.87847,64.89743,2.50496,122.37544947053402,1862.4921546961325,1984.8676041666665
BLT-01,141577.55,456881.76,1973.2179858058353,13.20939,65.49145,2.497854,122.37544947053402,1862.4921546961325,1984.8676041666665
BLT-01,141577.55,456881.76,1973.2902529026094,13.59575,65.65053,2.489871,122.37544947053402,1862.4921546961325,1984.8676041666665
BLT-01,141577.55,456881.76,1973.3625199993835,14.16973,65.47857,2.480287,122.37544947053402,1862.4921546961325,1984.8676041666665
BLT-01,141577.55,456881.76,1973.4347870961578,15.00374,64.71926,2.471329,122.37544947053402,1862.4921546961325,1984.8676041666665
BLT-01,141577.55,456881.76,1973.5070541929322,15.71507,63.51713,2.462188,122.37544947053402,1862.4921546961325,1984.8676041666665
BLT-01,141577.55,456881.76,1973.5793212897063,16.29023,62.02697,2.447257,122.37544947053402,1862.4921546961325,1984.8676041666665
BLT-01,141577.55,456881.76,1973.6515883864813,16.73203,60.45044,2.424545,122.37544947053402,1862.4921546961325,1984.8676041666665
BLT-01,141577.55,456881.76,1973.7238554832545,17.11427,59.60359,2.402971,122.37544947053402,1862.4921546961325,1984.8676041666665
BLT-01,141577.55,456881.76,1973.7961225800289,17.32893,59.1792,2.390363,122.37544947053402,1862.4921546961325,1984.8676041666665
BLT-01,141577.55,456881.76,1973.868389676803,17.28548,58.67116,2.383759,122.37544947053402,1862.4921546961325,1984.8676041666665
BLT-01,141577.55,456881.76,1973.940656773577,17.03024,57.99355,2.381984,122.37544947053402,1862.4921546961325,1984.8676041666665
BLT-01,141577.55,456881.76,1974.0129238703512,16.86555,57.49593,2.384447,122.37544947053402,1862.4921546961325,1984.8676041666665
BLT-01,141577.55,456881.76,1974.0851909671258,17.12023,57.838,2.388552,122.37544947053402,1862.4921546961325,1984.8676041666665
BLT-01,141577.55,456881.76,1974.1574580638999,17.36025,58.45264,2.392667,122.37544947053402,1862.4921546961325,1984.8676041666665
BLT-01,141577.55,456881.76,1974.229725160674,17.47191,59.13227,2.396691,122.37544947053402,1862.4921546961325,1984.8676041666665
BLT-01,141577.55,456881.76,1974.301992257448,17.39181,59.66003,2.40114,122.37544947053402,1862.4921546961325,1984.8676041666665
BLT-01,141577.55,456881.76,1974.3742593542224,17.12803,60.13379,2.411038,122.37544947053402,1862.4921546961325,1984.8676041666665
BLT-01,141577.55,456881.76,1974.4465264509965,16.80046,60.3223,2.420774,122.37544947053402,1862.4921546961325,1984.8676041666665
BLT-01,141577.55,456881.76,1974.5187935477707,16.47503,60.18273,2.428393,122.37544947053402,1862.4921546961325,1984.8676041666665
BLT-01,141577.55,456881.76,1974.5910606445448,16.22801,59.69251,2.431943,122.37544947053402,1862.4921546961325,1984.8676041666665
BLT-01,141577.55,456881.76,1974.6633277413193,16.03778,58.64277,2.436678,122.37544947053402,1862.4921546961325,1984.8676041666665
BLT-01,141577.55,456881.76,1974.7355948380934,15.93287,57.7963,2.44287,122.37544947053402,1862.4921546961325,1984.8676041666665
BLT-01,141577.55,456881.76,1974.8078619348676,15.84468,57.35293,2.450142,122.37544947053402,1862.4921546961325,1984.8676041666665
BLT-01,141577.55,456881.76,1974.8801290316417,15.70839,57.45732,2.457987,122.37544947053402,1862.4921546961325,1984.8676041666665
BLT-01,141577.55,456881.76,1974.9523961284158,15.48417,57.84792,2.463808,122.37544947053402,1862.4921546961325,1984.8676041666665
BLT-01,141577.55,456881.76,1975.0246632251901,15.51758,58.28691,2.463138,122.37544947053402,1862.4921546961325,1984.8676041666665
BLT-01,141577.55,456881.76,1975.0969303219642,15.73791,58.61853,2.456961,122.37544947053402,1862.4921546961325,1984.8676041666665
BLT-01,141577.55,456881.76,1975.1691974187383,16.0522,58.74417,2.445756,122.37544947053402,1862.4921546961325,1984.8676041666665
BLT-01,141577.55,456881.76,1975.2414645155127,16.08751,58.585,2.428875,122.37544947053402,1862.4921546961325,1984.8676041666665
BLT-01,141577.55,456881.76,1975.313731612287,15.91859,58.12857,2.417476,122.37544947053402,1862.4921546961325,1984.8676041666665
BLT-01,141577.55,456881.76,1975.3859987090611,15.70968,57.32417,2.414768,122.37544947053402,1862.4921546961325,1984.8676041666665
BLT-01,141577.55,456881.76,1975.4582658058353,15.51319,56.28845,2.420622,122.37544947053402,1862.4921546961325,1984.8676041666665
BLT-01,141577.55,456881.76,1975.5305329026094,15.31608,55.52913,2.430391,122.37544947053402,1862.4921546961325,1984.8676041666665
BLT-01,141577.55,456881.76,1975.6027999993837,15.04635,55.31689,2.438897,122.37544947053402,1862.4921546961325,1984.8676041666665
BLT-01,141577.55,456881.76,1975.6750670961578,14.63116,55.43051,2.447729,122.37544947053402,1862.4921546961325,1984.8676041666665
BLT-01,141577.55,456881.76,1975.747334192932,14.14775,55.716,2.456051,122.37544947053402,1862.4921546961325,1984.8676041666665
BLT-01,141577.55,456881.76,1975.8196012897063,13.80022,55.9249,2.4613,122.37544947053402,1862.4921546961325,1984.8676041666665
BLT-01,141577.55,456881.76,1975.8918683864806,13.70265,55.74851,2.46261,122.37544947053402,1862.4921546961325,1984.8676041666665
BLT-01,141577.55,456881.76,1975.9641354832547,13.71305,55.22594,2.461786,122.37544947053402,1862.4921546961325,1984.8676041666665
BLT-01,141577.55,456881.76,1976.0364025800288,13.80347,54.62197,2.459195,122.37544947053402,1862.4921546961325,1984.8676041666665
BLT-01,141577.55,456881.76,1976.108669676803,13.95137,54.29602,2.45516,122.37544947053402,1862.4921546961325,1984.8676041666665
BLT-01,141577.55,456881.76,1976.180936773577,14.10343,54.55229,2.450362,122.37544947053402,1862.4921546961325,1984.8676041666665
BLT-01,141577.55,456881.76,1976.2532038703505,14.50151,54.35035,2.442561,122.37544947053402,1862.4921546961325,1984.8676041666665
BLT-01,141577.55,456881.76,1976.3254709671246,15.01925,53.64605,2.433567,122.37544947053402,1862.4921546961325,1984.8676041666665
BLT-01,141577.55,456881.76,1976.3977380638987,15.52426,52.44881,2.425207,122.37544947053402,1862.4921546961325,1984.8676041666665
BLT-01,141577.55,456881.76,1976.470005160673,15.7574,51.16873,2.420426,122.37544947053402,1862.4921546961325,1984.8676041666665
BLT-01,141577.55,456881.76,1976.5422722574472,15.69964,49.90757,2.417058,122.37544947053402,1862.4921546961325,1984.8676041666665
BLT-01,141577.55,456881.76,1976.6145393542215,15.47987,48.96175,2.416551,122.37544947053402,1862.4921546961325,1984.8676041666665
BLT-01,141577.55,456881.76,1976.6868064509956,15.16786,48.5647,2.420444,122.37544947053402,1862.4921546961325,1984.8676041666665
BLT-01,141577.55,456881.76,1976.7590327077166,14.75065,49.20091,2.433883,122.37544947053402,1862.4921546961325,1984.8676041666665
BLT-01,141577.55,456881.76,1976.8312242702168,14.20744,49.90791,2.447711,122.37544947053402,1862.4921546961325,1984.8676041666665
BLT-01,141577.55,456881.76,1976.9034158327167,13.71677,50.49677,2.457711,122.37544947053402,1862.4921546961325,1984.8676041666665
BLT-01,141577.55,456881.76,1976.9756073952167,13.38898,50.91241,2.462793,122.37544947053402,1862.4921546961325,1984.8676041666665
BLT-01,141577.55,456881.76,1977.0477989577166,13.41198,51.1841,2.464143,122.37544947053402,1862.4921546961325,1984.8676041666665
BLT-01,141577.55,456881.76,1977.1199905202166,13.61145,51.15598,2.464167,122.37544947053402,1862.4921546961325,1984.8676041666665
BLT-01,141577.55,456881.76,1977.1921820827167,13.71284,51.0479,2.464824,122.37544947053402,1862.4921546961325,1984.8676041666665
BLT-01,141577.55,456881.76,1977.2643736452167,13.65166,50.83391,2.466468,122.37544947053402,1862.4921546961325,1984.8676041666665
BLT-01,141577.55,456881.76,1977.3365652077168,13.39957,50.36609,2.469074,122.37544947053402,1862.4921546961325,1984.8676041666665
BLT-01,141577.55,456881.76,1977.4087567702168,13.06631,50.05708,2.469641,122.37544947053402,1862.4921546961325,1984.8676041666665
BLT-01,141577.55,456881.76,1977.4809483327167,12.75528,49.93394,2.469144,122.37544947053402,1862.4921546961325,1984.8676041666665
BLT-01,141577.55,456881.76,1977.5531398952166,12.49892,50.21833,2.468982,122.37544947053402,1862.4921546961325,1984.8676041666665
BLT-01,141577.55,456881.76,1977.6253314577166,12.32734,51.19444,2.470906,122.37544947053402,1862.4921546961325,1984.8676041666665
BLT-01,141577.55,456881.76,1977.6975230202165,12.37927,52.47153,2.475871,122.37544947053402,1862.4921546961325,1984.8676041666665
BLT-01,141577.55,456881.76,1977.7697145827167,12.39211,53.36376,2.480986,122.37544947053402,1862.4921546961325,1984.8676041666665
BLT-01,141577.55,456881.76,1977.8419061452169,12.29114,53.6593,2.485568,122.37544947053402,1862.4921546961325,1984.8676041666665
BLT-01,141577.55,456881.76,1977.9140977077168,12.02952,53.21209,2.488948,122.37544947053402,1862.4921546961325,1984.8676041666665
BLT-01,141577.55,456881.76,1977.9862892702167,11.82607,52.30148,2.489163,122.37544947053402,1862.4921546961325,1984.8676041666665
BLT-01,141577.55,456881.76,1978.0584808327167,11.77057,51.66462,2.486628,122.37544947053402,1862.4921546961325,1984.8676041666665
BLT-01,141577.55,456881.76,1978.1306723952166,11.77693,51.23224,2.483273,122.37544947053402,1862.4921546961325,1984.8676041666665
BLT-01,141577.55,456881.76,1978.2028639577165,11.78346,50.98097,2.480248,122.37544947053402,1862.4921546961325,1984.8676041666665
BLT-01,141577.55,456881.76,1978.2750555202165,11.6904,51.00785,2.478258,122.37544947053402,1862.4921546961325,1984.8676041666665
BLT-01,141577.55,456881.76,1978.3472470827169,11.62309,51.78788,2.47548,122.37544947053402,1862.4921546961325,1984.8676041666665
BLT-01,141577.55,456881.76,1978.4194386452168,11.66151,52.88707,2.472881,122.37544947053402,1862.4921546961325,1984.8676041666665
BLT-01,141577.55,456881.76,1978.4916302077168,11.79754,53.99116,2.470832,122.37544947053402,1862.4921546961325,1984.8676041666665
BLT-01,141577.55,456881.76,1978.5638217702167,11.90757,54.47481,2.469536,122.37544947053402,1862.4921546961325,1984.8676041666665
BLT-01,141577.55,456881.76,1978.6360133327166,11.94214,53.88772,2.469706,122.37544947053402,1862.4921546961325,1984.8676041666665
BLT-01,141577.55,456881.76,1978.7082048952166,12.02148,53.09307,2.47139,122.37544947053402,1862.4921546961325,1984.8676041666665
BLT-01,141577.55,456881.76,1978.7803964577165,12.14293,52.42931,2.474616,122.37544947053402,1862.4921546961325,1984.8676041666665
BLT-01,141577.55,456881.76,1978.8525880202167,12.25348,52.28308,2.479417,122.37544947053402,1862.4921546961325,1984.8676041666665
BLT-01,141577.55,456881.76,1978.9247795827168,12.61193,52.56285,2.483378,122.37544947053402,1862.4921546961325,1984.8676041666665
BLT-01,141577.55,456881.76,1978.9969711452168,13.15497,52.77296,2.481698,122.37544947053402,1862.4921546961325,1984.8676041666665
BLT-01,141577.55,456881.76,1979.0691627077167,13.8437,52.80581,2.473295,122.37544947053402,1862.4921546961325,1984.8676041666665
BLT-01,141577.55,456881.76,1979.1413542702167,14.63005,52.57872,2.457453,122.37544947053402,1862.4921546961325,1984.8676041666665
BLT-01,141577.55,456881.76,1979.2135458327166,16.32532,51.52654,2.418872,122.37544947053402,1862.4921546961325,1984.8676041666665
BLT-01,141577.55,456881.76,1979.2857373952165,17.86331,50.45461,2.381618,122.37544947053402,1862.4921546961325,1984.8676041666665
BLT-01,141577.55,456881.76,1979.3579289577158,19.09888,49.53667,2.349761,122.37544947053402,1862.4921546961325,1984.8676041666665
BLT-01,141577.55,456881.76,1979.4301205202157,19.93081,48.92579,2.326704,122.37544947053402,1862.4921546961325,1984.8676041666665
BLT-01,141577.55,456881.76,1979.5023120827157,20.48097,48.85085,2.316181,122.37544947053402,1862.4921546961325,1984.8676041666665
BLT-01,141577.55,456881.76,1979.5745036452156,20.66165,49.03492,2.315272,122.37544947053402,1862.4921546961325,1984.8676041666665
BLT-01,141577.55,456881.76,1979.6466952077155,20.74832,49.36395,2.319415,122.37544947053402,1862.4921546961325,1984.8676041666665
BLT-01,141577.55,456881.76,1979.7188867702157,20.87723,49.75737,2.325486,122.37544947053402,1862.4921546961325,1984.8676041666665
BLT-01,141577.55,456881.76,1979.7910783327159,20.98337,50.08612,2.328956,122.37544947053402,1862.4921546961325,1984.8676041666665
BLT-01,141577.55,456881.76,1979.8632698952158,21.04278,50.28948,2.328312,122.37544947053402,1862.4921546961325,1984.8676041666665
BLT-01,141577.55,456881.76,1979.9354614577157,21.2112,50.26865,2.323452,122.37544947053402,1862.4921546961325,1984.8676041666665
BLT-01,141577.55,456881.76,1980.0076530202157,21.51925,49.99463,2.314997,122.37544947053402,1862.4921546961325,1984.8676041666665
BLT-01,141577.55,456881.76,1980.0798445827156,21.89974,49.47663,2.305254,122.37544947053402,1862.4921546961325,1984.8676041666665
BLT-01,141577.55,456881.76,1980.1520361452156,22.09639,49.19759,2.297516,122.37544947053402,1862.4921546961325,1984.8676041666665
BLT-01,141577.55,456881.76,1980.2242277077157,22.15025,48.79144,2.290021,122.37544947053402,1862.4921546961325,1984.8676041666665
BLT-01,141577.55,456881.76,1980.2964192702157,22.09496,48.26962,2.283592,122.37544947053402,1862.4921546961325,1984.8676041666665
BLT-01,141577.55,456881.76,1980.3686108327158,21.9857,47.79328,2.280627,122.37544947053402,1862.4921546961325,1984.8676041666665
BLT-01,141577.55,456881.76,1980.4408023952155,21.84675,47.65697,2.282655,122.37544947053402,1862.4921546961325,1984.8676041666665
BLT-01,141577.55,456881.76,1980.5129939577155,21.61535,48.32189,2.291644,122.37544947053402,1862.4921546961325,1984.8676041666665
BLT-01,141577.55,456881.76,1980.5851855202154,21.29142,49.6342,2.305365,122.37544947053402,1862.4921546961325,1984.8676041666665
BLT-01,141577.55,456881.76,1980.6573770827158,20.88392,51.33031,2.320612,122.37544947053402,1862.4921546961325,1984.8676041666665
BLT-01,141577.55,456881.76,1980.729568645216,20.22886,51.76757,2.330081,122.37544947053402,1862.4921546961325,1984.8676041666665
BLT-01,141577.55,456881.76,1980.801760207716,19.7714,51.3403,2.3333,122.37544947053402,1862.4921546961325,1984.8676041666665
BLT-01,141577.55,456881.76,1980.8739517702159,19.58317,50.28307,2.330836,122.37544947053402,1862.4921546961325,1984.8676041666665
BLT-01,141577.55,456881.76,1980.9461433327158,19.72199,48.81942,2.32346,122.37544947053402,1862.4921546961325,1984.8676041666665
BLT-01,141577.55,456881.76,1981.0183348952157,20.29126,47.1274,2.313381,122.37544947053402,1862.4921546961325,1984.8676041666665
BLT-01,141577.55,456881.76,1981.0905264577157,20.81124,46.21655,2.306757,122.37544947053402,1862.4921546961325,1984.8676041666665
BLT-01,141577.55,456881.76,1981.1627180202156,21.15302,46.03577,2.303762,122.37544947053402,1862.4921546961325,1984.8676041666665
BLT-01,141577.55,456881.76,1981.2349095827158,21.26921,46.46232,2.304274,122.37544947053402,1862.4921546961325,1984.8676041666665
BLT-01,141577.55,456881.76,1981.3071011452157,21.2823,46.89376,2.306982,122.37544947053402,1862.4921546961325,1984.8676041666665
BLT-01,141577.55,456881.76,1981.3792927077156,21.20752,46.89706,2.309107,122.37544947053402,1862.4921546961325,1984.8676041666665
BLT-01,141577.55,456881.76,1981.4514842702156,21.1414,46.57501,2.310153,122.37544947053402,1862.4921546961325,1984.8676041666665
BLT-01,141577.55,456881.76,1981.5236758327155,21.10808,46.07238,2.309658,122.37544947053402,1862.4921546961325,1984.8676041666665
BLT-01,141577.55,456881.76,1981.5958673952155,21.08698,45.77865,2.306552,122.37544947053402,1862.4921546961325,1984.8676041666665
BLT-01,141577.55,456881.76,1981.6680589577154,21.08579,45.96903,2.303151,122.37544947053402,1862.4921546961325,1984.8676041666665
BLT-01,141577.55,456881.76,1981.7402505202156,21.19984,46.45253,2.300603,122.37544947053402,1862.4921546961325,1984.8676041666665
BLT-01,141577.55,456881.76,1981.812442082716,21.46079,47.14403,2.298967,122.37544947053402,1862.4921546961325,1984.8676041666665
BLT-01,141577.55,456881.76,1981.884633645216,21.89972,47.93678,2.297954,122.37544947053402,1862.4921546961325,1984.8676041666665
BLT-01,141577.55,456881.76,1981.9568252077158,22.1014,47.94511,2.296628,122.37544947053402,1862.4921546961325,1984.8676041666665
BLT-01,141577.55,456881.76,1982.0290167702158,22.1264,47.40212,2.29479,122.37544947053402,1862.4921546961325,1984.8676041666665
BLT-01,141577.55,456881.76,1982.1012083327157,22.03271,46.42165,2.292557,122.37544947053402,1862.4921546961325,1984.8676041666665
BLT-01,141577.55,456881.76,1982.1733998952157,21.89126,45.13815,2.290107,122.37544947053402,1862.4921546961325,1984.8676041666665
BLT-01,141577.55,456881.76,1982.2455914577158,21.81955,44.51538,2.290343,122.37544947053402,1862.4921546961325,1984.8676041666665
BLT-01,141577.55,456881.76,1982.3177830202158,21.69316,44.23349,2.293681,122.37544947053402,1862.4921546961325,1984.8676041666665
BLT-01,141577.55,456881.76,1982.3899745827157,21.39106,44.11074,2.298466,122.37544947053402,1862.4921546961325,1984.8676041666665
BLT-01,141577.55,456881.76,1982.4621661452147,20.8451,44.00988,2.303174,122.37544947053402,1862.4921546961325,1984.8676041666665
BLT-01,141577.55,456881.76,1982.5343577077147,20.45088,44.17047,2.306047,122.37544947053402,1862.4921546961325,1984.8676041666665
BLT-01,141577.55,456881.76,1982.6065492702148,19.88857,45.06331,2.311542,122.37544947053402,1862.4921546961325,1984.8676041666665
BLT-01,141577.55,456881.76,1982.6787408327148,19.13537,46.17017,2.318685,122.37544947053402,1862.4921546961325,1984.8676041666665
BLT-01,141577.55,456881.76,1982.7509323952147,18.23435,47.1231,2.326931,122.37544947053402,1862.4921546961325,1984.8676041666665
BLT-01,141577.55,456881.76,1982.8231239577146,17.5201,47.28474,2.335969,122.37544947053402,1862.4921546961325,1984.8676041666665
BLT-01,141577.55,456881.76,1982.8953155202146,16.65767,46.89609,2.35082,122.37544947053402,1862.4921546961325,1984.8676041666665
BLT-01,141577.55,456881.76,1982.9675070827145,15.83822,46.41709,2.366201,122.37544947053402,1862.4921546961325,1984.8676041666665
BLT-01,141577.55,456881.76,1983.0396986452145,15.16949,46.03598,2.379772,122.37544947053402,1862.4921546961325,1984.8676041666665
BLT-01,141577.55,456881.76,1983.1118902077146,14.81863,45.91523,2.389064,122.37544947053402,1862.4921546961325,1984.8676041666665
BLT-01,141577.55,456881.76,1983.184081770215,13.85661,46.22111,2.407187,122.37544947053402,1862.4921546961325,1984.8676041666665
BLT-01,141577.55,456881.76,1983.256273332715,12.64124,46.91085,2.428567,122.37544947053402,1862.4921546961325,1984.8676041666665
BLT-01,141577.55,456881.76,1983.328464895215,11.41766,48.07743,2.451295,122.37544947053402,1862.4921546961325,1984.8676041666665
BLT-01,141577.55,456881.76,1983.4006564577148,10.55808,49.92283,2.473415,122.37544947053402,1862.4921546961325,1984.8676041666665
BLT-01,141577.55,456881.76,1983.4728480202148,9.606232,54.15632,2.511043,122.37544947053402,1862.4921546961325,1984.8676041666665
BLT-01,141577.55,456881.76,1983.5450395827147,8.862558,58.38028,2.546234,122.37544947053402,1862.4921546961325,1984.8676041666665
BLT-01,141577.55,456881.76,1983.6172311452146,8.423722,61.80613,2.573594,122.37544947053402,1862.4921546961325,1984.8676041666665
BLT-01,141577.55,456881.76,1983.6894227077148,8.372599,63.69896,2.588312,122.37544947053402,1862.4921546961325,1984.8676041666665
BLT-01,141577.55,456881.76,1983.7616142702147,8.658893,64.15057,2.594384,122.37544947053402,1862.4921546961325,1984.8676041666665
BLT-01,141577.55,456881.76,1983.8338058327147,9.119534,63.16526,2.59281,122.37544947053402,1862.4921546961325,1984.8676041666665
BLT-01,141577.55,456881.76,1983.9059973952146,9.59224,61.56976,2.586711,122.37544947053402,1862.4921546961325,1984.8676041666665
BLT-01,141577.55,456881.76,1983.9781889577146,9.940284,60.16199,2.579107,122.37544947053402,1862.4921546961325,1984.8676041666665
BLT-01,141577.55,456881.76,1984.0503805202145,10.09889,60.48404,2.575055,122.37544947053402,1862.4921546961325,1984.8676041666665
BLT-01,141577.55,456881.76,1984.1225720827147,10.17088,62.03361,2.573407,122.37544947053402,1862.4921546961325,1984.8676041666665
BLT-01,141577.55,456881.76,1984.1947636452146,10.17069,64.97662,2.575475,122.37544947053402,1862.4921546961325,1984.8676041666665
BLT-01,141577.55,456881.76,1984.2669552077145,10.121,69.03358,2.581376,122.37544947053402,1862.4921546961325,1984.8676041666665
BLT-01,141577.55,456881.76,1984.339146770215,10.11386,72.04713,2.587909,122.37544947053402,1862.4921546961325,1984.8676041666665
BLT-01,141577.55,456881.76,1984.4113383327149,10.1081,72.94167,2.590906,122.37544947053402,1862.4921546961325,1984.8676041666665
BLT-01,141577.55,456881.76,1984.4835298952148,9.836465,72.67194,2.591921,122.37544947053402,1862.4921546961325,1984.8676041666665
BLT-01,141577.55,456881.76,1984.5557214577148,9.293016,71.85477,2.592332,122.37544947053402,1862.4921546961325,1984.8676041666665
BLT-01,141577.55,456881.76,1984.6279130202147,8.720844,71.58733,2.59516,122.37544947053402,1862.4921546961325,1984.8676041666665
BLT-01,141577.55,456881.76,1984.7001045827149,8.552383,73.46318,2.603098,122.37544947053402,1862.4921546961325,1984.8676041666665
BLT-01,141577.55,456881.76,1984.7722961452148,8.525792,77.00587,2.613833,122.37544947053402,1862.4921546961325,1984.8676041666665
BLT-01,141577.55,456881.76,1984.8444877077147,8.783811,83.38913,2.627311,122.37544947053402,1862.4921546961325,1984.8676041666665
JUT-01,134098.0,451726.0,1655.4064064,1.6972737196981633,40.1468,2.8133,125.75189999999998,1655.2728,1781.0247
JUT-01,134098.0,451726.0,1655.5561241599999,1.3802787720922893,37.5932,2.8117,125.75189999999998,1655.2728,1781.0247
JUT-01,134098.0,451726.0,1655.70584192,1.3692121936169208,34.3916,2.8082,125.75189999999998,1655.2728,1781.0247
JUT-01,134098.0,451726.0,1655.85555968,1.4394683768389562,31.1834,2.8018,125.75189999999998,1655.2728,1781.0247
JUT-01,134098.0,451726.0,1656.0052774399999,1.2051883671454533,26.7263,2.8116,125.75189999999998,1655.2728,1781.0247
JUT-01,134098.0,451726.0,1656.1549951999998,0.7997805068265471,23.9836,2.8192,125.75189999999998,1655.2728,1781.0247
JUT-01,134098.0,451726.0,1656.30471296,0.3965605036020996,22.8671,2.8201,125.75189999999998,1655.2728,1781.0247
JUT-01,134098.0,451726.0,1656.45443072,0.07471630746703717,22.193,2.8167,125.75189999999998,1655.2728,1781.0247
JUT-01,134098.0,451726.0,1656.6041484799998,-0.22831973360297297,22.4879,2.8123,125.75189999999998,1655.2728,1781.0247
JUT-01,134098.0,451726.0,1656.7538662399998,-0.07631901704723809,22.3087,2.8073,125.75189999999998,1655.2728,1781.0247
JUT-01,134098.0,451726.0,1656.903584,0.40054737543027485,22.0088,2.7952,125.75189999999998,1655.2728,1781.0247
JUT-01,134098.0,451726.0,1657.05330176,0.9051912259850123,21.7091,2.7816,125.75189999999998,1655.2728,1781.0247
JUT-01,134098.0,451726.0,1657.20301952,1.211176265862612,21.1576,2.7786,125.75189999999998,1655.2728,1781.0247
JUT-01,134098.0,451726.0,1657.35273728,1.5880201489052226,20.3946,2.7711,125.75189999999998,1655.2728,1781.0247
JUT-01,134098.0,451726.0,1657.50245504,1.9135431661763125,20.2841,2.7605,125.75189999999998,1655.2728,1781.0247
JUT-01,134098.0,451726.0,1657.6521728,2.289557352961152,20.3231,2.7472,125.75189999999998,1655.2728,1781.0247
JUT-01,134098.0,451726.0,1657.80189056,2.8140989943055317,20.8052,2.726,125.75189999999998,1655.2728,1781.0247
JUT-01,134098.0,451726.0,1657.9516083199999,3.224123779345799,22.2919,2.7109,125.75189999999998,1655.2728,1781.0247
JUT-01,134098.0,451726.0,1658.10132608,3.637904198509144,23.3315,2.6956,125.75189999999998,1655.2728,1781.0247
JUT-01,134098.0,451726.0,1658.25104384,4.055410267345891,23.2589,2.6801,125.75189999999998,1655.2728,1781.0247
JUT-01,134098.0,451726.0,1658.4007616,4.435210072703489,22.4921,2.6666,125.75189999999998,1655.2728,1781.0247
JUT-01,134098.0,451726.0,1658.5504793599998,4.5277786651686025,21.7241,2.6688,125.75189999999998,1655.2728,1781.0247
JUT-01,134098.0,451726.0,1658.70019712,4.709474208566688,20.9569,2.6663,125.75189999999998,1655.2728,1781.0247
JUT-01,134098.0,451726.0,1658.84991488,4.943718645238146,20.6079,2.661,125.75189999999998,1655.2728,1781.0247
JUT-01,134098.0,451726.0,1658.9996326399998,5.299841284211466,21.2955,2.6492,125.75189999999998,1655.2728,1781.0247
JUT-01,134098.0,451726.0,1659.1493503999998,5.7012114393597635,21.9837,2.635,125.75189999999998,1655.2728,1781.0247
JUT-01,134098.0,451726.0,1659.29906816,6.108005154544916,22.2676,2.6205,125.75189999999998,1655.2728,1781.0247
JUT-01,134098.0,451726.0,1659.4487859199999,6.2166302300884375,21.4734,2.614,125.75189999999998,1655.2728,1781.0247
JUT-01,134098.0,451726.0,1659.5985036799998,6.255536198757634,20.734,2.6112,125.75189999999998,1655.2728,1781.0247
JUT-01,134098.0,451726.0,1659.74822144,6.281297447996071,19.9934,2.6091,125.75189999999998,1655.2728,1781.0247
JUT-01,134098.0,451726.0,1659.8979392,6.22628257913872,19.2528,2.6113,125.75189999999998,1655.2728,1781.0247
JUT-01,134098.0,451726.0,1660.04765696,6.144978271419841,18.5133,2.6149,125.75189999999998,1655.2728,1781.0247
JUT-01,134098.0,451726.0,1660.19737472,6.074940866070184,18.3319,2.6179,125.75189999999998,1655.2728,1781.0247
JUT-01,134098.0,451726.0,1660.34709248,6.09131303000094,18.857,2.6163,125.75189999999998,1655.2728,1781.0247
JUT-01,134098.0,451726.0,1660.49681024,6.109592995442908,19.6058,2.6146,125.75189999999998,1655.2728,1781.0247
JUT-01,134098.0,451726.0,1660.646528,6.166474150890653,20.3545,2.613,125.75189999999998,1655.2728,1781.0247
JUT-01,134098.0,451726.0,1660.79624576,6.188983913078192,21.0478,2.6156,125.75189999999998,1655.2728,1781.0247
JUT-01,134098.0,451726.0,1660.9459635199999,6.143772323251671,21.6644,2.6218,125.75189999999998,1655.2728,1781.0247
JUT-01,134098.0,451726.0,1661.09568128,6.239516950839176,22.7614,2.6205,125.75189999999998,1655.2728,1781.0247
JUT-01,134098.0,451726.0,1661.24539904,6.479973429963787,24.606,2.6115,125.75189999999998,1655.2728,1781.0247
JUT-01,134098.0,451726.0,1661.3951167999999,7.259946630105482,26.9638,2.5774,125.75189999999998,1655.2728,1781.0247
JUT-01,134098.0,451726.0,1661.5448345599998,8.800460816576445,28.2583,2.5148,125.75189999999998,1655.2728,1781.0247
JUT-01,134098.0,451726.0,1661.69455232,9.423333352217437,29.3654,2.5012,125.75189999999998,1655.2728,1781.0247
JUT-01,134098.0,451726.0,1661.84427008,11.299952658061573,30.232,2.5072,125.75189999999998,1655.2728,1781.0247
JUT-01,134098.0,451726.0,1661.9939878399998,11.204046630001578,30.9823,2.5274,125.75189999999998,1655.2728,1781.0247
JUT-01,134098.0,451726.0,1662.1437056,10.76119217071452,30.2561,2.5436,125.75189999999998,1655.2728,1781.0247
JUT-01,134098.0,451726.0,1662.29342336,10.872503635728785,28.7194,2.5303,125.75189999999998,1655.2728,1781.0247
JUT-01,134098.0,451726.0,1662.44314112,10.99859776163791,27.1803,2.5162,125.75189999999998,1655.2728,1781.0247
JUT-01,134098.0,451726.0,1662.59285888,11.01205284830446,25.6411,2.5081,125.75189999999998,1655.2728,1781.0247
JUT-01,134098.0,451726.0,1662.74257664,10.980620232192193,24.0643,2.5024,125.75189999999998,1655.2728,1781.0247
JUT-01,134098.0,451726.0,1662.8922944,11.180171980055208,22.4391,2.4896,125.75189999999998,1655.2728,1781.0247
JUT-01,134098.0,451726.0,1663.04201216,11.518127995080755,20.8121,2.4773,125.75189999999998,1655.2728,1781.0247
JUT-01,134098.0,451726.0,1663.19172992,11.589463971817658,19.76,2.4792,125.75189999999998,1655.2728,1781.0247
JUT-01,134098.0,451726.0,1663.3414476799999,11.583779464581847,20.0042,2.4852,125.75189999999998,1655.2728,1781.0247
JUT-01,134098.0,451726.0,1663.49116544,11.741285135001718,20.9241,2.4825,125.75189999999998,1655.2728,1781.0247
JUT-01,134098.0,451726.0,1663.6408832,11.757711352056578,22.1067,2.4862,125.75189999999998,1655.2728,1781.0247
JUT-01,134098.0,451726.0,1663.79060096,11.92432798929462,23.2893,2.4757,125.75189999999998,1655.2728,1781.0247
JUT-01,134098.0,451726.0,1663.9403187199998,12.060929537997726,24.4736,2.4668,125.75189999999998,1655.2728,1781.0247
JUT-01,134098.0,451726.0,1664.09003648,11.765603178097532,26.578,2.4809,125.75189999999998,1655.2728,1781.0247
JUT-01,134098.0,451726.0,1664.23975424,11.301333251558322,28.4203,2.504,125.75189999999998,1655.2728,1781.0247
JUT-01,134098.0,451726.0,1664.3894719999998,11.221104431469898,28.7774,2.5081,125.75189999999998,1655.2728,1781.0247
JUT-01,134098.0,451726.0,1664.5391897599998,11.227678276659974,28.1918,2.5087,125.75189999999998,1655.2728,1781.0247
JUT-01,134098.0,451726.0,1664.68890752,11.318783874068917,27.4731,2.5048,125.75189999999998,1655.2728,1781.0247
JUT-01,134098.0,451726.0,1664.83862528,11.597521255383212,27.3352,2.4909,125.75189999999998,1655.2728,1781.0247
JUT-01,134098.0,451726.0,1664.98834304,11.082296545570271,27.5266,2.5139,125.75189999999998,1655.2728,1781.0247
JUT-01,134098.0,451726.0,1665.1380608,10.665469243010754,27.2052,2.5285,125.75189999999998,1655.2728,1781.0247
JUT-01,134098.0,451726.0,1665.28777856,10.32187680585121,26.9557,2.5392,125.75189999999998,1655.2728,1781.0247
JUT-01,134098.0,451726.0,1665.43749632,10.065053751368218,27.294,2.5453,125.75189999999998,1655.2728,1781.0247
JUT-01,134098.0,451726.0,1665.58721408,10.21678163692745,27.5716,2.5384,125.75189999999998,1655.2728,1781.0247
JUT-01,134098.0,451726.0,1665.73693184,10.47379315763028,27.42,2.5297,125.75189999999998,1655.2728,1781.0247
JUT-01,134098.0,451726.0,1665.8866496,10.736408145068037,27.2689,2.5207,125.75189999999998,1655.2728,1781.0247
JUT-01,134098.0,451726.0,1666.03636736,10.664771695552115,27.3876,2.5295,125.75189999999998,1655.2728,1781.0247
JUT-01,134098.0,451726.0,1666.18608512,11.126315353714133,27.664,2.5099,125.75189999999998,1655.2728,1781.0247
JUT-01,134098.0,451726.0,1666.3358028799998,11.38610059961375,27.9407,2.5008,125.75189999999998,1655.2728,1781.0247
JUT-01,134098.0,451726.0,1666.48552064,11.39610256652406,28.129,2.5047,125.75189999999998,1655.2728,1781.0247
JUT-01,134098.0,451726.0,1666.6352384,11.471798146138507,27.9973,2.5051,125.75189999999998,1655.2728,1781.0247
JUT-01,134098.0,451726.0,1666.7849561599999,11.573513304567362,27.4742,2.5041,125.75189999999998,1655.2728,1781.0247
JUT-01,134098.0,451726.0,1666.9346739199998,11.647424946903794,26.8343,2.495,125.75189999999998,1655.2728,1781.0247
JUT-01,134098.0,451726.0,1667.08439168,11.002334941782454,26.4376,2.5153,125.75189999999998,1655.2728,1781.0247
JUT-01,134098.0,451726.0,1667.2341094399999,10.34597803429188,26.3912,2.5362,125.75189999999998,1655.2728,1781.0247
JUT-01,134098.0,451726.0,1667.3838271999998,9.7501610395157,26.3448,2.5539,125.75189999999998,1655.2728,1781.0247
JUT-01,134098.0,451726.0,1667.5335449599997,9.285341472301955,26.2982,2.5646,125.75189999999998,1655.2728,1781.0247
JUT-01,134098.0,451726.0,1667.6832627200001,8.884397669630166,26.1042,2.5719,125.75189999999998,1655.2728,1781.0247
JUT-01,134098.0,451726.0,1667.83298048,8.570673016380121,25.472,2.5746,125.75189999999998,1655.2728,1781.0247
JUT-01,134098.0,451726.0,1667.98269824,9.179384960532849,24.1472,2.5529,125.75189999999998,1655.2728,1781.0247
JUT-01,134098.0,451726.0,1668.132416,10.205582857405894,23.2307,2.5099,125.75189999999998,1655.2728,1781.0247
JUT-01,134098.0,451726.0,1668.28213376,10.377733804675522,23.4007,2.5124,125.75189999999998,1655.2728,1781.0247
JUT-01,134098.0,451726.0,1668.43185152,10.273665737201066,24.6271,2.5296,125.75189999999998,1655.2728,1781.0247
JUT-01,134098.0,451726.0,1668.58156928,10.074528183061194,25.2991,2.5469,125.75189999999998,1655.2728,1781.0247
JUT-01,134098.0,451726.0,1668.7312870399999,10.775344399266263,26.0268,2.508,125.75189999999998,1655.2728,1781.0247
JUT-01,134098.0,451726.0,1668.8810048,10.753141077880034,27.1783,2.5076,125.75189999999998,1655.2728,1781.0247
JUT-01,134098.0,451726.0,1669.03072256,10.473766772412201,28.1359,2.5209,125.75189999999998,1655.2728,1781.0247
JUT-01,134098.0,451726.0,1669.18044032,10.067982005777157,27.9906,2.5428,125.75189999999998,1655.2728,1781.0247
JUT-01,134098.0,451726.0,1669.3301580799998,9.609047675266535,27.234,2.5699,125.75189999999998,1655.2728,1781.0247
JUT-01,134098.0,451726.0,1669.47987584,9.227013890929902,26.3589,2.5929,125.75189999999998,1655.2728,1781.0247
JUT-01,134098.0,451726.0,1669.6295936,8.902607902333628,25.4811,2.6124,125.75189999999998,1655.2728,1781.0247
JUT-01,134098.0,451726.0,1669.7793113599998,9.227470253979618,23.783,2.5951,125.75189999999998,1655.2728,1781.0247
JUT-01,134098.0,451726.0,1669.9290291199998,9.807745710444388,21.9674,2.5642,125.75189999999998,1655.2728,1781.0247
JUT-01,134098.0,451726.0,1670.07874688,10.384355486135119,20.6903,2.5335,125.75189999999998,1655.2728,1781.0247
JUT-01,134098.0,451726.0,1670.2284646399999,10.474106194736112,20.1223,2.5341,125.75189999999998,1655.2728,1781.0247
JUT-01,134098.0,451726.0,1670.3781824,10.569478824050572,20.7648,2.5351,125.75189999999998,1655.2728,1781.0247
JUT-01,134098.0,451726.0,1670.52790016,11.013705644515493,22.8622,2.5175,125.75189999999998,1655.2728,1781.0247
JUT-01,134098.0,451726.0,1670.67761792,11.351354865413333,25.2973,2.4947,125.75189999999998,1655.2728,1781.0247
JUT-01,134098.0,451726.0,1670.82733568,11.44589150324485,27.8896,2.4778,125.75189999999998,1655.2728,1781.0247
JUT-01,134098.0,451726.0,1670.97705344,10.783847771974827,30.2146,2.5012,125.75189999999998,1655.2728,1781.0247
JUT-01,134098.0,451726.0,1671.1267712,10.552073263445351,29.046,2.5066,125.75189999999998,1655.2728,1781.0247
JUT-01,134098.0,451726.0,1671.27648896,10.62782218953112,26.961,2.4957,125.75189999999998,1655.2728,1781.0247
JUT-01,134098.0,451726.0,1671.42620672,10.270035249999154,24.3766,2.5079,125.75189999999998,1655.2728,1781.0247
JUT-01,134098.0,451726.0,1671.57592448,9.66038094862372,23.8135,2.5335,125.75189999999998,1655.2728,1781.0247
JUT-01,134098.0,451726.0,1671.7256422399998,9.323040105620912,25.4302,2.5446,125.75189999999998,1655.2728,1781.0247
JUT-01,134098.0,451726.0,1671.87536,8.747216495802837,27.7795,2.5684,125.75189999999998,1655.2728,1781.0247
JUT-01,134098.0,451726.0,1672.02507776,8.088948841975192,29.9493,2.5966,125.75189999999998,1655.2728,1781.0247
JUT-01,134098.0,451726.0,1672.1747955199999,7.924427137533189,31.5147,2.5985,125.75189999999998,1655.2728,1781.0247
JUT-01,134098.0,451726.0,1672.3245132799998,8.256311438976546,33.812,2.5767,125.75189999999998,1655.2728,1781.0247
JUT-01,134098.0,451726.0,1672.47423104,8.567118661635993,32.8848,2.5592,125.75189999999998,1655.2728,1781.0247
JUT-01,134098.0,451726.0,1672.6239487999999,8.78039933489421,30.4211,2.5469,125.75189999999998,1655.2728,1781.0247
JUT-01,134098.0,451726.0,1672.77366656,8.156973310514788,28.3054,2.585,125.75189999999998,1655.2728,1781.0247
JUT-01,134098.0,451726.0,1672.92338432,8.05960922156524,26.978,2.5962,125.75189999999998,1655.2728,1781.0247
JUT-01,134098.0,451726.0,1673.0731020800001,8.658915262446111,26.5648,2.5703,125.75189999999998,1655.2728,1781.0247
JUT-01,134098.0,451726.0,1673.22281984,9.128262128235063,27.8789,2.5513,125.75189999999998,1655.2728,1781.0247
JUT-01,134098.0,451726.0,1673.3725376,9.002903086023867,30.6845,2.5551,125.75189999999998,1655.2728,1781.0247
JUT-01,134098.0,451726.0,1673.52225536,8.920333162316805,35.1297,2.5557,125.75189999999998,1655.2728,1781.0247
JUT-01,134098.0,451726.0,1673.67197312,8.808077979021292,39.5732,2.5579,125.75189999999998,1655.2728,1781.0247
JUT-01,134098.0,451726.0,1673.82169088,9.209275805384653,43.1412,2.5435,125.75189999999998,1655.2728,1781.0247
JUT-01,134098.0,451726.0,1673.97140864,9.862417126049255,40.8422,2.522,125.75189999999998,1655.2728,1781.0247
JUT-01,134098.0,451726.0,1674.1211263999999,10.373017032148336,36.3719,2.5166,125.75189999999998,1655.2728,1781.0247
JUT-01,134098.0,451726.0,1674.27084416,10.855841469510963,31.9039,2.517,125.75189999999998,1655.2728,1781.0247
JUT-01,134098.0,451726.0,1674.42056192,11.496549491341753,28.6915,2.5071,125.75189999999998,1655.2728,1781.0247
JUT-01,134098.0,451726.0,1674.5702796799999,11.253572957385515,27.0847,2.5011,125.75189999999998,1655.2728,1781.0247
JUT-01,134098.0,451726.0,1674.7199974399998,11.31139581565022,27.7441,2.4972,125.75189999999998,1655.2728,1781.0247
JUT-01,134098.0,451726.0,1674.8697152,11.473579060220091,28.7424,2.4945,125.75189999999998,1655.2728,1781.0247
JUT-01,134098.0,451726.0,1675.01943296,11.744675694359136,29.4066,2.486,125.75189999999998,1655.2728,1781.0247
JUT-01,134098.0,451726.0,1675.1691507199998,11.916218039787022,29.7514,2.4828,125.75189999999998,1655.2728,1781.0247
JUT-01,134098.0,451726.0,1675.3188684799998,12.07056018716427,29.4195,2.4805,125.75189999999998,1655.2728,1781.0247
JUT-01,134098.0,451726.0,1675.4685862400001,11.826841999329117,28.8836,2.4917,125.75189999999998,1655.2728,1781.0247
JUT-01,134098.0,451726.0,1675.618304,11.816193868214235,28.2195,2.4823,125.75189999999998,1655.2728,1781.0247
JUT-01,134098.0,451726.0,1675.76802176,11.796546449637503,27.7219,2.4734,125.75189999999998,1655.2728,1781.0247
JUT-01,134098.0,451726.0,1675.91773952,11.821618056533312,27.2113,2.4713,125.75189999999998,1655.2728,1781.0247
JUT-01,134098.0,451726.0,1676.06745728,11.598416155786316,27.0238,2.4839,125.75189999999998,1655.2728,1781.0247
JUT-01,134098.0,451726.0,1676.21717504,11.43339659949731,27.1485,2.4934,125.75189999999998,1655.2728,1781.0247
JUT-01,134098.0,451726.0,1676.3668928,11.401732039027143,27.7535,2.4958,125.75189999999998,1655.2728,1781.0247
JUT-01,134098.0,451726.0,1676.51661056,11.426282052604382,28.7591,2.4952,125.75189999999998,1655.2728,1781.0247
JUT-01,134098.0,451726.0,1676.66632832,11.06961903913109,29.896,2.5086,125.75189999999998,1655.2728,1781.0247
JUT-01,134098.0,451726.0,1676.81604608,10.66223781982924,29.931,2.5208,125.75189999999998,1655.2728,1781.0247
JUT-01,134098.0,451726.0,1676.96576384,10.405351825497508,29.7612,2.525,125.75189999999998,1655.2728,1781.0247
JUT-01,134098.0,451726.0,1677.1154815999998,10.017345193775887,29.3933,2.5442,125.75189999999998,1655.2728,1781.0247
JUT-01,134098.0,451726.0,1677.26519936,9.960613960576536,28.7882,2.5458,125.75189999999998,1655.2728,1781.0247
JUT-01,134098.0,451726.0,1677.41491712,10.036488111954043,28.1814,2.5403,125.75189999999998,1655.2728,1781.0247
JUT-01,134098.0,451726.0,1677.5646348799999,10.124427542573844,27.1363,2.5341,125.75189999999998,1655.2728,1781.0247
JUT-01,134098.0,451726.0,1677.7143526399998,10.255496796709657,26.4585,2.5256,125.75189999999998,1655.2728,1781.0247
JUT-01,134098.0,451726.0,1677.8640704,10.294961921060239,27.2693,2.5211,125.75189999999998,1655.2728,1781.0247
JUT-01,134098.0,451726.0,1678.0137881599999,9.953998221015707,29.0185,2.5285,125.75189999999998,1655.2728,1781.0247
JUT-01,134098.0,451726.0,1678.1635059199998,9.388632915034133,31.205,2.5493,125.75189999999998,1655.2728,1781.0247
JUT-01,134098.0,451726.0,1678.31322368,9.023912670242341,33.2206,2.5692,125.75189999999998,1655.2728,1781.0247
JUT-01,134098.0,451726.0,1678.4629414400001,8.841280711520323,33.4472,2.5794,125.75189999999998,1655.2728,1781.0247
JUT-01,134098.0,451726.0,1678.6126592,9.25770237987845,31.6156,2.5577,125.75189999999998,1655.2728,1781.0247
JUT-01,134098.0,451726.0,1678.76237696,9.394329306067494,30.4598,2.5509,125.75189999999998,1655.2728,1781.0247
JUT-01,134098.0,451726.0,1678.91209472,9.245318147755077,30.1334,2.5593,125.75189999999998,1655.2728,1781.0247
JUT-01,134098.0,451726.0,1679.06181248,8.903580139511906,29.6352,2.5721,125.75189999999998,1655.2728,1781.0247
JUT-01,134098.0,451726.0,1679.21153024,8.836813329597424,28.5824,2.5695,125.75189999999998,1655.2728,1781.0247
JUT-01,134098.0,451726.0,1679.361248,8.795232148602231,27.3025,2.5701,125.75189999999998,1655.2728,1781.0247
JUT-01,134098.0,451726.0,1679.5109657599999,9.159973844445474,25.9918,2.5619,125.75189999999998,1655.2728,1781.0247
JUT-01,134098.0,451726.0,1679.66068352,9.624239844550207,24.7563,2.5484,125.75189999999998,1655.2728,1781.0247
JUT-01,134098.0,451726.0,1679.81040128,10.144480543104914,24.9244,2.5319,125.75189999999998,1655.2728,1781.0247
JUT-01,134098.0,451726.0,1679.9601190399999,10.601265259413164,25.571,2.5188,125.75189999999998,1655.2728,1781.0247
JUT-01,134098.0,451726.0,1680.1098367999998,11.341570367563909,26.6171,2.4906,125.75189999999998,1655.2728,1781.0247
JUT-01,134098.0,451726.0,1680.25955456,11.879071233068608,26.645,2.4732,125.75189999999998,1655.2728,1781.0247
JUT-01,134098.0,451726.0,1680.40927232,12.285402015023053,26.3299,2.4634,125.75189999999998,1655.2728,1781.0247
JUT-01,134098.0,451726.0,1680.5589900799998,12.851421089245864,25.1443,2.457,125.75189999999998,1655.2728,1781.0247
JUT-01,134098.0,451726.0,1680.70870784,13.479018328653575,23.9248,2.4473,125.75189999999998,1655.2728,1781.0247
JUT-01,134098.0,451726.0,1680.8584256,13.78786045077248,21.7673,2.4417,125.75189999999998,1655.2728,1781.0247
JUT-01,134098.0,451726.0,1681.00814336,13.35916227708927,21.3562,2.4582,125.75189999999998,1655.2728,1781.0247
JUT-01,134098.0,451726.0,1681.15786112,13.309993040984402,22.4074,2.4545,125.75189999999998,1655.2728,1781.0247
JUT-01,134098.0,451726.0,1681.30757888,13.277274391688174,24.2281,2.4499,125.75189999999998,1655.2728,1781.0247
JUT-01,134098.0,451726.0,1681.45729664,12.764224346360646,26.4427,2.4618,125.75189999999998,1655.2728,1781.0247
JUT-01,134098.0,451726.0,1681.6070144,11.971270471007195,27.7732,2.4804,125.75189999999998,1655.2728,1781.0247
JUT-01,134098.0,451726.0,1681.75673216,11.24487217948544,27.1836,2.4957,125.75189999999998,1655.2728,1781.0247
JUT-01,134098.0,451726.0,1681.90644992,10.581630025713325,25.8509,2.5076,125.75189999999998,1655.2728,1781.0247
JUT-01,134098.0,451726.0,1682.05616768,9.920595517949225,24.4121,2.5194,125.75189999999998,1655.2728,1781.0247
JUT-01,134098.0,451726.0,1682.20588544,9.34480813555895,23.6223,2.5371,125.75189999999998,1655.2728,1781.0247
JUT-01,134098.0,451726.0,1682.3556032,8.761752658672226,23.7633,2.5563,125.75189999999998,1655.2728,1781.0247
JUT-01,134098.0,451726.0,1682.5053209599998,8.269491731429367,24.612,2.5715,125.75189999999998,1655.2728,1781.0247
JUT-01,134098.0,451726.0,1682.65503872,8.308029955462874,24.8177,2.5606,125.75189999999998,1655.2728,1781.0247
JUT-01,134098.0,451726.0,1682.80475648,8.657562585687693,25.0243,2.5419,125.75189999999998,1655.2728,1781.0247
JUT-01,134098.0,451726.0,1682.9544742399999,9.47539859398498,25.6653,2.5171,125.75189999999998,1655.2728,1781.0247
JUT-01,134098.0,451726.0,1683.1041919999998,10.298328333372648,25.8891,2.492,125.75189999999998,1655.2728,1781.0247
JUT-01,134098.0,451726.0,1683.25390976,11.011006586223836,25.2502,2.4728,125.75189999999998,1655.2728,1781.0247
JUT-01,134098.0,451726.0,1683.40362752,11.556559120598182,24.4032,2.4625,125.75189999999998,1655.2728,1781.0247
JUT-01,134098.0,451726.0,1683.55334528,12.094075822458429,23.5562,2.4522,125.75189999999998,1655.2728,1781.0247
JUT-01,134098.0,451726.0,1683.70306304,12.454502728497207,22.7108,2.4459,125.75189999999998,1655.2728,1781.0247
JUT-01,134098.0,451726.0,1683.8527808000001,12.668879686031579,22.0823,2.4474,125.75189999999998,1655.2728,1781.0247
JUT-01,134098.0,451726.0,1684.00249856,12.866326305562424,21.9866,2.4498,125.75189999999998,1655.2728,1781.0247
JUT-01,134098.0,451726.0,1684.15221632,13.10132926632403,22.0953,2.4502,125.75189999999998,1655.2728,1781.0247
JUT-01,134098.0,451726.0,1684.30193408,13.403573827904827,22.4227,2.447,125.75189999999998,1655.2728,1781.0247
JUT-01,134098.0,451726.0,1684.45165184,13.726834190558698,21.7286,2.4427,125.75189999999998,1655.2728,1781.0247
JUT-01,134098.0,451726.0,1684.6013696,14.16494156566601,20.5992,2.4315,125.75189999999998,1655.2728,1781.0247
JUT-01,134098.0,451726.0,1684.75108736,14.64937622433965,21.0602,2.4171,125.75189999999998,1655.2728,1781.0247
JUT-01,134098.0,451726.0,1684.9008051199999,14.990976848537715,22.5085,2.4103,125.75189999999998,1655.2728,1781.0247
JUT-01,134098.0,451726.0,1685.05052288,15.239711025114628,23.2431,2.4056,125.75189999999998,1655.2728,1781.0247
JUT-01,134098.0,451726.0,1685.20024064,15.223294375313673,22.3293,2.406,125.75189999999998,1655.2728,1781.0247
JUT-01,134098.0,451726.0,1685.3499583999999,15.281990407974211,20.9033,2.4024,125.75189999999998,1655.2728,1781.0247
JUT-01,134098.0,451726.0,1685.4996761599998,15.402684388115167,20.0318,2.3955,125.75189999999998,1655.2728,1781.0247
JUT-01,134098.0,451726.0,1685.64939392,15.545912172994578,20.176,2.3874,125.75189999999998,1655.2728,1781.0247
JUT-01,134098.0,451726.0,1685.79911168,15.388539305779585,20.8561,2.3953,125.75189999999998,1655.2728,1781.0247
JUT-01,134098.0,451726.0,1685.9488294399998,15.121572620580302,22.4333,2.4048,125.75189999999998,1655.2728,1781.0247
JUT-01,134098.0,451726.0,1686.0985471999998,14.944171449790897,24.0092,2.4095,125.75189999999998,1655.2728,1781.0247
JUT-01,134098.0,451726.0,1686.2482649600001,14.85514761869248,24.9447,2.4095,125.75189999999998,1655.2728,1781.0247
JUT-01,134098.0,451726.0,1686.39798272,14.779148569226106,24.7172,2.4088,125.75189999999998,1655.2728,1781.0247
JUT-01,134098.0,451726.0,1686.54770048,14.554801971898268,23.9693,2.416,125.75189999999998,1655.2728,1781.0247
JUT-01,134098.0,451726.0,1686.69741824,14.601685767399452,22.7095,2.4084,125.75189999999998,1655.2728,1781.0247
JUT-01,134098.0,451726.0,1686.847136,14.653891966320186,21.5232,2.4004,125.75189999999998,1655.2728,1781.0247
JUT-01,134098.0,451726.0,1686.99685376,14.463042279045224,21.2536,2.4063,125.75189999999998,1655.2728,1781.0247
JUT-01,134098.0,451726.0,1687.14657152,14.367580049708115,20.9833,2.4136,125.75189999999998,1655.2728,1781.0247
JUT-01,134098.0,451726.0,1687.2962892799999,14.43173227060171,20.5092,2.4124,125.75189999999998,1655.2728,1781.0247
JUT-01,134098.0,451726.0,1687.44600704,14.495854507045618,20.0317,2.4112,125.75189999999998,1655.2728,1781.0247
JUT-01,134098.0,451726.0,1687.5957248,14.447836563826115,20.1324,2.4151,125.75189999999998,1655.2728,1781.0247
JUT-01,134098.0,451726.0,1687.74544256,14.215389230918186,21.4895,2.4252,125.75189999999998,1655.2728,1781.0247
JUT-01,134098.0,451726.0,1687.8951603199998,13.759511652136972,23.2137,2.4472,125.75189999999998,1655.2728,1781.0247
JUT-01,134098.0,451726.0,1688.04487808,13.835386130717351,23.1686,2.4409,125.75189999999998,1655.2728,1781.0247
JUT-01,134098.0,451726.0,1688.19459584,14.229736299285511,22.0181,2.4264,125.75189999999998,1655.2728,1781.0247
JUT-01,134098.0,451726.0,1688.3443135999999,14.5757426482457,20.8038,2.4153,125.75189999999998,1655.2728,1781.0247
JUT-01,134098.0,451726.0,1688.4940313599998,14.75465326317872,19.0043,2.4131,125.75189999999998,1655.2728,1781.0247
JUT-01,134098.0,451726.0,1688.64374912,14.542468193667391,17.714,2.4317,125.75189999999998,1655.2728,1781.0247
JUT-01,134098.0,451726.0,1688.7934668799999,13.953177286182353,17.5342,2.4568,125.75189999999998,1655.2728,1781.0247
JUT-01,134098.0,451726.0,1688.94318464,12.845425259289161,19.4483,2.4819,125.75189999999998,1655.2728,1781.0247
JUT-01,134098.0,451726.0,1689.0929024,12.457347075949988,21.0294,2.4836,125.75189999999998,1655.2728,1781.0247
JUT-01,134098.0,451726.0,1689.2426201600001,12.289192973335888,20.8285,2.4868,125.75189999999998,1655.2728,1781.0247
JUT-01,134098.0,451726.0,1689.39233792,12.463627646824255,20.0442,2.4773,125.75189999999998,1655.2728,1781.0247
JUT-01,134098.0,451726.0,1689.54205568,12.561101805239266,19.7099,2.4719,125.75189999999998,1655.2728,1781.0247
JUT-01,134098.0,451726.0,1689.69177344,12.73744428023886,20.729,2.4623,125.75189999999998,1655.2728,1781.0247
JUT-01,134098.0,451726.0,1689.8414912,13.039570513911771,22.2799,2.446,125.75189999999998,1655.2728,1781.0247
JUT-01,134098.0,451726.0,1689.99120896,13.17853655437869,23.8306,2.4384,125.75189999999998,1655.2728,1781.0247
JUT-01,134098.0,451726.0,1690.14092672,13.363909963427709,25.3114,2.4334,125.75189999999998,1655.2728,1781.0247
JUT-01,134098.0,451726.0,1690.2906444799999,13.465695639618447,26.6196,2.4341,125.75189999999998,1655.2728,1781.0247
JUT-01,134098.0,451726.0,1690.44036224,13.60688548965179,27.39,2.4327,125.75189999999998,1655.2728,1781.0247
JUT-01,134098.0,451726.0,1690.59008,13.986588090950082,27.1493,2.4186,125.75189999999998,1655.2728,1781.0247
JUT-01,134098.0,451726.0,1690.7397977599999,14.097762852448511,26.5895,2.4188,125.75189999999998,1655.2728,1781.0247
JUT-01,134098.0,451726.0,1690.8895155199998,13.977666270881036,25.6645,2.4313,125.75189999999998,1655.2728,1781.0247
JUT-01,134098.0,451726.0,1691.03923328,14.083697200722966,24.3851,2.426,125.75189999999998,1655.2728,1781.0247
JUT-01,134098.0,451726.0,1691.18895104,13.915259744373373,23.5121,2.4347,125.75189999999998,1655.2728,1781.0247
JUT-01,134098.0,451726.0,1691.3386688,13.729921934469935,23.1566,2.4443,125.75189999999998,1655.2728,1781.0247
JUT-01,134098.0,451726.0,1691.48838656,13.615941172904925,22.8735,2.4501,125.75189999999998,1655.2728,1781.0247
JUT-01,134098.0,451726.0,1691.6381043200001,13.865949171665386,21.9513,2.4375,125.75189999999998,1655.2728,1781.0247
JUT-01,134098.0,451726.0,1691.78782208,13.906326694912519,20.7998,2.4382,125.75189999999998,1655.2728,1781.0247
JUT-01,134098.0,451726.0,1691.93753984,14.018031282048405,20.1698,2.4351,125.75189999999998,1655.2728,1781.0247
JUT-01,134098.0,451726.0,1692.0872576,14.244192756589033,21.0051,2.4259,125.75189999999998,1655.2728,1781.0247
JUT-01,134098.0,451726.0,1692.23697536,14.393619417436085,22.4441,2.4188,125.75189999999998,1655.2728,1781.0247
JUT-01,134098.0,451726.0,1692.38669312,14.405367052608803,23.3348,2.4158,125.75189999999998,1655.2728,1781.0247
JUT-01,134098.0,451726.0,1692.53641088,14.18429535660055,23.0543,2.4252,125.75189999999998,1655.2728,1781.0247
JUT-01,134098.0,451726.0,1692.6861286399999,13.786708856807767,22.3353,2.444,125.75189999999998,1655.2728,1781.0247
JUT-01,134098.0,451726.0,1692.8358464,13.438005569514322,22.0444,2.4602,125.75189999999998,1655.2728,1781.0247
JUT-01,134098.0,451726.0,1692.98556416,13.349153085592219,23.1063,2.4628,125.75189999999998,1655.2728,1781.0247
JUT-01,134098.0,451726.0,1693.13528192,13.357935231196052,24.0684,2.4617,125.75189999999998,1655.2728,1781.0247
JUT-01,134098.0,451726.0,1693.2849996799998,13.364839559738346,24.6318,2.4607,125.75189999999998,1655.2728,1781.0247
JUT-01,134098.0,451726.0,1693.43471744,13.540777408268701,25.1941,2.4507,125.75189999999998,1655.2728,1781.0247
JUT-01,134098.0,451726.0,1693.5844352,13.855163983708271,25.386,2.4333,125.75189999999998,1655.2728,1781.0247
JUT-01,134098.0,451726.0,1693.7341529599998,13.737641431725947,25.0349,2.4388,125.75189999999998,1655.2728,1781.0247
JUT-01,134098.0,451726.0,1693.8838707199998,13.730910086374337,24.235,2.4384,125.75189999999998,1655.2728,1781.0247
JUT-01,134098.0,451726.0,1694.0335884800002,13.724178741022726,23.4363,2.438,125.75189999999998,1655.2728,1781.0247
JUT-01,134098.0,451726.0,1694.18330624,14.181268209870883,22.6364,2.4129,125.75189999999998,1655.2728,1781.0247
JUT-01,134098.0,451726.0,1694.333024,14.53883337445755,21.8368,2.3931,125.75189999999998,1655.2728,1781.0247
JUT-01,134098.0,451726.0,1694.48274176,14.626562586726724,21.2604,2.3877,125.75189999999998,1655.2728,1781.0247
JUT-01,134098.0,451726.0,1694.63245952,15.02862306474693,21.8255,2.381,125.75189999999998,1655.2728,1781.0247
JUT-01,134098.0,451726.0,1694.78217728,15.572629600346971,23.4233,2.3751,125.75189999999998,1655.2728,1781.0247
JUT-01,134098.0,451726.0,1694.93189504,15.871301758778563,23.5359,2.3823,125.75189999999998,1655.2728,1781.0247
JUT-01,134098.0,451726.0,1695.0817381999998,16.356826105423828,22.7846,2.3795,125.75189999999998,1655.2728,1781.0247
JUT-01,134098.0,451726.0,1695.2323246400001,16.331044740068972,22.0333,2.3758,125.75189999999998,1655.2728,1781.0247
JUT-01,134098.0,451726.0,1695.38291108,15.97599031189231,21.2742,2.3784,125.75189999999998,1655.2728,1781.0247
JUT-01,134098.0,451726.0,1695.5334975199999,15.960610880706197,20.427,2.3629,125.75189999999998,1655.2728,1781.0247
JUT-01,134098.0,451726.0,1695.68408396,15.826635752574452,19.5817,2.365,125.75189999999998,1655.2728,1781.0247
JUT-01,134098.0,451726.0,1695.8346704,16.17210897774493,19.9249,2.3561,125.75189999999998,1655.2728,1781.0247
JUT-01,134098.0,451726.0,1695.98525684,16.31072248164948,21.0127,2.3582,125.75189999999998,1655.2728,1781.0247
JUT-01,134098.0,451726.0,1696.13584328,16.410171687308857,22.4522,2.3624,125.75189999999998,1655.2728,1781.0247
JUT-01,134098.0,451726.0,1696.28642972,16.623837904775552,23.2071,2.3605,125.75189999999998,1655.2728,1781.0247
JUT-01,134098.0,451726.0,1696.43701616,16.458677312962777,22.9091,2.3666,125.75189999999998,1655.2728,1781.0247
JUT-01,134098.0,451726.0,1696.5876026,10.755314067824585,21.4734,2.3723,125.75189999999998,1655.2728,1781.0247
JUT-01,134098.0,451726.0,1696.73818904,16.119643493763135,19.8847,2.3749,125.75189999999998,1655.2728,1781.0247
JUT-01,134098.0,451726.0,1696.8887754799998,16.039217949012464,18.7417,2.3743,125.75189999999998,1655.2728,1781.0247
JUT-01,134098.0,451726.0,1697.0393619200001,15.979467500322984,18.6475,2.3717,125.75189999999998,1655.2728,1781.0247
JUT-01,134098.0,451726.0,1697.18994836,15.687356046719497,18.9245,2.3789,125.75189999999998,1655.2728,1781.0247
JUT-01,134098.0,451726.0,1697.3405348,15.453696797621093,19.2009,2.383,125.75189999999998,1655.2728,1781.0247
JUT-01,134098.0,451726.0,1697.49112124,15.398490138268116,19.4592,2.3776,125.75189999999998,1655.2728,1781.0247
JUT-01,134098.0,451726.0,1697.64170768,15.485324777337063,19.349,2.3784,125.75189999999998,1655.2728,1781.0247
JUT-01,134098.0,451726.0,1697.79229412,15.614873082981624,19.5216,2.3772,125.75189999999998,1655.2728,1781.0247
JUT-01,134098.0,451726.0,1697.94288056,15.554551974263154,20.2403,2.3861,125.75189999999998,1655.2728,1781.0247
JUT-01,134098.0,451726.0,1698.093467,15.632927373167341,20.9601,2.3866,125.75189999999998,1655.2728,1781.0247
JUT-01,134098.0,451726.0,1698.24405344,14.98944597946617,21.6151,2.4052,125.75189999999998,1655.2728,1781.0247
JUT-01,134098.0,451726.0,1698.3946398799999,14.379645355073942,22.1902,2.422,125.75189999999998,1655.2728,1781.0247
JUT-01,134098.0,451726.0,1698.54522632,13.866997619672022,22.2345,2.4308,125.75189999999998,1655.2728,1781.0247
JUT-01,134098.0,451726.0,1698.6958127599999,13.320903048659801,21.7157,2.4376,125.75189999999998,1655.2728,1781.0247
JUT-01,134098.0,451726.0,1698.8463992,12.72944102367389,21.2921,2.4468,125.75189999999998,1655.2728,1781.0247
JUT-01,134098.0,451726.0,1698.99698564,12.493791924831246,20.8698,2.45,125.75189999999998,1655.2728,1781.0247
JUT-01,134098.0,451726.0,1699.14757208,12.436204309076706,21.1549,2.4469,125.75189999999998,1655.2728,1781.0247
JUT-01,134098.0,451726.0,1699.2981585199998,12.297420465727978,21.6086,2.4489,125.75189999999998,1655.2728,1781.0247
JUT-01,134098.0,451726.0,1699.44874496,12.184778455536026,21.8568,2.453,125.75189999999998,1655.2728,1781.0247
JUT-01,134098.0,451726.0,1699.5993314,12.002657214067183,21.5197,2.4608,125.75189999999998,1655.2728,1781.0247
JUT-01,134098.0,451726.0,1699.7499178399999,11.837376357252818,21.1795,2.4677,125.75189999999998,1655.2728,1781.0247
JUT-01,134098.0,451726.0,1699.90050428,11.5058475633212,21.2206,2.4817,125.75189999999998,1655.2728,1781.0247
JUT-01,134098.0,451726.0,1700.05109072,11.173125307177648,21.2617,2.4904,125.75189999999998,1655.2728,1781.0247
JUT-01,134098.0,451726.0,1700.20167716,10.985324793718965,21.3029,2.4914,125.75189999999998,1655.2728,1781.0247
JUT-01,134098.0,451726.0,1700.3522636,11.330160414206624,21.3435,2.4744,125.75189999999998,1655.2728,1781.0247
JUT-01,134098.0,451726.0,1700.5028500399999,11.577984181227768,21.1146,2.4688,125.75189999999998,1655.2728,1781.0247
JUT-01,134098.0,451726.0,1700.65343648,11.677250509239684,20.7954,2.4711,125.75189999999998,1655.2728,1781.0247
JUT-01,134098.0,451726.0,1700.80402292,11.786145798156717,20.9159,2.4729,125.75189999999998,1655.2728,1781.0247
JUT-01,134098.0,451726.0,1700.95460936,11.61306868334634,21.7411,2.4897,125.75189999999998,1655.2728,1781.0247
JUT-01,134098.0,451726.0,1701.1051957999998,11.14434920058055,24.1135,2.5143,125.75189999999998,1655.2728,1781.0247
JUT-01,134098.0,451726.0,1701.2557822400001,10.940620348037527,27.7637,2.5131,125.75189999999998,1655.2728,1781.0247
JUT-01,134098.0,451726.0,1701.40636868,11.213685406992903,30.7651,2.5029,125.75189999999998,1655.2728,1781.0247
JUT-01,134098.0,451726.0,1701.5569551199999,11.210711357902259,32.3333,2.5074,125.75189999999998,1655.2728,1781.0247
JUT-01,134098.0,451726.0,1701.70754156,11.168303150519336,33.4488,2.514,125.75189999999998,1655.2728,1781.0247
JUT-01,134098.0,451726.0,1701.858128,11.480982274465065,33.4139,2.5017,125.75189999999998,1655.2728,1781.0247
JUT-01,134098.0,451726.0,1702.00871444,12.070002667497246,32.4052,2.4782,125.75189999999998,1655.2728,1781.0247
JUT-01,134098.0,451726.0,1702.15930088,12.712447444742278,29.579,2.4557,125.75189999999998,1655.2728,1781.0247
JUT-01,134098.0,451726.0,1702.30988732,12.953039370818283,26.6254,2.4546,125.75189999999998,1655.2728,1781.0247
JUT-01,134098.0,451726.0,1702.46047376,13.065310063266471,25.7105,2.4603,125.75189999999998,1655.2728,1781.0247
JUT-01,134098.0,451726.0,1702.6110601999999,12.900640425916844,25.1186,2.4665,125.75189999999998,1655.2728,1781.0247
JUT-01,134098.0,451726.0,1702.76164664,12.558223952475789,24.4068,2.4703,125.75189999999998,1655.2728,1781.0247
JUT-01,134098.0,451726.0,1702.9122330799999,12.163468476909111,23.6722,2.4769,125.75189999999998,1655.2728,1781.0247
JUT-01,134098.0,451726.0,1703.06281952,11.988114808219674,23.5011,2.479,125.75189999999998,1655.2728,1781.0247
JUT-01,134098.0,451726.0,1703.21340596,12.39356088530715,24.0478,2.4696,125.75189999999998,1655.2728,1781.0247
JUT-01,134098.0,451726.0,1703.3639924,12.801244592852298,24.8975,2.4601,125.75189999999998,1655.2728,1781.0247
JUT-01,134098.0,451726.0,1703.5145788399998,13.207020498886244,24.0507,2.4507,125.75189999999998,1655.2728,1781.0247
JUT-01,134098.0,451726.0,1703.66516528,13.614104517437818,23.2045,2.4412,125.75189999999998,1655.2728,1781.0247
JUT-01,134098.0,451726.0,1703.81575172,13.43668423826413,22.6607,2.4468,125.75189999999998,1655.2728,1781.0247
JUT-01,134098.0,451726.0,1703.9663381599999,13.056009269169927,22.8246,2.4557,125.75189999999998,1655.2728,1781.0247
JUT-01,134098.0,451726.0,1704.1169246,12.734363459835008,23.3871,2.4621,125.75189999999998,1655.2728,1781.0247
JUT-01,134098.0,451726.0,1704.26751104,12.845184650915401,24.107,2.4562,125.75189999999998,1655.2728,1781.0247
JUT-01,134098.0,451726.0,1704.41809748,13.117805204495077,24.8264,2.4423,125.75189999999998,1655.2728,1781.0247
JUT-01,134098.0,451726.0,1704.56868392,13.23681711062812,25.3224,2.4426,125.75189999999998,1655.2728,1781.0247
JUT-01,134098.0,451726.0,1704.7192703599999,13.397320898813073,24.8951,2.4407,125.75189999999998,1655.2728,1781.0247
JUT-01,134098.0,451726.0,1704.8698568,13.60655797724896,23.8007,2.4362,125.75189999999998,1655.2728,1781.0247
JUT-01,134098.0,451726.0,1705.02044324,13.51029704383591,22.7068,2.4444,125.75189999999998,1655.2728,1781.0247
JUT-01,134098.0,451726.0,1705.17102968,12.856815672565185,21.8104,2.4634,125.75189999999998,1655.2728,1781.0247
JUT-01,134098.0,451726.0,1705.3216161199998,12.513016943489482,22.6865,2.4653,125.75189999999998,1655.2728,1781.0247
JUT-01,134098.0,451726.0,1705.4722025600001,12.164524528952416,25.2897,2.4791,125.75189999999998,1655.2728,1781.0247
JUT-01,134098.0,451726.0,1705.622789,12.423615198342775,27.5073,2.4729,125.75189999999998,1655.2728,1781.0247
JUT-01,134098.0,451726.0,1705.7733754399999,12.600081917025488,29.0959,2.4711,125.75189999999998,1655.2728,1781.0247
JUT-01,134098.0,451726.0,1705.92396188,13.026088413744931,28.9353,2.456,125.75189999999998,1655.2728,1781.0247
JUT-01,134098.0,451726.0,1706.07454832,13.615914761563326,27.9749,2.4322,125.75189999999998,1655.2728,1781.0247
JUT-01,134098.0,451726.0,1706.22513476,14.224212210913564,26.8805,2.4159,125.75189999999998,1655.2728,1781.0247
JUT-01,134098.0,451726.0,1706.3757212,14.63469995530807,25.7867,2.4052,125.75189999999998,1655.2728,1781.0247
JUT-01,134098.0,451726.0,1706.52630764,15.050461337491022,24.9242,2.3942,125.75189999999998,1655.2728,1781.0247
JUT-01,134098.0,451726.0,1706.67689408,15.55671775202394,24.2309,2.3784,125.75189999999998,1655.2728,1781.0247
JUT-01,134098.0,451726.0,1706.8274805199999,15.809438878799607,23.5377,2.3761,125.75189999999998,1655.2728,1781.0247
JUT-01,134098.0,451726.0,1706.97806696,15.76926963680939,22.8856,2.3885,125.75189999999998,1655.2728,1781.0247
JUT-01,134098.0,451726.0,1707.1286533999998,15.394024169650823,23.5609,2.4009,125.75189999999998,1655.2728,1781.0247
JUT-01,134098.0,451726.0,1707.27923984,15.11242967997169,24.3614,2.4083,125.75189999999998,1655.2728,1781.0247
JUT-01,134098.0,451726.0,1707.42982628,14.998050862118433,24.7402,2.4068,125.75189999999998,1655.2728,1781.0247
JUT-01,134098.0,451726.0,1707.58041272,14.97941732625843,25.1182,2.4024,125.75189999999998,1655.2728,1781.0247
JUT-01,134098.0,451726.0,1707.7309991599998,15.242513072623208,25.061,2.4001,125.75189999999998,1655.2728,1781.0247
JUT-01,134098.0,451726.0,1707.8815856,15.445188844072312,24.9851,2.401,125.75189999999998,1655.2728,1781.0247
JUT-01,134098.0,451726.0,1708.03217204,15.612425966949637,24.6456,2.4038,125.75189999999998,1655.2728,1781.0247
JUT-01,134098.0,451726.0,1708.1827584799998,15.878091135935819,23.3271,2.3966,125.75189999999998,1655.2728,1781.0247
JUT-01,134098.0,451726.0,1708.33334492,15.71811913660556,20.3041,2.3904,125.75189999999998,1655.2728,1781.0247
JUT-01,134098.0,451726.0,1708.48393136,15.318206335694022,18.0603,2.397,125.75189999999998,1655.2728,1781.0247
JUT-01,134098.0,451726.0,1708.6345178,14.927027569160968,17.0093,2.401,125.75189999999998,1655.2728,1781.0247
JUT-01,134098.0,451726.0,1708.78510424,14.586959096722415,18.0445,2.4006,125.75189999999998,1655.2728,1781.0247
JUT-01,134098.0,451726.0,1708.9356906799999,13.94185589899203,20.0457,2.4165,125.75189999999998,1655.2728,1781.0247
JUT-01,134098.0,451726.0,1709.08627712,13.67586588747305,23.5576,2.439,125.75189999999998,1655.2728,1781.0247
JUT-01,134098.0,451726.0,1709.23686356,13.776442971749105,24.5656,2.4439,125.75189999999998,1655.2728,1781.0247
JUT-01,134098.0,451726.0,1709.38745,14.50045532045562,24.6006,2.4156,125.75189999999998,1655.2728,1781.0247
JUT-01,134098.0,451726.0,1709.5380364399998,14.91650567106997,24.2001,2.4037,125.75189999999998,1655.2728,1781.0247
JUT-01,134098.0,451726.0,1709.68862288,15.204894445949456,23.4168,2.3986,125.75189999999998,1655.2728,1781.0247
JUT-01,134098.0,451726.0,1709.83920932,15.124811294472082,23.4946,2.4131,125.75189999999998,1655.2728,1781.0247
JUT-01,134098.0,451726.0,1709.9897957599999,15.146802761493317,24.342,2.4183,125.75189999999998,1655.2728,1781.0247
JUT-01,134098.0,451726.0,1710.1403822,15.278279940250616,25.5272,2.4113,125.75189999999998,1655.2728,1781.0247
JUT-01,134098.0,451726.0,1710.2909686399998,15.338579977367575,26.0564,2.4081,125.75189999999998,1655.2728,1781.0247
JUT-01,134098.0,451726.0,1710.44155508,15.316396444894906,25.6529,2.4143,125.75189999999998,1655.2728,1781.0247
JUT-01,134098.0,451726.0,1710.59214152,15.6646819392336,24.3827,2.4024,125.75189999999998,1655.2728,1781.0247
JUT-01,134098.0,451726.0,1710.74272796,15.874038955468208,23.1143,2.3979,125.75189999999998,1655.2728,1781.0247
JUT-01,134098.0,451726.0,1710.8933143999998,16.130041553744455,22.9166,2.3909,125.75189999999998,1655.2728,1781.0247
JUT-01,134098.0,451726.0,1711.04390084,16.297347178919367,22.2885,2.382,125.75189999999998,1655.2728,1781.0247
JUT-01,134098.0,451726.0,1711.19448728,16.23852823751072,21.0702,2.3837,125.75189999999998,1655.2728,1781.0247
JUT-01,134098.0,451726.0,1711.3450737199998,15.912676372901783,20.2548,2.3919,125.75189999999998,1655.2728,1781.0247
JUT-01,134098.0,451726.0,1711.4956601599997,15.251586503202075,20.7688,2.4016,125.75189999999998,1655.2728,1781.0247
JUT-01,134098.0,451726.0,1711.6462466,14.614453580514066,22.3502,2.422,125.75189999999998,1655.2728,1781.0247
JUT-01,134098.0,451726.0,1711.79683304,13.981496074244646,22.804,2.4422,125.75189999999998,1655.2728,1781.0247
JUT-01,134098.0,451726.0,1711.9474194799998,13.671133304713848,22.5646,2.4452,125.75189999999998,1655.2728,1781.0247
JUT-01,134098.0,451726.0,1712.0980059199999,13.629628203929382,22.734,2.4339,125.75189999999998,1655.2728,1781.0247
JUT-01,134098.0,451726.0,1712.24859236,14.135256882112737,22.8656,2.4042,125.75189999999998,1655.2728,1781.0247
JUT-01,134098.0,451726.0,1712.3991787999998,14.706610217429102,22.6424,2.3959,125.75189999999998,1655.2728,1781.0247
JUT-01,134098.0,451726.0,1712.54976524,15.169739805518924,22.258,2.3934,125.75189999999998,1655.2728,1781.0247
JUT-01,134098.0,451726.0,1712.7003516799998,15.585714075922553,21.5026,2.3934,125.75189999999998,1655.2728,1781.0247
JUT-01,134098.0,451726.0,1712.85093812,16.166605083859995,20.5129,2.3787,125.75189999999998,1655.2728,1781.0247
JUT-01,134098.0,451726.0,1713.00152456,16.545318198318867,19.6625,2.3646,125.75189999999998,1655.2728,1781.0247
JUT-01,134098.0,451726.0,1713.1521109999999,16.544832204145873,18.9429,2.3707,125.75189999999998,1655.2728,1781.0247
JUT-01,134098.0,451726.0,1713.3026974399997,16.226599059625563,18.5982,2.3907,125.75189999999998,1655.2728,1781.0247
JUT-01,134098.0,451726.0,1713.45328388,15.227589101248757,18.6412,2.4165,125.75189999999998,1655.2728,1781.0247
JUT-01,134098.0,451726.0,1713.60387032,14.228549158422277,19.0647,2.4423,125.75189999999998,1655.2728,1781.0247
JUT-01,134098.0,451726.0,1713.7544567599998,13.260393853171418,20.1118,2.4665,125.75189999999998,1655.2728,1781.0247
JUT-01,134098.0,451726.0,1713.9050432,13.150370960593525,20.8652,2.445,125.75189999999998,1655.2728,1781.0247
JUT-01,134098.0,451726.0,1714.05562964,13.545600219332764,22.3617,2.4255,125.75189999999998,1655.2728,1781.0247
JUT-01,134098.0,451726.0,1714.2062160799999,14.176354411602107,25.0759,2.4223,125.75189999999998,1655.2728,1781.0247
JUT-01,134098.0,451726.0,1714.35680252,14.781167775137806,25.2935,2.4204,125.75189999999998,1655.2728,1781.0247
JUT-01,134098.0,451726.0,1714.5073889599998,14.73407340795959,24.5273,2.4205,125.75189999999998,1655.2728,1781.0247
JUT-01,134098.0,451726.0,1714.6579754,14.389270062341716,23.6187,2.4319,125.75189999999998,1655.2728,1781.0247
JUT-01,134098.0,451726.0,1714.80856184,14.12518286592028,23.0217,2.439,125.75189999999998,1655.2728,1781.0247
JUT-01,134098.0,451726.0,1714.95914828,13.87760622520685,23.9202,2.4452,125.75189999999998,1655.2728,1781.0247
JUT-01,134098.0,451726.0,1715.1097347199998,12.896078130354752,24.6915,2.4504,125.75189999999998,1655.2728,1781.0247
JUT-01,134098.0,451726.0,1715.26032116,12.556739179165286,23.8015,2.4533,125.75189999999998,1655.2728,1781.0247
JUT-01,134098.0,451726.0,1715.4109076,12.13061440678502,23.3704,2.4735,125.75189999999998,1655.2728,1781.0247
JUT-01,134098.0,451726.0,1715.5614940399998,12.281879411360606,23.2905,2.4895,125.75189999999998,1655.2728,1781.0247
JUT-01,134098.0,451726.0,1715.7120804799997,12.777943128466786,23.3559,2.4871,125.75189999999998,1655.2728,1781.0247
JUT-01,134098.0,451726.0,1715.86266692,13.498156718238555,23.4219,2.4728,125.75189999999998,1655.2728,1781.0247
JUT-01,134098.0,451726.0,1716.01325336,14.381220435059888,23.8501,2.4473,125.75189999999998,1655.2728,1781.0247
JUT-01,134098.0,451726.0,1716.1638397999998,15.188104868513893,24.3598,2.4219,125.75189999999998,1655.2728,1781.0247
JUT-01,134098.0,451726.0,1716.3144262399999,15.76511602476865,25.5822,2.4087,125.75189999999998,1655.2728,1781.0247
JUT-01,134098.0,451726.0,1716.46501268,15.920111888140077,26.8182,2.4026,125.75189999999998,1655.2728,1781.0247
JUT-01,134098.0,451726.0,1716.6155991199998,15.968355205536495,27.5263,2.3975,125.75189999999998,1655.2728,1781.0247
JUT-01,134098.0,451726.0,1716.76618556,15.950874925779093,27.3455,2.3959,125.75189999999998,1655.2728,1781.0247
JUT-01,134098.0,451726.0,1716.9167719999998,15.972888773213345,26.7744,2.3922,125.75189999999998,1655.2728,1781.0247
JUT-01,134098.0,451726.0,1717.06735844,15.968553212886707,25.06,2.3899,125.75189999999998,1655.2728,1781.0247
JUT-01,134098.0,451726.0,1717.21794488,15.727912547303141,23.3472,2.4002,125.75189999999998,1655.2728,1781.0247
JUT-01,134098.0,451726.0,1717.3685313199999,15.82446907157563,22.6092,2.4024,125.75189999999998,1655.2728,1781.0247
JUT-01,134098.0,451726.0,1717.5191177599997,16.246265887665928,23.4411,2.3888,125.75189999999998,1655.2728,1781.0247
JUT-01,134098.0,451726.0,1717.6697042,16.667822828158787,23.5849,2.3752,125.75189999999998,1655.2728,1781.0247
JUT-01,134098.0,451726.0,1717.82029064,17.06154234167505,23.7043,2.3631,125.75189999999998,1655.2728,1781.0247
JUT-01,134098.0,451726.0,1717.9708770799998,17.34639262428949,23.8456,2.3588,125.75189999999998,1655.2728,1781.0247
JUT-01,134098.0,451726.0,1718.12146352,17.635849308886293,24.8037,2.3544,125.75189999999998,1655.2728,1781.0247
JUT-01,134098.0,451726.0,1718.27204996,17.883604220283445,24.9445,2.3522,125.75189999999998,1655.2728,1781.0247
JUT-01,134098.0,451726.0,1718.4226363999999,18.04072701636487,24.5592,2.3509,125.75189999999998,1655.2728,1781.0247
JUT-01,134098.0,451726.0,1718.57322284,18.320272341806138,24.0802,2.341,125.75189999999998,1655.2728,1781.0247
JUT-01,134098.0,451726.0,1718.7238092799998,18.53409407009361,24.1195,2.3346,125.75189999999998,1655.2728,1781.0247
JUT-01,134098.0,451726.0,1718.87439572,18.665141925425026,23.8889,2.3326,125.75189999999998,1655.2728,1781.0247
JUT-01,134098.0,451726.0,1719.02498216,18.653265792931826,23.2567,2.3382,125.75189999999998,1655.2728,1781.0247
JUT-01,134098.0,451726.0,1719.1755686,18.30907102303218,22.4095,2.3462,125.75189999999998,1655.2728,1781.0247
JUT-01,134098.0,451726.0,1719.3261550399998,17.353822197629015,21.5641,2.3657,125.75189999999998,1655.2728,1781.0247
JUT-01,134098.0,451726.0,1719.47674148,16.550774438798957,21.6261,2.3852,125.75189999999998,1655.2728,1781.0247
JUT-01,134098.0,451726.0,1719.62732792,15.790058126611843,21.7115,2.4025,125.75189999999998,1655.2728,1781.0247
JUT-01,134098.0,451726.0,1719.7779143599998,15.478759596162854,22.5785,2.4116,125.75189999999998,1655.2728,1781.0247
JUT-01,134098.0,451726.0,1719.9285007999997,15.877115168908304,23.7152,2.4002,125.75189999999998,1655.2728,1781.0247
JUT-01,134098.0,451726.0,1720.07908724,16.388109780896322,24.6698,2.3828,125.75189999999998,1655.2728,1781.0247
JUT-01,134098.0,451726.0,1720.22967368,16.898654626139148,24.8854,2.3654,125.75189999999998,1655.2728,1781.0247
JUT-01,134098.0,451726.0,1720.3802601199998,17.067999521095146,24.8237,2.3557,125.75189999999998,1655.2728,1781.0247
JUT-01,134098.0,451726.0,1720.5308465599999,16.599010152158712,25.249,2.3712,125.75189999999998,1655.2728,1781.0247
JUT-01,134098.0,451726.0,1720.681433,16.420534174268134,25.5112,2.3829,125.75189999999998,1655.2728,1781.0247
JUT-01,134098.0,451726.0,1720.8320194399998,16.60545915150697,25.1886,2.3838,125.75189999999998,1655.2728,1781.0247
JUT-01,134098.0,451726.0,1720.98260588,16.86582664015378,24.1411,2.3807,125.75189999999998,1655.2728,1781.0247
JUT-01,134098.0,451726.0,1721.1331923199998,17.23129191534734,22.8133,2.372,125.75189999999998,1655.2728,1781.0247
JUT-01,134098.0,451726.0,1721.28377876,17.76878255919238,22.6968,2.3521,125.75189999999998,1655.2728,1781.0247
JUT-01,134098.0,451726.0,1721.4343652,17.92974699018792,22.7186,2.3511,125.75189999999998,1655.2728,1781.0247
JUT-01,134098.0,451726.0,1721.5849516399999,17.69213145586972,22.7404,2.3603,125.75189999999998,1655.2728,1781.0247
JUT-01,134098.0,451726.0,1721.7355380799997,17.614496100953613,22.7622,2.3557,125.75189999999998,1655.2728,1781.0247
JUT-01,134098.0,451726.0,1721.88612452,17.60654986846215,22.784,2.3474,125.75189999999998,1655.2728,1781.0247
JUT-01,134098.0,451726.0,1722.03671096,17.484822897220184,22.8058,2.3507,125.75189999999998,1655.2728,1781.0247
JUT-01,134098.0,451726.0,1722.1872973999998,17.455679019863855,22.8276,2.3574,125.75189999999998,1655.2728,1781.0247
JUT-01,134098.0,451726.0,1722.33788384,17.53935408844818,22.8496,2.3581,125.75189999999998,1655.2728,1781.0247
JUT-01,134098.0,451726.0,1722.48847028,17.756354168401668,22.9785,2.3517,125.75189999999998,1655.2728,1781.0247
JUT-01,134098.0,451726.0,1722.6390567199999,17.730995909618102,23.4592,2.3582,125.75189999999998,1655.2728,1781.0247
JUT-01,134098.0,451726.0,1722.78964316,17.809829634789246,24.2777,2.3561,125.75189999999998,1655.2728,1781.0247
JUT-01,134098.0,451726.0,1722.9402295999998,17.91087886622351,25.2732,2.3521,125.75189999999998,1655.2728,1781.0247
JUT-01,134098.0,451726.0,1723.09081604,17.953745753199787,25.2507,2.3512,125.75189999999998,1655.2728,1781.0247
JUT-01,134098.0,451726.0,1723.24140248,18.08108442349557,25.1742,2.3458,125.75189999999998,1655.2728,1781.0247
JUT-01,134098.0,451726.0,1723.39198892,18.11080659104109,24.7215,2.3456,125.75189999999998,1655.2728,1781.0247
JUT-01,134098.0,451726.0,1723.5425753599998,18.30762449261377,23.823,2.3365,125.75189999999998,1655.2728,1781.0247
JUT-01,134098.0,451726.0,1723.6931618,18.517497160268167,22.923,2.3267,125.75189999999998,1655.2728,1781.0247
JUT-01,134098.0,451726.0,1723.84374824,18.631111512132506,22.0229,2.3187,125.75189999999998,1655.2728,1781.0247
JUT-01,134098.0,451726.0,1723.9943346799998,18.702927541143627,21.031,2.3107,125.75189999999998,1655.2728,1781.0247
JUT-01,134098.0,451726.0,1724.14492112,18.787888289585513,19.8844,2.302,125.75189999999998,1655.2728,1781.0247
JUT-01,134098.0,451726.0,1724.29550756,18.432827291227866,19.6152,2.3115,125.75189999999998,1655.2728,1781.0247
JUT-01,134098.0,451726.0,1724.446094,17.77998875988592,20.2397,2.3258,125.75189999999998,1655.2728,1781.0247
JUT-01,134098.0,451726.0,1724.5966804399998,17.226644548355786,21.3211,2.3348,125.75189999999998,1655.2728,1781.0247
JUT-01,134098.0,451726.0,1724.7472668799999,16.542482815961293,23.024,2.3508,125.75189999999998,1655.2728,1781.0247
JUT-01,134098.0,451726.0,1724.89785332,15.733785468511732,24.5499,2.3734,125.75189999999998,1655.2728,1781.0247
JUT-01,134098.0,451726.0,1725.0484397599998,14.891557274001613,24.4159,2.3978,125.75189999999998,1655.2728,1781.0247
JUT-01,134098.0,451726.0,1725.1990262,14.244906441482573,22.9582,2.4221,125.75189999999998,1655.2728,1781.0247
JUT-01,134098.0,451726.0,1725.3496126399998,14.163630154996133,21.3876,2.4305,125.75189999999998,1655.2728,1781.0247
JUT-01,134098.0,451726.0,1725.50019908,14.31880889601502,19.8425,2.4263,125.75189999999998,1655.2728,1781.0247
JUT-01,134098.0,451726.0,1725.65078552,14.539831171986437,19.8434,2.4186,125.75189999999998,1655.2728,1781.0247
JUT-01,134098.0,451726.0,1725.8013719599999,14.68066581558739,20.4506,2.4151,125.75189999999998,1655.2728,1781.0247
JUT-01,134098.0,451726.0,1725.9519583999997,13.371688500221506,21.7504,2.4485,125.75189999999998,1655.2728,1781.0247
JUT-01,134098.0,451726.0,1726.10254484,11.74129669159639,24.6965,2.4909,125.75189999999998,1655.2728,1781.0247
JUT-01,134098.0,451726.0,1726.25313128,10.24478839561607,27.9091,2.5261,125.75189999999998,1655.2728,1781.0247
JUT-01,134098.0,451726.0,1726.4037177199998,8.818508942154628,31.1198,2.5576,125.75189999999998,1655.2728,1781.0247
JUT-01,134098.0,451726.0,1726.55430416,8.75545489038385,33.268,2.5405,125.75189999999998,1655.2728,1781.0247
JUT-01,134098.0,451726.0,1726.7048906,10.30173080265114,32.1429,2.5122,125.75189999999998,1655.2728,1781.0247
JUT-01,134098.0,451726.0,1726.8554770399999,11.851503692262659,30.4972,2.4838,125.75189999999998,1655.2728,1781.0247
JUT-01,134098.0,451726.0,1727.00606348,13.401306566323857,28.8216,2.4554,125.75189999999998,1655.2728,1781.0247
JUT-01,134098.0,451726.0,1727.1566499199998,14.99614706541228,26.3845,2.4246,125.75189999999998,1655.2728,1781.0247
JUT-01,134098.0,451726.0,1727.30723636,16.969545796421016,23.9474,2.3735,125.75189999999998,1655.2728,1781.0247
JUT-01,134098.0,451726.0,1727.4578228,17.180276783724324,21.5158,2.3545,125.75189999999998,1655.2728,1781.0247
JUT-01,134098.0,451726.0,1727.60840924,16.909645726562484,20.5986,2.361,125.75189999999998,1655.2728,1781.0247
JUT-01,134098.0,451726.0,1727.7589956799998,16.51129312476643,20.7415,2.3743,125.75189999999998,1655.2728,1781.0247
JUT-01,134098.0,451726.0,1727.90958212,16.094170257471,21.1996,2.3876,125.75189999999998,1655.2728,1781.0247
JUT-01,134098.0,451726.0,1728.06016856,15.466212877464264,21.6566,2.3981,125.75189999999998,1655.2728,1781.0247
JUT-01,134098.0,451726.0,1728.2107549999998,14.830024602419073,21.7855,2.409,125.75189999999998,1655.2728,1781.0247
JUT-01,134098.0,451726.0,1728.36134144,13.908408134020172,21.1086,2.4351,125.75189999999998,1655.2728,1781.0247
JUT-01,134098.0,451726.0,1728.51192788,12.984913848559737,19.4963,2.4613,125.75189999999998,1655.2728,1781.0247
JUT-01,134098.0,451726.0,1728.66251432,12.06589482401469,18.8002,2.4873,125.75189999999998,1655.2728,1781.0247
JUT-01,134098.0,451726.0,1728.81310076,11.230867831594272,18.7481,2.5088,125.75189999999998,1655.2728,1781.0247
JUT-01,134098.0,451726.0,1728.9636871999999,10.73272335590972,20.0641,2.5218,125.75189999999998,1655.2728,1781.0247
JUT-01,134098.0,451726.0,1729.11427364,10.7396817114526,21.7253,2.517,125.75189999999998,1655.2728,1781.0247
JUT-01,134098.0,451726.0,1729.2648600799998,10.588873449376656,22.4451,2.5206,125.75189999999998,1655.2728,1781.0247
JUT-01,134098.0,451726.0,1729.41544652,10.740543656456639,23.0987,2.5081,125.75189999999998,1655.2728,1781.0247
JUT-01,134098.0,451726.0,1729.5660329599998,10.657366793045721,23.3867,2.5081,125.75189999999998,1655.2728,1781.0247
JUT-01,134098.0,451726.0,1729.7166194,10.414605463853796,23.6747,2.5166,125.75189999999998,1655.2728,1781.0247
JUT-01,134098.0,451726.0,1729.86720584,10.366619141098333,23.9625,2.5165,125.75189999999998,1655.2728,1781.0247
JUT-01,134098.0,451726.0,1730.0177922799999,10.398254044321694,24.1927,2.5133,125.75189999999998,1655.2728,1781.0247
JUT-01,134098.0,451726.0,1730.1683787199997,10.459296769173244,24.566,2.5087,125.75189999999998,1655.2728,1781.0247
JUT-01,134098.0,451726.0,1730.31896516,13.197655259544225,25.7167,2.4937,125.75189999999998,1655.2728,1781.0247
JUT-01,134098.0,451726.0,1730.4695516,14.036889288847272,26.4125,2.468,125.75189999999998,1655.2728,1781.0247
JUT-01,134098.0,451726.0,1730.6201380399998,14.935613775125931,26.01,2.4391,125.75189999999998,1655.2728,1781.0247
JUT-01,134098.0,451726.0,1730.77072448,15.979241550110913,25.1994,2.4018,125.75189999999998,1655.2728,1781.0247
JUT-01,134098.0,451726.0,1730.92131092,16.499345820105603,24.2776,2.3798,125.75189999999998,1655.2728,1781.0247
JUT-01,134098.0,451726.0,1731.0718973599999,16.841057469254228,23.3563,2.3673,125.75189999999998,1655.2728,1781.0247
JUT-01,134098.0,451726.0,1731.2224838,16.9944177077052,22.7073,2.3648,125.75189999999998,1655.2728,1781.0247
JUT-01,134098.0,451726.0,1731.3730702399998,16.830102596258687,22.369,2.3656,125.75189999999998,1655.2728,1781.0247
JUT-01,134098.0,451726.0,1731.52365668,16.784361455750528,22.0302,2.3561,125.75189999999998,1655.2728,1781.0247
JUT-01,134098.0,451726.0,1731.67424312,16.41560579620824,21.6914,2.3638,125.75189999999998,1655.2728,1781.0247
JUT-01,134098.0,451726.0,1731.82482956,16.255227861597255,21.3492,2.3604,125.75189999999998,1655.2728,1781.0247
JUT-01,134098.0,451726.0,1731.9754159999998,15.904707681626721,20.3441,2.3652,125.75189999999998,1655.2728,1781.0247
JUT-01,134098.0,451726.0,1732.12600244,14.918652994852222,20.122,2.3953,125.75189999999998,1655.2728,1781.0247
JUT-01,134098.0,451726.0,1732.27658888,13.93444614068959,20.3542,2.4253,125.75189999999998,1655.2728,1781.0247
JUT-01,134098.0,451726.0,1732.4271753199998,12.985947795145847,21.2128,2.4534,125.75189999999998,1655.2728,1781.0247
JUT-01,134098.0,451726.0,1732.57776176,12.220204317072222,23.1597,2.4732,125.75189999999998,1655.2728,1781.0247
JUT-01,134098.0,451726.0,1732.7283482,12.118463453954556,23.8802,2.4729,125.75189999999998,1655.2728,1781.0247
JUT-01,134098.0,451726.0,1732.87893464,12.218192060791427,24.8987,2.4721,125.75189999999998,1655.2728,1781.0247
JUT-01,134098.0,451726.0,1733.02952108,12.334851005631817,24.9444,2.4704,125.75189999999998,1655.2728,1781.0247
JUT-01,134098.0,451726.0,1733.1801075199999,12.49469974288757,23.9635,2.4664,125.75189999999998,1655.2728,1781.0247
JUT-01,134098.0,451726.0,1733.33069396,12.729661162604824,22.9801,2.4584,125.75189999999998,1655.2728,1781.0247
JUT-01,134098.0,451726.0,1733.4812803999998,13.31649797830343,22.4312,2.4403,125.75189999999998,1655.2728,1781.0247
JUT-01,134098.0,451726.0,1733.63186684,14.288348294372259,22.3175,2.4175,125.75189999999998,1655.2728,1781.0247
JUT-01,134098.0,451726.0,1733.7824532799998,15.380150230050322,22.2039,2.3884,125.75189999999998,1655.2728,1781.0247
JUT-01,134098.0,451726.0,1733.93303972,17.342650156651928,22.0904,2.3543,125.75189999999998,1655.2728,1781.0247
JUT-01,134098.0,451726.0,1734.08362616,17.16395799238841,21.9763,2.3539,125.75189999999998,1655.2728,1781.0247
JUT-01,134098.0,451726.0,1734.2342125999999,16.868811185859894,21.5112,2.3597,125.75189999999998,1655.2728,1781.0247
JUT-01,134098.0,451726.0,1734.3847990399997,16.395301742934997,20.5013,2.375,125.75189999999998,1655.2728,1781.0247
JUT-01,134098.0,451726.0,1734.53538548,15.983760263040836,19.8696,2.387,125.75189999999998,1655.2728,1781.0247
JUT-01,134098.0,451726.0,1734.68597192,15.707811409423206,19.6818,2.3918,125.75189999999998,1655.2728,1781.0247
JUT-01,134098.0,451726.0,1734.8365583599998,15.494285900277406,19.7894,2.3979,125.75189999999998,1655.2728,1781.0247
JUT-01,134098.0,451726.0,1734.9871448,16.108722583898803,19.6682,2.3818,125.75189999999998,1655.2728,1781.0247
JUT-01,134098.0,451726.0,1735.13773124,16.53108220714914,18.8731,2.3759,125.75189999999998,1655.2728,1781.0247
JUT-01,134098.0,451726.0,1735.2883176799999,16.623089654592107,17.9757,2.3755,125.75189999999998,1655.2728,1781.0247
JUT-01,134098.0,451726.0,1735.43890412,16.534478355078942,18.1331,2.3749,125.75189999999998,1655.2728,1781.0247
JUT-01,134098.0,451726.0,1735.5894905599998,16.526733127010594,19.7063,2.37,125.75189999999998,1655.2728,1781.0247
JUT-01,134098.0,451726.0,1735.740077,16.463315688735598,20.413,2.3708,125.75189999999998,1655.2728,1781.0247
JUT-01,134098.0,451726.0,1735.89066344,16.46153343971899,20.2446,2.3755,125.75189999999998,1655.2728,1781.0247
JUT-01,134098.0,451726.0,1736.04124988,16.617637746119943,19.8654,2.3718,125.75189999999998,1655.2728,1781.0247
JUT-01,134098.0,451726.0,1736.1918363199998,16.679821214994334,19.9412,2.3731,125.75189999999998,1655.2728,1781.0247
JUT-01,134098.0,451726.0,1736.34242276,16.8730920647802,20.0156,2.3674,125.75189999999998,1655.2728,1781.0247
JUT-01,134098.0,451726.0,1736.4930092,16.90430519636728,19.3733,2.3599,125.75189999999998,1655.2728,1781.0247
JUT-01,134098.0,451726.0,1736.6435956399998,16.791288190829363,18.5607,2.3553,125.75189999999998,1655.2728,1781.0247
JUT-01,134098.0,451726.0,1736.79418208,16.330725106658615,17.748,2.3692,125.75189999999998,1655.2728,1781.0247
JUT-01,134098.0,451726.0,1736.94476852,16.248683699777516,17.7651,2.3697,125.75189999999998,1655.2728,1781.0247
JUT-01,134098.0,451726.0,1737.09535496,16.576084861313007,18.5745,2.3582,125.75189999999998,1655.2728,1781.0247
JUT-01,134098.0,451726.0,1737.2459414,17.064798383442653,19.383,2.3381,125.75189999999998,1655.2728,1781.0247
JUT-01,134098.0,451726.0,1737.3965278399999,17.082359729824454,20.0404,2.3431,125.75189999999998,1655.2728,1781.0247
JUT-01,134098.0,451726.0,1737.54711428,16.85759272191888,20.68,2.361,125.75189999999998,1655.2728,1781.0247
JUT-01,134098.0,451726.0,1737.6977007199998,16.66054451200268,20.9764,2.3742,125.75189999999998,1655.2728,1781.0247
JUT-01,134098.0,451726.0,1737.84828716,16.596698731910404,20.9764,2.3776,125.75189999999998,1655.2728,1781.0247
JUT-01,134098.0,451726.0,1737.9988735999998,16.489663159402767,20.9764,2.3833,125.75189999999998,1655.2728,1781.0247
JUT-01,134098.0,451726.0,1738.14946004,15.512416925079595,20.9772,2.3938,125.75189999999998,1655.2728,1781.0247
JUT-01,134098.0,451726.0,1738.30004648,14.9932981632428,21.4944,2.4072,125.75189999999998,1655.2728,1781.0247
JUT-01,134098.0,451726.0,1738.4506329199999,14.451525658868832,22.5698,2.4218,125.75189999999998,1655.2728,1781.0247
JUT-01,134098.0,451726.0,1738.6012193599997,13.622857031918366,24.1719,2.4484,125.75189999999998,1655.2728,1781.0247
JUT-01,134098.0,451726.0,1738.7518058,12.630364928513808,25.7765,2.4834,125.75189999999998,1655.2728,1781.0247
JUT-01,134098.0,451726.0,1738.90239224,11.682850481237116,27.3811,2.516,125.75189999999998,1655.2728,1781.0247
JUT-01,134098.0,451726.0,1739.0529786799998,11.00098272284454,28.9837,2.5316,125.75189999999998,1655.2728,1781.0247
JUT-01,134098.0,451726.0,1739.20356512,10.813761101733746,29.6445,2.5193,125.75189999999998,1655.2728,1781.0247
JUT-01,134098.0,451726.0,1739.35415156,10.692892424017149,28.5321,2.5043,125.75189999999998,1655.2728,1781.0247
JUT-01,134098.0,451726.0,1739.5047379999999,11.420343796632825,27.272,2.4893,125.75189999999998,1655.2728,1781.0247
JUT-01,134098.0,451726.0,1739.65532444,11.894289865940934,26.0104,2.4878,125.75189999999998,1655.2728,1781.0247
JUT-01,134098.0,451726.0,1739.8059108799998,12.583435286083867,24.079,2.4748,125.75189999999998,1655.2728,1781.0247
JUT-01,134098.0,451726.0,1739.95649732,13.230321413360127,22.8065,2.4617,125.75189999999998,1655.2728,1781.0247
JUT-01,134098.0,451726.0,1740.10708376,13.287782141685032,22.4676,2.4543,125.75189999999998,1655.2728,1781.0247
JUT-01,134098.0,451726.0,1740.2576702,13.082348481394687,22.1298,2.4609,125.75189999999998,1655.2728,1781.0247
JUT-01,134098.0,451726.0,1740.4082566399998,12.696644383196746,22.3144,2.4771,125.75189999999998,1655.2728,1781.0247
JUT-01,134098.0,451726.0,1740.55884308,12.294099900344325,22.5303,2.4942,125.75189999999998,1655.2728,1781.0247
JUT-01,134098.0,451726.0,1740.70942952,12.147341174989483,22.9694,2.4938,125.75189999999998,1655.2728,1781.0247
JUT-01,134098.0,451726.0,1740.8600159599998,11.84210904450613,23.8864,2.4979,125.75189999999998,1655.2728,1781.0247
JUT-01,134098.0,451726.0,1741.0106024,11.536996851821499,24.8806,2.502,125.75189999999998,1655.2728,1781.0247
JUT-01,134098.0,451726.0,1741.16118884,11.328967383691673,24.0378,2.5047,125.75189999999998,1655.2728,1781.0247
JUT-01,134098.0,451726.0,1741.31177528,11.452275298447773,23.0486,2.5032,125.75189999999998,1655.2728,1781.0247
JUT-01,134098.0,451726.0,1741.46236172,11.752068032538716,22.5347,2.4923,125.75189999999998,1655.2728,1781.0247
JUT-01,134098.0,451726.0,1741.6129481599999,12.05186076662967,22.2748,2.4814,125.75189999999998,1655.2728,1781.0247
JUT-01,134098.0,451726.0,1741.7635346,12.244468005964574,22.2299,2.4762,125.75189999999998,1655.2728,1781.0247
JUT-01,134098.0,451726.0,1741.9141210399998,11.964105221389467,22.1849,2.4962,125.75189999999998,1655.2728,1781.0247
JUT-01,134098.0,451726.0,1742.06470748,12.09549247292126,22.1401,2.4983,125.75189999999998,1655.2728,1781.0247
JUT-01,134098.0,451726.0,1742.2152939199998,12.84868102610093,22.2444,2.4759,125.75189999999998,1655.2728,1781.0247
JUT-01,134098.0,451726.0,1742.36588036,13.439743659863586,22.6381,2.4535,125.75189999999998,1655.2728,1781.0247
JUT-01,134098.0,451726.0,1742.5164668,13.501219660699032,23.4924,2.4434,125.75189999999998,1655.2728,1781.0247
JUT-01,134098.0,451726.0,1742.6670532399999,13.553096685079037,24.4016,2.4338,125.75189999999998,1655.2728,1781.0247
JUT-01,134098.0,451726.0,1742.8176396799997,13.227899871399293,25.1102,2.4441,125.75189999999998,1655.2728,1781.0247
JUT-01,134098.0,451726.0,1742.96822612,12.821230700976612,25.2219,2.4565,125.75189999999998,1655.2728,1781.0247
JUT-01,134098.0,451726.0,1743.11881256,12.43551736272764,24.4374,2.4678,125.75189999999998,1655.2728,1781.0247
JUT-01,134098.0,451726.0,1743.2693989999998,11.974391497520374,23.2036,2.4831,125.75189999999998,1655.2728,1781.0247
JUT-01,134098.0,451726.0,1743.41998544,11.38557407212856,22.346,2.5052,125.75189999999998,1655.2728,1781.0247
JUT-01,134098.0,451726.0,1743.57057188,11.005434216164835,23.4437,2.5162,125.75189999999998,1655.2728,1781.0247
JUT-01,134098.0,451726.0,1743.7211583199999,10.777151423610102,25.2921,2.5252,125.75189999999998,1655.2728,1781.0247
JUT-01,134098.0,451726.0,1743.87174476,10.811009128667743,26.9071,2.5215,125.75189999999998,1655.2728,1781.0247
JUT-01,134098.0,451726.0,1744.0223311999998,10.88802664169108,28.3462,2.5155,125.75189999999998,1655.2728,1781.0247
JUT-01,134098.0,451726.0,1744.17291764,10.735950473206833,29.1959,2.5217,125.75189999999998,1655.2728,1781.0247
JUT-01,134098.0,451726.0,1744.32350408,10.619582813341484,29.4358,2.526,125.75189999999998,1655.2728,1781.0247
JUT-01,134098.0,451726.0,1744.47409052,10.544527128829959,29.3557,2.5281,125.75189999999998,1655.2728,1781.0247
JUT-01,134098.0,451726.0,1744.6246769599998,10.244482334264678,29.0915,2.5413,125.75189999999998,1655.2728,1781.0247
JUT-01,134098.0,451726.0,1744.7752634,10.138411198313417,29.1714,2.5441,125.75189999999998,1655.2728,1781.0247
JUT-01,134098.0,451726.0,1744.92584984,10.255830277134788,29.3148,2.535,125.75189999999998,1655.2728,1781.0247
JUT-01,134098.0,451726.0,1745.0764362799998,10.168627265147936,29.3447,2.5368,125.75189999999998,1655.2728,1781.0247
JUT-01,134098.0,451726.0,1745.22702272,10.071975198954032,28.8224,2.5391,125.75189999999998,1655.2728,1781.0247
JUT-01,134098.0,451726.0,1745.37760916,9.992253470763641,28.3312,2.5405,125.75189999999998,1655.2728,1781.0247
JUT-01,134098.0,451726.0,1745.5281956,9.902343953189627,27.6447,2.5433,125.75189999999998,1655.2728,1781.0247
JUT-01,134098.0,451726.0,1745.67878204,9.657482076505767,26.9811,2.5558,125.75189999999998,1655.2728,1781.0247
JUT-01,134098.0,451726.0,1745.8293684799999,9.705499692522402,26.9814,2.5527,125.75189999999998,1655.2728,1781.0247
JUT-01,134098.0,451726.0,1745.97995492,9.57703248920419,27.204,2.559,125.75189999999998,1655.2728,1781.0247
JUT-01,134098.0,451726.0,1746.1305413599998,9.450323165148802,27.7196,2.5652,125.75189999999998,1655.2728,1781.0247
JUT-01,134098.0,451726.0,1746.2811278,9.434286418736896,27.735,2.5623,125.75189999999998,1655.2728,1781.0247
JUT-01,134098.0,451726.0,1746.4317142399998,9.510641630120768,27.3516,2.5536,125.75189999999998,1655.2728,1781.0247
JUT-01,134098.0,451726.0,1746.58230068,9.427262453475231,27.5037,2.5534,125.75189999999998,1655.2728,1781.0247
JUT-01,134098.0,451726.0,1746.73288712,9.18236102508779,28.5399,2.5618,125.75189999999998,1655.2728,1781.0247
JUT-01,134098.0,451726.0,1746.8834735599999,9.106463132238723,28.7945,2.5612,125.75189999999998,1655.2728,1781.0247
JUT-01,134098.0,451726.0,1747.0340599999997,9.12088036504153,29.5669,2.5558,125.75189999999998,1655.2728,1781.0247
JUT-01,134098.0,451726.0,1747.18464644,8.957957730889323,31.2088,2.561,125.75189999999998,1655.2728,1781.0247
JUT-01,134098.0,451726.0,1747.33523288,8.865515018121691,32.5593,2.5626,125.75189999999998,1655.2728,1781.0247
JUT-01,134098.0,451726.0,1747.4858193199998,8.804995195400204,32.3434,2.5625,125.75189999999998,1655.2728,1781.0247
JUT-01,134098.0,451726.0,1747.63640576,8.804655471996949,31.4843,2.5592,125.75189999999998,1655.2728,1781.0247
JUT-01,134098.0,451726.0,1747.7869922,8.840024257212594,30.7237,2.554,125.75189999999998,1655.2728,1781.0247
JUT-01,134098.0,451726.0,1747.9375786399999,9.539231207591744,30.6206,2.5184,125.75189999999998,1655.2728,1781.0247
JUT-01,134098.0,451726.0,1748.08816508,10.55437503806918,30.1841,2.4688,125.75189999999998,1655.2728,1781.0247
JUT-01,134098.0,451726.0,1748.2387515199998,11.725806733124292,28.4541,2.4249,125.75189999999998,1655.2728,1781.0247
JUT-01,134098.0,451726.0,1748.38933796,12.50851252299188,25.9638,2.4085,125.75189999999998,1655.2728,1781.0247
JUT-01,134098.0,451726.0,1748.5399244,13.337477722410416,23.5516,2.3899,125.75189999999998,1655.2728,1781.0247
JUT-01,134098.0,451726.0,1748.69051084,14.093099321898531,22.8336,2.3753,125.75189999999998,1655.2728,1781.0247
JUT-01,134098.0,451726.0,1748.8410972799998,14.644068846128748,22.4018,2.3716,125.75189999999998,1655.2728,1781.0247
JUT-01,134098.0,451726.0,1748.99168372,15.002691449940789,22.2646,2.3781,125.75189999999998,1655.2728,1781.0247
JUT-01,134098.0,451726.0,1749.14227016,15.491663026690583,22.7612,2.3777,125.75189999999998,1655.2728,1781.0247
JUT-01,134098.0,451726.0,1749.2928565999998,16.12325874676819,23.1422,2.3697,125.75189999999998,1655.2728,1781.0247
JUT-01,134098.0,451726.0,1749.44344304,16.49283093608274,22.7594,2.3725,125.75189999999998,1655.2728,1781.0247
JUT-01,134098.0,451726.0,1749.59402948,16.668264336461565,22.1074,2.3679,125.75189999999998,1655.2728,1781.0247
JUT-01,134098.0,451726.0,1749.74461592,16.648524700239207,21.4545,2.3737,125.75189999999998,1655.2728,1781.0247
JUT-01,134098.0,451726.0,1749.89520236,16.80514994555298,20.8016,2.3701,125.75189999999998,1655.2728,1781.0247
JUT-01,134098.0,451726.0,1750.0457887999999,16.908013726997158,20.1887,2.3649,125.75189999999998,1655.2728,1781.0247
JUT-01,134098.0,451726.0,1750.19637524,16.66914012848039,20.1926,2.3618,125.75189999999998,1655.2728,1781.0247
JUT-01,134098.0,451726.0,1750.3469616799998,16.3956967760268,20.5841,2.3622,125.75189999999998,1655.2728,1781.0247
JUT-01,134098.0,451726.0,1750.49754812,15.93829656049293,21.2174,2.3773,125.75189999999998,1655.2728,1781.0247
JUT-01,134098.0,451726.0,1750.6481345599998,15.520330503251344,21.7404,2.3903,125.75189999999998,1655.2728,1781.0247
JUT-01,134098.0,451726.0,1750.798721,15.757722600486352,21.7797,2.3684,125.75189999999998,1655.2728,1781.0247
JUT-01,134098.0,451726.0,1750.94930744,15.785099031325949,21.4234,2.3577,125.75189999999998,1655.2728,1781.0247
JUT-01,134098.0,451726.0,1751.0998938799999,15.42652589979779,20.9166,2.3677,125.75189999999998,1655.2728,1781.0247
JUT-01,134098.0,451726.0,1751.2504803199997,15.589712831548272,20.6304,2.3761,125.75189999999998,1655.2728,1781.0247
JUT-01,134098.0,451726.0,1751.40106676,15.762318833056124,21.3575,2.384,125.75189999999998,1655.2728,1781.0247
JUT-01,134098.0,451726.0,1751.5516532,15.7574505283897,22.9017,2.4013,125.75189999999998,1655.2728,1781.0247
JUT-01,134098.0,451726.0,1751.7022396399998,15.461512922901244,23.884,2.407,125.75189999999998,1655.2728,1781.0247
JUT-01,134098.0,451726.0,1751.8528260799999,15.189983614936997,23.9606,2.4012,125.75189999999998,1655.2728,1781.0247
JUT-01,134098.0,451726.0,1752.00341252,14.905279603092294,23.6582,2.3961,125.75189999999998,1655.2728,1781.0247
JUT-01,134098.0,451726.0,1752.1539989599999,14.627168544821965,23.3962,2.3907,125.75189999999998,1655.2728,1781.0247
JUT-01,134098.0,451726.0,1752.3045854,14.784158537698513,23.3958,2.3842,125.75189999999998,1655.2728,1781.0247
JUT-01,134098.0,451726.0,1752.4551718399998,14.926824549273546,22.9723,2.3842,125.75189999999998,1655.2728,1781.0247
JUT-01,134098.0,451726.0,1752.60575828,15.069490560848584,21.9214,2.3842,125.75189999999998,1655.2728,1781.0247
JUT-01,134098.0,451726.0,1752.75634472,15.300324020966837,20.7389,2.3795,125.75189999999998,1655.2728,1781.0247
JUT-01,134098.0,451726.0,1752.9069311599999,15.577395465708117,19.8819,2.37,125.75189999999998,1655.2728,1781.0247
JUT-01,134098.0,451726.0,1753.0575175999998,15.770520018600724,19.3073,2.3646,125.75189999999998,1655.2728,1781.0247
JUT-01,134098.0,451726.0,1753.20810404,15.899798791401043,18.733,2.3626,125.75189999999998,1655.2728,1781.0247
JUT-01,134098.0,451726.0,1753.35869048,15.80582722502616,18.3019,2.3725,125.75189999999998,1655.2728,1781.0247
JUT-01,134098.0,451726.0,1753.5092769199998,15.559833189964746,18.3019,2.3856,125.75189999999998,1655.2728,1781.0247
JUT-01,134098.0,451726.0,1753.65986336,15.362662398503307,18.3019,2.3961,125.75189999999998,1655.2728,1781.0247
JUT-01,134098.0,451726.0,1753.8104498,16.293637090645696,18.3026,2.4083,125.75189999999998,1655.2728,1781.0247
JUT-01,134098.0,451726.0,1753.9610362399999,16.532259309217423,18.7722,2.4212,125.75189999999998,1655.2728,1781.0247
JUT-01,134098.0,451726.0,1754.11162268,16.440865751109225,20.4579,2.4327,125.75189999999998,1655.2728,1781.0247
JUT-01,134098.0,451726.0,1754.2622091199999,15.651546564347978,21.32,2.4444,125.75189999999998,1655.2728,1781.0247
JUT-01,134098.0,451726.0,1754.41279556,14.91015108769632,20.5881,2.4535,125.75189999999998,1655.2728,1781.0247
JUT-01,134098.0,451726.0,1754.563382,14.223212305829248,19.599,2.4597,125.75189999999998,1655.2728,1781.0247
JUT-01,134098.0,451726.0,1754.71396844,13.525066590492317,19.3722,2.4665,125.75189999999998,1655.2728,1781.0247
JUT-01,134098.0,451726.0,1754.8645548799998,13.222993323840786,19.146,2.4541,125.75189999999998,1655.2728,1781.0247
JUT-01,134098.0,451726.0,1755.0151413199999,12.927498234387258,19.1539,2.4592,125.75189999999998,1655.2728,1781.0247
JUT-01,134098.0,451726.0,1755.16572776,12.553134828349155,19.6609,2.4685,125.75189999999998,1655.2728,1781.0247
JUT-01,134098.0,451726.0,1755.3163141999999,12.508109034872422,20.6404,2.4603,125.75189999999998,1655.2728,1781.0247
JUT-01,134098.0,451726.0,1755.4669006399997,12.731457258636208,21.6183,2.4565,125.75189999999998,1655.2728,1781.0247
JUT-01,134098.0,451726.0,1755.61748708,12.963237054658698,22.6882,2.4565,125.75189999999998,1655.2728,1781.0247
JUT-01,134098.0,451726.0,1755.76807352,13.324616212376958,23.8374,2.4496,125.75189999999998,1655.2728,1781.0247
JUT-01,134098.0,451726.0,1755.9186599599998,13.503847115126087,24.9853,2.4524,125.75189999999998,1655.2728,1781.0247
JUT-01,134098.0,451726.0,1756.0692463999999,13.605457844908903,25.4714,2.4593,125.75189999999998,1655.2728,1781.0247
JUT-01,134098.0,451726.0,1756.21983284,13.681995606737361,25.3535,2.4533,125.75189999999998,1655.2728,1781.0247
JUT-01,134098.0,451726.0,1756.3704192799999,13.566336998678265,24.9944,2.4468,125.75189999999998,1655.2728,1781.0247
JUT-01,134098.0,451726.0,1756.52100572,13.37556570815767,24.6357,2.4443,125.75189999999998,1655.2728,1781.0247
JUT-01,134098.0,451726.0,1756.6715921599998,13.164678150054394,24.5289,2.4429,125.75189999999998,1655.2728,1781.0247
JUT-01,134098.0,451726.0,1756.8221786,13.149107988351847,24.799,2.4447,125.75189999999998,1655.2728,1781.0247
JUT-01,134098.0,451726.0,1756.97276504,13.117919907047828,25.2678,2.4551,125.75189999999998,1655.2728,1781.0247
JUT-01,134098.0,451726.0,1757.1233514799999,13.140948644930946,24.9327,2.4626,125.75189999999998,1655.2728,1781.0247
JUT-01,134098.0,451726.0,1757.2739379199998,13.025718758139053,23.8829,2.4709,125.75189999999998,1655.2728,1781.0247
JUT-01,134098.0,451726.0,1757.42452436,12.723795138780094,22.8347,2.4775,125.75189999999998,1655.2728,1781.0247
JUT-01,134098.0,451726.0,1757.5751108,12.393434403450964,21.7857,2.4856,125.75189999999998,1655.2728,1781.0247
JUT-01,134098.0,451726.0,1757.7256972399998,12.346938717534188,21.4355,2.479,125.75189999999998,1655.2728,1781.0247
JUT-01,134098.0,451726.0,1757.87628368,12.402720316677048,21.3353,2.4716,125.75189999999998,1655.2728,1781.0247
JUT-01,134098.0,451726.0,1758.02687012,12.524138857776936,21.235,2.4618,125.75189999999998,1655.2728,1781.0247
JUT-01,134098.0,451726.0,1758.1774565599999,13.037331875721938,21.135,2.4394,125.75189999999998,1655.2728,1781.0247
JUT-01,134098.0,451726.0,1758.328043,13.396723801318945,21.0348,2.4252,125.75189999999998,1655.2728,1781.0247
JUT-01,134098.0,451726.0,1758.4786294399998,13.538169009978873,20.998,2.4226,125.75189999999998,1655.2728,1781.0247
JUT-01,134098.0,451726.0,1758.62921588,13.509577364796543,21.6133,2.4262,125.75189999999998,1655.2728,1781.0247
JUT-01,134098.0,451726.0,1758.77980232,13.52491787256131,22.1497,2.4269,125.75189999999998,1655.2728,1781.0247
JUT-01,134098.0,451726.0,1758.93038876,13.02192090244235,22.4489,2.4552,125.75189999999998,1655.2728,1781.0247
JUT-01,134098.0,451726.0,1759.0809751999998,12.824560637028934,22.7482,2.4616,125.75189999999998,1655.2728,1781.0247
JUT-01,134098.0,451726.0,1759.23156164,13.10912650592867,23.0189,2.4379,125.75189999999998,1655.2728,1781.0247
JUT-01,134098.0,451726.0,1759.38214808,13.34537886687298,23.0187,2.4168,125.75189999999998,1655.2728,1781.0247
JUT-01,134098.0,451726.0,1759.5327345199998,13.956247047656115,22.7706,2.3924,125.75189999999998,1655.2728,1781.0247
JUT-01,134098.0,451726.0,1759.6833209599997,14.411799430578128,22.2918,2.3774,125.75189999999998,1655.2728,1781.0247
JUT-01,134098.0,451726.0,1759.8339074,14.508688754746482,21.813,2.3815,125.75189999999998,1655.2728,1781.0247
JUT-01,134098.0,451726.0,1759.98449384,14.01013172135315,21.3353,2.386,125.75189999999998,1655.2728,1781.0247
JUT-01,134098.0,451726.0,1760.1350802799998,14.576383799913058,21.3449,2.3964,125.75189999999998,1655.2728,1781.0247
JUT-01,134098.0,451726.0,1760.2856667199999,14.382365354349492,21.6186,2.4155,125.75189999999998,1655.2728,1781.0247
JUT-01,134098.0,451726.0,1760.43625316,14.163523082603572,21.3162,2.4357,125.75189999999998,1655.2728,1781.0247
JUT-01,134098.0,451726.0,1760.5868395999998,13.963654371200258,21.016,2.4537,125.75189999999998,1655.2728,1781.0247
JUT-01,134098.0,451726.0,1760.73742604,13.475466394947187,21.7227,2.4718,125.75189999999998,1655.2728,1781.0247
JUT-01,134098.0,451726.0,1760.8880124799998,13.037709619308515,22.7562,2.4872,125.75189999999998,1655.2728,1781.0247
JUT-01,134098.0,451726.0,1761.03859892,12.782071114189298,23.0102,2.4929,125.75189999999998,1655.2728,1781.0247
JUT-01,134098.0,451726.0,1761.18918536,12.561594474087363,23.5682,2.4953,125.75189999999998,1655.2728,1781.0247
JUT-01,134098.0,451726.0,1761.3397717999999,12.313752554167035,25.2066,2.4903,125.75189999999998,1655.2728,1781.0247
JUT-01,134098.0,451726.0,1761.4903582399998,12.35828039130265,26.3814,2.4697,125.75189999999998,1655.2728,1781.0247
JUT-01,134098.0,451726.0,1761.64094468,12.565259998120231,26.3396,2.4405,125.75189999999998,1655.2728,1781.0247
JUT-01,134098.0,451726.0,1761.79153112,13.262804990607908,25.6511,2.4179,125.75189999999998,1655.2728,1781.0247
JUT-01,134098.0,451726.0,1761.9421175599998,14.00536291116615,24.2989,2.3983,125.75189999999998,1655.2728,1781.0247
JUT-01,134098.0,451726.0,1762.092704,14.653400305204238,22.948,2.3837,125.75189999999998,1655.2728,1781.0247
JUT-01,134098.0,451726.0,1762.24329044,15.102988779712945,20.7011,2.3797,125.75189999999998,1655.2728,1781.0247
JUT-01,134098.0,451726.0,1762.3938768799999,15.501906178009824,18.3713,2.3784,125.75189999999998,1655.2728,1781.0247
JUT-01,134098.0,451726.0,1762.54446332,15.86887070181088,18.5003,2.3788,125.75189999999998,1655.2728,1781.0247
JUT-01,134098.0,451726.0,1762.6950497599998,16.15636722003378,19.791,2.3834,125.75189999999998,1655.2728,1781.0247
JUT-01,134098.0,451726.0,1762.8456362,16.298023680900013,21.0832,2.3958,125.75189999999998,1655.2728,1781.0247
JUT-01,134098.0,451726.0,1762.99622264,16.3356505921397,21.8352,2.4137,125.75189999999998,1655.2728,1781.0247
JUT-01,134098.0,451726.0,1763.14680908,15.911681401984099,22.065,2.4328,125.75189999999998,1655.2728,1781.0247
JUT-01,134098.0,451726.0,1763.2973955199998,15.276835202587742,21.9348,2.4522,125.75189999999998,1655.2728,1781.0247
JUT-01,134098.0,451726.0,1763.44798196,14.536381481000094,21.9879,2.4772,125.75189999999998,1655.2728,1781.0247
JUT-01,134098.0,451726.0,1763.5985684,14.032532709166171,22.1477,2.4896,125.75189999999998,1655.2728,1781.0247
JUT-01,134098.0,451726.0,1763.7491548399998,14.039450178070442,22.4049,2.4748,125.75189999999998,1655.2728,1781.0247
JUT-01,134098.0,451726.0,1763.89974128,13.843533419878993,22.9285,2.4708,125.75189999999998,1655.2728,1781.0247
JUT-01,134098.0,451726.0,1764.05032772,13.702553107667,24.0042,2.4639,125.75189999999998,1655.2728,1781.0247
JUT-01,134098.0,451726.0,1764.20091416,13.454087456202183,25.0389,2.4627,125.75189999999998,1655.2728,1781.0247
JUT-01,134098.0,451726.0,1764.3515005999998,13.040343918872377,25.5119,2.4703,125.75189999999998,1655.2728,1781.0247
JUT-01,134098.0,451726.0,1764.5020870399999,13.047831092320571,25.616,2.4555,125.75189999999998,1655.2728,1781.0247
JUT-01,134098.0,451726.0,1764.65267348,13.192977881979465,25.4269,2.4474,125.75189999999998,1655.2728,1781.0247
JUT-01,134098.0,451726.0,1764.8032599199998,13.164277502266692,24.9481,2.4511,125.75189999999998,1655.2728,1781.0247
JUT-01,134098.0,451726.0,1764.95384636,13.32711446283074,24.4692,2.4446,125.75189999999998,1655.2728,1781.0247
JUT-01,134098.0,451726.0,1765.1044327999998,13.48253010849768,23.99,2.4385,125.75189999999998,1655.2728,1781.0247
JUT-01,134098.0,451726.0,1765.25501924,13.598176832759235,23.2899,2.4374,125.75189999999998,1655.2728,1781.0247
JUT-01,134098.0,451726.0,1765.40560568,13.676586194794638,22.4072,2.4465,125.75189999999998,1655.2728,1781.0247
JUT-01,134098.0,451726.0,1765.5561921199999,14.006742980874778,21.482,2.4422,125.75189999999998,1655.2728,1781.0247
JUT-01,134098.0,451726.0,1765.7067785599997,14.341487688835242,21.3308,2.428,125.75189999999998,1655.2728,1781.0247
JUT-01,134098.0,451726.0,1765.857365,14.540563310858508,21.1796,2.4155,125.75189999999998,1655.2728,1781.0247
JUT-01,134098.0,451726.0,1766.00795144,14.255222099904465,21.0286,2.4288,125.75189999999998,1655.2728,1781.0247
JUT-01,134098.0,451726.0,1766.1585378799998,13.971908628260344,20.8777,2.442,125.75189999999998,1655.2728,1781.0247
JUT-01,134098.0,451726.0,1766.30912432,14.087881228910371,20.957,2.4414,125.75189999999998,1655.2728,1781.0247
JUT-01,134098.0,451726.0,1766.45971076,14.426623108729228,21.3188,2.4321,125.75189999999998,1655.2728,1781.0247
JUT-01,134098.0,451726.0,1766.6102971999999,14.856988226717597,20.3797,2.4179,125.75189999999998,1655.2728,1781.0247
JUT-01,134098.0,451726.0,1766.76088364,14.835518051935587,19.827,2.4211,125.75189999999998,1655.2728,1781.0247
JUT-01,134098.0,451726.0,1766.9114700799998,14.808065789717553,20.2689,2.4156,125.75189999999998,1655.2728,1781.0247
JUT-01,134098.0,451726.0,1767.06205652,14.55339766305348,20.7108,2.4222,125.75189999999998,1655.2728,1781.0247
JUT-01,134098.0,451726.0,1767.21264296,14.565529481376132,21.1518,2.4146,125.75189999999998,1655.2728,1781.0247
JUT-01,134098.0,451726.0,1767.3632294,14.728511076695558,21.2094,2.4027,125.75189999999998,1655.2728,1781.0247
JUT-01,134098.0,451726.0,1767.5138158399998,14.625868062464528,20.7583,2.4088,125.75189999999998,1655.2728,1781.0247
JUT-01,134098.0,451726.0,1767.66440228,14.521347231171962,20.0999,2.415,125.75189999999998,1655.2728,1781.0247
JUT-01,134098.0,451726.0,1767.81498872,14.662850419390486,19.4419,2.4081,125.75189999999998,1655.2728,1781.0247
JUT-01,134098.0,451726.0,1767.9655751599998,14.698816930382474,19.0141,2.4077,125.75189999999998,1655.2728,1781.0247
JUT-01,134098.0,451726.0,1768.1161616,14.53011983564542,18.9119,2.4189,125.75189999999998,1655.2728,1781.0247
JUT-01,134098.0,451726.0,1768.26674804,14.464702679292916,19.1061,2.4246,125.75189999999998,1655.2728,1781.0247
JUT-01,134098.0,451726.0,1768.41733448,14.108223878402098,20.69,2.4458,125.75189999999998,1655.2728,1781.0247
JUT-01,134098.0,451726.0,1768.5679209199998,13.839942510504194,22.8876,2.4623,125.75189999999998,1655.2728,1781.0247
JUT-01,134098.0,451726.0,1768.7185073599999,13.56987327889379,24.3395,2.4789,125.75189999999998,1655.2728,1781.0247
JUT-01,134098.0,451726.0,1768.8690938,13.280995892218321,24.2357,2.4965,125.75189999999998,1655.2728,1781.0247
JUT-01,134098.0,451726.0,1769.0196802399998,13.243296225043691,23.8003,2.5007,125.75189999999998,1655.2728,1781.0247
JUT-01,134098.0,451726.0,1769.17026668,13.088996901398763,23.365,2.4991,125.75189999999998,1655.2728,1781.0247
JUT-01,134098.0,451726.0,1769.3208531199998,12.896187649908576,22.9304,2.4942,125.75189999999998,1655.2728,1781.0247
JUT-01,134098.0,451726.0,1769.47143956,12.699143013100452,22.4954,2.4895,125.75189999999998,1655.2728,1781.0247
JUT-01,134098.0,451726.0,1769.622026,12.455152949753892,22.2363,2.4873,125.75189999999998,1655.2728,1781.0247
JUT-01,134098.0,451726.0,1769.7726124399999,12.213640392462452,21.8418,2.485,125.75189999999998,1655.2728,1781.0247
JUT-01,134098.0,451726.0,1769.9231988799997,12.281901791773619,21.7148,2.4806,125.75189999999998,1655.2728,1781.0247
JUT-01,134098.0,451726.0,1770.07378532,12.85078716216524,23.1497,2.4674,125.75189999999998,1655.2728,1781.0247
JUT-01,134098.0,451726.0,1770.22437176,13.21424086160728,23.3297,2.4651,125.75189999999998,1655.2728,1781.0247
JUT-01,134098.0,451726.0,1770.3749581999998,12.897784024204805,22.9471,2.4766,125.75189999999998,1655.2728,1781.0247
JUT-01,134098.0,451726.0,1770.52554464,12.490095709695897,22.8076,2.4882,125.75189999999998,1655.2728,1781.0247
JUT-01,134098.0,451726.0,1770.67613108,12.20979911087474,24.0047,2.493,125.75189999999998,1655.2728,1781.0247
JUT-01,134098.0,451726.0,1770.8267175199999,11.754985463129318,26.1593,2.5071,125.75189999999998,1655.2728,1781.0247
JUT-01,134098.0,451726.0,1770.97730396,11.453910975615294,28.3098,2.5178,125.75189999999998,1655.2728,1781.0247
JUT-01,134098.0,451726.0,1771.1278903999998,11.22017529297976,28.397,2.5255,125.75189999999998,1655.2728,1781.0247
JUT-01,134098.0,451726.0,1771.27847684,11.277651177130949,27.68,2.5177,125.75189999999998,1655.2728,1781.0247
JUT-01,134098.0,451726.0,1771.42906328,11.451731625795542,26.9734,2.5037,125.75189999999998,1655.2728,1781.0247
JUT-01,134098.0,451726.0,1771.57964972,11.859477592660168,26.6861,2.4886,125.75189999999998,1655.2728,1781.0247
JUT-01,134098.0,451726.0,1771.7302361599998,12.20343379577388,26.3995,2.4774,125.75189999999998,1655.2728,1781.0247
JUT-01,134098.0,451726.0,1771.8808226,12.323919874107842,26.4173,2.4748,125.75189999999998,1655.2728,1781.0247
JUT-01,134098.0,451726.0,1772.03140904,12.192230160456273,27.0401,2.4791,125.75189999999998,1655.2728,1781.0247
JUT-01,134098.0,451726.0,1772.1819954799998,11.85964400566986,27.7325,2.4941,125.75189999999998,1655.2728,1781.0247
JUT-01,134098.0,451726.0,1772.33258192,11.512005329941474,28.0628,2.5099,125.75189999999998,1655.2728,1781.0247
JUT-01,134098.0,451726.0,1772.48316836,11.339003640936074,27.7739,2.5164,125.75189999999998,1655.2728,1781.0247
JUT-01,134098.0,451726.0,1772.6337548,11.052919388921026,27.3748,2.5228,125.75189999999998,1655.2728,1781.0247
JUT-01,134098.0,451726.0,1772.7843412399998,10.613218558219817,26.9757,2.5353,125.75189999999998,1655.2728,1781.0247
JUT-01,134098.0,451726.0,1772.9349276799999,10.007936044598821,26.5769,2.5571,125.75189999999998,1655.2728,1781.0247
JUT-01,134098.0,451726.0,1773.08551412,10.00881974173366,26.3241,2.55,125.75189999999998,1655.2728,1781.0247
JUT-01,134098.0,451726.0,1773.2361005599998,10.162016512000786,27.1214,2.5348,125.75189999999998,1655.2728,1781.0247
JUT-01,134098.0,451726.0,1773.386687,10.269935781643262,28.4686,2.522,125.75189999999998,1655.2728,1781.0247
JUT-01,134098.0,451726.0,1773.5372734399998,10.13776432745605,28.7503,2.522,125.75189999999998,1655.2728,1781.0247
JUT-01,134098.0,451726.0,1773.68785988,9.880263187225097,29.2456,2.5365,125.75189999999998,1655.2728,1781.0247
JUT-01,134098.0,451726.0,1773.83844632,9.889394296283214,29.4056,2.5436,125.75189999999998,1655.2728,1781.0247
JUT-01,134098.0,451726.0,1773.9890327599999,10.020823389938704,30.4623,2.5442,125.75189999999998,1655.2728,1781.0247
JUT-01,134098.0,451726.0,1774.1396191999997,10.105277072606082,31.8864,2.5473,125.75189999999998,1655.2728,1781.0247
JUT-01,134098.0,451726.0,1774.29020564,10.097597781459395,32.3651,2.5553,125.75189999999998,1655.2728,1781.0247
JUT-01,134098.0,451726.0,1774.44079208,9.82551498475671,32.5243,2.574,125.75189999999998,1655.2728,1781.0247
JUT-01,134098.0,451726.0,1774.5913785199998,9.518802766297194,32.4447,2.5863,125.75189999999998,1655.2728,1781.0247
JUT-01,134098.0,451726.0,1774.74196496,9.52565601266476,31.707,2.5819,125.75189999999998,1655.2728,1781.0247
JUT-01,134098.0,451726.0,1774.8925514,9.386069512682079,30.9693,2.5853,125.75189999999998,1655.2728,1781.0247
JUT-01,134098.0,451726.0,1775.0431378399999,9.304695341607069,30.2316,2.5856,125.75189999999998,1655.2728,1781.0247
JUT-01,134098.0,451726.0,1775.19372428,9.159460234613498,29.4955,2.5897,125.75189999999998,1655.2728,1781.0247
JUT-01,134098.0,451726.0,1775.3443107199998,9.218806384036613,29.1462,2.5911,125.75189999999998,1655.2728,1781.0247
JUT-01,134098.0,451726.0,1775.49489716,9.355143032982758,29.3673,2.5884,125.75189999999998,1655.2728,1781.0247
JUT-01,134098.0,451726.0,1775.6454836,9.485456432898465,29.5883,2.586,125.75189999999998,1655.2728,1781.0247
JUT-01,134098.0,451726.0,1775.79607004,9.404168589817358,29.8087,2.586,125.75189999999998,1655.2728,1781.0247
JUT-01,134098.0,451726.0,1775.9466564799998,9.225291584689142,29.8113,2.5885,125.75189999999998,1655.2728,1781.0247
JUT-01,134098.0,451726.0,1776.09724292,9.095237823160899,29.8111,2.5884,125.75189999999998,1655.2728,1781.0247
JUT-01,134098.0,451726.0,1776.24782936,9.055319280586463,29.6618,2.5835,125.75189999999998,1655.2728,1781.0247
JUT-01,134098.0,451726.0,1776.3984157999998,8.840973642436794,29.4526,2.5879,125.75189999999998,1655.2728,1781.0247
JUT-01,134098.0,451726.0,1776.54900224,8.545671979493251,29.8516,2.5966,125.75189999999998,1655.2728,1781.0247
JUT-01,134098.0,451726.0,1776.69958868,8.393890368012778,30.2513,2.5974,125.75189999999998,1655.2728,1781.0247
JUT-01,134098.0,451726.0,1776.85017512,8.350261658794095,31.0636,2.5915,125.75189999999998,1655.2728,1781.0247
JUT-01,134098.0,451726.0,1777.0007615599998,8.014187413388083,31.9965,2.6032,125.75189999999998,1655.2728,1781.0247
JUT-01,134098.0,451726.0,1777.1513479999999,7.88843363916443,32.803,2.6099,125.75189999999998,1655.2728,1781.0247
JUT-01,134098.0,451726.0,1777.30193444,7.785003124125726,33.4281,2.617,125.75189999999998,1655.2728,1781.0247
JUT-01,134098.0,451726.0,1777.4525208799998,7.890109823520621,33.5487,2.6171,125.75189999999998,1655.2728,1781.0247
JUT-01,134098.0,451726.0,1777.60310732,8.203654216746187,34.1544,2.6061,125.75189999999998,1655.2728,1781.0247
JUT-01,134098.0,451726.0,1777.7536937599998,8.38533163336861,36.2947,2.6021,125.75189999999998,1655.2728,1781.0247
JUT-01,134098.0,451726.0,1777.9042802,8.178242886447123,38.7824,2.6049,125.75189999999998,1655.2728,1781.0247
JUT-01,134098.0,451726.0,1778.05486664,7.895411783620872,40.0758,2.6117,125.75189999999998,1655.2728,1781.0247
JUT-01,134098.0,451726.0,1778.2054530799999,7.393993414348879,38.652,2.6292,125.75189999999998,1655.2728,1781.0247
JUT-01,134098.0,451726.0,1778.3560395199997,7.3266206463391645,36.1639,2.6236,125.75189999999998,1655.2728,1781.0247
JUT-01,134098.0,451726.0,1778.50662596,7.367891407851514,31.3881,2.6122,125.75189999999998,1655.2728,1781.0247
JUT-01,134098.0,451726.0,1778.6572124,7.191335390225513,25.3575,2.6124,125.75189999999998,1655.2728,1781.0247
JUT-01,134098.0,451726.0,1778.8077988399998,6.845775837061136,21.4564,2.6216,125.75189999999998,1655.2728,1781.0247
JUT-01,134098.0,451726.0,1778.95838528,6.676701103231604,18.592,2.6214,125.75189999999998,1655.2728,1781.0247
JUT-01,134098.0,451726.0,1779.10897172,6.6356477585331,18.8209,2.6144,125.75189999999998,1655.2728,1781.0247
JUT-01,134098.0,451726.0,1779.2595581599999,6.515606159451295,19.1631,2.6116,125.75189999999998,1655.2728,1781.0247
JUT-01,134098.0,451726.0,1779.4101446,6.4129605014737505,19.6329,2.615,125.75189999999998,1655.2728,1781.0247
JUT-01,134098.0,451726.0,1779.5607310399998,6.303063894166799,20.5814,2.6238,125.75189999999998,1655.2728,1781.0247
JUT-01,134098.0,451726.0,1779.71131748,6.213477609234735,21.1794,2.6244,125.75189999999998,1655.2728,1781.0247
JUT-01,134098.0,451726.0,1779.86190392,6.039299603184443,21.9779,2.6295,125.75189999999998,1655.2728,1781.0247
JUT-01,134098.0,451726.0,1780.01249036,5.884169627796645,23.0276,2.6336,125.75189999999998,1655.2728,1781.0247
JUT-01,134098.0,451726.0,1780.1630767999998,6.068744659972586,25.4224,2.6287,125.75189999999998,1655.2728,1781.0247
JUT-01,134098.0,451726.0,1780.31366324,6.211257778349838,28.4381,2.6268,125.75189999999998,1655.2728,1781.0247
JUT-01,134098.0,451726.0,1780.46424968,6.318272279255954,32.3108,2.6268,125.75189999999998,1655.2728,1781.0247
JUT-01,134098.0,451726.0,1780.6148361199998,6.837098421182688,40.2295,2.6049,125.75189999999998,1655.2728,1781.0247
JUT-01,134098.0,451726.0,1780.76542256,7.427536040712879,49.749,2.5986,125.75189999999998,1655.2728,1781.0247
JUT-01,134098.0,451726.0,1780.916009,8.78077508914002,61.1673,2.5904,125.75189999999998,1655.2728,1781.0247
